Start (s),End (s),Scientific name,Common name,Confidence,File,week,overlap,sensitivity,min_conf,model,Chunk file,Chunk offset (s),Chunk local start (s),Chunk local end (s)
0,3,Chloris chloris,European Greenfinch,0.9456,248D9B016488729F_20260411_175500.WAV,14,0.0,1.0,0.25,BirdNET_GLOBAL_6K_V2.4_Model_FP32.tflite,248D9B016488729F_20260411_175500_chunk_000.wav,0,0,3
3,6,Chloris chloris,European Greenfinch,0.7171,248D9B016488729F_20260411_175500.WAV,14,0.0,1.0,0.25,BirdNET_GLOBAL_6K_V2.4_Model_FP32.tflite,248D9B016488729F_20260411_175500_chunk_000.wav,0,3,6
6,9,Chloris chloris,European Greenfinch,0.9508,248D9B016488729F_20260411_175500.WAV,14,0.0,1.0,0.25,BirdNET_GLOBAL_6K_V2.4_Model_FP32.tflite,248D9B016488729F_20260411_175500_chunk_000.wav,0,6,9
9,12,Chloris chloris,European Greenfinch,0.9010,248D9B016488729F_20260411_175500.WAV,14,0.0,1.0,0.25,BirdNET_GLOBAL_6K_V2.4_Model_FP32.tflite,248D9B016488729F_20260411_175500_chunk_000.wav,0,9,12
12,15,Chloris chloris,European Greenfinch,0.4788,248D9B016488729F_20260411_175500.WAV,14,0.0,1.0,0.25,BirdNET_GLOBAL_6K_V2.4_Model_FP32.tflite,248D9B016488729F_20260411_175500_chunk_000.wav,0,12,15
15,18,Chloris chloris,European Greenfinch,0.4080,248D9B016488729F_20260411_175500.WAV,14,0.0,1.0,0.25,BirdNET_GLOBAL_6K_V2.4_Model_FP32.tflite,248D9B016488729F_20260411_175500_chunk_000.wav,0,15,18
21,24,Chloris chloris,European Greenfinch,0.3192,248D9B016488729F_20260411_175500.WAV,14,0.0,1.0,0.25,BirdNET_GLOBAL_6K_V2.4_Model_FP32.tflite,248D9B016488729F_20260411_175500_chunk_000.wav,0,21,24
84,87,Chloris chloris,European Greenfinch,0.4624,248D9B016488729F_20260411_175500.WAV,14,0.0,1.0,0.25,BirdNET_GLOBAL_6K_V2.4_Model_FP32.tflite,248D9B016488729F_20260411_175500_chunk_000.wav,0,84,87
87,90,Chloris chloris,European Greenfinch,0.9408,248D9B016488729F_20260411_175500.WAV,14,0.0,1.0,0.25,BirdNET_GLOBAL_6K_V2.4_Model_FP32.tflite,248D9B016488729F_20260411_175500_chunk_000.wav,0,87,90
90,93,Chloris chloris,European Greenfinch,0.8846,248D9B016488729F_20260411_175500.WAV,14,0.0,1.0,0.25,BirdNET_GLOBAL_6K_V2.4_Model_FP32.tflite,248D9B016488729F_20260411_175500_chunk_000.wav,0,90,93
93,96,Chloris chloris,European Greenfinch,0.8852,248D9B016488729F_20260411_175500.WAV,14,0.0,1.0,0.25,BirdNET_GLOBAL_6K_V2.4_Model_FP32.tflite,248D9B016488729F_20260411_175500_chunk_000.wav,0,93,96
96,99,Chloris chloris,European Greenfinch,0.9725,248D9B016488729F_20260411_175500.WAV,14,0.0,1.0,0.25,BirdNET_GLOBAL_6K_V2.4_Model_FP32.tflite,248D9B016488729F_20260411_175500_chunk_000.wav,0,96,99
99,102,Chloris chloris,European Greenfinch,0.9531,248D9B016488729F_20260411_175500.WAV,14,0.0,1.0,0.25,BirdNET_GLOBAL_6K_V2.4_Model_FP32.tflite,248D9B016488729F_20260411_175500_chunk_000.wav,0,99,102
102,105,Chloris chloris,European Greenfinch,0.7685,248D9B016488729F_20260411_175500.WAV,14,0.0,1.0,0.25,BirdNET_GLOBAL_6K_V2.4_Model_FP32.tflite,248D9B016488729F_20260411_175500_chunk_000.wav,0,102,105
105,108,Phylloscopus collybita,Common Chiffchaff,0.3286,248D9B016488729F_20260411_175500.WAV,14,0.0,1.0,0.25,BirdNET_GLOBAL_6K_V2.4_Model_FP32.tflite,248D9B016488729F_20260411_175500_chunk_000.wav,0,105,108
105,108,Chloris chloris,European Greenfinch,0.2585,248D9B016488729F_20260411_175500.WAV,14,0.0,1.0,0.25,BirdNET_GLOBAL_6K_V2.4_Model_FP32.tflite,248D9B016488729F_20260411_175500_chunk_000.wav,0,105,108
108,111,Chloris chloris,European Greenfinch,0.9153,248D9B016488729F_20260411_175500.WAV,14,0.0,1.0,0.25,BirdNET_GLOBAL_6K_V2.4_Model_FP32.tflite,248D9B016488729F_20260411_175500_chunk_000.wav,0,108,111
111,114,Chloris chloris,European Greenfinch,0.8193,248D9B016488729F_20260411_175500.WAV,14,0.0,1.0,0.25,BirdNET_GLOBAL_6K_V2.4_Model_FP32.tflite,248D9B016488729F_20260411_175500_chunk_000.wav,0,111,114
117,120,Chloris chloris,European Greenfinch,0.6146,248D9B016488729F_20260411_175500.WAV,14,0.0,1.0,0.25,BirdNET_GLOBAL_6K_V2.4_Model_FP32.tflite,248D9B016488729F_20260411_175500_chunk_000.wav,0,117,120
126,129,Phylloscopus collybita,Common Chiffchaff,0.3499,248D9B016488729F_20260411_175500.WAV,14,0.0,1.0,0.25,BirdNET_GLOBAL_6K_V2.4_Model_FP32.tflite,248D9B016488729F_20260411_175500_chunk_000.wav,0,126,129
126,129,Chloris chloris,European Greenfinch,0.2513,248D9B016488729F_20260411_175500.WAV,14,0.0,1.0,0.25,BirdNET_GLOBAL_6K_V2.4_Model_FP32.tflite,248D9B016488729F_20260411_175500_chunk_000.wav,0,126,129
129,132,Phylloscopus collybita,Common Chiffchaff,0.4789,248D9B016488729F_20260411_175500.WAV,14,0.0,1.0,0.25,BirdNET_GLOBAL_6K_V2.4_Model_FP32.tflite,248D9B016488729F_20260411_175500_chunk_000.wav,0,129,132
138,141,Chloris chloris,European Greenfinch,0.5616,248D9B016488729F_20260411_175500.WAV,14,0.0,1.0,0.25,BirdNET_GLOBAL_6K_V2.4_Model_FP32.tflite,248D9B016488729F_20260411_175500_chunk_000.wav,0,138,141
138,141,Ixoreus naevius,Varied Thrush,0.3000,248D9B016488729F_20260411_175500.WAV,14,0.0,1.0,0.25,BirdNET_GLOBAL_6K_V2.4_Model_FP32.tflite,248D9B016488729F_20260411_175500_chunk_000.wav,0,138,141
141,144,Tringa melanoleuca,Greater Yellowlegs,0.3669,248D9B016488729F_20260411_175500.WAV,14,0.0,1.0,0.25,BirdNET_GLOBAL_6K_V2.4_Model_FP32.tflite,248D9B016488729F_20260411_175500_chunk_000.wav,0,141,144
144,147,Chloris chloris,European Greenfinch,0.3339,248D9B016488729F_20260411_175500.WAV,14,0.0,1.0,0.25,BirdNET_GLOBAL_6K_V2.4_Model_FP32.tflite,248D9B016488729F_20260411_175500_chunk_000.wav,0,144,147
153,156,Chloris chloris,European Greenfinch,0.4174,248D9B016488729F_20260411_175500.WAV,14,0.0,1.0,0.25,BirdNET_GLOBAL_6K_V2.4_Model_FP32.tflite,248D9B016488729F_20260411_175500_chunk_000.wav,0,153,156
156,159,Chloris chloris,European Greenfinch,0.5996,248D9B016488729F_20260411_175500.WAV,14,0.0,1.0,0.25,BirdNET_GLOBAL_6K_V2.4_Model_FP32.tflite,248D9B016488729F_20260411_175500_chunk_000.wav,0,156,159
159,162,Chloris chloris,European Greenfinch,0.6506,248D9B016488729F_20260411_175500.WAV,14,0.0,1.0,0.25,BirdNET_GLOBAL_6K_V2.4_Model_FP32.tflite,248D9B016488729F_20260411_175500_chunk_000.wav,0,159,162
162,165,Chloris chloris,European Greenfinch,0.4824,248D9B016488729F_20260411_175500.WAV,14,0.0,1.0,0.25,BirdNET_GLOBAL_6K_V2.4_Model_FP32.tflite,248D9B016488729F_20260411_175500_chunk_000.wav,0,162,165
165,168,Chloris chloris,European Greenfinch,0.4623,248D9B016488729F_20260411_175500.WAV,14,0.0,1.0,0.25,BirdNET_GLOBAL_6K_V2.4_Model_FP32.tflite,248D9B016488729F_20260411_175500_chunk_000.wav,0,165,168
171,174,Chloris chloris,European Greenfinch,0.7754,248D9B016488729F_20260411_175500.WAV,14,0.0,1.0,0.25,BirdNET_GLOBAL_6K_V2.4_Model_FP32.tflite,248D9B016488729F_20260411_175500_chunk_000.wav,0,171,174
174,177,Chloris chloris,European Greenfinch,0.5244,248D9B016488729F_20260411_175500.WAV,14,0.0,1.0,0.25,BirdNET_GLOBAL_6K_V2.4_Model_FP32.tflite,248D9B016488729F_20260411_175500_chunk_000.wav,0,174,177
177,180,Chloris chloris,European Greenfinch,0.8932,248D9B016488729F_20260411_175500.WAV,14,0.0,1.0,0.25,BirdNET_GLOBAL_6K_V2.4_Model_FP32.tflite,248D9B016488729F_20260411_175500_chunk_000.wav,0,177,180
180,183,Chloris chloris,European Greenfinch,0.4559,248D9B016488729F_20260411_175500.WAV,14,0.0,1.0,0.25,BirdNET_GLOBAL_6K_V2.4_Model_FP32.tflite,248D9B016488729F_20260411_175500_chunk_000.wav,0,180,183
183,186,Chloris chloris,European Greenfinch,0.9753,248D9B016488729F_20260411_175500.WAV,14,0.0,1.0,0.25,BirdNET_GLOBAL_6K_V2.4_Model_FP32.tflite,248D9B016488729F_20260411_175500_chunk_000.wav,0,183,186
189,192,Corvus monedula,Eurasian Jackdaw,0.8786,248D9B016488729F_20260411_175500.WAV,14,0.0,1.0,0.25,BirdNET_GLOBAL_6K_V2.4_Model_FP32.tflite,248D9B016488729F_20260411_175500_chunk_000.wav,0,189,192
192,195,Phylloscopus collybita,Common Chiffchaff,0.6263,248D9B016488729F_20260411_175500.WAV,14,0.0,1.0,0.25,BirdNET_GLOBAL_6K_V2.4_Model_FP32.tflite,248D9B016488729F_20260411_175500_chunk_000.wav,0,192,195
210,213,Phylloscopus collybita,Common Chiffchaff,0.6483,248D9B016488729F_20260411_175500.WAV,14,0.0,1.0,0.25,BirdNET_GLOBAL_6K_V2.4_Model_FP32.tflite,248D9B016488729F_20260411_175500_chunk_000.wav,0,210,213
249,252,Phylloscopus collybita,Common Chiffchaff,0.5035,248D9B016488729F_20260411_175500.WAV,14,0.0,1.0,0.25,BirdNET_GLOBAL_6K_V2.4_Model_FP32.tflite,248D9B016488729F_20260411_175500_chunk_000.wav,0,249,252
270,273,Numenius arquata,Eurasian Curlew,0.8875,248D9B016488729F_20260411_175500.WAV,14,0.0,1.0,0.25,BirdNET_GLOBAL_6K_V2.4_Model_FP32.tflite,248D9B016488729F_20260411_175500_chunk_000.wav,0,270,273
273,276,Corvus monedula,Eurasian Jackdaw,0.3306,248D9B016488729F_20260411_175500.WAV,14,0.0,1.0,0.25,BirdNET_GLOBAL_6K_V2.4_Model_FP32.tflite,248D9B016488729F_20260411_175500_chunk_000.wav,0,273,276
279,282,Pica pica,Eurasian Magpie,0.3640,248D9B016488729F_20260411_175500.WAV,14,0.0,1.0,0.25,BirdNET_GLOBAL_6K_V2.4_Model_FP32.tflite,248D9B016488729F_20260411_175500_chunk_000.wav,0,279,282
279,282,Corvus monedula,Eurasian Jackdaw,0.2995,248D9B016488729F_20260411_175500.WAV,14,0.0,1.0,0.25,BirdNET_GLOBAL_6K_V2.4_Model_FP32.tflite,248D9B016488729F_20260411_175500_chunk_000.wav,0,279,282
351,354,Selasphorus platycercus,Broad-tailed Hummingbird,0.7803,248D9B016488729F_20260411_175500.WAV,14,0.0,1.0,0.25,BirdNET_GLOBAL_6K_V2.4_Model_FP32.tflite,248D9B016488729F_20260411_175500_chunk_000.wav,0,351,354
369,372,Pica pica,Eurasian Magpie,0.8961,248D9B016488729F_20260411_175500.WAV,14,0.0,1.0,0.25,BirdNET_GLOBAL_6K_V2.4_Model_FP32.tflite,248D9B016488729F_20260411_175500_chunk_000.wav,0,369,372
375,378,Pica pica,Eurasian Magpie,0.3341,248D9B016488729F_20260411_175500.WAV,14,0.0,1.0,0.25,BirdNET_GLOBAL_6K_V2.4_Model_FP32.tflite,248D9B016488729F_20260411_175500_chunk_000.wav,0,375,378
378,381,Pica pica,Eurasian Magpie,0.8302,248D9B016488729F_20260411_175500.WAV,14,0.0,1.0,0.25,BirdNET_GLOBAL_6K_V2.4_Model_FP32.tflite,248D9B016488729F_20260411_175500_chunk_000.wav,0,378,381
378,381,Phylloscopus collybita,Common Chiffchaff,0.5148,248D9B016488729F_20260411_175500.WAV,14,0.0,1.0,0.25,BirdNET_GLOBAL_6K_V2.4_Model_FP32.tflite,248D9B016488729F_20260411_175500_chunk_000.wav,0,378,381
390,393,Phylloscopus collybita,Common Chiffchaff,0.6826,248D9B016488729F_20260411_175500.WAV,14,0.0,1.0,0.25,BirdNET_GLOBAL_6K_V2.4_Model_FP32.tflite,248D9B016488729F_20260411_175500_chunk_000.wav,0,390,393
393,396,Phylloscopus collybita,Common Chiffchaff,0.4381,248D9B016488729F_20260411_175500.WAV,14,0.0,1.0,0.25,BirdNET_GLOBAL_6K_V2.4_Model_FP32.tflite,248D9B016488729F_20260411_175500_chunk_000.wav,0,393,396
405,408,Phylloscopus collybita,Common Chiffchaff,0.4678,248D9B016488729F_20260411_175500.WAV,14,0.0,1.0,0.25,BirdNET_GLOBAL_6K_V2.4_Model_FP32.tflite,248D9B016488729F_20260411_175500_chunk_000.wav,0,405,408
408,411,Phylloscopus collybita,Common Chiffchaff,0.2700,248D9B016488729F_20260411_175500.WAV,14,0.0,1.0,0.25,BirdNET_GLOBAL_6K_V2.4_Model_FP32.tflite,248D9B016488729F_20260411_175500_chunk_000.wav,0,408,411
429,432,Phylloscopus collybita,Common Chiffchaff,0.5765,248D9B016488729F_20260411_175500.WAV,14,0.0,1.0,0.25,BirdNET_GLOBAL_6K_V2.4_Model_FP32.tflite,248D9B016488729F_20260411_175500_chunk_000.wav,0,429,432
432,435,Phylloscopus collybita,Common Chiffchaff,0.3258,248D9B016488729F_20260411_175500.WAV,14,0.0,1.0,0.25,BirdNET_GLOBAL_6K_V2.4_Model_FP32.tflite,248D9B016488729F_20260411_175500_chunk_000.wav,0,432,435
456,459,Phylloscopus collybita,Common Chiffchaff,0.5956,248D9B016488729F_20260411_175500.WAV,14,0.0,1.0,0.25,BirdNET_GLOBAL_6K_V2.4_Model_FP32.tflite,248D9B016488729F_20260411_175500_chunk_000.wav,0,456,459
498,501,Corvus monedula,Eurasian Jackdaw,0.2920,248D9B016488729F_20260411_175500.WAV,14,0.0,1.0,0.25,BirdNET_GLOBAL_6K_V2.4_Model_FP32.tflite,248D9B016488729F_20260411_175500_chunk_000.wav,0,498,501
546,549,Engine,Engine,0.7396,248D9B016488729F_20260411_175500.WAV,14,0.0,1.0,0.25,BirdNET_GLOBAL_6K_V2.4_Model_FP32.tflite,248D9B016488729F_20260411_175500_chunk_000.wav,0,546,549
567,570,Engine,Engine,0.4326,248D9B016488729F_20260411_175500.WAV,14,0.0,1.0,0.25,BirdNET_GLOBAL_6K_V2.4_Model_FP32.tflite,248D9B016488729F_20260411_175500_chunk_000.wav,0,567,570
588,591,Phylloscopus collybita,Common Chiffchaff,0.7507,248D9B016488729F_20260411_175500.WAV,14,0.0,1.0,0.25,BirdNET_GLOBAL_6K_V2.4_Model_FP32.tflite,248D9B016488729F_20260411_175500_chunk_000.wav,0,588,591
612,615,Phylloscopus collybita,Common Chiffchaff,0.4472,248D9B016488729F_20260411_175500.WAV,14,0.0,1.0,0.25,BirdNET_GLOBAL_6K_V2.4_Model_FP32.tflite,248D9B016488729F_20260411_175500_chunk_001.wav,600,12,15
630,633,Phylloscopus collybita,Common Chiffchaff,0.5807,248D9B016488729F_20260411_175500.WAV,14,0.0,1.0,0.25,BirdNET_GLOBAL_6K_V2.4_Model_FP32.tflite,248D9B016488729F_20260411_175500_chunk_001.wav,600,30,33
633,636,Phylloscopus collybita,Common Chiffchaff,0.4073,248D9B016488729F_20260411_175500.WAV,14,0.0,1.0,0.25,BirdNET_GLOBAL_6K_V2.4_Model_FP32.tflite,248D9B016488729F_20260411_175500_chunk_001.wav,600,33,36
675,678,Pica pica,Eurasian Magpie,0.3299,248D9B016488729F_20260411_175500.WAV,14,0.0,1.0,0.25,BirdNET_GLOBAL_6K_V2.4_Model_FP32.tflite,248D9B016488729F_20260411_175500_chunk_001.wav,600,75,78
687,690,Pica pica,Eurasian Magpie,0.3812,248D9B016488729F_20260411_175500.WAV,14,0.0,1.0,0.25,BirdNET_GLOBAL_6K_V2.4_Model_FP32.tflite,248D9B016488729F_20260411_175500_chunk_001.wav,600,87,90
696,699,Phylloscopus collybita,Common Chiffchaff,0.6107,248D9B016488729F_20260411_175500.WAV,14,0.0,1.0,0.25,BirdNET_GLOBAL_6K_V2.4_Model_FP32.tflite,248D9B016488729F_20260411_175500_chunk_001.wav,600,96,99
717,720,Molothrus ater,Brown-headed Cowbird,0.3697,248D9B016488729F_20260411_175500.WAV,14,0.0,1.0,0.25,BirdNET_GLOBAL_6K_V2.4_Model_FP32.tflite,248D9B016488729F_20260411_175500_chunk_001.wav,600,117,120
756,759,Phylloscopus collybita,Common Chiffchaff,0.5974,248D9B016488729F_20260411_175500.WAV,14,0.0,1.0,0.25,BirdNET_GLOBAL_6K_V2.4_Model_FP32.tflite,248D9B016488729F_20260411_175500_chunk_001.wav,600,156,159
759,762,Phylloscopus collybita,Common Chiffchaff,0.7838,248D9B016488729F_20260411_175500.WAV,14,0.0,1.0,0.25,BirdNET_GLOBAL_6K_V2.4_Model_FP32.tflite,248D9B016488729F_20260411_175500_chunk_001.wav,600,159,162
774,777,Phylloscopus collybita,Common Chiffchaff,0.5294,248D9B016488729F_20260411_175500.WAV,14,0.0,1.0,0.25,BirdNET_GLOBAL_6K_V2.4_Model_FP32.tflite,248D9B016488729F_20260411_175500_chunk_001.wav,600,174,177
777,780,Phylloscopus collybita,Common Chiffchaff,0.7985,248D9B016488729F_20260411_175500.WAV,14,0.0,1.0,0.25,BirdNET_GLOBAL_6K_V2.4_Model_FP32.tflite,248D9B016488729F_20260411_175500_chunk_001.wav,600,177,180
801,804,Phylloscopus collybita,Common Chiffchaff,0.3976,248D9B016488729F_20260411_175500.WAV,14,0.0,1.0,0.25,BirdNET_GLOBAL_6K_V2.4_Model_FP32.tflite,248D9B016488729F_20260411_175500_chunk_001.wav,600,201,204
813,816,Phylloscopus collybita,Common Chiffchaff,0.6424,248D9B016488729F_20260411_175500.WAV,14,0.0,1.0,0.25,BirdNET_GLOBAL_6K_V2.4_Model_FP32.tflite,248D9B016488729F_20260411_175500_chunk_001.wav,600,213,216
816,819,Phylloscopus collybita,Common Chiffchaff,0.5740,248D9B016488729F_20260411_175500.WAV,14,0.0,1.0,0.25,BirdNET_GLOBAL_6K_V2.4_Model_FP32.tflite,248D9B016488729F_20260411_175500_chunk_001.wav,600,216,219
834,837,Chloris chloris,European Greenfinch,0.9105,248D9B016488729F_20260411_175500.WAV,14,0.0,1.0,0.25,BirdNET_GLOBAL_6K_V2.4_Model_FP32.tflite,248D9B016488729F_20260411_175500_chunk_001.wav,600,234,237
855,858,Polioptila californica,California Gnatcatcher,0.4811,248D9B016488729F_20260411_175500.WAV,14,0.0,1.0,0.25,BirdNET_GLOBAL_6K_V2.4_Model_FP32.tflite,248D9B016488729F_20260411_175500_chunk_001.wav,600,255,258
867,870,Phylloscopus collybita,Common Chiffchaff,0.8842,248D9B016488729F_20260411_175500.WAV,14,0.0,1.0,0.25,BirdNET_GLOBAL_6K_V2.4_Model_FP32.tflite,248D9B016488729F_20260411_175500_chunk_001.wav,600,267,270
882,885,Phylloscopus collybita,Common Chiffchaff,0.7767,248D9B016488729F_20260411_175500.WAV,14,0.0,1.0,0.25,BirdNET_GLOBAL_6K_V2.4_Model_FP32.tflite,248D9B016488729F_20260411_175500_chunk_001.wav,600,282,285
885,888,Phylloscopus collybita,Common Chiffchaff,0.7957,248D9B016488729F_20260411_175500.WAV,14,0.0,1.0,0.25,BirdNET_GLOBAL_6K_V2.4_Model_FP32.tflite,248D9B016488729F_20260411_175500_chunk_001.wav,600,285,288
894,897,Pyrrhula pyrrhula,Eurasian Bullfinch,0.3653,248D9B016488729F_20260411_175500.WAV,14,0.0,1.0,0.25,BirdNET_GLOBAL_6K_V2.4_Model_FP32.tflite,248D9B016488729F_20260411_175500_chunk_001.wav,600,294,297
897,900,Phylloscopus collybita,Common Chiffchaff,0.7128,248D9B016488729F_20260411_175500.WAV,14,0.0,1.0,0.25,BirdNET_GLOBAL_6K_V2.4_Model_FP32.tflite,248D9B016488729F_20260411_175500_chunk_001.wav,600,297,300
909,912,Phylloscopus collybita,Common Chiffchaff,0.9281,248D9B016488729F_20260411_175500.WAV,14,0.0,1.0,0.25,BirdNET_GLOBAL_6K_V2.4_Model_FP32.tflite,248D9B016488729F_20260411_175500_chunk_001.wav,600,309,312
918,921,Phylloscopus collybita,Common Chiffchaff,0.6474,248D9B016488729F_20260411_175500.WAV,14,0.0,1.0,0.25,BirdNET_GLOBAL_6K_V2.4_Model_FP32.tflite,248D9B016488729F_20260411_175500_chunk_001.wav,600,318,321
921,924,Phylloscopus collybita,Common Chiffchaff,0.8973,248D9B016488729F_20260411_175500.WAV,14,0.0,1.0,0.25,BirdNET_GLOBAL_6K_V2.4_Model_FP32.tflite,248D9B016488729F_20260411_175500_chunk_001.wav,600,321,324
924,927,Pica pica,Eurasian Magpie,0.6813,248D9B016488729F_20260411_175500.WAV,14,0.0,1.0,0.25,BirdNET_GLOBAL_6K_V2.4_Model_FP32.tflite,248D9B016488729F_20260411_175500_chunk_001.wav,600,324,327
936,939,Phylloscopus collybita,Common Chiffchaff,0.8218,248D9B016488729F_20260411_175500.WAV,14,0.0,1.0,0.25,BirdNET_GLOBAL_6K_V2.4_Model_FP32.tflite,248D9B016488729F_20260411_175500_chunk_001.wav,600,336,339
951,954,Phylloscopus collybita,Common Chiffchaff,0.8834,248D9B016488729F_20260411_175500.WAV,14,0.0,1.0,0.25,BirdNET_GLOBAL_6K_V2.4_Model_FP32.tflite,248D9B016488729F_20260411_175500_chunk_001.wav,600,351,354
954,957,Phylloscopus collybita,Common Chiffchaff,0.8840,248D9B016488729F_20260411_175500.WAV,14,0.0,1.0,0.25,BirdNET_GLOBAL_6K_V2.4_Model_FP32.tflite,248D9B016488729F_20260411_175500_chunk_001.wav,600,354,357
966,969,Parus major,Great Tit,0.2617,248D9B016488729F_20260411_175500.WAV,14,0.0,1.0,0.25,BirdNET_GLOBAL_6K_V2.4_Model_FP32.tflite,248D9B016488729F_20260411_175500_chunk_001.wav,600,366,369
972,975,Parus major,Great Tit,0.6958,248D9B016488729F_20260411_175500.WAV,14,0.0,1.0,0.25,BirdNET_GLOBAL_6K_V2.4_Model_FP32.tflite,248D9B016488729F_20260411_175500_chunk_001.wav,600,372,375
978,981,Parus major,Great Tit,0.8001,248D9B016488729F_20260411_175500.WAV,14,0.0,1.0,0.25,BirdNET_GLOBAL_6K_V2.4_Model_FP32.tflite,248D9B016488729F_20260411_175500_chunk_001.wav,600,378,381
981,984,Parus major,Great Tit,0.5876,248D9B016488729F_20260411_175500.WAV,14,0.0,1.0,0.25,BirdNET_GLOBAL_6K_V2.4_Model_FP32.tflite,248D9B016488729F_20260411_175500_chunk_001.wav,600,381,384
984,987,Phylloscopus collybita,Common Chiffchaff,0.8503,248D9B016488729F_20260411_175500.WAV,14,0.0,1.0,0.25,BirdNET_GLOBAL_6K_V2.4_Model_FP32.tflite,248D9B016488729F_20260411_175500_chunk_001.wav,600,384,387
987,990,Parus major,Great Tit,0.7276,248D9B016488729F_20260411_175500.WAV,14,0.0,1.0,0.25,BirdNET_GLOBAL_6K_V2.4_Model_FP32.tflite,248D9B016488729F_20260411_175500_chunk_001.wav,600,387,390
999,1002,Parus major,Great Tit,0.2889,248D9B016488729F_20260411_175500.WAV,14,0.0,1.0,0.25,BirdNET_GLOBAL_6K_V2.4_Model_FP32.tflite,248D9B016488729F_20260411_175500_chunk_001.wav,600,399,402
1002,1005,Phylloscopus collybita,Common Chiffchaff,0.6451,248D9B016488729F_20260411_175500.WAV,14,0.0,1.0,0.25,BirdNET_GLOBAL_6K_V2.4_Model_FP32.tflite,248D9B016488729F_20260411_175500_chunk_001.wav,600,402,405
1005,1008,Phylloscopus collybita,Common Chiffchaff,0.4125,248D9B016488729F_20260411_175500.WAV,14,0.0,1.0,0.25,BirdNET_GLOBAL_6K_V2.4_Model_FP32.tflite,248D9B016488729F_20260411_175500_chunk_001.wav,600,405,408
1014,1017,Turdus merula,Eurasian Blackbird,0.8800,248D9B016488729F_20260411_175500.WAV,14,0.0,1.0,0.25,BirdNET_GLOBAL_6K_V2.4_Model_FP32.tflite,248D9B016488729F_20260411_175500_chunk_001.wav,600,414,417
1017,1020,Turdus merula,Eurasian Blackbird,0.5026,248D9B016488729F_20260411_175500.WAV,14,0.0,1.0,0.25,BirdNET_GLOBAL_6K_V2.4_Model_FP32.tflite,248D9B016488729F_20260411_175500_chunk_001.wav,600,417,420
1020,1023,Hirundo rustica,Barn Swallow,0.4631,248D9B016488729F_20260411_175500.WAV,14,0.0,1.0,0.25,BirdNET_GLOBAL_6K_V2.4_Model_FP32.tflite,248D9B016488729F_20260411_175500_chunk_001.wav,600,420,423
1023,1026,Phylloscopus collybita,Common Chiffchaff,0.6013,248D9B016488729F_20260411_175500.WAV,14,0.0,1.0,0.25,BirdNET_GLOBAL_6K_V2.4_Model_FP32.tflite,248D9B016488729F_20260411_175500_chunk_001.wav,600,423,426
1032,1035,Turdus merula,Eurasian Blackbird,0.6688,248D9B016488729F_20260411_175500.WAV,14,0.0,1.0,0.25,BirdNET_GLOBAL_6K_V2.4_Model_FP32.tflite,248D9B016488729F_20260411_175500_chunk_001.wav,600,432,435
1035,1038,Phylloscopus collybita,Common Chiffchaff,0.4116,248D9B016488729F_20260411_175500.WAV,14,0.0,1.0,0.25,BirdNET_GLOBAL_6K_V2.4_Model_FP32.tflite,248D9B016488729F_20260411_175500_chunk_001.wav,600,435,438
1047,1050,Phylloscopus collybita,Common Chiffchaff,0.7995,248D9B016488729F_20260411_175500.WAV,14,0.0,1.0,0.25,BirdNET_GLOBAL_6K_V2.4_Model_FP32.tflite,248D9B016488729F_20260411_175500_chunk_001.wav,600,447,450
1056,1059,Phylloscopus collybita,Common Chiffchaff,0.9324,248D9B016488729F_20260411_175500.WAV,14,0.0,1.0,0.25,BirdNET_GLOBAL_6K_V2.4_Model_FP32.tflite,248D9B016488729F_20260411_175500_chunk_001.wav,600,456,459
1065,1068,Phylloscopus collybita,Common Chiffchaff,0.8065,248D9B016488729F_20260411_175500.WAV,14,0.0,1.0,0.25,BirdNET_GLOBAL_6K_V2.4_Model_FP32.tflite,248D9B016488729F_20260411_175500_chunk_001.wav,600,465,468
1068,1071,Phylloscopus collybita,Common Chiffchaff,0.8147,248D9B016488729F_20260411_175500.WAV,14,0.0,1.0,0.25,BirdNET_GLOBAL_6K_V2.4_Model_FP32.tflite,248D9B016488729F_20260411_175500_chunk_001.wav,600,468,471
1074,1077,Phylloscopus collybita,Common Chiffchaff,0.8723,248D9B016488729F_20260411_175500.WAV,14,0.0,1.0,0.25,BirdNET_GLOBAL_6K_V2.4_Model_FP32.tflite,248D9B016488729F_20260411_175500_chunk_001.wav,600,474,477
1083,1086,Phylloscopus collybita,Common Chiffchaff,0.9204,248D9B016488729F_20260411_175500.WAV,14,0.0,1.0,0.25,BirdNET_GLOBAL_6K_V2.4_Model_FP32.tflite,248D9B016488729F_20260411_175500_chunk_001.wav,600,483,486
1089,1092,Phylloscopus collybita,Common Chiffchaff,0.8975,248D9B016488729F_20260411_175500.WAV,14,0.0,1.0,0.25,BirdNET_GLOBAL_6K_V2.4_Model_FP32.tflite,248D9B016488729F_20260411_175500_chunk_001.wav,600,489,492
1092,1095,Phylloscopus collybita,Common Chiffchaff,0.9501,248D9B016488729F_20260411_175500.WAV,14,0.0,1.0,0.25,BirdNET_GLOBAL_6K_V2.4_Model_FP32.tflite,248D9B016488729F_20260411_175500_chunk_001.wav,600,492,495
1098,1101,Phylloscopus collybita,Common Chiffchaff,0.9137,248D9B016488729F_20260411_175500.WAV,14,0.0,1.0,0.25,BirdNET_GLOBAL_6K_V2.4_Model_FP32.tflite,248D9B016488729F_20260411_175500_chunk_001.wav,600,498,501
1101,1104,Phylloscopus collybita,Common Chiffchaff,0.9152,248D9B016488729F_20260411_175500.WAV,14,0.0,1.0,0.25,BirdNET_GLOBAL_6K_V2.4_Model_FP32.tflite,248D9B016488729F_20260411_175500_chunk_001.wav,600,501,504
1110,1113,Phylloscopus collybita,Common Chiffchaff,0.8761,248D9B016488729F_20260411_175500.WAV,14,0.0,1.0,0.25,BirdNET_GLOBAL_6K_V2.4_Model_FP32.tflite,248D9B016488729F_20260411_175500_chunk_001.wav,600,510,513
1113,1116,Phylloscopus collybita,Common Chiffchaff,0.7812,248D9B016488729F_20260411_175500.WAV,14,0.0,1.0,0.25,BirdNET_GLOBAL_6K_V2.4_Model_FP32.tflite,248D9B016488729F_20260411_175500_chunk_001.wav,600,513,516
1116,1119,Acanthis flammea,Common Redpoll,0.5191,248D9B016488729F_20260411_175500.WAV,14,0.0,1.0,0.25,BirdNET_GLOBAL_6K_V2.4_Model_FP32.tflite,248D9B016488729F_20260411_175500_chunk_001.wav,600,516,519
1116,1119,Chloris chloris,European Greenfinch,0.2945,248D9B016488729F_20260411_175500.WAV,14,0.0,1.0,0.25,BirdNET_GLOBAL_6K_V2.4_Model_FP32.tflite,248D9B016488729F_20260411_175500_chunk_001.wav,600,516,519
1122,1125,Chloris chloris,European Greenfinch,0.4612,248D9B016488729F_20260411_175500.WAV,14,0.0,1.0,0.25,BirdNET_GLOBAL_6K_V2.4_Model_FP32.tflite,248D9B016488729F_20260411_175500_chunk_001.wav,600,522,525
1125,1128,Phylloscopus collybita,Common Chiffchaff,0.8735,248D9B016488729F_20260411_175500.WAV,14,0.0,1.0,0.25,BirdNET_GLOBAL_6K_V2.4_Model_FP32.tflite,248D9B016488729F_20260411_175500_chunk_001.wav,600,525,528
1128,1131,Phylloscopus collybita,Common Chiffchaff,0.5391,248D9B016488729F_20260411_175500.WAV,14,0.0,1.0,0.25,BirdNET_GLOBAL_6K_V2.4_Model_FP32.tflite,248D9B016488729F_20260411_175500_chunk_001.wav,600,528,531
1128,1131,Phylloscopus ibericus,Iberian Chiffchaff,0.5323,248D9B016488729F_20260411_175500.WAV,14,0.0,1.0,0.25,BirdNET_GLOBAL_6K_V2.4_Model_FP32.tflite,248D9B016488729F_20260411_175500_chunk_001.wav,600,528,531
1131,1134,Chloris chloris,European Greenfinch,0.9826,248D9B016488729F_20260411_175500.WAV,14,0.0,1.0,0.25,BirdNET_GLOBAL_6K_V2.4_Model_FP32.tflite,248D9B016488729F_20260411_175500_chunk_001.wav,600,531,534
1134,1137,Phylloscopus collybita,Common Chiffchaff,0.6468,248D9B016488729F_20260411_175500.WAV,14,0.0,1.0,0.25,BirdNET_GLOBAL_6K_V2.4_Model_FP32.tflite,248D9B016488729F_20260411_175500_chunk_001.wav,600,534,537
1137,1140,Phylloscopus collybita,Common Chiffchaff,0.8563,248D9B016488729F_20260411_175500.WAV,14,0.0,1.0,0.25,BirdNET_GLOBAL_6K_V2.4_Model_FP32.tflite,248D9B016488729F_20260411_175500_chunk_001.wav,600,537,540
1143,1146,Phylloscopus collybita,Common Chiffchaff,0.9771,248D9B016488729F_20260411_175500.WAV,14,0.0,1.0,0.25,BirdNET_GLOBAL_6K_V2.4_Model_FP32.tflite,248D9B016488729F_20260411_175500_chunk_001.wav,600,543,546
1149,1152,Chloris chloris,European Greenfinch,0.9625,248D9B016488729F_20260411_175500.WAV,14,0.0,1.0,0.25,BirdNET_GLOBAL_6K_V2.4_Model_FP32.tflite,248D9B016488729F_20260411_175500_chunk_001.wav,600,549,552
1152,1155,Chloris chloris,European Greenfinch,0.5092,248D9B016488729F_20260411_175500.WAV,14,0.0,1.0,0.25,BirdNET_GLOBAL_6K_V2.4_Model_FP32.tflite,248D9B016488729F_20260411_175500_chunk_001.wav,600,552,555
1155,1158,Phylloscopus collybita,Common Chiffchaff,0.9167,248D9B016488729F_20260411_175500.WAV,14,0.0,1.0,0.25,BirdNET_GLOBAL_6K_V2.4_Model_FP32.tflite,248D9B016488729F_20260411_175500_chunk_001.wav,600,555,558
1158,1161,Chloris chloris,European Greenfinch,0.9155,248D9B016488729F_20260411_175500.WAV,14,0.0,1.0,0.25,BirdNET_GLOBAL_6K_V2.4_Model_FP32.tflite,248D9B016488729F_20260411_175500_chunk_001.wav,600,558,561
1158,1161,Fringilla montifringilla,Brambling,0.2504,248D9B016488729F_20260411_175500.WAV,14,0.0,1.0,0.25,BirdNET_GLOBAL_6K_V2.4_Model_FP32.tflite,248D9B016488729F_20260411_175500_chunk_001.wav,600,558,561
1161,1164,Chloris chloris,European Greenfinch,0.7416,248D9B016488729F_20260411_175500.WAV,14,0.0,1.0,0.25,BirdNET_GLOBAL_6K_V2.4_Model_FP32.tflite,248D9B016488729F_20260411_175500_chunk_001.wav,600,561,564
1164,1167,Phylloscopus collybita,Common Chiffchaff,0.9883,248D9B016488729F_20260411_175500.WAV,14,0.0,1.0,0.25,BirdNET_GLOBAL_6K_V2.4_Model_FP32.tflite,248D9B016488729F_20260411_175500_chunk_001.wav,600,564,567
1167,1170,Phylloscopus collybita,Common Chiffchaff,0.9019,248D9B016488729F_20260411_175500.WAV,14,0.0,1.0,0.25,BirdNET_GLOBAL_6K_V2.4_Model_FP32.tflite,248D9B016488729F_20260411_175500_chunk_001.wav,600,567,570
1173,1176,Phylloscopus collybita,Common Chiffchaff,0.7294,248D9B016488729F_20260411_175500.WAV,14,0.0,1.0,0.25,BirdNET_GLOBAL_6K_V2.4_Model_FP32.tflite,248D9B016488729F_20260411_175500_chunk_001.wav,600,573,576
1176,1179,Phylloscopus collybita,Common Chiffchaff,0.9586,248D9B016488729F_20260411_175500.WAV,14,0.0,1.0,0.25,BirdNET_GLOBAL_6K_V2.4_Model_FP32.tflite,248D9B016488729F_20260411_175500_chunk_001.wav,600,576,579
1182,1185,Phylloscopus collybita,Common Chiffchaff,0.4782,248D9B016488729F_20260411_175500.WAV,14,0.0,1.0,0.25,BirdNET_GLOBAL_6K_V2.4_Model_FP32.tflite,248D9B016488729F_20260411_175500_chunk_001.wav,600,582,585
1185,1188,Phylloscopus collybita,Common Chiffchaff,0.9922,248D9B016488729F_20260411_175500.WAV,14,0.0,1.0,0.25,BirdNET_GLOBAL_6K_V2.4_Model_FP32.tflite,248D9B016488729F_20260411_175500_chunk_001.wav,600,585,588
1194,1197,Phylloscopus collybita,Common Chiffchaff,0.7403,248D9B016488729F_20260411_175500.WAV,14,0.0,1.0,0.25,BirdNET_GLOBAL_6K_V2.4_Model_FP32.tflite,248D9B016488729F_20260411_175500_chunk_001.wav,600,594,597
1197,1199.98,Phylloscopus collybita,Common Chiffchaff,0.9823,248D9B016488729F_20260411_175500.WAV,14,0.0,1.0,0.25,BirdNET_GLOBAL_6K_V2.4_Model_FP32.tflite,248D9B016488729F_20260411_175500_chunk_001.wav,600,597,599.98
1200,1203,Chloris chloris,European Greenfinch,0.9746,248D9B016488729F_20260411_175500.WAV,14,0.0,1.0,0.25,BirdNET_GLOBAL_6K_V2.4_Model_FP32.tflite,248D9B016488729F_20260411_175500_chunk_002.wav,1200,0,3
1203,1206,Phylloscopus collybita,Common Chiffchaff,0.8924,248D9B016488729F_20260411_175500.WAV,14,0.0,1.0,0.25,BirdNET_GLOBAL_6K_V2.4_Model_FP32.tflite,248D9B016488729F_20260411_175500_chunk_002.wav,1200,3,6
1203,1206,Phylloscopus ibericus,Iberian Chiffchaff,0.2557,248D9B016488729F_20260411_175500.WAV,14,0.0,1.0,0.25,BirdNET_GLOBAL_6K_V2.4_Model_FP32.tflite,248D9B016488729F_20260411_175500_chunk_002.wav,1200,3,6
1206,1209,Phylloscopus collybita,Common Chiffchaff,0.9807,248D9B016488729F_20260411_175500.WAV,14,0.0,1.0,0.25,BirdNET_GLOBAL_6K_V2.4_Model_FP32.tflite,248D9B016488729F_20260411_175500_chunk_002.wav,1200,6,9
1218,1221,Chloris chloris,European Greenfinch,0.6332,248D9B016488729F_20260411_175500.WAV,14,0.0,1.0,0.25,BirdNET_GLOBAL_6K_V2.4_Model_FP32.tflite,248D9B016488729F_20260411_175500_chunk_002.wav,1200,18,21
1221,1224,Chloris chloris,European Greenfinch,0.9090,248D9B016488729F_20260411_175500.WAV,14,0.0,1.0,0.25,BirdNET_GLOBAL_6K_V2.4_Model_FP32.tflite,248D9B016488729F_20260411_175500_chunk_002.wav,1200,21,24
1227,1230,Chloris chloris,European Greenfinch,0.4573,248D9B016488729F_20260411_175500.WAV,14,0.0,1.0,0.25,BirdNET_GLOBAL_6K_V2.4_Model_FP32.tflite,248D9B016488729F_20260411_175500_chunk_002.wav,1200,27,30
1236,1239,Chloris chloris,European Greenfinch,0.3311,248D9B016488729F_20260411_175500.WAV,14,0.0,1.0,0.25,BirdNET_GLOBAL_6K_V2.4_Model_FP32.tflite,248D9B016488729F_20260411_175500_chunk_002.wav,1200,36,39
1266,1269,Chloris chloris,European Greenfinch,0.4294,248D9B016488729F_20260411_175500.WAV,14,0.0,1.0,0.25,BirdNET_GLOBAL_6K_V2.4_Model_FP32.tflite,248D9B016488729F_20260411_175500_chunk_002.wav,1200,66,69
1272,1275,Chloris chloris,European Greenfinch,0.3772,248D9B016488729F_20260411_175500.WAV,14,0.0,1.0,0.25,BirdNET_GLOBAL_6K_V2.4_Model_FP32.tflite,248D9B016488729F_20260411_175500_chunk_002.wav,1200,72,75
1281,1284,Chloris chloris,European Greenfinch,0.3353,248D9B016488729F_20260411_175500.WAV,14,0.0,1.0,0.25,BirdNET_GLOBAL_6K_V2.4_Model_FP32.tflite,248D9B016488729F_20260411_175500_chunk_002.wav,1200,81,84
1284,1287,Chordeiles minor,Common Nighthawk,0.3679,248D9B016488729F_20260411_175500.WAV,14,0.0,1.0,0.25,BirdNET_GLOBAL_6K_V2.4_Model_FP32.tflite,248D9B016488729F_20260411_175500_chunk_002.wav,1200,84,87
1287,1290,Chloris chloris,European Greenfinch,0.9432,248D9B016488729F_20260411_175500.WAV,14,0.0,1.0,0.25,BirdNET_GLOBAL_6K_V2.4_Model_FP32.tflite,248D9B016488729F_20260411_175500_chunk_002.wav,1200,87,90
1314,1317,Calypte anna,Anna's Hummingbird,0.4120,248D9B016488729F_20260411_175500.WAV,14,0.0,1.0,0.25,BirdNET_GLOBAL_6K_V2.4_Model_FP32.tflite,248D9B016488729F_20260411_175500_chunk_002.wav,1200,114,117
1323,1326,Chloris chloris,European Greenfinch,0.8320,248D9B016488729F_20260411_175500.WAV,14,0.0,1.0,0.25,BirdNET_GLOBAL_6K_V2.4_Model_FP32.tflite,248D9B016488729F_20260411_175500_chunk_002.wav,1200,123,126
1323,1326,Catamenia inornata,Plain-colored Seedeater,0.4089,248D9B016488729F_20260411_175500.WAV,14,0.0,1.0,0.25,BirdNET_GLOBAL_6K_V2.4_Model_FP32.tflite,248D9B016488729F_20260411_175500_chunk_002.wav,1200,123,126
1326,1329,Chloris chloris,European Greenfinch,0.5474,248D9B016488729F_20260411_175500.WAV,14,0.0,1.0,0.25,BirdNET_GLOBAL_6K_V2.4_Model_FP32.tflite,248D9B016488729F_20260411_175500_chunk_002.wav,1200,126,129
1326,1329,Catamenia inornata,Plain-colored Seedeater,0.3822,248D9B016488729F_20260411_175500.WAV,14,0.0,1.0,0.25,BirdNET_GLOBAL_6K_V2.4_Model_FP32.tflite,248D9B016488729F_20260411_175500_chunk_002.wav,1200,126,129
1341,1344,Chloris chloris,European Greenfinch,0.4581,248D9B016488729F_20260411_175500.WAV,14,0.0,1.0,0.25,BirdNET_GLOBAL_6K_V2.4_Model_FP32.tflite,248D9B016488729F_20260411_175500_chunk_002.wav,1200,141,144
1344,1347,Chloris chloris,European Greenfinch,0.8746,248D9B016488729F_20260411_175500.WAV,14,0.0,1.0,0.25,BirdNET_GLOBAL_6K_V2.4_Model_FP32.tflite,248D9B016488729F_20260411_175500_chunk_002.wav,1200,144,147
1347,1350,Chloris chloris,European Greenfinch,0.3028,248D9B016488729F_20260411_175500.WAV,14,0.0,1.0,0.25,BirdNET_GLOBAL_6K_V2.4_Model_FP32.tflite,248D9B016488729F_20260411_175500_chunk_002.wav,1200,147,150
1350,1353,Chloris chloris,European Greenfinch,0.8078,248D9B016488729F_20260411_175500.WAV,14,0.0,1.0,0.25,BirdNET_GLOBAL_6K_V2.4_Model_FP32.tflite,248D9B016488729F_20260411_175500_chunk_002.wav,1200,150,153
1353,1356,Locustella luscinioides,Savi's Warbler,0.3739,248D9B016488729F_20260411_175500.WAV,14,0.0,1.0,0.25,BirdNET_GLOBAL_6K_V2.4_Model_FP32.tflite,248D9B016488729F_20260411_175500_chunk_002.wav,1200,153,156
1368,1371,Phylloscopus collybita,Common Chiffchaff,0.5166,248D9B016488729F_20260411_175500.WAV,14,0.0,1.0,0.25,BirdNET_GLOBAL_6K_V2.4_Model_FP32.tflite,248D9B016488729F_20260411_175500_chunk_002.wav,1200,168,171
1374,1377,Chloris chloris,European Greenfinch,0.9508,248D9B016488729F_20260411_175500.WAV,14,0.0,1.0,0.25,BirdNET_GLOBAL_6K_V2.4_Model_FP32.tflite,248D9B016488729F_20260411_175500_chunk_002.wav,1200,174,177
1395,1398,Pica pica,Eurasian Magpie,0.4587,248D9B016488729F_20260411_175500.WAV,14,0.0,1.0,0.25,BirdNET_GLOBAL_6K_V2.4_Model_FP32.tflite,248D9B016488729F_20260411_175500_chunk_002.wav,1200,195,198
1401,1404,Dryobates borealis,Red-cockaded Woodpecker,0.5400,248D9B016488729F_20260411_175500.WAV,14,0.0,1.0,0.25,BirdNET_GLOBAL_6K_V2.4_Model_FP32.tflite,248D9B016488729F_20260411_175500_chunk_002.wav,1200,201,204
1452,1455,Phylloscopus collybita,Common Chiffchaff,0.7884,248D9B016488729F_20260411_175500.WAV,14,0.0,1.0,0.25,BirdNET_GLOBAL_6K_V2.4_Model_FP32.tflite,248D9B016488729F_20260411_175500_chunk_002.wav,1200,252,255
1485,1488,Phylloscopus collybita,Common Chiffchaff,0.5396,248D9B016488729F_20260411_175500.WAV,14,0.0,1.0,0.25,BirdNET_GLOBAL_6K_V2.4_Model_FP32.tflite,248D9B016488729F_20260411_175500_chunk_002.wav,1200,285,288
1494,1497,Phylloscopus collybita,Common Chiffchaff,0.8358,248D9B016488729F_20260411_175500.WAV,14,0.0,1.0,0.25,BirdNET_GLOBAL_6K_V2.4_Model_FP32.tflite,248D9B016488729F_20260411_175500_chunk_002.wav,1200,294,297
1503,1506,Phylloscopus collybita,Common Chiffchaff,0.7727,248D9B016488729F_20260411_175500.WAV,14,0.0,1.0,0.25,BirdNET_GLOBAL_6K_V2.4_Model_FP32.tflite,248D9B016488729F_20260411_175500_chunk_002.wav,1200,303,306
1506,1509,Phylloscopus collybita,Common Chiffchaff,0.7955,248D9B016488729F_20260411_175500.WAV,14,0.0,1.0,0.25,BirdNET_GLOBAL_6K_V2.4_Model_FP32.tflite,248D9B016488729F_20260411_175500_chunk_002.wav,1200,306,309
1527,1530,Phylloscopus collybita,Common Chiffchaff,0.7875,248D9B016488729F_20260411_175500.WAV,14,0.0,1.0,0.25,BirdNET_GLOBAL_6K_V2.4_Model_FP32.tflite,248D9B016488729F_20260411_175500_chunk_002.wav,1200,327,330
1542,1545,Phylloscopus collybita,Common Chiffchaff,0.6729,248D9B016488729F_20260411_175500.WAV,14,0.0,1.0,0.25,BirdNET_GLOBAL_6K_V2.4_Model_FP32.tflite,248D9B016488729F_20260411_175500_chunk_002.wav,1200,342,345
1554,1557,Phylloscopus collybita,Common Chiffchaff,0.7435,248D9B016488729F_20260411_175500.WAV,14,0.0,1.0,0.25,BirdNET_GLOBAL_6K_V2.4_Model_FP32.tflite,248D9B016488729F_20260411_175500_chunk_002.wav,1200,354,357
1557,1560,Phylloscopus collybita,Common Chiffchaff,0.7247,248D9B016488729F_20260411_175500.WAV,14,0.0,1.0,0.25,BirdNET_GLOBAL_6K_V2.4_Model_FP32.tflite,248D9B016488729F_20260411_175500_chunk_002.wav,1200,357,360
1566,1569,Auriparus flaviceps,Verdin,0.4634,248D9B016488729F_20260411_175500.WAV,14,0.0,1.0,0.25,BirdNET_GLOBAL_6K_V2.4_Model_FP32.tflite,248D9B016488729F_20260411_175500_chunk_002.wav,1200,366,369
1569,1572,Phylloscopus collybita,Common Chiffchaff,0.7553,248D9B016488729F_20260411_175500.WAV,14,0.0,1.0,0.25,BirdNET_GLOBAL_6K_V2.4_Model_FP32.tflite,248D9B016488729F_20260411_175500_chunk_002.wav,1200,369,372
1578,1581,Phylloscopus collybita,Common Chiffchaff,0.3885,248D9B016488729F_20260411_175500.WAV,14,0.0,1.0,0.25,BirdNET_GLOBAL_6K_V2.4_Model_FP32.tflite,248D9B016488729F_20260411_175500_chunk_002.wav,1200,378,381
1581,1584,Phylloscopus collybita,Common Chiffchaff,0.5335,248D9B016488729F_20260411_175500.WAV,14,0.0,1.0,0.25,BirdNET_GLOBAL_6K_V2.4_Model_FP32.tflite,248D9B016488729F_20260411_175500_chunk_002.wav,1200,381,384
1590,1593,Phylloscopus collybita,Common Chiffchaff,0.7478,248D9B016488729F_20260411_175500.WAV,14,0.0,1.0,0.25,BirdNET_GLOBAL_6K_V2.4_Model_FP32.tflite,248D9B016488729F_20260411_175500_chunk_002.wav,1200,390,393
1599,1602,Phylloscopus collybita,Common Chiffchaff,0.8905,248D9B016488729F_20260411_175500.WAV,14,0.0,1.0,0.25,BirdNET_GLOBAL_6K_V2.4_Model_FP32.tflite,248D9B016488729F_20260411_175500_chunk_002.wav,1200,399,402
1602,1605,Phylloscopus collybita,Common Chiffchaff,0.6193,248D9B016488729F_20260411_175500.WAV,14,0.0,1.0,0.25,BirdNET_GLOBAL_6K_V2.4_Model_FP32.tflite,248D9B016488729F_20260411_175500_chunk_002.wav,1200,402,405
1608,1611,Phylloscopus collybita,Common Chiffchaff,0.6461,248D9B016488729F_20260411_175500.WAV,14,0.0,1.0,0.25,BirdNET_GLOBAL_6K_V2.4_Model_FP32.tflite,248D9B016488729F_20260411_175500_chunk_002.wav,1200,408,411
1611,1614,Phylloscopus collybita,Common Chiffchaff,0.3911,248D9B016488729F_20260411_175500.WAV,14,0.0,1.0,0.25,BirdNET_GLOBAL_6K_V2.4_Model_FP32.tflite,248D9B016488729F_20260411_175500_chunk_002.wav,1200,411,414
1614,1617,Engine,Engine,0.2525,248D9B016488729F_20260411_175500.WAV,14,0.0,1.0,0.25,BirdNET_GLOBAL_6K_V2.4_Model_FP32.tflite,248D9B016488729F_20260411_175500_chunk_002.wav,1200,414,417
1620,1623,Phylloscopus collybita,Common Chiffchaff,0.8966,248D9B016488729F_20260411_175500.WAV,14,0.0,1.0,0.25,BirdNET_GLOBAL_6K_V2.4_Model_FP32.tflite,248D9B016488729F_20260411_175500_chunk_002.wav,1200,420,423
1629,1632,Phylloscopus collybita,Common Chiffchaff,0.8926,248D9B016488729F_20260411_175500.WAV,14,0.0,1.0,0.25,BirdNET_GLOBAL_6K_V2.4_Model_FP32.tflite,248D9B016488729F_20260411_175500_chunk_002.wav,1200,429,432
1632,1635,Phylloscopus collybita,Common Chiffchaff,0.5006,248D9B016488729F_20260411_175500.WAV,14,0.0,1.0,0.25,BirdNET_GLOBAL_6K_V2.4_Model_FP32.tflite,248D9B016488729F_20260411_175500_chunk_002.wav,1200,432,435
1641,1644,Phylloscopus collybita,Common Chiffchaff,0.9248,248D9B016488729F_20260411_175500.WAV,14,0.0,1.0,0.25,BirdNET_GLOBAL_6K_V2.4_Model_FP32.tflite,248D9B016488729F_20260411_175500_chunk_002.wav,1200,441,444
1653,1656,Phylloscopus collybita,Common Chiffchaff,0.6698,248D9B016488729F_20260411_175500.WAV,14,0.0,1.0,0.25,BirdNET_GLOBAL_6K_V2.4_Model_FP32.tflite,248D9B016488729F_20260411_175500_chunk_002.wav,1200,453,456
1662,1665,Calypte anna,Anna's Hummingbird,0.3593,248D9B016488729F_20260411_175500.WAV,14,0.0,1.0,0.25,BirdNET_GLOBAL_6K_V2.4_Model_FP32.tflite,248D9B016488729F_20260411_175500_chunk_002.wav,1200,462,465
1665,1668,Phylloscopus collybita,Common Chiffchaff,0.8179,248D9B016488729F_20260411_175500.WAV,14,0.0,1.0,0.25,BirdNET_GLOBAL_6K_V2.4_Model_FP32.tflite,248D9B016488729F_20260411_175500_chunk_002.wav,1200,465,468
1677,1680,Pica pica,Eurasian Magpie,0.3634,248D9B016488729F_20260411_175500.WAV,14,0.0,1.0,0.25,BirdNET_GLOBAL_6K_V2.4_Model_FP32.tflite,248D9B016488729F_20260411_175500_chunk_002.wav,1200,477,480
1707,1710,Phylloscopus collybita,Common Chiffchaff,0.6769,248D9B016488729F_20260411_175500.WAV,14,0.0,1.0,0.25,BirdNET_GLOBAL_6K_V2.4_Model_FP32.tflite,248D9B016488729F_20260411_175500_chunk_002.wav,1200,507,510
1731,1734,Phylloscopus collybita,Common Chiffchaff,0.6513,248D9B016488729F_20260411_175500.WAV,14,0.0,1.0,0.25,BirdNET_GLOBAL_6K_V2.4_Model_FP32.tflite,248D9B016488729F_20260411_175500_chunk_002.wav,1200,531,534
1749,1752,Phylloscopus collybita,Common Chiffchaff,0.7166,248D9B016488729F_20260411_175500.WAV,14,0.0,1.0,0.25,BirdNET_GLOBAL_6K_V2.4_Model_FP32.tflite,248D9B016488729F_20260411_175500_chunk_002.wav,1200,549,552
1767,1770,Phylloscopus collybita,Common Chiffchaff,0.5766,248D9B016488729F_20260411_175500.WAV,14,0.0,1.0,0.25,BirdNET_GLOBAL_6K_V2.4_Model_FP32.tflite,248D9B016488729F_20260411_175500_chunk_002.wav,1200,567,570
1872,1875,Corvus monedula,Eurasian Jackdaw,0.3775,248D9B016488729F_20260411_175500.WAV,14,0.0,1.0,0.25,BirdNET_GLOBAL_6K_V2.4_Model_FP32.tflite,248D9B016488729F_20260411_175500_chunk_003.wav,1800,72,75
1914,1917,Circus hudsonius,Northern Harrier,0.2632,248D9B016488729F_20260411_175500.WAV,14,0.0,1.0,0.25,BirdNET_GLOBAL_6K_V2.4_Model_FP32.tflite,248D9B016488729F_20260411_175500_chunk_003.wav,1800,114,117
1920,1923,Calypte anna,Anna's Hummingbird,0.4323,248D9B016488729F_20260411_175500.WAV,14,0.0,1.0,0.25,BirdNET_GLOBAL_6K_V2.4_Model_FP32.tflite,248D9B016488729F_20260411_175500_chunk_003.wav,1800,120,123
1944,1947,Coccothraustes vespertinus,Evening Grosbeak,0.4891,248D9B016488729F_20260411_175500.WAV,14,0.0,1.0,0.25,BirdNET_GLOBAL_6K_V2.4_Model_FP32.tflite,248D9B016488729F_20260411_175500_chunk_003.wav,1800,144,147
1947,1950,Psaltriparus minimus,Bushtit,0.4004,248D9B016488729F_20260411_175500.WAV,14,0.0,1.0,0.25,BirdNET_GLOBAL_6K_V2.4_Model_FP32.tflite,248D9B016488729F_20260411_175500_chunk_003.wav,1800,147,150
1971,1974,Parus major,Great Tit,0.3821,248D9B016488729F_20260411_175500.WAV,14,0.0,1.0,0.25,BirdNET_GLOBAL_6K_V2.4_Model_FP32.tflite,248D9B016488729F_20260411_175500_chunk_003.wav,1800,171,174
1986,1989,Parus major,Great Tit,0.8477,248D9B016488729F_20260411_175500.WAV,14,0.0,1.0,0.25,BirdNET_GLOBAL_6K_V2.4_Model_FP32.tflite,248D9B016488729F_20260411_175500_chunk_003.wav,1800,186,189
2061,2064,Parus major,Great Tit,0.4216,248D9B016488729F_20260411_175500.WAV,14,0.0,1.0,0.25,BirdNET_GLOBAL_6K_V2.4_Model_FP32.tflite,248D9B016488729F_20260411_175500_chunk_003.wav,1800,261,264
2088,2091,Corvus monedula,Eurasian Jackdaw,0.2908,248D9B016488729F_20260411_175500.WAV,14,0.0,1.0,0.25,BirdNET_GLOBAL_6K_V2.4_Model_FP32.tflite,248D9B016488729F_20260411_175500_chunk_003.wav,1800,288,291
2091,2094,Engine,Engine,0.2541,248D9B016488729F_20260411_175500.WAV,14,0.0,1.0,0.25,BirdNET_GLOBAL_6K_V2.4_Model_FP32.tflite,248D9B016488729F_20260411_175500_chunk_003.wav,1800,291,294
2127,2130,Engine,Engine,0.5118,248D9B016488729F_20260411_175500.WAV,14,0.0,1.0,0.25,BirdNET_GLOBAL_6K_V2.4_Model_FP32.tflite,248D9B016488729F_20260411_175500_chunk_003.wav,1800,327,330
2160,2163,Sitta pygmaea,Pygmy Nuthatch,0.3424,248D9B016488729F_20260411_175500.WAV,14,0.0,1.0,0.25,BirdNET_GLOBAL_6K_V2.4_Model_FP32.tflite,248D9B016488729F_20260411_175500_chunk_003.wav,1800,360,363
2253,2256,Phylloscopus collybita,Common Chiffchaff,0.6608,248D9B016488729F_20260411_175500.WAV,14,0.0,1.0,0.25,BirdNET_GLOBAL_6K_V2.4_Model_FP32.tflite,248D9B016488729F_20260411_175500_chunk_003.wav,1800,453,456
2265,2268,Phylloscopus collybita,Common Chiffchaff,0.9368,248D9B016488729F_20260411_175500.WAV,14,0.0,1.0,0.25,BirdNET_GLOBAL_6K_V2.4_Model_FP32.tflite,248D9B016488729F_20260411_175500_chunk_003.wav,1800,465,468
2271,2274,Phylloscopus collybita,Common Chiffchaff,0.7961,248D9B016488729F_20260411_175500.WAV,14,0.0,1.0,0.25,BirdNET_GLOBAL_6K_V2.4_Model_FP32.tflite,248D9B016488729F_20260411_175500_chunk_003.wav,1800,471,474
2274,2277,Phylloscopus collybita,Common Chiffchaff,0.9334,248D9B016488729F_20260411_175500.WAV,14,0.0,1.0,0.25,BirdNET_GLOBAL_6K_V2.4_Model_FP32.tflite,248D9B016488729F_20260411_175500_chunk_003.wav,1800,474,477
2280,2283,Phylloscopus collybita,Common Chiffchaff,0.7368,248D9B016488729F_20260411_175500.WAV,14,0.0,1.0,0.25,BirdNET_GLOBAL_6K_V2.4_Model_FP32.tflite,248D9B016488729F_20260411_175500_chunk_003.wav,1800,480,483
2283,2286,Phylloscopus collybita,Common Chiffchaff,0.8382,248D9B016488729F_20260411_175500.WAV,14,0.0,1.0,0.25,BirdNET_GLOBAL_6K_V2.4_Model_FP32.tflite,248D9B016488729F_20260411_175500_chunk_003.wav,1800,483,486
2289,2292,Phylloscopus collybita,Common Chiffchaff,0.9673,248D9B016488729F_20260411_175500.WAV,14,0.0,1.0,0.25,BirdNET_GLOBAL_6K_V2.4_Model_FP32.tflite,248D9B016488729F_20260411_175500_chunk_003.wav,1800,489,492
2295,2298,Phylloscopus collybita,Common Chiffchaff,0.6071,248D9B016488729F_20260411_175500.WAV,14,0.0,1.0,0.25,BirdNET_GLOBAL_6K_V2.4_Model_FP32.tflite,248D9B016488729F_20260411_175500_chunk_003.wav,1800,495,498
2295,2298,Phylloscopus ibericus,Iberian Chiffchaff,0.5006,248D9B016488729F_20260411_175500.WAV,14,0.0,1.0,0.25,BirdNET_GLOBAL_6K_V2.4_Model_FP32.tflite,248D9B016488729F_20260411_175500_chunk_003.wav,1800,495,498
2298,2301,Phylloscopus collybita,Common Chiffchaff,0.9387,248D9B016488729F_20260411_175500.WAV,14,0.0,1.0,0.25,BirdNET_GLOBAL_6K_V2.4_Model_FP32.tflite,248D9B016488729F_20260411_175500_chunk_003.wav,1800,498,501
2307,2310,Phylloscopus collybita,Common Chiffchaff,0.9749,248D9B016488729F_20260411_175500.WAV,14,0.0,1.0,0.25,BirdNET_GLOBAL_6K_V2.4_Model_FP32.tflite,248D9B016488729F_20260411_175500_chunk_003.wav,1800,507,510
2310,2313,Phylloscopus collybita,Common Chiffchaff,0.3900,248D9B016488729F_20260411_175500.WAV,14,0.0,1.0,0.25,BirdNET_GLOBAL_6K_V2.4_Model_FP32.tflite,248D9B016488729F_20260411_175500_chunk_003.wav,1800,510,513
2316,2319,Phylloscopus collybita,Common Chiffchaff,0.7288,248D9B016488729F_20260411_175500.WAV,14,0.0,1.0,0.25,BirdNET_GLOBAL_6K_V2.4_Model_FP32.tflite,248D9B016488729F_20260411_175500_chunk_003.wav,1800,516,519
2319,2322,Phylloscopus collybita,Common Chiffchaff,0.5745,248D9B016488729F_20260411_175500.WAV,14,0.0,1.0,0.25,BirdNET_GLOBAL_6K_V2.4_Model_FP32.tflite,248D9B016488729F_20260411_175500_chunk_003.wav,1800,519,522
2328,2331,Phylloscopus collybita,Common Chiffchaff,0.7769,248D9B016488729F_20260411_175500.WAV,14,0.0,1.0,0.25,BirdNET_GLOBAL_6K_V2.4_Model_FP32.tflite,248D9B016488729F_20260411_175500_chunk_003.wav,1800,528,531
2331,2334,Phylloscopus collybita,Common Chiffchaff,0.6119,248D9B016488729F_20260411_175500.WAV,14,0.0,1.0,0.25,BirdNET_GLOBAL_6K_V2.4_Model_FP32.tflite,248D9B016488729F_20260411_175500_chunk_003.wav,1800,531,534
2337,2340,Phylloscopus collybita,Common Chiffchaff,0.9027,248D9B016488729F_20260411_175500.WAV,14,0.0,1.0,0.25,BirdNET_GLOBAL_6K_V2.4_Model_FP32.tflite,248D9B016488729F_20260411_175500_chunk_003.wav,1800,537,540
2340,2343,Phylloscopus collybita,Common Chiffchaff,0.9611,248D9B016488729F_20260411_175500.WAV,14,0.0,1.0,0.25,BirdNET_GLOBAL_6K_V2.4_Model_FP32.tflite,248D9B016488729F_20260411_175500_chunk_003.wav,1800,540,543
2343,2346,Cyanistes caeruleus,Eurasian Blue Tit,0.2694,248D9B016488729F_20260411_175500.WAV,14,0.0,1.0,0.25,BirdNET_GLOBAL_6K_V2.4_Model_FP32.tflite,248D9B016488729F_20260411_175500_chunk_003.wav,1800,543,546
2346,2349,Phylloscopus collybita,Common Chiffchaff,0.8603,248D9B016488729F_20260411_175500.WAV,14,0.0,1.0,0.25,BirdNET_GLOBAL_6K_V2.4_Model_FP32.tflite,248D9B016488729F_20260411_175500_chunk_003.wav,1800,546,549
2349,2352,Phylloscopus collybita,Common Chiffchaff,0.8277,248D9B016488729F_20260411_175500.WAV,14,0.0,1.0,0.25,BirdNET_GLOBAL_6K_V2.4_Model_FP32.tflite,248D9B016488729F_20260411_175500_chunk_003.wav,1800,549,552
2355,2358,Phylloscopus collybita,Common Chiffchaff,0.9081,248D9B016488729F_20260411_175500.WAV,14,0.0,1.0,0.25,BirdNET_GLOBAL_6K_V2.4_Model_FP32.tflite,248D9B016488729F_20260411_175500_chunk_003.wav,1800,555,558
2358,2361,Phylloscopus collybita,Common Chiffchaff,0.9686,248D9B016488729F_20260411_175500.WAV,14,0.0,1.0,0.25,BirdNET_GLOBAL_6K_V2.4_Model_FP32.tflite,248D9B016488729F_20260411_175500_chunk_003.wav,1800,558,561
2361,2364,Progne subis,Purple Martin,0.2524,248D9B016488729F_20260411_175500.WAV,14,0.0,1.0,0.25,BirdNET_GLOBAL_6K_V2.4_Model_FP32.tflite,248D9B016488729F_20260411_175500_chunk_003.wav,1800,561,564
2364,2367,Phylloscopus collybita,Common Chiffchaff,0.8719,248D9B016488729F_20260411_175500.WAV,14,0.0,1.0,0.25,BirdNET_GLOBAL_6K_V2.4_Model_FP32.tflite,248D9B016488729F_20260411_175500_chunk_003.wav,1800,564,567
2367,2370,Phylloscopus collybita,Common Chiffchaff,0.7805,248D9B016488729F_20260411_175500.WAV,14,0.0,1.0,0.25,BirdNET_GLOBAL_6K_V2.4_Model_FP32.tflite,248D9B016488729F_20260411_175500_chunk_003.wav,1800,567,570
2373,2376,Phylloscopus collybita,Common Chiffchaff,0.9273,248D9B016488729F_20260411_175500.WAV,14,0.0,1.0,0.25,BirdNET_GLOBAL_6K_V2.4_Model_FP32.tflite,248D9B016488729F_20260411_175500_chunk_003.wav,1800,573,576
2376,2379,Phylloscopus collybita,Common Chiffchaff,0.9725,248D9B016488729F_20260411_175500.WAV,14,0.0,1.0,0.25,BirdNET_GLOBAL_6K_V2.4_Model_FP32.tflite,248D9B016488729F_20260411_175500_chunk_003.wav,1800,576,579
2379,2382,Phylloscopus collybita,Common Chiffchaff,0.7553,248D9B016488729F_20260411_175500.WAV,14,0.0,1.0,0.25,BirdNET_GLOBAL_6K_V2.4_Model_FP32.tflite,248D9B016488729F_20260411_175500_chunk_003.wav,1800,579,582
2382,2385,Phylloscopus collybita,Common Chiffchaff,0.8222,248D9B016488729F_20260411_175500.WAV,14,0.0,1.0,0.25,BirdNET_GLOBAL_6K_V2.4_Model_FP32.tflite,248D9B016488729F_20260411_175500_chunk_003.wav,1800,582,585
2388,2391,Phylloscopus sindianus,Mountain Chiffchaff,0.4384,248D9B016488729F_20260411_175500.WAV,14,0.0,1.0,0.25,BirdNET_GLOBAL_6K_V2.4_Model_FP32.tflite,248D9B016488729F_20260411_175500_chunk_003.wav,1800,588,591
2391,2394,Phylloscopus collybita,Common Chiffchaff,0.8192,248D9B016488729F_20260411_175500.WAV,14,0.0,1.0,0.25,BirdNET_GLOBAL_6K_V2.4_Model_FP32.tflite,248D9B016488729F_20260411_175500_chunk_003.wav,1800,591,594
2394,2397,Phylloscopus collybita,Common Chiffchaff,0.7593,248D9B016488729F_20260411_175500.WAV,14,0.0,1.0,0.25,BirdNET_GLOBAL_6K_V2.4_Model_FP32.tflite,248D9B016488729F_20260411_175500_chunk_003.wav,1800,594,597
2397,2399.98,Phylloscopus collybita,Common Chiffchaff,0.7961,248D9B016488729F_20260411_175500.WAV,14,0.0,1.0,0.25,BirdNET_GLOBAL_6K_V2.4_Model_FP32.tflite,248D9B016488729F_20260411_175500_chunk_003.wav,1800,597,599.98
2400,2403,Tympanuchus cupido,Greater Prairie-Chicken,0.5322,248D9B016488729F_20260411_175500.WAV,14,0.0,1.0,0.25,BirdNET_GLOBAL_6K_V2.4_Model_FP32.tflite,248D9B016488729F_20260411_175500_chunk_004.wav,2400,0,3
2406,2409,Phylloscopus collybita,Common Chiffchaff,0.9048,248D9B016488729F_20260411_175500.WAV,14,0.0,1.0,0.25,BirdNET_GLOBAL_6K_V2.4_Model_FP32.tflite,248D9B016488729F_20260411_175500_chunk_004.wav,2400,6,9
2415,2418,Phylloscopus collybita,Common Chiffchaff,0.7701,248D9B016488729F_20260411_175500.WAV,14,0.0,1.0,0.25,BirdNET_GLOBAL_6K_V2.4_Model_FP32.tflite,248D9B016488729F_20260411_175500_chunk_004.wav,2400,15,18
2421,2424,Zosterops simplex,Swinhoe's White-eye,0.2811,248D9B016488729F_20260411_175500.WAV,14,0.0,1.0,0.25,BirdNET_GLOBAL_6K_V2.4_Model_FP32.tflite,248D9B016488729F_20260411_175500_chunk_004.wav,2400,21,24
2424,2427,Phylloscopus collybita,Common Chiffchaff,0.9145,248D9B016488729F_20260411_175500.WAV,14,0.0,1.0,0.25,BirdNET_GLOBAL_6K_V2.4_Model_FP32.tflite,248D9B016488729F_20260411_175500_chunk_004.wav,2400,24,27
2430,2433,Phylloscopus collybita,Common Chiffchaff,0.8026,248D9B016488729F_20260411_175500.WAV,14,0.0,1.0,0.25,BirdNET_GLOBAL_6K_V2.4_Model_FP32.tflite,248D9B016488729F_20260411_175500_chunk_004.wav,2400,30,33
2433,2436,Phylloscopus collybita,Common Chiffchaff,0.9052,248D9B016488729F_20260411_175500.WAV,14,0.0,1.0,0.25,BirdNET_GLOBAL_6K_V2.4_Model_FP32.tflite,248D9B016488729F_20260411_175500_chunk_004.wav,2400,33,36
2439,2442,Phylloscopus collybita,Common Chiffchaff,0.8896,248D9B016488729F_20260411_175500.WAV,14,0.0,1.0,0.25,BirdNET_GLOBAL_6K_V2.4_Model_FP32.tflite,248D9B016488729F_20260411_175500_chunk_004.wav,2400,39,42
2442,2445,Phylloscopus collybita,Common Chiffchaff,0.9705,248D9B016488729F_20260411_175500.WAV,14,0.0,1.0,0.25,BirdNET_GLOBAL_6K_V2.4_Model_FP32.tflite,248D9B016488729F_20260411_175500_chunk_004.wav,2400,42,45
2448,2451,Phylloscopus collybita,Common Chiffchaff,0.8879,248D9B016488729F_20260411_175500.WAV,14,0.0,1.0,0.25,BirdNET_GLOBAL_6K_V2.4_Model_FP32.tflite,248D9B016488729F_20260411_175500_chunk_004.wav,2400,48,51
2451,2454,Phylloscopus collybita,Common Chiffchaff,0.8218,248D9B016488729F_20260411_175500.WAV,14,0.0,1.0,0.25,BirdNET_GLOBAL_6K_V2.4_Model_FP32.tflite,248D9B016488729F_20260411_175500_chunk_004.wav,2400,51,54
2454,2457,Siren,Siren,0.6618,248D9B016488729F_20260411_175500.WAV,14,0.0,1.0,0.25,BirdNET_GLOBAL_6K_V2.4_Model_FP32.tflite,248D9B016488729F_20260411_175500_chunk_004.wav,2400,54,57
2457,2460,Siren,Siren,0.4810,248D9B016488729F_20260411_175500.WAV,14,0.0,1.0,0.25,BirdNET_GLOBAL_6K_V2.4_Model_FP32.tflite,248D9B016488729F_20260411_175500_chunk_004.wav,2400,57,60
2457,2460,Phylloscopus collybita,Common Chiffchaff,0.3617,248D9B016488729F_20260411_175500.WAV,14,0.0,1.0,0.25,BirdNET_GLOBAL_6K_V2.4_Model_FP32.tflite,248D9B016488729F_20260411_175500_chunk_004.wav,2400,57,60
2460,2463,Phylloscopus collybita,Common Chiffchaff,0.6950,248D9B016488729F_20260411_175500.WAV,14,0.0,1.0,0.25,BirdNET_GLOBAL_6K_V2.4_Model_FP32.tflite,248D9B016488729F_20260411_175500_chunk_004.wav,2400,60,63
2460,2463,Siren,Siren,0.3091,248D9B016488729F_20260411_175500.WAV,14,0.0,1.0,0.25,BirdNET_GLOBAL_6K_V2.4_Model_FP32.tflite,248D9B016488729F_20260411_175500_chunk_004.wav,2400,60,63
2472,2475,Siren,Siren,0.9408,248D9B016488729F_20260411_175500.WAV,14,0.0,1.0,0.25,BirdNET_GLOBAL_6K_V2.4_Model_FP32.tflite,248D9B016488729F_20260411_175500_chunk_004.wav,2400,72,75
2475,2478,Siren,Siren,0.9630,248D9B016488729F_20260411_175500.WAV,14,0.0,1.0,0.25,BirdNET_GLOBAL_6K_V2.4_Model_FP32.tflite,248D9B016488729F_20260411_175500_chunk_004.wav,2400,75,78
2478,2481,Siren,Siren,0.9220,248D9B016488729F_20260411_175500.WAV,14,0.0,1.0,0.25,BirdNET_GLOBAL_6K_V2.4_Model_FP32.tflite,248D9B016488729F_20260411_175500_chunk_004.wav,2400,78,81
2481,2484,Siren,Siren,0.8007,248D9B016488729F_20260411_175500.WAV,14,0.0,1.0,0.25,BirdNET_GLOBAL_6K_V2.4_Model_FP32.tflite,248D9B016488729F_20260411_175500_chunk_004.wav,2400,81,84
2484,2487,Siren,Siren,0.9372,248D9B016488729F_20260411_175500.WAV,14,0.0,1.0,0.25,BirdNET_GLOBAL_6K_V2.4_Model_FP32.tflite,248D9B016488729F_20260411_175500_chunk_004.wav,2400,84,87
2484,2487,Phylloscopus collybita,Common Chiffchaff,0.8292,248D9B016488729F_20260411_175500.WAV,14,0.0,1.0,0.25,BirdNET_GLOBAL_6K_V2.4_Model_FP32.tflite,248D9B016488729F_20260411_175500_chunk_004.wav,2400,84,87
2487,2490,Siren,Siren,0.9065,248D9B016488729F_20260411_175500.WAV,14,0.0,1.0,0.25,BirdNET_GLOBAL_6K_V2.4_Model_FP32.tflite,248D9B016488729F_20260411_175500_chunk_004.wav,2400,87,90
2490,2493,Carduelis carduelis,European Goldfinch,0.6507,248D9B016488729F_20260411_175500.WAV,14,0.0,1.0,0.25,BirdNET_GLOBAL_6K_V2.4_Model_FP32.tflite,248D9B016488729F_20260411_175500_chunk_004.wav,2400,90,93
2496,2499,Chloris chloris,European Greenfinch,0.2789,248D9B016488729F_20260411_175500.WAV,14,0.0,1.0,0.25,BirdNET_GLOBAL_6K_V2.4_Model_FP32.tflite,248D9B016488729F_20260411_175500_chunk_004.wav,2400,96,99
2499,2502,Chloris chloris,European Greenfinch,0.6179,248D9B016488729F_20260411_175500.WAV,14,0.0,1.0,0.25,BirdNET_GLOBAL_6K_V2.4_Model_FP32.tflite,248D9B016488729F_20260411_175500_chunk_004.wav,2400,99,102
2502,2505,Phylloscopus collybita,Common Chiffchaff,0.5982,248D9B016488729F_20260411_175500.WAV,14,0.0,1.0,0.25,BirdNET_GLOBAL_6K_V2.4_Model_FP32.tflite,248D9B016488729F_20260411_175500_chunk_004.wav,2400,102,105
2505,2508,Phylloscopus collybita,Common Chiffchaff,0.4848,248D9B016488729F_20260411_175500.WAV,14,0.0,1.0,0.25,BirdNET_GLOBAL_6K_V2.4_Model_FP32.tflite,248D9B016488729F_20260411_175500_chunk_004.wav,2400,105,108
2508,2511,Siren,Siren,0.4198,248D9B016488729F_20260411_175500.WAV,14,0.0,1.0,0.25,BirdNET_GLOBAL_6K_V2.4_Model_FP32.tflite,248D9B016488729F_20260411_175500_chunk_004.wav,2400,108,111
2511,2514,Chloris chloris,European Greenfinch,0.8878,248D9B016488729F_20260411_175500.WAV,14,0.0,1.0,0.25,BirdNET_GLOBAL_6K_V2.4_Model_FP32.tflite,248D9B016488729F_20260411_175500_chunk_004.wav,2400,111,114
2514,2517,Chloris chloris,European Greenfinch,0.7545,248D9B016488729F_20260411_175500.WAV,14,0.0,1.0,0.25,BirdNET_GLOBAL_6K_V2.4_Model_FP32.tflite,248D9B016488729F_20260411_175500_chunk_004.wav,2400,114,117
2517,2520,Chloris chloris,European Greenfinch,0.7757,248D9B016488729F_20260411_175500.WAV,14,0.0,1.0,0.25,BirdNET_GLOBAL_6K_V2.4_Model_FP32.tflite,248D9B016488729F_20260411_175500_chunk_004.wav,2400,117,120
2517,2520,Phylloscopus collybita,Common Chiffchaff,0.4272,248D9B016488729F_20260411_175500.WAV,14,0.0,1.0,0.25,BirdNET_GLOBAL_6K_V2.4_Model_FP32.tflite,248D9B016488729F_20260411_175500_chunk_004.wav,2400,117,120
2520,2523,Chloris chloris,European Greenfinch,0.8953,248D9B016488729F_20260411_175500.WAV,14,0.0,1.0,0.25,BirdNET_GLOBAL_6K_V2.4_Model_FP32.tflite,248D9B016488729F_20260411_175500_chunk_004.wav,2400,120,123
2526,2529,Chloris chloris,European Greenfinch,0.8431,248D9B016488729F_20260411_175500.WAV,14,0.0,1.0,0.25,BirdNET_GLOBAL_6K_V2.4_Model_FP32.tflite,248D9B016488729F_20260411_175500_chunk_004.wav,2400,126,129
2529,2532,Loxia leucoptera,White-winged Crossbill,0.3541,248D9B016488729F_20260411_175500.WAV,14,0.0,1.0,0.25,BirdNET_GLOBAL_6K_V2.4_Model_FP32.tflite,248D9B016488729F_20260411_175500_chunk_004.wav,2400,129,132
2532,2535,Phylloscopus collybita,Common Chiffchaff,0.4811,248D9B016488729F_20260411_175500.WAV,14,0.0,1.0,0.25,BirdNET_GLOBAL_6K_V2.4_Model_FP32.tflite,248D9B016488729F_20260411_175500_chunk_004.wav,2400,132,135
2535,2538,Chloris chloris,European Greenfinch,0.8540,248D9B016488729F_20260411_175500.WAV,14,0.0,1.0,0.25,BirdNET_GLOBAL_6K_V2.4_Model_FP32.tflite,248D9B016488729F_20260411_175500_chunk_004.wav,2400,135,138
2538,2541,Chloris chloris,European Greenfinch,0.7362,248D9B016488729F_20260411_175500.WAV,14,0.0,1.0,0.25,BirdNET_GLOBAL_6K_V2.4_Model_FP32.tflite,248D9B016488729F_20260411_175500_chunk_004.wav,2400,138,141
2544,2547,Phylloscopus collybita,Common Chiffchaff,0.7376,248D9B016488729F_20260411_175500.WAV,14,0.0,1.0,0.25,BirdNET_GLOBAL_6K_V2.4_Model_FP32.tflite,248D9B016488729F_20260411_175500_chunk_004.wav,2400,144,147
2547,2550,Chloris chloris,European Greenfinch,0.7481,248D9B016488729F_20260411_175500.WAV,14,0.0,1.0,0.25,BirdNET_GLOBAL_6K_V2.4_Model_FP32.tflite,248D9B016488729F_20260411_175500_chunk_004.wav,2400,147,150
2553,2556,Phylloscopus collybita,Common Chiffchaff,0.4840,248D9B016488729F_20260411_175500.WAV,14,0.0,1.0,0.25,BirdNET_GLOBAL_6K_V2.4_Model_FP32.tflite,248D9B016488729F_20260411_175500_chunk_004.wav,2400,153,156
2556,2559,Phylloscopus collybita,Common Chiffchaff,0.5572,248D9B016488729F_20260411_175500.WAV,14,0.0,1.0,0.25,BirdNET_GLOBAL_6K_V2.4_Model_FP32.tflite,248D9B016488729F_20260411_175500_chunk_004.wav,2400,156,159
2565,2568,Phylloscopus collybita,Common Chiffchaff,0.5142,248D9B016488729F_20260411_175500.WAV,14,0.0,1.0,0.25,BirdNET_GLOBAL_6K_V2.4_Model_FP32.tflite,248D9B016488729F_20260411_175500_chunk_004.wav,2400,165,168
2568,2571,Phylloscopus collybita,Common Chiffchaff,0.4178,248D9B016488729F_20260411_175500.WAV,14,0.0,1.0,0.25,BirdNET_GLOBAL_6K_V2.4_Model_FP32.tflite,248D9B016488729F_20260411_175500_chunk_004.wav,2400,168,171
2580,2583,Phylloscopus collybita,Common Chiffchaff,0.4610,248D9B016488729F_20260411_175500.WAV,14,0.0,1.0,0.25,BirdNET_GLOBAL_6K_V2.4_Model_FP32.tflite,248D9B016488729F_20260411_175500_chunk_004.wav,2400,180,183
2589,2592,Phylloscopus collybita,Common Chiffchaff,0.5739,248D9B016488729F_20260411_175500.WAV,14,0.0,1.0,0.25,BirdNET_GLOBAL_6K_V2.4_Model_FP32.tflite,248D9B016488729F_20260411_175500_chunk_004.wav,2400,189,192
2598,2601,Phylloscopus collybita,Common Chiffchaff,0.6314,248D9B016488729F_20260411_175500.WAV,14,0.0,1.0,0.25,BirdNET_GLOBAL_6K_V2.4_Model_FP32.tflite,248D9B016488729F_20260411_175500_chunk_004.wav,2400,198,201
2604,2607,Chloris chloris,European Greenfinch,0.9149,248D9B016488729F_20260411_175500.WAV,14,0.0,1.0,0.25,BirdNET_GLOBAL_6K_V2.4_Model_FP32.tflite,248D9B016488729F_20260411_175500_chunk_004.wav,2400,204,207
2607,2610,Chloris chloris,European Greenfinch,0.9562,248D9B016488729F_20260411_175500.WAV,14,0.0,1.0,0.25,BirdNET_GLOBAL_6K_V2.4_Model_FP32.tflite,248D9B016488729F_20260411_175500_chunk_004.wav,2400,207,210
2613,2616,Corvus monedula,Eurasian Jackdaw,0.3183,248D9B016488729F_20260411_175500.WAV,14,0.0,1.0,0.25,BirdNET_GLOBAL_6K_V2.4_Model_FP32.tflite,248D9B016488729F_20260411_175500_chunk_004.wav,2400,213,216
2616,2619,Chloris chloris,European Greenfinch,0.6764,248D9B016488729F_20260411_175500.WAV,14,0.0,1.0,0.25,BirdNET_GLOBAL_6K_V2.4_Model_FP32.tflite,248D9B016488729F_20260411_175500_chunk_004.wav,2400,216,219
2619,2622,Chloris chloris,European Greenfinch,0.5610,248D9B016488729F_20260411_175500.WAV,14,0.0,1.0,0.25,BirdNET_GLOBAL_6K_V2.4_Model_FP32.tflite,248D9B016488729F_20260411_175500_chunk_004.wav,2400,219,222
2622,2625,Phylloscopus collybita,Common Chiffchaff,0.4651,248D9B016488729F_20260411_175500.WAV,14,0.0,1.0,0.25,BirdNET_GLOBAL_6K_V2.4_Model_FP32.tflite,248D9B016488729F_20260411_175500_chunk_004.wav,2400,222,225
2625,2628,Chloris chloris,European Greenfinch,0.8699,248D9B016488729F_20260411_175500.WAV,14,0.0,1.0,0.25,BirdNET_GLOBAL_6K_V2.4_Model_FP32.tflite,248D9B016488729F_20260411_175500_chunk_004.wav,2400,225,228
2628,2631,Chloris chloris,European Greenfinch,0.8830,248D9B016488729F_20260411_175500.WAV,14,0.0,1.0,0.25,BirdNET_GLOBAL_6K_V2.4_Model_FP32.tflite,248D9B016488729F_20260411_175500_chunk_004.wav,2400,228,231
2637,2640,Chloris chloris,European Greenfinch,0.8936,248D9B016488729F_20260411_175500.WAV,14,0.0,1.0,0.25,BirdNET_GLOBAL_6K_V2.4_Model_FP32.tflite,248D9B016488729F_20260411_175500_chunk_004.wav,2400,237,240
2640,2643,Chloris chloris,European Greenfinch,0.3595,248D9B016488729F_20260411_175500.WAV,14,0.0,1.0,0.25,BirdNET_GLOBAL_6K_V2.4_Model_FP32.tflite,248D9B016488729F_20260411_175500_chunk_004.wav,2400,240,243
2643,2646,Spizella pusilla,Field Sparrow,0.3535,248D9B016488729F_20260411_175500.WAV,14,0.0,1.0,0.25,BirdNET_GLOBAL_6K_V2.4_Model_FP32.tflite,248D9B016488729F_20260411_175500_chunk_004.wav,2400,243,246
2646,2649,Phylloscopus collybita,Common Chiffchaff,0.5469,248D9B016488729F_20260411_175500.WAV,14,0.0,1.0,0.25,BirdNET_GLOBAL_6K_V2.4_Model_FP32.tflite,248D9B016488729F_20260411_175500_chunk_004.wav,2400,246,249
2649,2652,Chloris chloris,European Greenfinch,0.7117,248D9B016488729F_20260411_175500.WAV,14,0.0,1.0,0.25,BirdNET_GLOBAL_6K_V2.4_Model_FP32.tflite,248D9B016488729F_20260411_175500_chunk_004.wav,2400,249,252
2652,2655,Spizella pusilla,Field Sparrow,0.5822,248D9B016488729F_20260411_175500.WAV,14,0.0,1.0,0.25,BirdNET_GLOBAL_6K_V2.4_Model_FP32.tflite,248D9B016488729F_20260411_175500_chunk_004.wav,2400,252,255
2652,2655,Chloris chloris,European Greenfinch,0.2597,248D9B016488729F_20260411_175500.WAV,14,0.0,1.0,0.25,BirdNET_GLOBAL_6K_V2.4_Model_FP32.tflite,248D9B016488729F_20260411_175500_chunk_004.wav,2400,252,255
2655,2658,Chloris chloris,European Greenfinch,0.8076,248D9B016488729F_20260411_175500.WAV,14,0.0,1.0,0.25,BirdNET_GLOBAL_6K_V2.4_Model_FP32.tflite,248D9B016488729F_20260411_175500_chunk_004.wav,2400,255,258
2658,2661,Chloris chloris,European Greenfinch,0.4803,248D9B016488729F_20260411_175500.WAV,14,0.0,1.0,0.25,BirdNET_GLOBAL_6K_V2.4_Model_FP32.tflite,248D9B016488729F_20260411_175500_chunk_004.wav,2400,258,261
2661,2664,Chloris chloris,European Greenfinch,0.6449,248D9B016488729F_20260411_175500.WAV,14,0.0,1.0,0.25,BirdNET_GLOBAL_6K_V2.4_Model_FP32.tflite,248D9B016488729F_20260411_175500_chunk_004.wav,2400,261,264
2661,2664,Spizella pusilla,Field Sparrow,0.3589,248D9B016488729F_20260411_175500.WAV,14,0.0,1.0,0.25,BirdNET_GLOBAL_6K_V2.4_Model_FP32.tflite,248D9B016488729F_20260411_175500_chunk_004.wav,2400,261,264
2664,2667,Chloris chloris,European Greenfinch,0.4660,248D9B016488729F_20260411_175500.WAV,14,0.0,1.0,0.25,BirdNET_GLOBAL_6K_V2.4_Model_FP32.tflite,248D9B016488729F_20260411_175500_chunk_004.wav,2400,264,267
2667,2670,Phylloscopus collybita,Common Chiffchaff,0.2953,248D9B016488729F_20260411_175500.WAV,14,0.0,1.0,0.25,BirdNET_GLOBAL_6K_V2.4_Model_FP32.tflite,248D9B016488729F_20260411_175500_chunk_004.wav,2400,267,270
2670,2673,Chloris chloris,European Greenfinch,0.2817,248D9B016488729F_20260411_175500.WAV,14,0.0,1.0,0.25,BirdNET_GLOBAL_6K_V2.4_Model_FP32.tflite,248D9B016488729F_20260411_175500_chunk_004.wav,2400,270,273
2679,2682,Phylloscopus collybita,Common Chiffchaff,0.6256,248D9B016488729F_20260411_175500.WAV,14,0.0,1.0,0.25,BirdNET_GLOBAL_6K_V2.4_Model_FP32.tflite,248D9B016488729F_20260411_175500_chunk_004.wav,2400,279,282
2682,2685,Chloris chloris,European Greenfinch,0.5978,248D9B016488729F_20260411_175500.WAV,14,0.0,1.0,0.25,BirdNET_GLOBAL_6K_V2.4_Model_FP32.tflite,248D9B016488729F_20260411_175500_chunk_004.wav,2400,282,285
2691,2694,Phylloscopus collybita,Common Chiffchaff,0.6459,248D9B016488729F_20260411_175500.WAV,14,0.0,1.0,0.25,BirdNET_GLOBAL_6K_V2.4_Model_FP32.tflite,248D9B016488729F_20260411_175500_chunk_004.wav,2400,291,294
2694,2697,Chloris chloris,European Greenfinch,0.8370,248D9B016488729F_20260411_175500.WAV,14,0.0,1.0,0.25,BirdNET_GLOBAL_6K_V2.4_Model_FP32.tflite,248D9B016488729F_20260411_175500_chunk_004.wav,2400,294,297
2700,2703,Phylloscopus collybita,Common Chiffchaff,0.4608,248D9B016488729F_20260411_175500.WAV,14,0.0,1.0,0.25,BirdNET_GLOBAL_6K_V2.4_Model_FP32.tflite,248D9B016488729F_20260411_175500_chunk_004.wav,2400,300,303
2709,2712,Phylloscopus collybita,Common Chiffchaff,0.6728,248D9B016488729F_20260411_175500.WAV,14,0.0,1.0,0.25,BirdNET_GLOBAL_6K_V2.4_Model_FP32.tflite,248D9B016488729F_20260411_175500_chunk_004.wav,2400,309,312
2715,2718,Chloris chloris,European Greenfinch,0.3356,248D9B016488729F_20260411_175500.WAV,14,0.0,1.0,0.25,BirdNET_GLOBAL_6K_V2.4_Model_FP32.tflite,248D9B016488729F_20260411_175500_chunk_004.wav,2400,315,318
2718,2721,Chloris chloris,European Greenfinch,0.3051,248D9B016488729F_20260411_175500.WAV,14,0.0,1.0,0.25,BirdNET_GLOBAL_6K_V2.4_Model_FP32.tflite,248D9B016488729F_20260411_175500_chunk_004.wav,2400,318,321
2724,2727,Chloris chloris,European Greenfinch,0.2988,248D9B016488729F_20260411_175500.WAV,14,0.0,1.0,0.25,BirdNET_GLOBAL_6K_V2.4_Model_FP32.tflite,248D9B016488729F_20260411_175500_chunk_004.wav,2400,324,327
2727,2730,Chloris chloris,European Greenfinch,0.5004,248D9B016488729F_20260411_175500.WAV,14,0.0,1.0,0.25,BirdNET_GLOBAL_6K_V2.4_Model_FP32.tflite,248D9B016488729F_20260411_175500_chunk_004.wav,2400,327,330
2730,2733,Phylloscopus collybita,Common Chiffchaff,0.3103,248D9B016488729F_20260411_175500.WAV,14,0.0,1.0,0.25,BirdNET_GLOBAL_6K_V2.4_Model_FP32.tflite,248D9B016488729F_20260411_175500_chunk_004.wav,2400,330,333
2733,2736,Chloris chloris,European Greenfinch,0.8722,248D9B016488729F_20260411_175500.WAV,14,0.0,1.0,0.25,BirdNET_GLOBAL_6K_V2.4_Model_FP32.tflite,248D9B016488729F_20260411_175500_chunk_004.wav,2400,333,336
2739,2742,Phylloscopus collybita,Common Chiffchaff,0.3482,248D9B016488729F_20260411_175500.WAV,14,0.0,1.0,0.25,BirdNET_GLOBAL_6K_V2.4_Model_FP32.tflite,248D9B016488729F_20260411_175500_chunk_004.wav,2400,339,342
2742,2745,Chloris chloris,European Greenfinch,0.4789,248D9B016488729F_20260411_175500.WAV,14,0.0,1.0,0.25,BirdNET_GLOBAL_6K_V2.4_Model_FP32.tflite,248D9B016488729F_20260411_175500_chunk_004.wav,2400,342,345
2745,2748,Chloris chloris,European Greenfinch,0.8535,248D9B016488729F_20260411_175500.WAV,14,0.0,1.0,0.25,BirdNET_GLOBAL_6K_V2.4_Model_FP32.tflite,248D9B016488729F_20260411_175500_chunk_004.wav,2400,345,348
2748,2751,Chloris chloris,European Greenfinch,0.9495,248D9B016488729F_20260411_175500.WAV,14,0.0,1.0,0.25,BirdNET_GLOBAL_6K_V2.4_Model_FP32.tflite,248D9B016488729F_20260411_175500_chunk_004.wav,2400,348,351
2751,2754,Phylloscopus collybita,Common Chiffchaff,0.4763,248D9B016488729F_20260411_175500.WAV,14,0.0,1.0,0.25,BirdNET_GLOBAL_6K_V2.4_Model_FP32.tflite,248D9B016488729F_20260411_175500_chunk_004.wav,2400,351,354
2751,2754,Gymnorhina tibicen,Australian Magpie,0.3984,248D9B016488729F_20260411_175500.WAV,14,0.0,1.0,0.25,BirdNET_GLOBAL_6K_V2.4_Model_FP32.tflite,248D9B016488729F_20260411_175500_chunk_004.wav,2400,351,354
2754,2757,Siren,Siren,0.8675,248D9B016488729F_20260411_175500.WAV,14,0.0,1.0,0.25,BirdNET_GLOBAL_6K_V2.4_Model_FP32.tflite,248D9B016488729F_20260411_175500_chunk_004.wav,2400,354,357
2757,2760,Siren,Siren,0.2567,248D9B016488729F_20260411_175500.WAV,14,0.0,1.0,0.25,BirdNET_GLOBAL_6K_V2.4_Model_FP32.tflite,248D9B016488729F_20260411_175500_chunk_004.wav,2400,357,360
2760,2763,Phylloscopus collybita,Common Chiffchaff,0.6880,248D9B016488729F_20260411_175500.WAV,14,0.0,1.0,0.25,BirdNET_GLOBAL_6K_V2.4_Model_FP32.tflite,248D9B016488729F_20260411_175500_chunk_004.wav,2400,360,363
2763,2766,Siren,Siren,0.6590,248D9B016488729F_20260411_175500.WAV,14,0.0,1.0,0.25,BirdNET_GLOBAL_6K_V2.4_Model_FP32.tflite,248D9B016488729F_20260411_175500_chunk_004.wav,2400,363,366
2793,2796,Chloris chloris,European Greenfinch,0.3410,248D9B016488729F_20260411_175500.WAV,14,0.0,1.0,0.25,BirdNET_GLOBAL_6K_V2.4_Model_FP32.tflite,248D9B016488729F_20260411_175500_chunk_004.wav,2400,393,396
2796,2799,Chloris chloris,European Greenfinch,0.2620,248D9B016488729F_20260411_175500.WAV,14,0.0,1.0,0.25,BirdNET_GLOBAL_6K_V2.4_Model_FP32.tflite,248D9B016488729F_20260411_175500_chunk_004.wav,2400,396,399
2799,2802,Chloris chloris,European Greenfinch,0.7112,248D9B016488729F_20260411_175500.WAV,14,0.0,1.0,0.25,BirdNET_GLOBAL_6K_V2.4_Model_FP32.tflite,248D9B016488729F_20260411_175500_chunk_004.wav,2400,399,402
2802,2805,Chloris chloris,European Greenfinch,0.6372,248D9B016488729F_20260411_175500.WAV,14,0.0,1.0,0.25,BirdNET_GLOBAL_6K_V2.4_Model_FP32.tflite,248D9B016488729F_20260411_175500_chunk_004.wav,2400,402,405
2808,2811,Chloris chloris,European Greenfinch,0.4254,248D9B016488729F_20260411_175500.WAV,14,0.0,1.0,0.25,BirdNET_GLOBAL_6K_V2.4_Model_FP32.tflite,248D9B016488729F_20260411_175500_chunk_004.wav,2400,408,411
2811,2814,Chloris chloris,European Greenfinch,0.5064,248D9B016488729F_20260411_175500.WAV,14,0.0,1.0,0.25,BirdNET_GLOBAL_6K_V2.4_Model_FP32.tflite,248D9B016488729F_20260411_175500_chunk_004.wav,2400,411,414
2814,2817,Siren,Siren,0.5500,248D9B016488729F_20260411_175500.WAV,14,0.0,1.0,0.25,BirdNET_GLOBAL_6K_V2.4_Model_FP32.tflite,248D9B016488729F_20260411_175500_chunk_004.wav,2400,414,417
2814,2817,Chloris chloris,European Greenfinch,0.2587,248D9B016488729F_20260411_175500.WAV,14,0.0,1.0,0.25,BirdNET_GLOBAL_6K_V2.4_Model_FP32.tflite,248D9B016488729F_20260411_175500_chunk_004.wav,2400,414,417
2817,2820,Chloris chloris,European Greenfinch,0.7446,248D9B016488729F_20260411_175500.WAV,14,0.0,1.0,0.25,BirdNET_GLOBAL_6K_V2.4_Model_FP32.tflite,248D9B016488729F_20260411_175500_chunk_004.wav,2400,417,420
2820,2823,Megaceryle alcyon,Belted Kingfisher,0.6027,248D9B016488729F_20260411_175500.WAV,14,0.0,1.0,0.25,BirdNET_GLOBAL_6K_V2.4_Model_FP32.tflite,248D9B016488729F_20260411_175500_chunk_004.wav,2400,420,423
2823,2826,Chloris chloris,European Greenfinch,0.6229,248D9B016488729F_20260411_175500.WAV,14,0.0,1.0,0.25,BirdNET_GLOBAL_6K_V2.4_Model_FP32.tflite,248D9B016488729F_20260411_175500_chunk_004.wav,2400,423,426
2826,2829,Chloris chloris,European Greenfinch,0.9304,248D9B016488729F_20260411_175500.WAV,14,0.0,1.0,0.25,BirdNET_GLOBAL_6K_V2.4_Model_FP32.tflite,248D9B016488729F_20260411_175500_chunk_004.wav,2400,426,429
2829,2832,Chloris chloris,European Greenfinch,0.8308,248D9B016488729F_20260411_175500.WAV,14,0.0,1.0,0.25,BirdNET_GLOBAL_6K_V2.4_Model_FP32.tflite,248D9B016488729F_20260411_175500_chunk_004.wav,2400,429,432
2832,2835,Chloris chloris,European Greenfinch,0.9495,248D9B016488729F_20260411_175500.WAV,14,0.0,1.0,0.25,BirdNET_GLOBAL_6K_V2.4_Model_FP32.tflite,248D9B016488729F_20260411_175500_chunk_004.wav,2400,432,435
2835,2838,Chloris chloris,European Greenfinch,0.3496,248D9B016488729F_20260411_175500.WAV,14,0.0,1.0,0.25,BirdNET_GLOBAL_6K_V2.4_Model_FP32.tflite,248D9B016488729F_20260411_175500_chunk_004.wav,2400,435,438
2838,2841,Chloris chloris,European Greenfinch,0.9852,248D9B016488729F_20260411_175500.WAV,14,0.0,1.0,0.25,BirdNET_GLOBAL_6K_V2.4_Model_FP32.tflite,248D9B016488729F_20260411_175500_chunk_004.wav,2400,438,441
2841,2844,Chloris chloris,European Greenfinch,0.6467,248D9B016488729F_20260411_175500.WAV,14,0.0,1.0,0.25,BirdNET_GLOBAL_6K_V2.4_Model_FP32.tflite,248D9B016488729F_20260411_175500_chunk_004.wav,2400,441,444
2856,2859,Chloris chloris,European Greenfinch,0.7288,248D9B016488729F_20260411_175500.WAV,14,0.0,1.0,0.25,BirdNET_GLOBAL_6K_V2.4_Model_FP32.tflite,248D9B016488729F_20260411_175500_chunk_004.wav,2400,456,459
2859,2862,Chloris chloris,European Greenfinch,0.7210,248D9B016488729F_20260411_175500.WAV,14,0.0,1.0,0.25,BirdNET_GLOBAL_6K_V2.4_Model_FP32.tflite,248D9B016488729F_20260411_175500_chunk_004.wav,2400,459,462
2865,2868,Chloris chloris,European Greenfinch,0.4023,248D9B016488729F_20260411_175500.WAV,14,0.0,1.0,0.25,BirdNET_GLOBAL_6K_V2.4_Model_FP32.tflite,248D9B016488729F_20260411_175500_chunk_004.wav,2400,465,468
2868,2871,Ixoreus naevius,Varied Thrush,0.8548,248D9B016488729F_20260411_175500.WAV,14,0.0,1.0,0.25,BirdNET_GLOBAL_6K_V2.4_Model_FP32.tflite,248D9B016488729F_20260411_175500_chunk_004.wav,2400,468,471
2871,2874,Chloris chloris,European Greenfinch,0.4267,248D9B016488729F_20260411_175500.WAV,14,0.0,1.0,0.25,BirdNET_GLOBAL_6K_V2.4_Model_FP32.tflite,248D9B016488729F_20260411_175500_chunk_004.wav,2400,471,474
2874,2877,Chloris chloris,European Greenfinch,0.7732,248D9B016488729F_20260411_175500.WAV,14,0.0,1.0,0.25,BirdNET_GLOBAL_6K_V2.4_Model_FP32.tflite,248D9B016488729F_20260411_175500_chunk_004.wav,2400,474,477
2877,2880,Chloris chloris,European Greenfinch,0.6853,248D9B016488729F_20260411_175500.WAV,14,0.0,1.0,0.25,BirdNET_GLOBAL_6K_V2.4_Model_FP32.tflite,248D9B016488729F_20260411_175500_chunk_004.wav,2400,477,480
2880,2883,Chloris chloris,European Greenfinch,0.9637,248D9B016488729F_20260411_175500.WAV,14,0.0,1.0,0.25,BirdNET_GLOBAL_6K_V2.4_Model_FP32.tflite,248D9B016488729F_20260411_175500_chunk_004.wav,2400,480,483
2886,2889,Chloris chloris,European Greenfinch,0.3226,248D9B016488729F_20260411_175500.WAV,14,0.0,1.0,0.25,BirdNET_GLOBAL_6K_V2.4_Model_FP32.tflite,248D9B016488729F_20260411_175500_chunk_004.wav,2400,486,489
2889,2892,Chloris chloris,European Greenfinch,0.4615,248D9B016488729F_20260411_175500.WAV,14,0.0,1.0,0.25,BirdNET_GLOBAL_6K_V2.4_Model_FP32.tflite,248D9B016488729F_20260411_175500_chunk_004.wav,2400,489,492
2898,2901,Chloris chloris,European Greenfinch,0.4802,248D9B016488729F_20260411_175500.WAV,14,0.0,1.0,0.25,BirdNET_GLOBAL_6K_V2.4_Model_FP32.tflite,248D9B016488729F_20260411_175500_chunk_004.wav,2400,498,501
2898,2901,Scytalopus perijanus,Perija Tapaculo,0.3058,248D9B016488729F_20260411_175500.WAV,14,0.0,1.0,0.25,BirdNET_GLOBAL_6K_V2.4_Model_FP32.tflite,248D9B016488729F_20260411_175500_chunk_004.wav,2400,498,501
2901,2904,Chloris chloris,European Greenfinch,0.8443,248D9B016488729F_20260411_175500.WAV,14,0.0,1.0,0.25,BirdNET_GLOBAL_6K_V2.4_Model_FP32.tflite,248D9B016488729F_20260411_175500_chunk_004.wav,2400,501,504
2907,2910,Engine,Engine,0.7965,248D9B016488729F_20260411_175500.WAV,14,0.0,1.0,0.25,BirdNET_GLOBAL_6K_V2.4_Model_FP32.tflite,248D9B016488729F_20260411_175500_chunk_004.wav,2400,507,510
2910,2913,Chloris chloris,European Greenfinch,0.9493,248D9B016488729F_20260411_175500.WAV,14,0.0,1.0,0.25,BirdNET_GLOBAL_6K_V2.4_Model_FP32.tflite,248D9B016488729F_20260411_175500_chunk_004.wav,2400,510,513
2913,2916,Pica pica,Eurasian Magpie,0.5333,248D9B016488729F_20260411_175500.WAV,14,0.0,1.0,0.25,BirdNET_GLOBAL_6K_V2.4_Model_FP32.tflite,248D9B016488729F_20260411_175500_chunk_004.wav,2400,513,516
2916,2919,Pica pica,Eurasian Magpie,0.9874,248D9B016488729F_20260411_175500.WAV,14,0.0,1.0,0.25,BirdNET_GLOBAL_6K_V2.4_Model_FP32.tflite,248D9B016488729F_20260411_175500_chunk_004.wav,2400,516,519
2916,2919,Chloris chloris,European Greenfinch,0.5134,248D9B016488729F_20260411_175500.WAV,14,0.0,1.0,0.25,BirdNET_GLOBAL_6K_V2.4_Model_FP32.tflite,248D9B016488729F_20260411_175500_chunk_004.wav,2400,516,519
2919,2922,Chloris chloris,European Greenfinch,0.4067,248D9B016488729F_20260411_175500.WAV,14,0.0,1.0,0.25,BirdNET_GLOBAL_6K_V2.4_Model_FP32.tflite,248D9B016488729F_20260411_175500_chunk_004.wav,2400,519,522
2922,2925,Chloris chloris,European Greenfinch,0.6093,248D9B016488729F_20260411_175500.WAV,14,0.0,1.0,0.25,BirdNET_GLOBAL_6K_V2.4_Model_FP32.tflite,248D9B016488729F_20260411_175500_chunk_004.wav,2400,522,525
2925,2928,Ixoreus naevius,Varied Thrush,0.4889,248D9B016488729F_20260411_175500.WAV,14,0.0,1.0,0.25,BirdNET_GLOBAL_6K_V2.4_Model_FP32.tflite,248D9B016488729F_20260411_175500_chunk_004.wav,2400,525,528
2925,2928,Chloris chloris,European Greenfinch,0.4462,248D9B016488729F_20260411_175500.WAV,14,0.0,1.0,0.25,BirdNET_GLOBAL_6K_V2.4_Model_FP32.tflite,248D9B016488729F_20260411_175500_chunk_004.wav,2400,525,528
2931,2934,Ixoreus naevius,Varied Thrush,0.2690,248D9B016488729F_20260411_175500.WAV,14,0.0,1.0,0.25,BirdNET_GLOBAL_6K_V2.4_Model_FP32.tflite,248D9B016488729F_20260411_175500_chunk_004.wav,2400,531,534
2934,2937,Chloris chloris,European Greenfinch,0.6757,248D9B016488729F_20260411_175500.WAV,14,0.0,1.0,0.25,BirdNET_GLOBAL_6K_V2.4_Model_FP32.tflite,248D9B016488729F_20260411_175500_chunk_004.wav,2400,534,537
2937,2940,Chloris chloris,European Greenfinch,0.7741,248D9B016488729F_20260411_175500.WAV,14,0.0,1.0,0.25,BirdNET_GLOBAL_6K_V2.4_Model_FP32.tflite,248D9B016488729F_20260411_175500_chunk_004.wav,2400,537,540
2940,2943,Pica pica,Eurasian Magpie,0.8798,248D9B016488729F_20260411_175500.WAV,14,0.0,1.0,0.25,BirdNET_GLOBAL_6K_V2.4_Model_FP32.tflite,248D9B016488729F_20260411_175500_chunk_004.wav,2400,540,543
2940,2943,Chloris chloris,European Greenfinch,0.7150,248D9B016488729F_20260411_175500.WAV,14,0.0,1.0,0.25,BirdNET_GLOBAL_6K_V2.4_Model_FP32.tflite,248D9B016488729F_20260411_175500_chunk_004.wav,2400,540,543
2943,2946,Pica pica,Eurasian Magpie,0.9507,248D9B016488729F_20260411_175500.WAV,14,0.0,1.0,0.25,BirdNET_GLOBAL_6K_V2.4_Model_FP32.tflite,248D9B016488729F_20260411_175500_chunk_004.wav,2400,543,546
2946,2949,Pica pica,Eurasian Magpie,0.7835,248D9B016488729F_20260411_175500.WAV,14,0.0,1.0,0.25,BirdNET_GLOBAL_6K_V2.4_Model_FP32.tflite,248D9B016488729F_20260411_175500_chunk_004.wav,2400,546,549
2961,2964,Pica pica,Eurasian Magpie,0.6128,248D9B016488729F_20260411_175500.WAV,14,0.0,1.0,0.25,BirdNET_GLOBAL_6K_V2.4_Model_FP32.tflite,248D9B016488729F_20260411_175500_chunk_004.wav,2400,561,564
2985,2988,Erithacus rubecula,European Robin,0.4608,248D9B016488729F_20260411_175500.WAV,14,0.0,1.0,0.25,BirdNET_GLOBAL_6K_V2.4_Model_FP32.tflite,248D9B016488729F_20260411_175500_chunk_004.wav,2400,585,588
2994,2997,Spinus tristis,American Goldfinch,0.2722,248D9B016488729F_20260411_175500.WAV,14,0.0,1.0,0.25,BirdNET_GLOBAL_6K_V2.4_Model_FP32.tflite,248D9B016488729F_20260411_175500_chunk_004.wav,2400,594,597
3006,3009,Chloris chloris,European Greenfinch,0.8950,248D9B016488729F_20260411_175500.WAV,14,0.0,1.0,0.25,BirdNET_GLOBAL_6K_V2.4_Model_FP32.tflite,248D9B016488729F_20260411_175500_chunk_005.wav,3000,6,9
3009,3012,Phylloscopus collybita,Common Chiffchaff,0.9411,248D9B016488729F_20260411_175500.WAV,14,0.0,1.0,0.25,BirdNET_GLOBAL_6K_V2.4_Model_FP32.tflite,248D9B016488729F_20260411_175500_chunk_005.wav,3000,9,12
3018,3021,Phylloscopus collybita,Common Chiffchaff,0.5643,248D9B016488729F_20260411_175500.WAV,14,0.0,1.0,0.25,BirdNET_GLOBAL_6K_V2.4_Model_FP32.tflite,248D9B016488729F_20260411_175500_chunk_005.wav,3000,18,21
3024,3027,Erithacus rubecula,European Robin,0.4688,248D9B016488729F_20260411_175500.WAV,14,0.0,1.0,0.25,BirdNET_GLOBAL_6K_V2.4_Model_FP32.tflite,248D9B016488729F_20260411_175500_chunk_005.wav,3000,24,27
3030,3033,Phylloscopus collybita,Common Chiffchaff,0.5760,248D9B016488729F_20260411_175500.WAV,14,0.0,1.0,0.25,BirdNET_GLOBAL_6K_V2.4_Model_FP32.tflite,248D9B016488729F_20260411_175500_chunk_005.wav,3000,30,33
3036,3039,Phylloscopus collybita,Common Chiffchaff,0.8340,248D9B016488729F_20260411_175500.WAV,14,0.0,1.0,0.25,BirdNET_GLOBAL_6K_V2.4_Model_FP32.tflite,248D9B016488729F_20260411_175500_chunk_005.wav,3000,36,39
3042,3045,Chloris chloris,European Greenfinch,0.4258,248D9B016488729F_20260411_175500.WAV,14,0.0,1.0,0.25,BirdNET_GLOBAL_6K_V2.4_Model_FP32.tflite,248D9B016488729F_20260411_175500_chunk_005.wav,3000,42,45
3045,3048,Phylloscopus collybita,Common Chiffchaff,0.4522,248D9B016488729F_20260411_175500.WAV,14,0.0,1.0,0.25,BirdNET_GLOBAL_6K_V2.4_Model_FP32.tflite,248D9B016488729F_20260411_175500_chunk_005.wav,3000,45,48
3048,3051,Chloris chloris,European Greenfinch,0.2990,248D9B016488729F_20260411_175500.WAV,14,0.0,1.0,0.25,BirdNET_GLOBAL_6K_V2.4_Model_FP32.tflite,248D9B016488729F_20260411_175500_chunk_005.wav,3000,48,51
3054,3057,Phylloscopus collybita,Common Chiffchaff,0.4467,248D9B016488729F_20260411_175500.WAV,14,0.0,1.0,0.25,BirdNET_GLOBAL_6K_V2.4_Model_FP32.tflite,248D9B016488729F_20260411_175500_chunk_005.wav,3000,54,57
3060,3063,Phylloscopus collybita,Common Chiffchaff,0.2795,248D9B016488729F_20260411_175500.WAV,14,0.0,1.0,0.25,BirdNET_GLOBAL_6K_V2.4_Model_FP32.tflite,248D9B016488729F_20260411_175500_chunk_005.wav,3000,60,63
3063,3066,Phylloscopus collybita,Common Chiffchaff,0.8311,248D9B016488729F_20260411_175500.WAV,14,0.0,1.0,0.25,BirdNET_GLOBAL_6K_V2.4_Model_FP32.tflite,248D9B016488729F_20260411_175500_chunk_005.wav,3000,63,66
3066,3069,Chloris chloris,European Greenfinch,0.2683,248D9B016488729F_20260411_175500.WAV,14,0.0,1.0,0.25,BirdNET_GLOBAL_6K_V2.4_Model_FP32.tflite,248D9B016488729F_20260411_175500_chunk_005.wav,3000,66,69
3069,3072,Chloris chloris,European Greenfinch,0.4180,248D9B016488729F_20260411_175500.WAV,14,0.0,1.0,0.25,BirdNET_GLOBAL_6K_V2.4_Model_FP32.tflite,248D9B016488729F_20260411_175500_chunk_005.wav,3000,69,72
3069,3072,Phylloscopus collybita,Common Chiffchaff,0.3548,248D9B016488729F_20260411_175500.WAV,14,0.0,1.0,0.25,BirdNET_GLOBAL_6K_V2.4_Model_FP32.tflite,248D9B016488729F_20260411_175500_chunk_005.wav,3000,69,72
3072,3075,Chloris chloris,European Greenfinch,0.3000,248D9B016488729F_20260411_175500.WAV,14,0.0,1.0,0.25,BirdNET_GLOBAL_6K_V2.4_Model_FP32.tflite,248D9B016488729F_20260411_175500_chunk_005.wav,3000,72,75
3081,3084,Chloris chloris,European Greenfinch,0.3751,248D9B016488729F_20260411_175500.WAV,14,0.0,1.0,0.25,BirdNET_GLOBAL_6K_V2.4_Model_FP32.tflite,248D9B016488729F_20260411_175500_chunk_005.wav,3000,81,84
3084,3087,Chloris chloris,European Greenfinch,0.4423,248D9B016488729F_20260411_175500.WAV,14,0.0,1.0,0.25,BirdNET_GLOBAL_6K_V2.4_Model_FP32.tflite,248D9B016488729F_20260411_175500_chunk_005.wav,3000,84,87
3087,3090,Chloris chloris,European Greenfinch,0.3121,248D9B016488729F_20260411_175500.WAV,14,0.0,1.0,0.25,BirdNET_GLOBAL_6K_V2.4_Model_FP32.tflite,248D9B016488729F_20260411_175500_chunk_005.wav,3000,87,90
3090,3093,Chloris chloris,European Greenfinch,0.5691,248D9B016488729F_20260411_175500.WAV,14,0.0,1.0,0.25,BirdNET_GLOBAL_6K_V2.4_Model_FP32.tflite,248D9B016488729F_20260411_175500_chunk_005.wav,3000,90,93
3090,3093,Catamenia inornata,Plain-colored Seedeater,0.3820,248D9B016488729F_20260411_175500.WAV,14,0.0,1.0,0.25,BirdNET_GLOBAL_6K_V2.4_Model_FP32.tflite,248D9B016488729F_20260411_175500_chunk_005.wav,3000,90,93
3093,3096,Pica pica,Eurasian Magpie,0.8345,248D9B016488729F_20260411_175500.WAV,14,0.0,1.0,0.25,BirdNET_GLOBAL_6K_V2.4_Model_FP32.tflite,248D9B016488729F_20260411_175500_chunk_005.wav,3000,93,96
3093,3096,Phylloscopus collybita,Common Chiffchaff,0.6255,248D9B016488729F_20260411_175500.WAV,14,0.0,1.0,0.25,BirdNET_GLOBAL_6K_V2.4_Model_FP32.tflite,248D9B016488729F_20260411_175500_chunk_005.wav,3000,93,96
3099,3102,Chloris chloris,European Greenfinch,0.9137,248D9B016488729F_20260411_175500.WAV,14,0.0,1.0,0.25,BirdNET_GLOBAL_6K_V2.4_Model_FP32.tflite,248D9B016488729F_20260411_175500_chunk_005.wav,3000,99,102
3102,3105,Phylloscopus collybita,Common Chiffchaff,0.5758,248D9B016488729F_20260411_175500.WAV,14,0.0,1.0,0.25,BirdNET_GLOBAL_6K_V2.4_Model_FP32.tflite,248D9B016488729F_20260411_175500_chunk_005.wav,3000,102,105
3105,3108,Chloris chloris,European Greenfinch,0.3995,248D9B016488729F_20260411_175500.WAV,14,0.0,1.0,0.25,BirdNET_GLOBAL_6K_V2.4_Model_FP32.tflite,248D9B016488729F_20260411_175500_chunk_005.wav,3000,105,108
3105,3108,Phylloscopus collybita,Common Chiffchaff,0.2765,248D9B016488729F_20260411_175500.WAV,14,0.0,1.0,0.25,BirdNET_GLOBAL_6K_V2.4_Model_FP32.tflite,248D9B016488729F_20260411_175500_chunk_005.wav,3000,105,108
3120,3123,Chloris chloris,European Greenfinch,0.4610,248D9B016488729F_20260411_175500.WAV,14,0.0,1.0,0.25,BirdNET_GLOBAL_6K_V2.4_Model_FP32.tflite,248D9B016488729F_20260411_175500_chunk_005.wav,3000,120,123
3120,3123,Ixoreus naevius,Varied Thrush,0.2734,248D9B016488729F_20260411_175500.WAV,14,0.0,1.0,0.25,BirdNET_GLOBAL_6K_V2.4_Model_FP32.tflite,248D9B016488729F_20260411_175500_chunk_005.wav,3000,120,123
3123,3126,Phylloscopus collybita,Common Chiffchaff,0.9510,248D9B016488729F_20260411_175500.WAV,14,0.0,1.0,0.25,BirdNET_GLOBAL_6K_V2.4_Model_FP32.tflite,248D9B016488729F_20260411_175500_chunk_005.wav,3000,123,126
3126,3129,Phylloscopus collybita,Common Chiffchaff,0.8841,248D9B016488729F_20260411_175500.WAV,14,0.0,1.0,0.25,BirdNET_GLOBAL_6K_V2.4_Model_FP32.tflite,248D9B016488729F_20260411_175500_chunk_005.wav,3000,126,129
3129,3132,Engine,Engine,0.2741,248D9B016488729F_20260411_175500.WAV,14,0.0,1.0,0.25,BirdNET_GLOBAL_6K_V2.4_Model_FP32.tflite,248D9B016488729F_20260411_175500_chunk_005.wav,3000,129,132
3135,3138,Phylloscopus collybita,Common Chiffchaff,0.8786,248D9B016488729F_20260411_175500.WAV,14,0.0,1.0,0.25,BirdNET_GLOBAL_6K_V2.4_Model_FP32.tflite,248D9B016488729F_20260411_175500_chunk_005.wav,3000,135,138
3138,3141,Chloris chloris,European Greenfinch,0.6428,248D9B016488729F_20260411_175500.WAV,14,0.0,1.0,0.25,BirdNET_GLOBAL_6K_V2.4_Model_FP32.tflite,248D9B016488729F_20260411_175500_chunk_005.wav,3000,138,141
3150,3153,Phylloscopus collybita,Common Chiffchaff,0.6006,248D9B016488729F_20260411_175500.WAV,14,0.0,1.0,0.25,BirdNET_GLOBAL_6K_V2.4_Model_FP32.tflite,248D9B016488729F_20260411_175500_chunk_005.wav,3000,150,153
3153,3156,Phylloscopus collybita,Common Chiffchaff,0.9323,248D9B016488729F_20260411_175500.WAV,14,0.0,1.0,0.25,BirdNET_GLOBAL_6K_V2.4_Model_FP32.tflite,248D9B016488729F_20260411_175500_chunk_005.wav,3000,153,156
3156,3159,Engine,Engine,0.2525,248D9B016488729F_20260411_175500.WAV,14,0.0,1.0,0.25,BirdNET_GLOBAL_6K_V2.4_Model_FP32.tflite,248D9B016488729F_20260411_175500_chunk_005.wav,3000,156,159
3165,3168,Phylloscopus collybita,Common Chiffchaff,0.8433,248D9B016488729F_20260411_175500.WAV,14,0.0,1.0,0.25,BirdNET_GLOBAL_6K_V2.4_Model_FP32.tflite,248D9B016488729F_20260411_175500_chunk_005.wav,3000,165,168
3168,3171,Turdus philomelos,Song Thrush,0.3756,248D9B016488729F_20260411_175500.WAV,14,0.0,1.0,0.25,BirdNET_GLOBAL_6K_V2.4_Model_FP32.tflite,248D9B016488729F_20260411_175500_chunk_005.wav,3000,168,171
3174,3177,Phylloscopus collybita,Common Chiffchaff,0.3702,248D9B016488729F_20260411_175500.WAV,14,0.0,1.0,0.25,BirdNET_GLOBAL_6K_V2.4_Model_FP32.tflite,248D9B016488729F_20260411_175500_chunk_005.wav,3000,174,177
3177,3180,Phylloscopus collybita,Common Chiffchaff,0.7213,248D9B016488729F_20260411_175500.WAV,14,0.0,1.0,0.25,BirdNET_GLOBAL_6K_V2.4_Model_FP32.tflite,248D9B016488729F_20260411_175500_chunk_005.wav,3000,177,180
3186,3189,Phylloscopus collybita,Common Chiffchaff,0.4182,248D9B016488729F_20260411_175500.WAV,14,0.0,1.0,0.25,BirdNET_GLOBAL_6K_V2.4_Model_FP32.tflite,248D9B016488729F_20260411_175500_chunk_005.wav,3000,186,189
3189,3192,Phylloscopus collybita,Common Chiffchaff,0.7662,248D9B016488729F_20260411_175500.WAV,14,0.0,1.0,0.25,BirdNET_GLOBAL_6K_V2.4_Model_FP32.tflite,248D9B016488729F_20260411_175500_chunk_005.wav,3000,189,192
3201,3204,Phylloscopus collybita,Common Chiffchaff,0.5037,248D9B016488729F_20260411_175500.WAV,14,0.0,1.0,0.25,BirdNET_GLOBAL_6K_V2.4_Model_FP32.tflite,248D9B016488729F_20260411_175500_chunk_005.wav,3000,201,204
3204,3207,Phylloscopus collybita,Common Chiffchaff,0.6673,248D9B016488729F_20260411_175500.WAV,14,0.0,1.0,0.25,BirdNET_GLOBAL_6K_V2.4_Model_FP32.tflite,248D9B016488729F_20260411_175500_chunk_005.wav,3000,204,207
3222,3225,Spinus tristis,American Goldfinch,0.3241,248D9B016488729F_20260411_175500.WAV,14,0.0,1.0,0.25,BirdNET_GLOBAL_6K_V2.4_Model_FP32.tflite,248D9B016488729F_20260411_175500_chunk_005.wav,3000,222,225
3231,3234,Chloris chloris,European Greenfinch,0.8020,248D9B016488729F_20260411_175500.WAV,14,0.0,1.0,0.25,BirdNET_GLOBAL_6K_V2.4_Model_FP32.tflite,248D9B016488729F_20260411_175500_chunk_005.wav,3000,231,234
3234,3237,Chloris chloris,European Greenfinch,0.7241,248D9B016488729F_20260411_175500.WAV,14,0.0,1.0,0.25,BirdNET_GLOBAL_6K_V2.4_Model_FP32.tflite,248D9B016488729F_20260411_175500_chunk_005.wav,3000,234,237
3237,3240,Chloris chloris,European Greenfinch,0.6486,248D9B016488729F_20260411_175500.WAV,14,0.0,1.0,0.25,BirdNET_GLOBAL_6K_V2.4_Model_FP32.tflite,248D9B016488729F_20260411_175500_chunk_005.wav,3000,237,240
3240,3243,Chloris chloris,European Greenfinch,0.4389,248D9B016488729F_20260411_175500.WAV,14,0.0,1.0,0.25,BirdNET_GLOBAL_6K_V2.4_Model_FP32.tflite,248D9B016488729F_20260411_175500_chunk_005.wav,3000,240,243
3243,3246,Chloris chloris,European Greenfinch,0.6319,248D9B016488729F_20260411_175500.WAV,14,0.0,1.0,0.25,BirdNET_GLOBAL_6K_V2.4_Model_FP32.tflite,248D9B016488729F_20260411_175500_chunk_005.wav,3000,243,246
3246,3249,Chloris chloris,European Greenfinch,0.9734,248D9B016488729F_20260411_175500.WAV,14,0.0,1.0,0.25,BirdNET_GLOBAL_6K_V2.4_Model_FP32.tflite,248D9B016488729F_20260411_175500_chunk_005.wav,3000,246,249
3249,3252,Chloris chloris,European Greenfinch,0.7784,248D9B016488729F_20260411_175500.WAV,14,0.0,1.0,0.25,BirdNET_GLOBAL_6K_V2.4_Model_FP32.tflite,248D9B016488729F_20260411_175500_chunk_005.wav,3000,249,252
3252,3255,Chloris chloris,European Greenfinch,0.9201,248D9B016488729F_20260411_175500.WAV,14,0.0,1.0,0.25,BirdNET_GLOBAL_6K_V2.4_Model_FP32.tflite,248D9B016488729F_20260411_175500_chunk_005.wav,3000,252,255
3267,3270,Phylloscopus collybita,Common Chiffchaff,0.5503,248D9B016488729F_20260411_175500.WAV,14,0.0,1.0,0.25,BirdNET_GLOBAL_6K_V2.4_Model_FP32.tflite,248D9B016488729F_20260411_175500_chunk_005.wav,3000,267,270
3270,3273,Chloris chloris,European Greenfinch,0.2881,248D9B016488729F_20260411_175500.WAV,14,0.0,1.0,0.25,BirdNET_GLOBAL_6K_V2.4_Model_FP32.tflite,248D9B016488729F_20260411_175500_chunk_005.wav,3000,270,273
3273,3276,Bombycilla garrulus,Bohemian Waxwing,0.3265,248D9B016488729F_20260411_175500.WAV,14,0.0,1.0,0.25,BirdNET_GLOBAL_6K_V2.4_Model_FP32.tflite,248D9B016488729F_20260411_175500_chunk_005.wav,3000,273,276
3276,3279,Phylloscopus collybita,Common Chiffchaff,0.4226,248D9B016488729F_20260411_175500.WAV,14,0.0,1.0,0.25,BirdNET_GLOBAL_6K_V2.4_Model_FP32.tflite,248D9B016488729F_20260411_175500_chunk_005.wav,3000,276,279
3282,3285,Chloris chloris,European Greenfinch,0.5237,248D9B016488729F_20260411_175500.WAV,14,0.0,1.0,0.25,BirdNET_GLOBAL_6K_V2.4_Model_FP32.tflite,248D9B016488729F_20260411_175500_chunk_005.wav,3000,282,285
3285,3288,Chloris chloris,European Greenfinch,0.4947,248D9B016488729F_20260411_175500.WAV,14,0.0,1.0,0.25,BirdNET_GLOBAL_6K_V2.4_Model_FP32.tflite,248D9B016488729F_20260411_175500_chunk_005.wav,3000,285,288
3291,3294,Chloris chloris,European Greenfinch,0.9939,248D9B016488729F_20260411_175500.WAV,14,0.0,1.0,0.25,BirdNET_GLOBAL_6K_V2.4_Model_FP32.tflite,248D9B016488729F_20260411_175500_chunk_005.wav,3000,291,294
3297,3300,Phylloscopus collybita,Common Chiffchaff,0.8045,248D9B016488729F_20260411_175500.WAV,14,0.0,1.0,0.25,BirdNET_GLOBAL_6K_V2.4_Model_FP32.tflite,248D9B016488729F_20260411_175500_chunk_005.wav,3000,297,300
3312,3315,Phylloscopus collybita,Common Chiffchaff,0.6769,248D9B016488729F_20260411_175500.WAV,14,0.0,1.0,0.25,BirdNET_GLOBAL_6K_V2.4_Model_FP32.tflite,248D9B016488729F_20260411_175500_chunk_005.wav,3000,312,315
3330,3333,Phylloscopus collybita,Common Chiffchaff,0.3041,248D9B016488729F_20260411_175500.WAV,14,0.0,1.0,0.25,BirdNET_GLOBAL_6K_V2.4_Model_FP32.tflite,248D9B016488729F_20260411_175500_chunk_005.wav,3000,330,333
3363,3366,Phylloscopus collybita,Common Chiffchaff,0.7729,248D9B016488729F_20260411_175500.WAV,14,0.0,1.0,0.25,BirdNET_GLOBAL_6K_V2.4_Model_FP32.tflite,248D9B016488729F_20260411_175500_chunk_005.wav,3000,363,366
3366,3369,Carduelis carduelis,European Goldfinch,0.7322,248D9B016488729F_20260411_175500.WAV,14,0.0,1.0,0.25,BirdNET_GLOBAL_6K_V2.4_Model_FP32.tflite,248D9B016488729F_20260411_175500_chunk_005.wav,3000,366,369
3369,3372,Carduelis carduelis,European Goldfinch,0.5858,248D9B016488729F_20260411_175500.WAV,14,0.0,1.0,0.25,BirdNET_GLOBAL_6K_V2.4_Model_FP32.tflite,248D9B016488729F_20260411_175500_chunk_005.wav,3000,369,372
3372,3375,Carduelis carduelis,European Goldfinch,0.9207,248D9B016488729F_20260411_175500.WAV,14,0.0,1.0,0.25,BirdNET_GLOBAL_6K_V2.4_Model_FP32.tflite,248D9B016488729F_20260411_175500_chunk_005.wav,3000,372,375
3375,3378,Carduelis carduelis,European Goldfinch,0.5644,248D9B016488729F_20260411_175500.WAV,14,0.0,1.0,0.25,BirdNET_GLOBAL_6K_V2.4_Model_FP32.tflite,248D9B016488729F_20260411_175500_chunk_005.wav,3000,375,378
3387,3390,Phylloscopus collybita,Common Chiffchaff,0.6558,248D9B016488729F_20260411_175500.WAV,14,0.0,1.0,0.25,BirdNET_GLOBAL_6K_V2.4_Model_FP32.tflite,248D9B016488729F_20260411_175500_chunk_005.wav,3000,387,390
3420,3423,Engine,Engine,0.2857,248D9B016488729F_20260411_175500.WAV,14,0.0,1.0,0.25,BirdNET_GLOBAL_6K_V2.4_Model_FP32.tflite,248D9B016488729F_20260411_175500_chunk_005.wav,3000,420,423
3441,3444,Turdus philomelos,Song Thrush,0.2778,248D9B016488729F_20260411_175500.WAV,14,0.0,1.0,0.25,BirdNET_GLOBAL_6K_V2.4_Model_FP32.tflite,248D9B016488729F_20260411_175500_chunk_005.wav,3000,441,444
3447,3450,Turdus philomelos,Song Thrush,0.3464,248D9B016488729F_20260411_175500.WAV,14,0.0,1.0,0.25,BirdNET_GLOBAL_6K_V2.4_Model_FP32.tflite,248D9B016488729F_20260411_175500_chunk_005.wav,3000,447,450
3462,3465,Erithacus rubecula,European Robin,0.3438,248D9B016488729F_20260411_175500.WAV,14,0.0,1.0,0.25,BirdNET_GLOBAL_6K_V2.4_Model_FP32.tflite,248D9B016488729F_20260411_175500_chunk_005.wav,3000,462,465
3474,3477,Turdus iliacus,Redwing,0.4566,248D9B016488729F_20260411_175500.WAV,14,0.0,1.0,0.25,BirdNET_GLOBAL_6K_V2.4_Model_FP32.tflite,248D9B016488729F_20260411_175500_chunk_005.wav,3000,474,477
3477,3480,Turdus iliacus,Redwing,0.3341,248D9B016488729F_20260411_175500.WAV,14,0.0,1.0,0.25,BirdNET_GLOBAL_6K_V2.4_Model_FP32.tflite,248D9B016488729F_20260411_175500_chunk_005.wav,3000,477,480
3486,3489,Cyanistes caeruleus,Eurasian Blue Tit,0.9376,248D9B016488729F_20260411_175500.WAV,14,0.0,1.0,0.25,BirdNET_GLOBAL_6K_V2.4_Model_FP32.tflite,248D9B016488729F_20260411_175500_chunk_005.wav,3000,486,489
3492,3495,Motacilla cinerea,Gray Wagtail,0.7816,248D9B016488729F_20260411_175500.WAV,14,0.0,1.0,0.25,BirdNET_GLOBAL_6K_V2.4_Model_FP32.tflite,248D9B016488729F_20260411_175500_chunk_005.wav,3000,492,495
3495,3498,Turdus iliacus,Redwing,0.2595,248D9B016488729F_20260411_175500.WAV,14,0.0,1.0,0.25,BirdNET_GLOBAL_6K_V2.4_Model_FP32.tflite,248D9B016488729F_20260411_175500_chunk_005.wav,3000,495,498
3498,3501,Phylloscopus collybita,Common Chiffchaff,0.4075,248D9B016488729F_20260411_175500.WAV,14,0.0,1.0,0.25,BirdNET_GLOBAL_6K_V2.4_Model_FP32.tflite,248D9B016488729F_20260411_175500_chunk_005.wav,3000,498,501
3507,3510,Phylloscopus collybita,Common Chiffchaff,0.2945,248D9B016488729F_20260411_175500.WAV,14,0.0,1.0,0.25,BirdNET_GLOBAL_6K_V2.4_Model_FP32.tflite,248D9B016488729F_20260411_175500_chunk_005.wav,3000,507,510
3510,3513,Erithacus rubecula,European Robin,0.4575,248D9B016488729F_20260411_175500.WAV,14,0.0,1.0,0.25,BirdNET_GLOBAL_6K_V2.4_Model_FP32.tflite,248D9B016488729F_20260411_175500_chunk_005.wav,3000,510,513
3513,3516,Erithacus rubecula,European Robin,0.3837,248D9B016488729F_20260411_175500.WAV,14,0.0,1.0,0.25,BirdNET_GLOBAL_6K_V2.4_Model_FP32.tflite,248D9B016488729F_20260411_175500_chunk_005.wav,3000,513,516
3516,3519,Phylloscopus collybita,Common Chiffchaff,0.6241,248D9B016488729F_20260411_175500.WAV,14,0.0,1.0,0.25,BirdNET_GLOBAL_6K_V2.4_Model_FP32.tflite,248D9B016488729F_20260411_175500_chunk_005.wav,3000,516,519
3519,3522,Phylloscopus collybita,Common Chiffchaff,0.5872,248D9B016488729F_20260411_175500.WAV,14,0.0,1.0,0.25,BirdNET_GLOBAL_6K_V2.4_Model_FP32.tflite,248D9B016488729F_20260411_175500_chunk_005.wav,3000,519,522
3528,3531,Phylloscopus collybita,Common Chiffchaff,0.6380,248D9B016488729F_20260411_175500.WAV,14,0.0,1.0,0.25,BirdNET_GLOBAL_6K_V2.4_Model_FP32.tflite,248D9B016488729F_20260411_175500_chunk_005.wav,3000,528,531
3537,3540,Phylloscopus collybita,Common Chiffchaff,0.7387,248D9B016488729F_20260411_175500.WAV,14,0.0,1.0,0.25,BirdNET_GLOBAL_6K_V2.4_Model_FP32.tflite,248D9B016488729F_20260411_175500_chunk_005.wav,3000,537,540
3540,3543,Phylloscopus collybita,Common Chiffchaff,0.3414,248D9B016488729F_20260411_175500.WAV,14,0.0,1.0,0.25,BirdNET_GLOBAL_6K_V2.4_Model_FP32.tflite,248D9B016488729F_20260411_175500_chunk_005.wav,3000,540,543
3555,3558,Larus occidentalis,Western Gull,0.3261,248D9B016488729F_20260411_175500.WAV,14,0.0,1.0,0.25,BirdNET_GLOBAL_6K_V2.4_Model_FP32.tflite,248D9B016488729F_20260411_175500_chunk_005.wav,3000,555,558
3561,3564,Phylloscopus collybita,Common Chiffchaff,0.9253,248D9B016488729F_20260411_175500.WAV,14,0.0,1.0,0.25,BirdNET_GLOBAL_6K_V2.4_Model_FP32.tflite,248D9B016488729F_20260411_175500_chunk_005.wav,3000,561,564
3564,3567,Phylloscopus collybita,Common Chiffchaff,0.7648,248D9B016488729F_20260411_175500.WAV,14,0.0,1.0,0.25,BirdNET_GLOBAL_6K_V2.4_Model_FP32.tflite,248D9B016488729F_20260411_175500_chunk_005.wav,3000,564,567
3564,3567,Phylloscopus ibericus,Iberian Chiffchaff,0.3591,248D9B016488729F_20260411_175500.WAV,14,0.0,1.0,0.25,BirdNET_GLOBAL_6K_V2.4_Model_FP32.tflite,248D9B016488729F_20260411_175500_chunk_005.wav,3000,564,567
3570,3573,Phylloscopus collybita,Common Chiffchaff,0.9545,248D9B016488729F_20260411_175500.WAV,14,0.0,1.0,0.25,BirdNET_GLOBAL_6K_V2.4_Model_FP32.tflite,248D9B016488729F_20260411_175500_chunk_005.wav,3000,570,573
3573,3576,Phylloscopus collybita,Common Chiffchaff,0.9629,248D9B016488729F_20260411_175500.WAV,14,0.0,1.0,0.25,BirdNET_GLOBAL_6K_V2.4_Model_FP32.tflite,248D9B016488729F_20260411_175500_chunk_005.wav,3000,573,576
3579,3582,Phylloscopus collybita,Common Chiffchaff,0.9583,248D9B016488729F_20260411_175500.WAV,14,0.0,1.0,0.25,BirdNET_GLOBAL_6K_V2.4_Model_FP32.tflite,248D9B016488729F_20260411_175500_chunk_005.wav,3000,579,582
3582,3585,Phylloscopus collybita,Common Chiffchaff,0.7567,248D9B016488729F_20260411_175500.WAV,14,0.0,1.0,0.25,BirdNET_GLOBAL_6K_V2.4_Model_FP32.tflite,248D9B016488729F_20260411_175500_chunk_005.wav,3000,582,585
3588,3591,Phylloscopus ibericus,Iberian Chiffchaff,0.7910,248D9B016488729F_20260411_175500.WAV,14,0.0,1.0,0.25,BirdNET_GLOBAL_6K_V2.4_Model_FP32.tflite,248D9B016488729F_20260411_175500_chunk_005.wav,3000,588,591
3588,3591,Phylloscopus collybita,Common Chiffchaff,0.4013,248D9B016488729F_20260411_175500.WAV,14,0.0,1.0,0.25,BirdNET_GLOBAL_6K_V2.4_Model_FP32.tflite,248D9B016488729F_20260411_175500_chunk_005.wav,3000,588,591
3591,3594,Phylloscopus collybita,Common Chiffchaff,0.9563,248D9B016488729F_20260411_175500.WAV,14,0.0,1.0,0.25,BirdNET_GLOBAL_6K_V2.4_Model_FP32.tflite,248D9B016488729F_20260411_175500_chunk_005.wav,3000,591,594
3597,3599.98,Upucerthia saturatior,Patagonian Forest Earthcreeper,0.3788,248D9B016488729F_20260411_175500.WAV,14,0.0,1.0,0.25,BirdNET_GLOBAL_6K_V2.4_Model_FP32.tflite,248D9B016488729F_20260411_175500_chunk_005.wav,3000,597,599.98
3600,3603,Phylloscopus collybita,Common Chiffchaff,0.8280,248D9B016488729F_20260411_175500.WAV,14,0.0,1.0,0.25,BirdNET_GLOBAL_6K_V2.4_Model_FP32.tflite,248D9B016488729F_20260411_175500_chunk_006.wav,3600,0,3
3603,3606,Phylloscopus collybita,Common Chiffchaff,0.9758,248D9B016488729F_20260411_175500.WAV,14,0.0,1.0,0.25,BirdNET_GLOBAL_6K_V2.4_Model_FP32.tflite,248D9B016488729F_20260411_175500_chunk_006.wav,3600,3,6
3606,3609,Erithacus rubecula,European Robin,0.4280,248D9B016488729F_20260411_175500.WAV,14,0.0,1.0,0.25,BirdNET_GLOBAL_6K_V2.4_Model_FP32.tflite,248D9B016488729F_20260411_175500_chunk_006.wav,3600,6,9
3609,3612,Phylloscopus collybita,Common Chiffchaff,0.6640,248D9B016488729F_20260411_175500.WAV,14,0.0,1.0,0.25,BirdNET_GLOBAL_6K_V2.4_Model_FP32.tflite,248D9B016488729F_20260411_175500_chunk_006.wav,3600,9,12
3612,3615,Phylloscopus collybita,Common Chiffchaff,0.9067,248D9B016488729F_20260411_175500.WAV,14,0.0,1.0,0.25,BirdNET_GLOBAL_6K_V2.4_Model_FP32.tflite,248D9B016488729F_20260411_175500_chunk_006.wav,3600,12,15
3615,3618,Erithacus rubecula,European Robin,0.8354,248D9B016488729F_20260411_175500.WAV,14,0.0,1.0,0.25,BirdNET_GLOBAL_6K_V2.4_Model_FP32.tflite,248D9B016488729F_20260411_175500_chunk_006.wav,3600,15,18
3621,3624,Phylloscopus collybita,Common Chiffchaff,0.9159,248D9B016488729F_20260411_175500.WAV,14,0.0,1.0,0.25,BirdNET_GLOBAL_6K_V2.4_Model_FP32.tflite,248D9B016488729F_20260411_175500_chunk_006.wav,3600,21,24
3624,3627,Erithacus rubecula,European Robin,0.3545,248D9B016488729F_20260411_175500.WAV,14,0.0,1.0,0.25,BirdNET_GLOBAL_6K_V2.4_Model_FP32.tflite,248D9B016488729F_20260411_175500_chunk_006.wav,3600,24,27
3630,3633,Phylloscopus collybita,Common Chiffchaff,0.9907,248D9B016488729F_20260411_175500.WAV,14,0.0,1.0,0.25,BirdNET_GLOBAL_6K_V2.4_Model_FP32.tflite,248D9B016488729F_20260411_175500_chunk_006.wav,3600,30,33
3639,3642,Phylloscopus collybita,Common Chiffchaff,0.9602,248D9B016488729F_20260411_175500.WAV,14,0.0,1.0,0.25,BirdNET_GLOBAL_6K_V2.4_Model_FP32.tflite,248D9B016488729F_20260411_175500_chunk_006.wav,3600,39,42
3642,3645,Phylloscopus collybita,Common Chiffchaff,0.9940,248D9B016488729F_20260411_175500.WAV,14,0.0,1.0,0.25,BirdNET_GLOBAL_6K_V2.4_Model_FP32.tflite,248D9B016488729F_20260411_175500_chunk_006.wav,3600,42,45
3651,3654,Phylloscopus collybita,Common Chiffchaff,0.9243,248D9B016488729F_20260411_175500.WAV,14,0.0,1.0,0.25,BirdNET_GLOBAL_6K_V2.4_Model_FP32.tflite,248D9B016488729F_20260411_175500_chunk_006.wav,3600,51,54
3654,3657,Phylloscopus collybita,Common Chiffchaff,0.9188,248D9B016488729F_20260411_175500.WAV,14,0.0,1.0,0.25,BirdNET_GLOBAL_6K_V2.4_Model_FP32.tflite,248D9B016488729F_20260411_175500_chunk_006.wav,3600,54,57
3663,3666,Phylloscopus collybita,Common Chiffchaff,0.8846,248D9B016488729F_20260411_175500.WAV,14,0.0,1.0,0.25,BirdNET_GLOBAL_6K_V2.4_Model_FP32.tflite,248D9B016488729F_20260411_175500_chunk_006.wav,3600,63,66
3666,3669,Phylloscopus collybita,Common Chiffchaff,0.9380,248D9B016488729F_20260411_175500.WAV,14,0.0,1.0,0.25,BirdNET_GLOBAL_6K_V2.4_Model_FP32.tflite,248D9B016488729F_20260411_175500_chunk_006.wav,3600,66,69
3672,3675,Phylloscopus collybita,Common Chiffchaff,0.9448,248D9B016488729F_20260411_175500.WAV,14,0.0,1.0,0.25,BirdNET_GLOBAL_6K_V2.4_Model_FP32.tflite,248D9B016488729F_20260411_175500_chunk_006.wav,3600,72,75
3675,3678,Phylloscopus collybita,Common Chiffchaff,0.8181,248D9B016488729F_20260411_175500.WAV,14,0.0,1.0,0.25,BirdNET_GLOBAL_6K_V2.4_Model_FP32.tflite,248D9B016488729F_20260411_175500_chunk_006.wav,3600,75,78
3681,3684,Phylloscopus collybita,Common Chiffchaff,0.9286,248D9B016488729F_20260411_175500.WAV,14,0.0,1.0,0.25,BirdNET_GLOBAL_6K_V2.4_Model_FP32.tflite,248D9B016488729F_20260411_175500_chunk_006.wav,3600,81,84
3684,3687,Phylloscopus collybita,Common Chiffchaff,0.9794,248D9B016488729F_20260411_175500.WAV,14,0.0,1.0,0.25,BirdNET_GLOBAL_6K_V2.4_Model_FP32.tflite,248D9B016488729F_20260411_175500_chunk_006.wav,3600,84,87
3693,3696,Phylloscopus collybita,Common Chiffchaff,0.9640,248D9B016488729F_20260411_175500.WAV,14,0.0,1.0,0.25,BirdNET_GLOBAL_6K_V2.4_Model_FP32.tflite,248D9B016488729F_20260411_175500_chunk_006.wav,3600,93,96
3696,3699,Phylloscopus collybita,Common Chiffchaff,0.9237,248D9B016488729F_20260411_175500.WAV,14,0.0,1.0,0.25,BirdNET_GLOBAL_6K_V2.4_Model_FP32.tflite,248D9B016488729F_20260411_175500_chunk_006.wav,3600,96,99
3708,3711,Phylloscopus collybita,Common Chiffchaff,0.8297,248D9B016488729F_20260411_175500.WAV,14,0.0,1.0,0.25,BirdNET_GLOBAL_6K_V2.4_Model_FP32.tflite,248D9B016488729F_20260411_175500_chunk_006.wav,3600,108,111
3711,3714,Phylloscopus collybita,Common Chiffchaff,0.9024,248D9B016488729F_20260411_175500.WAV,14,0.0,1.0,0.25,BirdNET_GLOBAL_6K_V2.4_Model_FP32.tflite,248D9B016488729F_20260411_175500_chunk_006.wav,3600,111,114
3711,3714,Phylloscopus ibericus,Iberian Chiffchaff,0.3291,248D9B016488729F_20260411_175500.WAV,14,0.0,1.0,0.25,BirdNET_GLOBAL_6K_V2.4_Model_FP32.tflite,248D9B016488729F_20260411_175500_chunk_006.wav,3600,111,114
3720,3723,Phylloscopus collybita,Common Chiffchaff,0.9858,248D9B016488729F_20260411_175500.WAV,14,0.0,1.0,0.25,BirdNET_GLOBAL_6K_V2.4_Model_FP32.tflite,248D9B016488729F_20260411_175500_chunk_006.wav,3600,120,123
3726,3729,Setophaga palmarum,Palm Warbler,0.4831,248D9B016488729F_20260411_175500.WAV,14,0.0,1.0,0.25,BirdNET_GLOBAL_6K_V2.4_Model_FP32.tflite,248D9B016488729F_20260411_175500_chunk_006.wav,3600,126,129
3729,3732,Phylloscopus collybita,Common Chiffchaff,0.9585,248D9B016488729F_20260411_175500.WAV,14,0.0,1.0,0.25,BirdNET_GLOBAL_6K_V2.4_Model_FP32.tflite,248D9B016488729F_20260411_175500_chunk_006.wav,3600,129,132
3732,3735,Phylloscopus collybita,Common Chiffchaff,0.9391,248D9B016488729F_20260411_175500.WAV,14,0.0,1.0,0.25,BirdNET_GLOBAL_6K_V2.4_Model_FP32.tflite,248D9B016488729F_20260411_175500_chunk_006.wav,3600,132,135
3741,3744,Phylloscopus collybita,Common Chiffchaff,0.8216,248D9B016488729F_20260411_175500.WAV,14,0.0,1.0,0.25,BirdNET_GLOBAL_6K_V2.4_Model_FP32.tflite,248D9B016488729F_20260411_175500_chunk_006.wav,3600,141,144
3744,3747,Phylloscopus collybita,Common Chiffchaff,0.9245,248D9B016488729F_20260411_175500.WAV,14,0.0,1.0,0.25,BirdNET_GLOBAL_6K_V2.4_Model_FP32.tflite,248D9B016488729F_20260411_175500_chunk_006.wav,3600,144,147
3750,3753,Phylloscopus collybita,Common Chiffchaff,0.6151,248D9B016488729F_20260411_175500.WAV,14,0.0,1.0,0.25,BirdNET_GLOBAL_6K_V2.4_Model_FP32.tflite,248D9B016488729F_20260411_175500_chunk_006.wav,3600,150,153
3750,3753,Phylloscopus ibericus,Iberian Chiffchaff,0.4249,248D9B016488729F_20260411_175500.WAV,14,0.0,1.0,0.25,BirdNET_GLOBAL_6K_V2.4_Model_FP32.tflite,248D9B016488729F_20260411_175500_chunk_006.wav,3600,150,153
3753,3756,Phylloscopus collybita,Common Chiffchaff,0.9051,248D9B016488729F_20260411_175500.WAV,14,0.0,1.0,0.25,BirdNET_GLOBAL_6K_V2.4_Model_FP32.tflite,248D9B016488729F_20260411_175500_chunk_006.wav,3600,153,156
3759,3762,Auriparus flaviceps,Verdin,0.3700,248D9B016488729F_20260411_175500.WAV,14,0.0,1.0,0.25,BirdNET_GLOBAL_6K_V2.4_Model_FP32.tflite,248D9B016488729F_20260411_175500_chunk_006.wav,3600,159,162
3762,3765,Phylloscopus collybita,Common Chiffchaff,0.9850,248D9B016488729F_20260411_175500.WAV,14,0.0,1.0,0.25,BirdNET_GLOBAL_6K_V2.4_Model_FP32.tflite,248D9B016488729F_20260411_175500_chunk_006.wav,3600,162,165
3771,3774,Phylloscopus collybita,Common Chiffchaff,0.9760,248D9B016488729F_20260411_175500.WAV,14,0.0,1.0,0.25,BirdNET_GLOBAL_6K_V2.4_Model_FP32.tflite,248D9B016488729F_20260411_175500_chunk_006.wav,3600,171,174
3774,3777,Phylloscopus collybita,Common Chiffchaff,0.8784,248D9B016488729F_20260411_175500.WAV,14,0.0,1.0,0.25,BirdNET_GLOBAL_6K_V2.4_Model_FP32.tflite,248D9B016488729F_20260411_175500_chunk_006.wav,3600,174,177
3774,3777,Phylloscopus ibericus,Iberian Chiffchaff,0.2671,248D9B016488729F_20260411_175500.WAV,14,0.0,1.0,0.25,BirdNET_GLOBAL_6K_V2.4_Model_FP32.tflite,248D9B016488729F_20260411_175500_chunk_006.wav,3600,174,177
3780,3783,Phylloscopus collybita,Common Chiffchaff,0.8788,248D9B016488729F_20260411_175500.WAV,14,0.0,1.0,0.25,BirdNET_GLOBAL_6K_V2.4_Model_FP32.tflite,248D9B016488729F_20260411_175500_chunk_006.wav,3600,180,183
3783,3786,Phylloscopus collybita,Common Chiffchaff,0.8792,248D9B016488729F_20260411_175500.WAV,14,0.0,1.0,0.25,BirdNET_GLOBAL_6K_V2.4_Model_FP32.tflite,248D9B016488729F_20260411_175500_chunk_006.wav,3600,183,186
3792,3795,Phylloscopus collybita,Common Chiffchaff,0.9258,248D9B016488729F_20260411_175500.WAV,14,0.0,1.0,0.25,BirdNET_GLOBAL_6K_V2.4_Model_FP32.tflite,248D9B016488729F_20260411_175500_chunk_006.wav,3600,192,195
3795,3798,Phylloscopus collybita,Common Chiffchaff,0.9928,248D9B016488729F_20260411_175500.WAV,14,0.0,1.0,0.25,BirdNET_GLOBAL_6K_V2.4_Model_FP32.tflite,248D9B016488729F_20260411_175500_chunk_006.wav,3600,195,198
3798,3801,Fulica atra,Eurasian Coot,0.7268,248D9B016488729F_20260411_175500.WAV,14,0.0,1.0,0.25,BirdNET_GLOBAL_6K_V2.4_Model_FP32.tflite,248D9B016488729F_20260411_175500_chunk_006.wav,3600,198,201
3804,3807,Phylloscopus collybita,Common Chiffchaff,0.9786,248D9B016488729F_20260411_175500.WAV,14,0.0,1.0,0.25,BirdNET_GLOBAL_6K_V2.4_Model_FP32.tflite,248D9B016488729F_20260411_175500_chunk_006.wav,3600,204,207
3807,3810,Phylloscopus collybita,Common Chiffchaff,0.8917,248D9B016488729F_20260411_175500.WAV,14,0.0,1.0,0.25,BirdNET_GLOBAL_6K_V2.4_Model_FP32.tflite,248D9B016488729F_20260411_175500_chunk_006.wav,3600,207,210
3816,3819,Phylloscopus collybita,Common Chiffchaff,0.9796,248D9B016488729F_20260411_175500.WAV,14,0.0,1.0,0.25,BirdNET_GLOBAL_6K_V2.4_Model_FP32.tflite,248D9B016488729F_20260411_175500_chunk_006.wav,3600,216,219
3828,3831,Phylloscopus collybita,Common Chiffchaff,0.9579,248D9B016488729F_20260411_175500.WAV,14,0.0,1.0,0.25,BirdNET_GLOBAL_6K_V2.4_Model_FP32.tflite,248D9B016488729F_20260411_175500_chunk_006.wav,3600,228,231
3831,3834,Phylloscopus collybita,Common Chiffchaff,0.9398,248D9B016488729F_20260411_175500.WAV,14,0.0,1.0,0.25,BirdNET_GLOBAL_6K_V2.4_Model_FP32.tflite,248D9B016488729F_20260411_175500_chunk_006.wav,3600,231,234
3831,3834,Phylloscopus ibericus,Iberian Chiffchaff,0.6818,248D9B016488729F_20260411_175500.WAV,14,0.0,1.0,0.25,BirdNET_GLOBAL_6K_V2.4_Model_FP32.tflite,248D9B016488729F_20260411_175500_chunk_006.wav,3600,231,234
3840,3843,Phylloscopus collybita,Common Chiffchaff,0.9863,248D9B016488729F_20260411_175500.WAV,14,0.0,1.0,0.25,BirdNET_GLOBAL_6K_V2.4_Model_FP32.tflite,248D9B016488729F_20260411_175500_chunk_006.wav,3600,240,243
3843,3846,Erithacus rubecula,European Robin,0.5910,248D9B016488729F_20260411_175500.WAV,14,0.0,1.0,0.25,BirdNET_GLOBAL_6K_V2.4_Model_FP32.tflite,248D9B016488729F_20260411_175500_chunk_006.wav,3600,243,246
3846,3849,Turdus philomelos,Song Thrush,0.3731,248D9B016488729F_20260411_175500.WAV,14,0.0,1.0,0.25,BirdNET_GLOBAL_6K_V2.4_Model_FP32.tflite,248D9B016488729F_20260411_175500_chunk_006.wav,3600,246,249
3852,3855,Turdus philomelos,Song Thrush,0.7000,248D9B016488729F_20260411_175500.WAV,14,0.0,1.0,0.25,BirdNET_GLOBAL_6K_V2.4_Model_FP32.tflite,248D9B016488729F_20260411_175500_chunk_006.wav,3600,252,255
3855,3858,Phylloscopus collybita,Common Chiffchaff,0.9696,248D9B016488729F_20260411_175500.WAV,14,0.0,1.0,0.25,BirdNET_GLOBAL_6K_V2.4_Model_FP32.tflite,248D9B016488729F_20260411_175500_chunk_006.wav,3600,255,258
3858,3861,Phylloscopus collybita,Common Chiffchaff,0.9488,248D9B016488729F_20260411_175500.WAV,14,0.0,1.0,0.25,BirdNET_GLOBAL_6K_V2.4_Model_FP32.tflite,248D9B016488729F_20260411_175500_chunk_006.wav,3600,258,261
3858,3861,Phylloscopus sindianus,Mountain Chiffchaff,0.3139,248D9B016488729F_20260411_175500.WAV,14,0.0,1.0,0.25,BirdNET_GLOBAL_6K_V2.4_Model_FP32.tflite,248D9B016488729F_20260411_175500_chunk_006.wav,3600,258,261
3861,3864,Turdus philomelos,Song Thrush,0.4685,248D9B016488729F_20260411_175500.WAV,14,0.0,1.0,0.25,BirdNET_GLOBAL_6K_V2.4_Model_FP32.tflite,248D9B016488729F_20260411_175500_chunk_006.wav,3600,261,264
3864,3867,Phylloscopus collybita,Common Chiffchaff,0.9351,248D9B016488729F_20260411_175500.WAV,14,0.0,1.0,0.25,BirdNET_GLOBAL_6K_V2.4_Model_FP32.tflite,248D9B016488729F_20260411_175500_chunk_006.wav,3600,264,267
3867,3870,Phylloscopus collybita,Common Chiffchaff,0.8866,248D9B016488729F_20260411_175500.WAV,14,0.0,1.0,0.25,BirdNET_GLOBAL_6K_V2.4_Model_FP32.tflite,248D9B016488729F_20260411_175500_chunk_006.wav,3600,267,270
3876,3879,Phylloscopus collybita,Common Chiffchaff,0.9930,248D9B016488729F_20260411_175500.WAV,14,0.0,1.0,0.25,BirdNET_GLOBAL_6K_V2.4_Model_FP32.tflite,248D9B016488729F_20260411_175500_chunk_006.wav,3600,276,279
3885,3888,Phylloscopus collybita,Common Chiffchaff,0.9786,248D9B016488729F_20260411_175500.WAV,14,0.0,1.0,0.25,BirdNET_GLOBAL_6K_V2.4_Model_FP32.tflite,248D9B016488729F_20260411_175500_chunk_006.wav,3600,285,288
3888,3891,Phylloscopus collybita,Common Chiffchaff,0.9789,248D9B016488729F_20260411_175500.WAV,14,0.0,1.0,0.25,BirdNET_GLOBAL_6K_V2.4_Model_FP32.tflite,248D9B016488729F_20260411_175500_chunk_006.wav,3600,288,291
3897,3900,Phylloscopus collybita,Common Chiffchaff,0.9559,248D9B016488729F_20260411_175500.WAV,14,0.0,1.0,0.25,BirdNET_GLOBAL_6K_V2.4_Model_FP32.tflite,248D9B016488729F_20260411_175500_chunk_006.wav,3600,297,300
3906,3909,Phylloscopus collybita,Common Chiffchaff,0.9599,248D9B016488729F_20260411_175500.WAV,14,0.0,1.0,0.25,BirdNET_GLOBAL_6K_V2.4_Model_FP32.tflite,248D9B016488729F_20260411_175500_chunk_006.wav,3600,306,309
3909,3912,Phylloscopus collybita,Common Chiffchaff,0.9586,248D9B016488729F_20260411_175500.WAV,14,0.0,1.0,0.25,BirdNET_GLOBAL_6K_V2.4_Model_FP32.tflite,248D9B016488729F_20260411_175500_chunk_006.wav,3600,309,312
3915,3918,Aegithalos caudatus,Long-tailed Tit,0.5702,248D9B016488729F_20260411_175500.WAV,14,0.0,1.0,0.25,BirdNET_GLOBAL_6K_V2.4_Model_FP32.tflite,248D9B016488729F_20260411_175500_chunk_006.wav,3600,315,318
3918,3921,Phylloscopus collybita,Common Chiffchaff,0.6096,248D9B016488729F_20260411_175500.WAV,14,0.0,1.0,0.25,BirdNET_GLOBAL_6K_V2.4_Model_FP32.tflite,248D9B016488729F_20260411_175500_chunk_006.wav,3600,318,321
3921,3924,Aegithalos caudatus,Long-tailed Tit,0.3327,248D9B016488729F_20260411_175500.WAV,14,0.0,1.0,0.25,BirdNET_GLOBAL_6K_V2.4_Model_FP32.tflite,248D9B016488729F_20260411_175500_chunk_006.wav,3600,321,324
3924,3927,Phylloscopus collybita,Common Chiffchaff,0.6047,248D9B016488729F_20260411_175500.WAV,14,0.0,1.0,0.25,BirdNET_GLOBAL_6K_V2.4_Model_FP32.tflite,248D9B016488729F_20260411_175500_chunk_006.wav,3600,324,327
3927,3930,Phylloscopus collybita,Common Chiffchaff,0.7660,248D9B016488729F_20260411_175500.WAV,14,0.0,1.0,0.25,BirdNET_GLOBAL_6K_V2.4_Model_FP32.tflite,248D9B016488729F_20260411_175500_chunk_006.wav,3600,327,330
3930,3933,Aegithalos caudatus,Long-tailed Tit,0.3873,248D9B016488729F_20260411_175500.WAV,14,0.0,1.0,0.25,BirdNET_GLOBAL_6K_V2.4_Model_FP32.tflite,248D9B016488729F_20260411_175500_chunk_006.wav,3600,330,333
3933,3936,Aegithalos caudatus,Long-tailed Tit,0.8941,248D9B016488729F_20260411_175500.WAV,14,0.0,1.0,0.25,BirdNET_GLOBAL_6K_V2.4_Model_FP32.tflite,248D9B016488729F_20260411_175500_chunk_006.wav,3600,333,336
3936,3939,Aegithalos caudatus,Long-tailed Tit,0.9261,248D9B016488729F_20260411_175500.WAV,14,0.0,1.0,0.25,BirdNET_GLOBAL_6K_V2.4_Model_FP32.tflite,248D9B016488729F_20260411_175500_chunk_006.wav,3600,336,339
3939,3942,Phylloscopus collybita,Common Chiffchaff,0.4791,248D9B016488729F_20260411_175500.WAV,14,0.0,1.0,0.25,BirdNET_GLOBAL_6K_V2.4_Model_FP32.tflite,248D9B016488729F_20260411_175500_chunk_006.wav,3600,339,342
3942,3945,Aegithalos caudatus,Long-tailed Tit,0.9788,248D9B016488729F_20260411_175500.WAV,14,0.0,1.0,0.25,BirdNET_GLOBAL_6K_V2.4_Model_FP32.tflite,248D9B016488729F_20260411_175500_chunk_006.wav,3600,342,345
3945,3948,Aegithalos caudatus,Long-tailed Tit,0.9835,248D9B016488729F_20260411_175500.WAV,14,0.0,1.0,0.25,BirdNET_GLOBAL_6K_V2.4_Model_FP32.tflite,248D9B016488729F_20260411_175500_chunk_006.wav,3600,345,348
3948,3951,Aegithalos caudatus,Long-tailed Tit,0.9965,248D9B016488729F_20260411_175500.WAV,14,0.0,1.0,0.25,BirdNET_GLOBAL_6K_V2.4_Model_FP32.tflite,248D9B016488729F_20260411_175500_chunk_006.wav,3600,348,351
3951,3954,Aegithalos caudatus,Long-tailed Tit,0.9538,248D9B016488729F_20260411_175500.WAV,14,0.0,1.0,0.25,BirdNET_GLOBAL_6K_V2.4_Model_FP32.tflite,248D9B016488729F_20260411_175500_chunk_006.wav,3600,351,354
3954,3957,Aegithalos caudatus,Long-tailed Tit,0.9677,248D9B016488729F_20260411_175500.WAV,14,0.0,1.0,0.25,BirdNET_GLOBAL_6K_V2.4_Model_FP32.tflite,248D9B016488729F_20260411_175500_chunk_006.wav,3600,354,357
3957,3960,Aegithalos caudatus,Long-tailed Tit,0.9984,248D9B016488729F_20260411_175500.WAV,14,0.0,1.0,0.25,BirdNET_GLOBAL_6K_V2.4_Model_FP32.tflite,248D9B016488729F_20260411_175500_chunk_006.wav,3600,357,360
3960,3963,Aegithalos caudatus,Long-tailed Tit,0.9989,248D9B016488729F_20260411_175500.WAV,14,0.0,1.0,0.25,BirdNET_GLOBAL_6K_V2.4_Model_FP32.tflite,248D9B016488729F_20260411_175500_chunk_006.wav,3600,360,363
3963,3966,Aegithalos caudatus,Long-tailed Tit,0.9955,248D9B016488729F_20260411_175500.WAV,14,0.0,1.0,0.25,BirdNET_GLOBAL_6K_V2.4_Model_FP32.tflite,248D9B016488729F_20260411_175500_chunk_006.wav,3600,363,366
3966,3969,Aegithalos caudatus,Long-tailed Tit,0.9950,248D9B016488729F_20260411_175500.WAV,14,0.0,1.0,0.25,BirdNET_GLOBAL_6K_V2.4_Model_FP32.tflite,248D9B016488729F_20260411_175500_chunk_006.wav,3600,366,369
3969,3972,Aegithalos caudatus,Long-tailed Tit,0.9654,248D9B016488729F_20260411_175500.WAV,14,0.0,1.0,0.25,BirdNET_GLOBAL_6K_V2.4_Model_FP32.tflite,248D9B016488729F_20260411_175500_chunk_006.wav,3600,369,372
3972,3975,Aegithalos caudatus,Long-tailed Tit,0.9891,248D9B016488729F_20260411_175500.WAV,14,0.0,1.0,0.25,BirdNET_GLOBAL_6K_V2.4_Model_FP32.tflite,248D9B016488729F_20260411_175500_chunk_006.wav,3600,372,375
3975,3978,Aegithalos caudatus,Long-tailed Tit,0.9691,248D9B016488729F_20260411_175500.WAV,14,0.0,1.0,0.25,BirdNET_GLOBAL_6K_V2.4_Model_FP32.tflite,248D9B016488729F_20260411_175500_chunk_006.wav,3600,375,378
3975,3978,Engine,Engine,0.4049,248D9B016488729F_20260411_175500.WAV,14,0.0,1.0,0.25,BirdNET_GLOBAL_6K_V2.4_Model_FP32.tflite,248D9B016488729F_20260411_175500_chunk_006.wav,3600,375,378
3978,3981,Aegithalos caudatus,Long-tailed Tit,0.9905,248D9B016488729F_20260411_175500.WAV,14,0.0,1.0,0.25,BirdNET_GLOBAL_6K_V2.4_Model_FP32.tflite,248D9B016488729F_20260411_175500_chunk_006.wav,3600,378,381
3981,3984,Aegithalos caudatus,Long-tailed Tit,0.9791,248D9B016488729F_20260411_175500.WAV,14,0.0,1.0,0.25,BirdNET_GLOBAL_6K_V2.4_Model_FP32.tflite,248D9B016488729F_20260411_175500_chunk_006.wav,3600,381,384
3984,3987,Aegithalos caudatus,Long-tailed Tit,0.9978,248D9B016488729F_20260411_175500.WAV,14,0.0,1.0,0.25,BirdNET_GLOBAL_6K_V2.4_Model_FP32.tflite,248D9B016488729F_20260411_175500_chunk_006.wav,3600,384,387
3987,3990,Aegithalos caudatus,Long-tailed Tit,0.9965,248D9B016488729F_20260411_175500.WAV,14,0.0,1.0,0.25,BirdNET_GLOBAL_6K_V2.4_Model_FP32.tflite,248D9B016488729F_20260411_175500_chunk_006.wav,3600,387,390
3990,3993,Aegithalos caudatus,Long-tailed Tit,0.9936,248D9B016488729F_20260411_175500.WAV,14,0.0,1.0,0.25,BirdNET_GLOBAL_6K_V2.4_Model_FP32.tflite,248D9B016488729F_20260411_175500_chunk_006.wav,3600,390,393
3993,3996,Pica pica,Eurasian Magpie,0.9574,248D9B016488729F_20260411_175500.WAV,14,0.0,1.0,0.25,BirdNET_GLOBAL_6K_V2.4_Model_FP32.tflite,248D9B016488729F_20260411_175500_chunk_006.wav,3600,393,396
4041,4044,Corvus monedula,Eurasian Jackdaw,0.4510,248D9B016488729F_20260411_175500.WAV,14,0.0,1.0,0.25,BirdNET_GLOBAL_6K_V2.4_Model_FP32.tflite,248D9B016488729F_20260411_175500_chunk_006.wav,3600,441,444
4050,4053,Corvus monedula,Eurasian Jackdaw,0.6599,248D9B016488729F_20260411_175500.WAV,14,0.0,1.0,0.25,BirdNET_GLOBAL_6K_V2.4_Model_FP32.tflite,248D9B016488729F_20260411_175500_chunk_006.wav,3600,450,453
4074,4077,Cyanistes caeruleus,Eurasian Blue Tit,0.2842,248D9B016488729F_20260411_175500.WAV,14,0.0,1.0,0.25,BirdNET_GLOBAL_6K_V2.4_Model_FP32.tflite,248D9B016488729F_20260411_175500_chunk_006.wav,3600,474,477
4086,4089,Engine,Engine,0.3151,248D9B016488729F_20260411_175500.WAV,14,0.0,1.0,0.25,BirdNET_GLOBAL_6K_V2.4_Model_FP32.tflite,248D9B016488729F_20260411_175500_chunk_006.wav,3600,486,489
4098,4101,Poecile atricapillus,Black-capped Chickadee,0.3206,248D9B016488729F_20260411_175500.WAV,14,0.0,1.0,0.25,BirdNET_GLOBAL_6K_V2.4_Model_FP32.tflite,248D9B016488729F_20260411_175500_chunk_006.wav,3600,498,501
4116,4119,Erithacus rubecula,European Robin,0.5358,248D9B016488729F_20260411_175500.WAV,14,0.0,1.0,0.25,BirdNET_GLOBAL_6K_V2.4_Model_FP32.tflite,248D9B016488729F_20260411_175500_chunk_006.wav,3600,516,519
4116,4119,Turdus philomelos,Song Thrush,0.2568,248D9B016488729F_20260411_175500.WAV,14,0.0,1.0,0.25,BirdNET_GLOBAL_6K_V2.4_Model_FP32.tflite,248D9B016488729F_20260411_175500_chunk_006.wav,3600,516,519
4119,4122,Corvus monedula,Eurasian Jackdaw,0.8417,248D9B016488729F_20260411_175500.WAV,14,0.0,1.0,0.25,BirdNET_GLOBAL_6K_V2.4_Model_FP32.tflite,248D9B016488729F_20260411_175500_chunk_006.wav,3600,519,522
4122,4125,Corvus monedula,Eurasian Jackdaw,0.5962,248D9B016488729F_20260411_175500.WAV,14,0.0,1.0,0.25,BirdNET_GLOBAL_6K_V2.4_Model_FP32.tflite,248D9B016488729F_20260411_175500_chunk_006.wav,3600,522,525
4125,4128,Pica pica,Eurasian Magpie,0.4335,248D9B016488729F_20260411_175500.WAV,14,0.0,1.0,0.25,BirdNET_GLOBAL_6K_V2.4_Model_FP32.tflite,248D9B016488729F_20260411_175500_chunk_006.wav,3600,525,528
4128,4131,Phylloscopus collybita,Common Chiffchaff,0.5730,248D9B016488729F_20260411_175500.WAV,14,0.0,1.0,0.25,BirdNET_GLOBAL_6K_V2.4_Model_FP32.tflite,248D9B016488729F_20260411_175500_chunk_006.wav,3600,528,531
4146,4149,Phylloscopus collybita,Common Chiffchaff,0.5601,248D9B016488729F_20260411_175500.WAV,14,0.0,1.0,0.25,BirdNET_GLOBAL_6K_V2.4_Model_FP32.tflite,248D9B016488729F_20260411_175500_chunk_006.wav,3600,546,549
4158,4161,Phylloscopus collybita,Common Chiffchaff,0.6561,248D9B016488729F_20260411_175500.WAV,14,0.0,1.0,0.25,BirdNET_GLOBAL_6K_V2.4_Model_FP32.tflite,248D9B016488729F_20260411_175500_chunk_006.wav,3600,558,561
4161,4164,Phylloscopus collybita,Common Chiffchaff,0.7477,248D9B016488729F_20260411_175500.WAV,14,0.0,1.0,0.25,BirdNET_GLOBAL_6K_V2.4_Model_FP32.tflite,248D9B016488729F_20260411_175500_chunk_006.wav,3600,561,564
4173,4176,Phylloscopus collybita,Common Chiffchaff,0.8468,248D9B016488729F_20260411_175500.WAV,14,0.0,1.0,0.25,BirdNET_GLOBAL_6K_V2.4_Model_FP32.tflite,248D9B016488729F_20260411_175500_chunk_006.wav,3600,573,576
4179,4182,Phylloscopus collybita,Common Chiffchaff,0.7006,248D9B016488729F_20260411_175500.WAV,14,0.0,1.0,0.25,BirdNET_GLOBAL_6K_V2.4_Model_FP32.tflite,248D9B016488729F_20260411_175500_chunk_006.wav,3600,579,582
4182,4185,Phylloscopus collybita,Common Chiffchaff,0.3278,248D9B016488729F_20260411_175500.WAV,14,0.0,1.0,0.25,BirdNET_GLOBAL_6K_V2.4_Model_FP32.tflite,248D9B016488729F_20260411_175500_chunk_006.wav,3600,582,585
4194,4197,Turdus philomelos,Song Thrush,0.3528,248D9B016488729F_20260411_175500.WAV,14,0.0,1.0,0.25,BirdNET_GLOBAL_6K_V2.4_Model_FP32.tflite,248D9B016488729F_20260411_175500_chunk_006.wav,3600,594,597
4200,4203,Pica pica,Eurasian Magpie,0.4361,248D9B016488729F_20260411_175500.WAV,14,0.0,1.0,0.25,BirdNET_GLOBAL_6K_V2.4_Model_FP32.tflite,248D9B016488729F_20260411_175500_chunk_007.wav,4200,0,3
4203,4206,Turdus philomelos,Song Thrush,0.3782,248D9B016488729F_20260411_175500.WAV,14,0.0,1.0,0.25,BirdNET_GLOBAL_6K_V2.4_Model_FP32.tflite,248D9B016488729F_20260411_175500_chunk_007.wav,4200,3,6
4206,4209,Pica pica,Eurasian Magpie,0.9574,248D9B016488729F_20260411_175500.WAV,14,0.0,1.0,0.25,BirdNET_GLOBAL_6K_V2.4_Model_FP32.tflite,248D9B016488729F_20260411_175500_chunk_007.wav,4200,6,9
4218,4221,Phylloscopus collybita,Common Chiffchaff,0.4212,248D9B016488729F_20260411_175500.WAV,14,0.0,1.0,0.25,BirdNET_GLOBAL_6K_V2.4_Model_FP32.tflite,248D9B016488729F_20260411_175500_chunk_007.wav,4200,18,21
4230,4233,Turdus philomelos,Song Thrush,0.9761,248D9B016488729F_20260411_175500.WAV,14,0.0,1.0,0.25,BirdNET_GLOBAL_6K_V2.4_Model_FP32.tflite,248D9B016488729F_20260411_175500_chunk_007.wav,4200,30,33
4236,4239,Phylloscopus collybita,Common Chiffchaff,0.3568,248D9B016488729F_20260411_175500.WAV,14,0.0,1.0,0.25,BirdNET_GLOBAL_6K_V2.4_Model_FP32.tflite,248D9B016488729F_20260411_175500_chunk_007.wav,4200,36,39
4245,4248,Turdus philomelos,Song Thrush,0.7778,248D9B016488729F_20260411_175500.WAV,14,0.0,1.0,0.25,BirdNET_GLOBAL_6K_V2.4_Model_FP32.tflite,248D9B016488729F_20260411_175500_chunk_007.wav,4200,45,48
4248,4251,Phylloscopus collybita,Common Chiffchaff,0.5223,248D9B016488729F_20260411_175500.WAV,14,0.0,1.0,0.25,BirdNET_GLOBAL_6K_V2.4_Model_FP32.tflite,248D9B016488729F_20260411_175500_chunk_007.wav,4200,48,51
4251,4254,Phylloscopus collybita,Common Chiffchaff,0.4480,248D9B016488729F_20260411_175500.WAV,14,0.0,1.0,0.25,BirdNET_GLOBAL_6K_V2.4_Model_FP32.tflite,248D9B016488729F_20260411_175500_chunk_007.wav,4200,51,54
4254,4257,Turdus philomelos,Song Thrush,0.5802,248D9B016488729F_20260411_175500.WAV,14,0.0,1.0,0.25,BirdNET_GLOBAL_6K_V2.4_Model_FP32.tflite,248D9B016488729F_20260411_175500_chunk_007.wav,4200,54,57
4266,4269,Turdus philomelos,Song Thrush,0.5048,248D9B016488729F_20260411_175500.WAV,14,0.0,1.0,0.25,BirdNET_GLOBAL_6K_V2.4_Model_FP32.tflite,248D9B016488729F_20260411_175500_chunk_007.wav,4200,66,69
4269,4272,Columba palumbus,Common Wood-Pigeon,0.9913,248D9B016488729F_20260411_175500.WAV,14,0.0,1.0,0.25,BirdNET_GLOBAL_6K_V2.4_Model_FP32.tflite,248D9B016488729F_20260411_175500_chunk_007.wav,4200,69,72
4272,4275,Columba palumbus,Common Wood-Pigeon,0.9981,248D9B016488729F_20260411_175500.WAV,14,0.0,1.0,0.25,BirdNET_GLOBAL_6K_V2.4_Model_FP32.tflite,248D9B016488729F_20260411_175500_chunk_007.wav,4200,72,75
4275,4278,Columba palumbus,Common Wood-Pigeon,0.9949,248D9B016488729F_20260411_175500.WAV,14,0.0,1.0,0.25,BirdNET_GLOBAL_6K_V2.4_Model_FP32.tflite,248D9B016488729F_20260411_175500_chunk_007.wav,4200,75,78
4278,4281,Phylloscopus collybita,Common Chiffchaff,0.8727,248D9B016488729F_20260411_175500.WAV,14,0.0,1.0,0.25,BirdNET_GLOBAL_6K_V2.4_Model_FP32.tflite,248D9B016488729F_20260411_175500_chunk_007.wav,4200,78,81
4281,4284,Turdus philomelos,Song Thrush,0.3528,248D9B016488729F_20260411_175500.WAV,14,0.0,1.0,0.25,BirdNET_GLOBAL_6K_V2.4_Model_FP32.tflite,248D9B016488729F_20260411_175500_chunk_007.wav,4200,81,84
4287,4290,Turdus philomelos,Song Thrush,0.6495,248D9B016488729F_20260411_175500.WAV,14,0.0,1.0,0.25,BirdNET_GLOBAL_6K_V2.4_Model_FP32.tflite,248D9B016488729F_20260411_175500_chunk_007.wav,4200,87,90
4293,4296,Pica pica,Eurasian Magpie,0.9754,248D9B016488729F_20260411_175500.WAV,14,0.0,1.0,0.25,BirdNET_GLOBAL_6K_V2.4_Model_FP32.tflite,248D9B016488729F_20260411_175500_chunk_007.wav,4200,93,96
4296,4299,Pica pica,Eurasian Magpie,0.9768,248D9B016488729F_20260411_175500.WAV,14,0.0,1.0,0.25,BirdNET_GLOBAL_6K_V2.4_Model_FP32.tflite,248D9B016488729F_20260411_175500_chunk_007.wav,4200,96,99
4305,4308,Pica pica,Eurasian Magpie,0.3912,248D9B016488729F_20260411_175500.WAV,14,0.0,1.0,0.25,BirdNET_GLOBAL_6K_V2.4_Model_FP32.tflite,248D9B016488729F_20260411_175500_chunk_007.wav,4200,105,108
4305,4308,Mareca strepera,Gadwall,0.2659,248D9B016488729F_20260411_175500.WAV,14,0.0,1.0,0.25,BirdNET_GLOBAL_6K_V2.4_Model_FP32.tflite,248D9B016488729F_20260411_175500_chunk_007.wav,4200,105,108
4308,4311,Phylloscopus collybita,Common Chiffchaff,0.4194,248D9B016488729F_20260411_175500.WAV,14,0.0,1.0,0.25,BirdNET_GLOBAL_6K_V2.4_Model_FP32.tflite,248D9B016488729F_20260411_175500_chunk_007.wav,4200,108,111
4317,4320,Columba palumbus,Common Wood-Pigeon,0.9985,248D9B016488729F_20260411_175500.WAV,14,0.0,1.0,0.25,BirdNET_GLOBAL_6K_V2.4_Model_FP32.tflite,248D9B016488729F_20260411_175500_chunk_007.wav,4200,117,120
4320,4323,Columba palumbus,Common Wood-Pigeon,0.9994,248D9B016488729F_20260411_175500.WAV,14,0.0,1.0,0.25,BirdNET_GLOBAL_6K_V2.4_Model_FP32.tflite,248D9B016488729F_20260411_175500_chunk_007.wav,4200,120,123
4323,4326,Columba palumbus,Common Wood-Pigeon,0.9993,248D9B016488729F_20260411_175500.WAV,14,0.0,1.0,0.25,BirdNET_GLOBAL_6K_V2.4_Model_FP32.tflite,248D9B016488729F_20260411_175500_chunk_007.wav,4200,123,126
4326,4329,Columba palumbus,Common Wood-Pigeon,0.9709,248D9B016488729F_20260411_175500.WAV,14,0.0,1.0,0.25,BirdNET_GLOBAL_6K_V2.4_Model_FP32.tflite,248D9B016488729F_20260411_175500_chunk_007.wav,4200,126,129
4353,4356,Turdus philomelos,Song Thrush,0.3709,248D9B016488729F_20260411_175500.WAV,14,0.0,1.0,0.25,BirdNET_GLOBAL_6K_V2.4_Model_FP32.tflite,248D9B016488729F_20260411_175500_chunk_007.wav,4200,153,156
4359,4362,Streptopelia decaocto,Eurasian Collared-Dove,0.2712,248D9B016488729F_20260411_175500.WAV,14,0.0,1.0,0.25,BirdNET_GLOBAL_6K_V2.4_Model_FP32.tflite,248D9B016488729F_20260411_175500_chunk_007.wav,4200,159,162
4362,4365,Streptopelia decaocto,Eurasian Collared-Dove,0.2676,248D9B016488729F_20260411_175500.WAV,14,0.0,1.0,0.25,BirdNET_GLOBAL_6K_V2.4_Model_FP32.tflite,248D9B016488729F_20260411_175500_chunk_007.wav,4200,162,165
4365,4368,Turdus philomelos,Song Thrush,0.2700,248D9B016488729F_20260411_175500.WAV,14,0.0,1.0,0.25,BirdNET_GLOBAL_6K_V2.4_Model_FP32.tflite,248D9B016488729F_20260411_175500_chunk_007.wav,4200,165,168
4368,4371,Turdus philomelos,Song Thrush,0.8667,248D9B016488729F_20260411_175500.WAV,14,0.0,1.0,0.25,BirdNET_GLOBAL_6K_V2.4_Model_FP32.tflite,248D9B016488729F_20260411_175500_chunk_007.wav,4200,168,171
4374,4377,Strix varia,Barred Owl,0.8325,248D9B016488729F_20260411_175500.WAV,14,0.0,1.0,0.25,BirdNET_GLOBAL_6K_V2.4_Model_FP32.tflite,248D9B016488729F_20260411_175500_chunk_007.wav,4200,174,177
4377,4380,Columba palumbus,Common Wood-Pigeon,0.9538,248D9B016488729F_20260411_175500.WAV,14,0.0,1.0,0.25,BirdNET_GLOBAL_6K_V2.4_Model_FP32.tflite,248D9B016488729F_20260411_175500_chunk_007.wav,4200,177,180
4416,4419,Engine,Engine,0.3756,248D9B016488729F_20260411_175500.WAV,14,0.0,1.0,0.25,BirdNET_GLOBAL_6K_V2.4_Model_FP32.tflite,248D9B016488729F_20260411_175500_chunk_007.wav,4200,216,219
4437,4440,Human vocal,Human vocal,0.3049,248D9B016488729F_20260411_175500.WAV,14,0.0,1.0,0.25,BirdNET_GLOBAL_6K_V2.4_Model_FP32.tflite,248D9B016488729F_20260411_175500_chunk_007.wav,4200,237,240
4446,4449,Engine,Engine,0.4383,248D9B016488729F_20260411_175500.WAV,14,0.0,1.0,0.25,BirdNET_GLOBAL_6K_V2.4_Model_FP32.tflite,248D9B016488729F_20260411_175500_chunk_007.wav,4200,246,249
4521,4524,Engine,Engine,0.3231,248D9B016488729F_20260411_175500.WAV,14,0.0,1.0,0.25,BirdNET_GLOBAL_6K_V2.4_Model_FP32.tflite,248D9B016488729F_20260411_175500_chunk_007.wav,4200,321,324
4542,4545,Engine,Engine,0.2618,248D9B016488729F_20260411_175500.WAV,14,0.0,1.0,0.25,BirdNET_GLOBAL_6K_V2.4_Model_FP32.tflite,248D9B016488729F_20260411_175500_chunk_007.wav,4200,342,345
4620,4623,Coccothraustes coccothraustes,Hawfinch,0.3731,248D9B016488729F_20260411_175500.WAV,14,0.0,1.0,0.25,BirdNET_GLOBAL_6K_V2.4_Model_FP32.tflite,248D9B016488729F_20260411_175500_chunk_007.wav,4200,420,423
4629,4632,Aegithalos caudatus,Long-tailed Tit,0.9970,248D9B016488729F_20260411_175500.WAV,14,0.0,1.0,0.25,BirdNET_GLOBAL_6K_V2.4_Model_FP32.tflite,248D9B016488729F_20260411_175500_chunk_007.wav,4200,429,432
4632,4635,Aegithalos caudatus,Long-tailed Tit,0.9843,248D9B016488729F_20260411_175500.WAV,14,0.0,1.0,0.25,BirdNET_GLOBAL_6K_V2.4_Model_FP32.tflite,248D9B016488729F_20260411_175500_chunk_007.wav,4200,432,435
4635,4638,Aegithalos caudatus,Long-tailed Tit,0.9978,248D9B016488729F_20260411_175500.WAV,14,0.0,1.0,0.25,BirdNET_GLOBAL_6K_V2.4_Model_FP32.tflite,248D9B016488729F_20260411_175500_chunk_007.wav,4200,435,438
4638,4641,Aegithalos caudatus,Long-tailed Tit,0.9614,248D9B016488729F_20260411_175500.WAV,14,0.0,1.0,0.25,BirdNET_GLOBAL_6K_V2.4_Model_FP32.tflite,248D9B016488729F_20260411_175500_chunk_007.wav,4200,438,441
4641,4644,Aegithalos caudatus,Long-tailed Tit,0.9870,248D9B016488729F_20260411_175500.WAV,14,0.0,1.0,0.25,BirdNET_GLOBAL_6K_V2.4_Model_FP32.tflite,248D9B016488729F_20260411_175500_chunk_007.wav,4200,441,444
4644,4647,Aegithalos caudatus,Long-tailed Tit,0.9778,248D9B016488729F_20260411_175500.WAV,14,0.0,1.0,0.25,BirdNET_GLOBAL_6K_V2.4_Model_FP32.tflite,248D9B016488729F_20260411_175500_chunk_007.wav,4200,444,447
4647,4650,Aegithalos caudatus,Long-tailed Tit,0.9957,248D9B016488729F_20260411_175500.WAV,14,0.0,1.0,0.25,BirdNET_GLOBAL_6K_V2.4_Model_FP32.tflite,248D9B016488729F_20260411_175500_chunk_007.wav,4200,447,450
4650,4653,Aegithalos caudatus,Long-tailed Tit,0.9959,248D9B016488729F_20260411_175500.WAV,14,0.0,1.0,0.25,BirdNET_GLOBAL_6K_V2.4_Model_FP32.tflite,248D9B016488729F_20260411_175500_chunk_007.wav,4200,450,453
4653,4656,Engine,Engine,0.2815,248D9B016488729F_20260411_175500.WAV,14,0.0,1.0,0.25,BirdNET_GLOBAL_6K_V2.4_Model_FP32.tflite,248D9B016488729F_20260411_175500_chunk_007.wav,4200,453,456
4656,4659,Aegithalos caudatus,Long-tailed Tit,0.9928,248D9B016488729F_20260411_175500.WAV,14,0.0,1.0,0.25,BirdNET_GLOBAL_6K_V2.4_Model_FP32.tflite,248D9B016488729F_20260411_175500_chunk_007.wav,4200,456,459
4659,4662,Aegithalos caudatus,Long-tailed Tit,0.9938,248D9B016488729F_20260411_175500.WAV,14,0.0,1.0,0.25,BirdNET_GLOBAL_6K_V2.4_Model_FP32.tflite,248D9B016488729F_20260411_175500_chunk_007.wav,4200,459,462
4662,4665,Aegithalos caudatus,Long-tailed Tit,0.9949,248D9B016488729F_20260411_175500.WAV,14,0.0,1.0,0.25,BirdNET_GLOBAL_6K_V2.4_Model_FP32.tflite,248D9B016488729F_20260411_175500_chunk_007.wav,4200,462,465
4665,4668,Aegithalos caudatus,Long-tailed Tit,0.9205,248D9B016488729F_20260411_175500.WAV,14,0.0,1.0,0.25,BirdNET_GLOBAL_6K_V2.4_Model_FP32.tflite,248D9B016488729F_20260411_175500_chunk_007.wav,4200,465,468
4668,4671,Aegithalos caudatus,Long-tailed Tit,0.9380,248D9B016488729F_20260411_175500.WAV,14,0.0,1.0,0.25,BirdNET_GLOBAL_6K_V2.4_Model_FP32.tflite,248D9B016488729F_20260411_175500_chunk_007.wav,4200,468,471
4671,4674,Aegithalos caudatus,Long-tailed Tit,0.9832,248D9B016488729F_20260411_175500.WAV,14,0.0,1.0,0.25,BirdNET_GLOBAL_6K_V2.4_Model_FP32.tflite,248D9B016488729F_20260411_175500_chunk_007.wav,4200,471,474
4677,4680,Aegithalos caudatus,Long-tailed Tit,0.9944,248D9B016488729F_20260411_175500.WAV,14,0.0,1.0,0.25,BirdNET_GLOBAL_6K_V2.4_Model_FP32.tflite,248D9B016488729F_20260411_175500_chunk_007.wav,4200,477,480
4680,4683,Aegithalos caudatus,Long-tailed Tit,0.9946,248D9B016488729F_20260411_175500.WAV,14,0.0,1.0,0.25,BirdNET_GLOBAL_6K_V2.4_Model_FP32.tflite,248D9B016488729F_20260411_175500_chunk_007.wav,4200,480,483
4683,4686,Phylloscopus collybita,Common Chiffchaff,0.9143,248D9B016488729F_20260411_175500.WAV,14,0.0,1.0,0.25,BirdNET_GLOBAL_6K_V2.4_Model_FP32.tflite,248D9B016488729F_20260411_175500_chunk_007.wav,4200,483,486
4686,4689,Phylloscopus collybita,Common Chiffchaff,0.9721,248D9B016488729F_20260411_175500.WAV,14,0.0,1.0,0.25,BirdNET_GLOBAL_6K_V2.4_Model_FP32.tflite,248D9B016488729F_20260411_175500_chunk_007.wav,4200,486,489
4692,4695,Aegithalos caudatus,Long-tailed Tit,0.7512,248D9B016488729F_20260411_175500.WAV,14,0.0,1.0,0.25,BirdNET_GLOBAL_6K_V2.4_Model_FP32.tflite,248D9B016488729F_20260411_175500_chunk_007.wav,4200,492,495
4698,4701,Phylloscopus collybita,Common Chiffchaff,0.9648,248D9B016488729F_20260411_175500.WAV,14,0.0,1.0,0.25,BirdNET_GLOBAL_6K_V2.4_Model_FP32.tflite,248D9B016488729F_20260411_175500_chunk_007.wav,4200,498,501
4698,4701,Phylloscopus ibericus,Iberian Chiffchaff,0.3641,248D9B016488729F_20260411_175500.WAV,14,0.0,1.0,0.25,BirdNET_GLOBAL_6K_V2.4_Model_FP32.tflite,248D9B016488729F_20260411_175500_chunk_007.wav,4200,498,501
4701,4704,Phylloscopus collybita,Common Chiffchaff,0.9011,248D9B016488729F_20260411_175500.WAV,14,0.0,1.0,0.25,BirdNET_GLOBAL_6K_V2.4_Model_FP32.tflite,248D9B016488729F_20260411_175500_chunk_007.wav,4200,501,504
4707,4710,Phylloscopus collybita,Common Chiffchaff,0.9847,248D9B016488729F_20260411_175500.WAV,14,0.0,1.0,0.25,BirdNET_GLOBAL_6K_V2.4_Model_FP32.tflite,248D9B016488729F_20260411_175500_chunk_007.wav,4200,507,510
4710,4713,Phylloscopus collybita,Common Chiffchaff,0.9895,248D9B016488729F_20260411_175500.WAV,14,0.0,1.0,0.25,BirdNET_GLOBAL_6K_V2.4_Model_FP32.tflite,248D9B016488729F_20260411_175500_chunk_007.wav,4200,510,513
4719,4722,Phylloscopus collybita,Common Chiffchaff,0.9938,248D9B016488729F_20260411_175500.WAV,14,0.0,1.0,0.25,BirdNET_GLOBAL_6K_V2.4_Model_FP32.tflite,248D9B016488729F_20260411_175500_chunk_007.wav,4200,519,522
4722,4725,Phylloscopus collybita,Common Chiffchaff,0.9174,248D9B016488729F_20260411_175500.WAV,14,0.0,1.0,0.25,BirdNET_GLOBAL_6K_V2.4_Model_FP32.tflite,248D9B016488729F_20260411_175500_chunk_007.wav,4200,522,525
4737,4740,Phylloscopus collybita,Common Chiffchaff,0.7985,248D9B016488729F_20260411_175500.WAV,14,0.0,1.0,0.25,BirdNET_GLOBAL_6K_V2.4_Model_FP32.tflite,248D9B016488729F_20260411_175500_chunk_007.wav,4200,537,540
4740,4743,Phylloscopus collybita,Common Chiffchaff,0.9390,248D9B016488729F_20260411_175500.WAV,14,0.0,1.0,0.25,BirdNET_GLOBAL_6K_V2.4_Model_FP32.tflite,248D9B016488729F_20260411_175500_chunk_007.wav,4200,540,543
4743,4746,Engine,Engine,0.4543,248D9B016488729F_20260411_175500.WAV,14,0.0,1.0,0.25,BirdNET_GLOBAL_6K_V2.4_Model_FP32.tflite,248D9B016488729F_20260411_175500_chunk_007.wav,4200,543,546
4752,4755,Phylloscopus collybita,Common Chiffchaff,0.8944,248D9B016488729F_20260411_175500.WAV,14,0.0,1.0,0.25,BirdNET_GLOBAL_6K_V2.4_Model_FP32.tflite,248D9B016488729F_20260411_175500_chunk_007.wav,4200,552,555
4755,4758,Phylloscopus collybita,Common Chiffchaff,0.6125,248D9B016488729F_20260411_175500.WAV,14,0.0,1.0,0.25,BirdNET_GLOBAL_6K_V2.4_Model_FP32.tflite,248D9B016488729F_20260411_175500_chunk_007.wav,4200,555,558
4767,4770,Phylloscopus collybita,Common Chiffchaff,0.9069,248D9B016488729F_20260411_175500.WAV,14,0.0,1.0,0.25,BirdNET_GLOBAL_6K_V2.4_Model_FP32.tflite,248D9B016488729F_20260411_175500_chunk_007.wav,4200,567,570
4773,4776,Engine,Engine,0.4816,248D9B016488729F_20260411_175500.WAV,14,0.0,1.0,0.25,BirdNET_GLOBAL_6K_V2.4_Model_FP32.tflite,248D9B016488729F_20260411_175500_chunk_007.wav,4200,573,576
4782,4785,Engine,Engine,0.9300,248D9B016488729F_20260411_175500.WAV,14,0.0,1.0,0.25,BirdNET_GLOBAL_6K_V2.4_Model_FP32.tflite,248D9B016488729F_20260411_175500_chunk_007.wav,4200,582,585
4785,4788,Engine,Engine,0.8728,248D9B016488729F_20260411_175500.WAV,14,0.0,1.0,0.25,BirdNET_GLOBAL_6K_V2.4_Model_FP32.tflite,248D9B016488729F_20260411_175500_chunk_007.wav,4200,585,588
4797,4799.98,Phylloscopus collybita,Common Chiffchaff,0.8050,248D9B016488729F_20260411_175500.WAV,14,0.0,1.0,0.25,BirdNET_GLOBAL_6K_V2.4_Model_FP32.tflite,248D9B016488729F_20260411_175500_chunk_007.wav,4200,597,599.98
4800,4803,Phylloscopus collybita,Common Chiffchaff,0.8231,248D9B016488729F_20260411_175500.WAV,14,0.0,1.0,0.25,BirdNET_GLOBAL_6K_V2.4_Model_FP32.tflite,248D9B016488729F_20260411_175500_chunk_008.wav,4800,0,3
4839,4842,Pica pica,Eurasian Magpie,0.3682,248D9B016488729F_20260411_175500.WAV,14,0.0,1.0,0.25,BirdNET_GLOBAL_6K_V2.4_Model_FP32.tflite,248D9B016488729F_20260411_175500_chunk_008.wav,4800,39,42
4842,4845,Pica hudsonia,Black-billed Magpie,0.5116,248D9B016488729F_20260411_175500.WAV,14,0.0,1.0,0.25,BirdNET_GLOBAL_6K_V2.4_Model_FP32.tflite,248D9B016488729F_20260411_175500_chunk_008.wav,4800,42,45
4845,4848,Pica pica,Eurasian Magpie,0.7518,248D9B016488729F_20260411_175500.WAV,14,0.0,1.0,0.25,BirdNET_GLOBAL_6K_V2.4_Model_FP32.tflite,248D9B016488729F_20260411_175500_chunk_008.wav,4800,45,48
4848,4851,Pica pica,Eurasian Magpie,0.9479,248D9B016488729F_20260411_175500.WAV,14,0.0,1.0,0.25,BirdNET_GLOBAL_6K_V2.4_Model_FP32.tflite,248D9B016488729F_20260411_175500_chunk_008.wav,4800,48,51
4851,4854,Pica pica,Eurasian Magpie,0.6200,248D9B016488729F_20260411_175500.WAV,14,0.0,1.0,0.25,BirdNET_GLOBAL_6K_V2.4_Model_FP32.tflite,248D9B016488729F_20260411_175500_chunk_008.wav,4800,51,54
4851,4854,Dryobates borealis,Red-cockaded Woodpecker,0.3700,248D9B016488729F_20260411_175500.WAV,14,0.0,1.0,0.25,BirdNET_GLOBAL_6K_V2.4_Model_FP32.tflite,248D9B016488729F_20260411_175500_chunk_008.wav,4800,51,54
4854,4857,Pica pica,Eurasian Magpie,0.5779,248D9B016488729F_20260411_175500.WAV,14,0.0,1.0,0.25,BirdNET_GLOBAL_6K_V2.4_Model_FP32.tflite,248D9B016488729F_20260411_175500_chunk_008.wav,4800,54,57
4857,4860,Pica pica,Eurasian Magpie,0.6159,248D9B016488729F_20260411_175500.WAV,14,0.0,1.0,0.25,BirdNET_GLOBAL_6K_V2.4_Model_FP32.tflite,248D9B016488729F_20260411_175500_chunk_008.wav,4800,57,60
4860,4863,Pica pica,Eurasian Magpie,0.4247,248D9B016488729F_20260411_175500.WAV,14,0.0,1.0,0.25,BirdNET_GLOBAL_6K_V2.4_Model_FP32.tflite,248D9B016488729F_20260411_175500_chunk_008.wav,4800,60,63
4866,4869,Pica pica,Eurasian Magpie,0.9059,248D9B016488729F_20260411_175500.WAV,14,0.0,1.0,0.25,BirdNET_GLOBAL_6K_V2.4_Model_FP32.tflite,248D9B016488729F_20260411_175500_chunk_008.wav,4800,66,69
4869,4872,Troglodytes troglodytes,Eurasian Wren,0.7877,248D9B016488729F_20260411_175500.WAV,14,0.0,1.0,0.25,BirdNET_GLOBAL_6K_V2.4_Model_FP32.tflite,248D9B016488729F_20260411_175500_chunk_008.wav,4800,69,72
4872,4875,Aegithalos glaucogularis,Silver-throated Tit,0.2594,248D9B016488729F_20260411_175500.WAV,14,0.0,1.0,0.25,BirdNET_GLOBAL_6K_V2.4_Model_FP32.tflite,248D9B016488729F_20260411_175500_chunk_008.wav,4800,72,75
4887,4890,Aegithalos caudatus,Long-tailed Tit,0.7949,248D9B016488729F_20260411_175500.WAV,14,0.0,1.0,0.25,BirdNET_GLOBAL_6K_V2.4_Model_FP32.tflite,248D9B016488729F_20260411_175500_chunk_008.wav,4800,87,90
4890,4893,Aegithalos caudatus,Long-tailed Tit,0.4882,248D9B016488729F_20260411_175500.WAV,14,0.0,1.0,0.25,BirdNET_GLOBAL_6K_V2.4_Model_FP32.tflite,248D9B016488729F_20260411_175500_chunk_008.wav,4800,90,93
4932,4935,Pica pica,Eurasian Magpie,0.5992,248D9B016488729F_20260411_175500.WAV,14,0.0,1.0,0.25,BirdNET_GLOBAL_6K_V2.4_Model_FP32.tflite,248D9B016488729F_20260411_175500_chunk_008.wav,4800,132,135
4935,4938,Aegithalos caudatus,Long-tailed Tit,0.6845,248D9B016488729F_20260411_175500.WAV,14,0.0,1.0,0.25,BirdNET_GLOBAL_6K_V2.4_Model_FP32.tflite,248D9B016488729F_20260411_175500_chunk_008.wav,4800,135,138
4938,4941,Aegithalos caudatus,Long-tailed Tit,0.4414,248D9B016488729F_20260411_175500.WAV,14,0.0,1.0,0.25,BirdNET_GLOBAL_6K_V2.4_Model_FP32.tflite,248D9B016488729F_20260411_175500_chunk_008.wav,4800,138,141
4944,4947,Branta hutchinsii,Cackling Goose,0.3478,248D9B016488729F_20260411_175500.WAV,14,0.0,1.0,0.25,BirdNET_GLOBAL_6K_V2.4_Model_FP32.tflite,248D9B016488729F_20260411_175500_chunk_008.wav,4800,144,147
4965,4968,Pica pica,Eurasian Magpie,0.3269,248D9B016488729F_20260411_175500.WAV,14,0.0,1.0,0.25,BirdNET_GLOBAL_6K_V2.4_Model_FP32.tflite,248D9B016488729F_20260411_175500_chunk_008.wav,4800,165,168
4968,4971,Aegithalos caudatus,Long-tailed Tit,0.7285,248D9B016488729F_20260411_175500.WAV,14,0.0,1.0,0.25,BirdNET_GLOBAL_6K_V2.4_Model_FP32.tflite,248D9B016488729F_20260411_175500_chunk_008.wav,4800,168,171
4971,4974,Aegithalos caudatus,Long-tailed Tit,0.5220,248D9B016488729F_20260411_175500.WAV,14,0.0,1.0,0.25,BirdNET_GLOBAL_6K_V2.4_Model_FP32.tflite,248D9B016488729F_20260411_175500_chunk_008.wav,4800,171,174
4974,4977,Aegithalos caudatus,Long-tailed Tit,0.9871,248D9B016488729F_20260411_175500.WAV,14,0.0,1.0,0.25,BirdNET_GLOBAL_6K_V2.4_Model_FP32.tflite,248D9B016488729F_20260411_175500_chunk_008.wav,4800,174,177
4980,4983,Aegithalos caudatus,Long-tailed Tit,0.7700,248D9B016488729F_20260411_175500.WAV,14,0.0,1.0,0.25,BirdNET_GLOBAL_6K_V2.4_Model_FP32.tflite,248D9B016488729F_20260411_175500_chunk_008.wav,4800,180,183
4983,4986,Aegithalos caudatus,Long-tailed Tit,0.9372,248D9B016488729F_20260411_175500.WAV,14,0.0,1.0,0.25,BirdNET_GLOBAL_6K_V2.4_Model_FP32.tflite,248D9B016488729F_20260411_175500_chunk_008.wav,4800,183,186
4995,4998,Aegithalos caudatus,Long-tailed Tit,0.9936,248D9B016488729F_20260411_175500.WAV,14,0.0,1.0,0.25,BirdNET_GLOBAL_6K_V2.4_Model_FP32.tflite,248D9B016488729F_20260411_175500_chunk_008.wav,4800,195,198
5007,5010,Cyanistes caeruleus,Eurasian Blue Tit,0.3519,248D9B016488729F_20260411_175500.WAV,14,0.0,1.0,0.25,BirdNET_GLOBAL_6K_V2.4_Model_FP32.tflite,248D9B016488729F_20260411_175500_chunk_008.wav,4800,207,210
5013,5016,Lophophanes cristatus,Crested Tit,0.5402,248D9B016488729F_20260411_175500.WAV,14,0.0,1.0,0.25,BirdNET_GLOBAL_6K_V2.4_Model_FP32.tflite,248D9B016488729F_20260411_175500_chunk_008.wav,4800,213,216
5019,5022,Aegithalos caudatus,Long-tailed Tit,0.8038,248D9B016488729F_20260411_175500.WAV,14,0.0,1.0,0.25,BirdNET_GLOBAL_6K_V2.4_Model_FP32.tflite,248D9B016488729F_20260411_175500_chunk_008.wav,4800,219,222
5022,5025,Cyanistes caeruleus,Eurasian Blue Tit,0.7001,248D9B016488729F_20260411_175500.WAV,14,0.0,1.0,0.25,BirdNET_GLOBAL_6K_V2.4_Model_FP32.tflite,248D9B016488729F_20260411_175500_chunk_008.wav,4800,222,225
5028,5031,Passerculus sandwichensis,Savannah Sparrow,0.2549,248D9B016488729F_20260411_175500.WAV,14,0.0,1.0,0.25,BirdNET_GLOBAL_6K_V2.4_Model_FP32.tflite,248D9B016488729F_20260411_175500_chunk_008.wav,4800,228,231
5031,5034,Aegithalos caudatus,Long-tailed Tit,0.2947,248D9B016488729F_20260411_175500.WAV,14,0.0,1.0,0.25,BirdNET_GLOBAL_6K_V2.4_Model_FP32.tflite,248D9B016488729F_20260411_175500_chunk_008.wav,4800,231,234
5040,5043,Pica pica,Eurasian Magpie,0.4484,248D9B016488729F_20260411_175500.WAV,14,0.0,1.0,0.25,BirdNET_GLOBAL_6K_V2.4_Model_FP32.tflite,248D9B016488729F_20260411_175500_chunk_008.wav,4800,240,243
5043,5046,Phylloscopus collybita,Common Chiffchaff,0.8745,248D9B016488729F_20260411_175500.WAV,14,0.0,1.0,0.25,BirdNET_GLOBAL_6K_V2.4_Model_FP32.tflite,248D9B016488729F_20260411_175500_chunk_008.wav,4800,243,246
5043,5046,Pica pica,Eurasian Magpie,0.4608,248D9B016488729F_20260411_175500.WAV,14,0.0,1.0,0.25,BirdNET_GLOBAL_6K_V2.4_Model_FP32.tflite,248D9B016488729F_20260411_175500_chunk_008.wav,4800,243,246
5052,5055,Aegithalos caudatus,Long-tailed Tit,0.8022,248D9B016488729F_20260411_175500.WAV,14,0.0,1.0,0.25,BirdNET_GLOBAL_6K_V2.4_Model_FP32.tflite,248D9B016488729F_20260411_175500_chunk_008.wav,4800,252,255
5061,5064,Pica pica,Eurasian Magpie,0.7943,248D9B016488729F_20260411_175500.WAV,14,0.0,1.0,0.25,BirdNET_GLOBAL_6K_V2.4_Model_FP32.tflite,248D9B016488729F_20260411_175500_chunk_008.wav,4800,261,264
5064,5067,Pica pica,Eurasian Magpie,0.8946,248D9B016488729F_20260411_175500.WAV,14,0.0,1.0,0.25,BirdNET_GLOBAL_6K_V2.4_Model_FP32.tflite,248D9B016488729F_20260411_175500_chunk_008.wav,4800,264,267
5067,5070,Chloris chloris,European Greenfinch,0.6237,248D9B016488729F_20260411_175500.WAV,14,0.0,1.0,0.25,BirdNET_GLOBAL_6K_V2.4_Model_FP32.tflite,248D9B016488729F_20260411_175500_chunk_008.wav,4800,267,270
5067,5070,Pica pica,Eurasian Magpie,0.2906,248D9B016488729F_20260411_175500.WAV,14,0.0,1.0,0.25,BirdNET_GLOBAL_6K_V2.4_Model_FP32.tflite,248D9B016488729F_20260411_175500_chunk_008.wav,4800,267,270
5070,5073,Phylloscopus collybita,Common Chiffchaff,0.6460,248D9B016488729F_20260411_175500.WAV,14,0.0,1.0,0.25,BirdNET_GLOBAL_6K_V2.4_Model_FP32.tflite,248D9B016488729F_20260411_175500_chunk_008.wav,4800,270,273
5073,5076,Phylloscopus collybita,Common Chiffchaff,0.6412,248D9B016488729F_20260411_175500.WAV,14,0.0,1.0,0.25,BirdNET_GLOBAL_6K_V2.4_Model_FP32.tflite,248D9B016488729F_20260411_175500_chunk_008.wav,4800,273,276
5076,5079,Chloris chloris,European Greenfinch,0.2819,248D9B016488729F_20260411_175500.WAV,14,0.0,1.0,0.25,BirdNET_GLOBAL_6K_V2.4_Model_FP32.tflite,248D9B016488729F_20260411_175500_chunk_008.wav,4800,276,279
5079,5082,Pica pica,Eurasian Magpie,0.3018,248D9B016488729F_20260411_175500.WAV,14,0.0,1.0,0.25,BirdNET_GLOBAL_6K_V2.4_Model_FP32.tflite,248D9B016488729F_20260411_175500_chunk_008.wav,4800,279,282
5082,5085,Aegithalos caudatus,Long-tailed Tit,0.2547,248D9B016488729F_20260411_175500.WAV,14,0.0,1.0,0.25,BirdNET_GLOBAL_6K_V2.4_Model_FP32.tflite,248D9B016488729F_20260411_175500_chunk_008.wav,4800,282,285
5085,5088,Pica pica,Eurasian Magpie,0.9834,248D9B016488729F_20260411_175500.WAV,14,0.0,1.0,0.25,BirdNET_GLOBAL_6K_V2.4_Model_FP32.tflite,248D9B016488729F_20260411_175500_chunk_008.wav,4800,285,288
5088,5091,Pica pica,Eurasian Magpie,0.8266,248D9B016488729F_20260411_175500.WAV,14,0.0,1.0,0.25,BirdNET_GLOBAL_6K_V2.4_Model_FP32.tflite,248D9B016488729F_20260411_175500_chunk_008.wav,4800,288,291
5088,5091,Phylloscopus collybita,Common Chiffchaff,0.8256,248D9B016488729F_20260411_175500.WAV,14,0.0,1.0,0.25,BirdNET_GLOBAL_6K_V2.4_Model_FP32.tflite,248D9B016488729F_20260411_175500_chunk_008.wav,4800,288,291
5091,5094,Pica pica,Eurasian Magpie,0.4473,248D9B016488729F_20260411_175500.WAV,14,0.0,1.0,0.25,BirdNET_GLOBAL_6K_V2.4_Model_FP32.tflite,248D9B016488729F_20260411_175500_chunk_008.wav,4800,291,294
5091,5094,Phylloscopus collybita,Common Chiffchaff,0.3923,248D9B016488729F_20260411_175500.WAV,14,0.0,1.0,0.25,BirdNET_GLOBAL_6K_V2.4_Model_FP32.tflite,248D9B016488729F_20260411_175500_chunk_008.wav,4800,291,294
5094,5097,Chloris chloris,European Greenfinch,0.5338,248D9B016488729F_20260411_175500.WAV,14,0.0,1.0,0.25,BirdNET_GLOBAL_6K_V2.4_Model_FP32.tflite,248D9B016488729F_20260411_175500_chunk_008.wav,4800,294,297
5097,5100,Engine,Engine,0.2519,248D9B016488729F_20260411_175500.WAV,14,0.0,1.0,0.25,BirdNET_GLOBAL_6K_V2.4_Model_FP32.tflite,248D9B016488729F_20260411_175500_chunk_008.wav,4800,297,300
5103,5106,Pica pica,Eurasian Magpie,0.8373,248D9B016488729F_20260411_175500.WAV,14,0.0,1.0,0.25,BirdNET_GLOBAL_6K_V2.4_Model_FP32.tflite,248D9B016488729F_20260411_175500_chunk_008.wav,4800,303,306
5106,5109,Pica pica,Eurasian Magpie,0.6134,248D9B016488729F_20260411_175500.WAV,14,0.0,1.0,0.25,BirdNET_GLOBAL_6K_V2.4_Model_FP32.tflite,248D9B016488729F_20260411_175500_chunk_008.wav,4800,306,309
5109,5112,Phylloscopus collybita,Common Chiffchaff,0.8755,248D9B016488729F_20260411_175500.WAV,14,0.0,1.0,0.25,BirdNET_GLOBAL_6K_V2.4_Model_FP32.tflite,248D9B016488729F_20260411_175500_chunk_008.wav,4800,309,312
5112,5115,Phylloscopus collybita,Common Chiffchaff,0.4603,248D9B016488729F_20260411_175500.WAV,14,0.0,1.0,0.25,BirdNET_GLOBAL_6K_V2.4_Model_FP32.tflite,248D9B016488729F_20260411_175500_chunk_008.wav,4800,312,315
5118,5121,Pica hudsonia,Black-billed Magpie,0.2858,248D9B016488729F_20260411_175500.WAV,14,0.0,1.0,0.25,BirdNET_GLOBAL_6K_V2.4_Model_FP32.tflite,248D9B016488729F_20260411_175500_chunk_008.wav,4800,318,321
5133,5136,Phylloscopus collybita,Common Chiffchaff,0.8107,248D9B016488729F_20260411_175500.WAV,14,0.0,1.0,0.25,BirdNET_GLOBAL_6K_V2.4_Model_FP32.tflite,248D9B016488729F_20260411_175500_chunk_008.wav,4800,333,336
5133,5136,Larus argentatus,Herring Gull,0.2747,248D9B016488729F_20260411_175500.WAV,14,0.0,1.0,0.25,BirdNET_GLOBAL_6K_V2.4_Model_FP32.tflite,248D9B016488729F_20260411_175500_chunk_008.wav,4800,333,336
5142,5145,Phylloscopus collybita,Common Chiffchaff,0.9925,248D9B016488729F_20260411_175500.WAV,14,0.0,1.0,0.25,BirdNET_GLOBAL_6K_V2.4_Model_FP32.tflite,248D9B016488729F_20260411_175500_chunk_008.wav,4800,342,345
5148,5151,Engine,Engine,0.7756,248D9B016488729F_20260411_175500.WAV,14,0.0,1.0,0.25,BirdNET_GLOBAL_6K_V2.4_Model_FP32.tflite,248D9B016488729F_20260411_175500_chunk_008.wav,4800,348,351
5151,5154,Phylloscopus collybita,Common Chiffchaff,0.8369,248D9B016488729F_20260411_175500.WAV,14,0.0,1.0,0.25,BirdNET_GLOBAL_6K_V2.4_Model_FP32.tflite,248D9B016488729F_20260411_175500_chunk_008.wav,4800,351,354
5151,5154,Engine,Engine,0.3939,248D9B016488729F_20260411_175500.WAV,14,0.0,1.0,0.25,BirdNET_GLOBAL_6K_V2.4_Model_FP32.tflite,248D9B016488729F_20260411_175500_chunk_008.wav,4800,351,354
5154,5157,Phylloscopus collybita,Common Chiffchaff,0.6946,248D9B016488729F_20260411_175500.WAV,14,0.0,1.0,0.25,BirdNET_GLOBAL_6K_V2.4_Model_FP32.tflite,248D9B016488729F_20260411_175500_chunk_008.wav,4800,354,357
5157,5160,Chloris chloris,European Greenfinch,0.3621,248D9B016488729F_20260411_175500.WAV,14,0.0,1.0,0.25,BirdNET_GLOBAL_6K_V2.4_Model_FP32.tflite,248D9B016488729F_20260411_175500_chunk_008.wav,4800,357,360
5160,5163,Phylloscopus collybita,Common Chiffchaff,0.8506,248D9B016488729F_20260411_175500.WAV,14,0.0,1.0,0.25,BirdNET_GLOBAL_6K_V2.4_Model_FP32.tflite,248D9B016488729F_20260411_175500_chunk_008.wav,4800,360,363
5163,5166,Phylloscopus collybita,Common Chiffchaff,0.9541,248D9B016488729F_20260411_175500.WAV,14,0.0,1.0,0.25,BirdNET_GLOBAL_6K_V2.4_Model_FP32.tflite,248D9B016488729F_20260411_175500_chunk_008.wav,4800,363,366
5172,5175,Engine,Engine,0.4462,248D9B016488729F_20260411_175500.WAV,14,0.0,1.0,0.25,BirdNET_GLOBAL_6K_V2.4_Model_FP32.tflite,248D9B016488729F_20260411_175500_chunk_008.wav,4800,372,375
5181,5184,Phylloscopus collybita,Common Chiffchaff,0.6634,248D9B016488729F_20260411_175500.WAV,14,0.0,1.0,0.25,BirdNET_GLOBAL_6K_V2.4_Model_FP32.tflite,248D9B016488729F_20260411_175500_chunk_008.wav,4800,381,384
5199,5202,Chloris chloris,European Greenfinch,0.3273,248D9B016488729F_20260411_175500.WAV,14,0.0,1.0,0.25,BirdNET_GLOBAL_6K_V2.4_Model_FP32.tflite,248D9B016488729F_20260411_175500_chunk_008.wav,4800,399,402
5205,5208,Phylloscopus collybita,Common Chiffchaff,0.4491,248D9B016488729F_20260411_175500.WAV,14,0.0,1.0,0.25,BirdNET_GLOBAL_6K_V2.4_Model_FP32.tflite,248D9B016488729F_20260411_175500_chunk_008.wav,4800,405,408
5208,5211,Aegithalos caudatus,Long-tailed Tit,0.7677,248D9B016488729F_20260411_175500.WAV,14,0.0,1.0,0.25,BirdNET_GLOBAL_6K_V2.4_Model_FP32.tflite,248D9B016488729F_20260411_175500_chunk_008.wav,4800,408,411
5217,5220,Cyanistes caeruleus,Eurasian Blue Tit,0.4293,248D9B016488729F_20260411_175500.WAV,14,0.0,1.0,0.25,BirdNET_GLOBAL_6K_V2.4_Model_FP32.tflite,248D9B016488729F_20260411_175500_chunk_008.wav,4800,417,420
5223,5226,Chloris chloris,European Greenfinch,0.7411,248D9B016488729F_20260411_175500.WAV,14,0.0,1.0,0.25,BirdNET_GLOBAL_6K_V2.4_Model_FP32.tflite,248D9B016488729F_20260411_175500_chunk_008.wav,4800,423,426
5226,5229,Aegithalos caudatus,Long-tailed Tit,0.4452,248D9B016488729F_20260411_175500.WAV,14,0.0,1.0,0.25,BirdNET_GLOBAL_6K_V2.4_Model_FP32.tflite,248D9B016488729F_20260411_175500_chunk_008.wav,4800,426,429
5229,5232,Scolopax minor,American Woodcock,0.3819,248D9B016488729F_20260411_175500.WAV,14,0.0,1.0,0.25,BirdNET_GLOBAL_6K_V2.4_Model_FP32.tflite,248D9B016488729F_20260411_175500_chunk_008.wav,4800,429,432
5247,5250,Aegithalos caudatus,Long-tailed Tit,0.3878,248D9B016488729F_20260411_175500.WAV,14,0.0,1.0,0.25,BirdNET_GLOBAL_6K_V2.4_Model_FP32.tflite,248D9B016488729F_20260411_175500_chunk_008.wav,4800,447,450
5250,5253,Aegithalos caudatus,Long-tailed Tit,0.3210,248D9B016488729F_20260411_175500.WAV,14,0.0,1.0,0.25,BirdNET_GLOBAL_6K_V2.4_Model_FP32.tflite,248D9B016488729F_20260411_175500_chunk_008.wav,4800,450,453
5253,5256,Aegithalos caudatus,Long-tailed Tit,0.2652,248D9B016488729F_20260411_175500.WAV,14,0.0,1.0,0.25,BirdNET_GLOBAL_6K_V2.4_Model_FP32.tflite,248D9B016488729F_20260411_175500_chunk_008.wav,4800,453,456
5256,5259,Aegithalos caudatus,Long-tailed Tit,0.3106,248D9B016488729F_20260411_175500.WAV,14,0.0,1.0,0.25,BirdNET_GLOBAL_6K_V2.4_Model_FP32.tflite,248D9B016488729F_20260411_175500_chunk_008.wav,4800,456,459
5310,5313,Aegithalos caudatus,Long-tailed Tit,0.6074,248D9B016488729F_20260411_175500.WAV,14,0.0,1.0,0.25,BirdNET_GLOBAL_6K_V2.4_Model_FP32.tflite,248D9B016488729F_20260411_175500_chunk_008.wav,4800,510,513
5325,5328,Aegithalos caudatus,Long-tailed Tit,0.9429,248D9B016488729F_20260411_175500.WAV,14,0.0,1.0,0.25,BirdNET_GLOBAL_6K_V2.4_Model_FP32.tflite,248D9B016488729F_20260411_175500_chunk_008.wav,4800,525,528
5334,5337,Aegithalos caudatus,Long-tailed Tit,0.2677,248D9B016488729F_20260411_175500.WAV,14,0.0,1.0,0.25,BirdNET_GLOBAL_6K_V2.4_Model_FP32.tflite,248D9B016488729F_20260411_175500_chunk_008.wav,4800,534,537
5337,5340,Turdus iliacus,Redwing,0.3356,248D9B016488729F_20260411_175500.WAV,14,0.0,1.0,0.25,BirdNET_GLOBAL_6K_V2.4_Model_FP32.tflite,248D9B016488729F_20260411_175500_chunk_008.wav,4800,537,540
5379,5382,Cyanistes caeruleus,Eurasian Blue Tit,0.9434,248D9B016488729F_20260411_175500.WAV,14,0.0,1.0,0.25,BirdNET_GLOBAL_6K_V2.4_Model_FP32.tflite,248D9B016488729F_20260411_175500_chunk_008.wav,4800,579,582
5406,5409,Larus argentatus,Herring Gull,0.3610,248D9B016488729F_20260411_175500.WAV,14,0.0,1.0,0.25,BirdNET_GLOBAL_6K_V2.4_Model_FP32.tflite,248D9B016488729F_20260411_175500_chunk_009.wav,5400,6,9
5409,5412,Larus argentatus,Herring Gull,0.7923,248D9B016488729F_20260411_175500.WAV,14,0.0,1.0,0.25,BirdNET_GLOBAL_6K_V2.4_Model_FP32.tflite,248D9B016488729F_20260411_175500_chunk_009.wav,5400,9,12
5427,5430,Erithacus rubecula,European Robin,0.6542,248D9B016488729F_20260411_175500.WAV,14,0.0,1.0,0.25,BirdNET_GLOBAL_6K_V2.4_Model_FP32.tflite,248D9B016488729F_20260411_175500_chunk_009.wav,5400,27,30
5433,5436,Prunella modularis,Dunnock,0.5716,248D9B016488729F_20260411_175500.WAV,14,0.0,1.0,0.25,BirdNET_GLOBAL_6K_V2.4_Model_FP32.tflite,248D9B016488729F_20260411_175500_chunk_009.wav,5400,33,36
5436,5439,Erithacus rubecula,European Robin,0.2936,248D9B016488729F_20260411_175500.WAV,14,0.0,1.0,0.25,BirdNET_GLOBAL_6K_V2.4_Model_FP32.tflite,248D9B016488729F_20260411_175500_chunk_009.wav,5400,36,39
5439,5442,Erithacus rubecula,European Robin,0.6970,248D9B016488729F_20260411_175500.WAV,14,0.0,1.0,0.25,BirdNET_GLOBAL_6K_V2.4_Model_FP32.tflite,248D9B016488729F_20260411_175500_chunk_009.wav,5400,39,42
5451,5454,Erithacus rubecula,European Robin,0.5388,248D9B016488729F_20260411_175500.WAV,14,0.0,1.0,0.25,BirdNET_GLOBAL_6K_V2.4_Model_FP32.tflite,248D9B016488729F_20260411_175500_chunk_009.wav,5400,51,54
5460,5463,Erithacus rubecula,European Robin,0.7810,248D9B016488729F_20260411_175500.WAV,14,0.0,1.0,0.25,BirdNET_GLOBAL_6K_V2.4_Model_FP32.tflite,248D9B016488729F_20260411_175500_chunk_009.wav,5400,60,63
5472,5475,Phoenicurus ochruros,Black Redstart,0.6362,248D9B016488729F_20260411_175500.WAV,14,0.0,1.0,0.25,BirdNET_GLOBAL_6K_V2.4_Model_FP32.tflite,248D9B016488729F_20260411_175500_chunk_009.wav,5400,72,75
5484,5487,Phylloscopus collybita,Common Chiffchaff,0.3001,248D9B016488729F_20260411_175500.WAV,14,0.0,1.0,0.25,BirdNET_GLOBAL_6K_V2.4_Model_FP32.tflite,248D9B016488729F_20260411_175500_chunk_009.wav,5400,84,87
5493,5496,Erithacus rubecula,European Robin,0.7193,248D9B016488729F_20260411_175500.WAV,14,0.0,1.0,0.25,BirdNET_GLOBAL_6K_V2.4_Model_FP32.tflite,248D9B016488729F_20260411_175500_chunk_009.wav,5400,93,96
5505,5508,Erithacus rubecula,European Robin,0.8233,248D9B016488729F_20260411_175500.WAV,14,0.0,1.0,0.25,BirdNET_GLOBAL_6K_V2.4_Model_FP32.tflite,248D9B016488729F_20260411_175500_chunk_009.wav,5400,105,108
5511,5514,Spinus spinus,Eurasian Siskin,0.3321,248D9B016488729F_20260411_175500.WAV,14,0.0,1.0,0.25,BirdNET_GLOBAL_6K_V2.4_Model_FP32.tflite,248D9B016488729F_20260411_175500_chunk_009.wav,5400,111,114
5523,5526,Erithacus rubecula,European Robin,0.8326,248D9B016488729F_20260411_175500.WAV,14,0.0,1.0,0.25,BirdNET_GLOBAL_6K_V2.4_Model_FP32.tflite,248D9B016488729F_20260411_175500_chunk_009.wav,5400,123,126
5535,5538,Erithacus rubecula,European Robin,0.9022,248D9B016488729F_20260411_175500.WAV,14,0.0,1.0,0.25,BirdNET_GLOBAL_6K_V2.4_Model_FP32.tflite,248D9B016488729F_20260411_175500_chunk_009.wav,5400,135,138
5541,5544,Erithacus rubecula,European Robin,0.2686,248D9B016488729F_20260411_175500.WAV,14,0.0,1.0,0.25,BirdNET_GLOBAL_6K_V2.4_Model_FP32.tflite,248D9B016488729F_20260411_175500_chunk_009.wav,5400,141,144
5544,5547,Phylloscopus collybita,Common Chiffchaff,0.2875,248D9B016488729F_20260411_175500.WAV,14,0.0,1.0,0.25,BirdNET_GLOBAL_6K_V2.4_Model_FP32.tflite,248D9B016488729F_20260411_175500_chunk_009.wav,5400,144,147
5553,5556,Cyanistes caeruleus,Eurasian Blue Tit,0.3250,248D9B016488729F_20260411_175500.WAV,14,0.0,1.0,0.25,BirdNET_GLOBAL_6K_V2.4_Model_FP32.tflite,248D9B016488729F_20260411_175500_chunk_009.wav,5400,153,156
5559,5562,Erithacus rubecula,European Robin,0.7465,248D9B016488729F_20260411_175500.WAV,14,0.0,1.0,0.25,BirdNET_GLOBAL_6K_V2.4_Model_FP32.tflite,248D9B016488729F_20260411_175500_chunk_009.wav,5400,159,162
5565,5568,Phylloscopus collybita,Common Chiffchaff,0.6273,248D9B016488729F_20260411_175500.WAV,14,0.0,1.0,0.25,BirdNET_GLOBAL_6K_V2.4_Model_FP32.tflite,248D9B016488729F_20260411_175500_chunk_009.wav,5400,165,168
5589,5592,Aegithalos caudatus,Long-tailed Tit,0.8320,248D9B016488729F_20260411_175500.WAV,14,0.0,1.0,0.25,BirdNET_GLOBAL_6K_V2.4_Model_FP32.tflite,248D9B016488729F_20260411_175500_chunk_009.wav,5400,189,192
5598,5601,Aegithalos caudatus,Long-tailed Tit,0.4493,248D9B016488729F_20260411_175500.WAV,14,0.0,1.0,0.25,BirdNET_GLOBAL_6K_V2.4_Model_FP32.tflite,248D9B016488729F_20260411_175500_chunk_009.wav,5400,198,201
5601,5604,Corvus monedula,Eurasian Jackdaw,0.3210,248D9B016488729F_20260411_175500.WAV,14,0.0,1.0,0.25,BirdNET_GLOBAL_6K_V2.4_Model_FP32.tflite,248D9B016488729F_20260411_175500_chunk_009.wav,5400,201,204
5619,5622,Circus hudsonius,Northern Harrier,0.2868,248D9B016488729F_20260411_175500.WAV,14,0.0,1.0,0.25,BirdNET_GLOBAL_6K_V2.4_Model_FP32.tflite,248D9B016488729F_20260411_175500_chunk_009.wav,5400,219,222
5622,5625,Psittacula krameri,Rose-ringed Parakeet,0.7702,248D9B016488729F_20260411_175500.WAV,14,0.0,1.0,0.25,BirdNET_GLOBAL_6K_V2.4_Model_FP32.tflite,248D9B016488729F_20260411_175500_chunk_009.wav,5400,222,225
5679,5682,Aegithalos caudatus,Long-tailed Tit,0.9361,248D9B016488729F_20260411_175500.WAV,14,0.0,1.0,0.25,BirdNET_GLOBAL_6K_V2.4_Model_FP32.tflite,248D9B016488729F_20260411_175500_chunk_009.wav,5400,279,282
5682,5685,Aegithalos caudatus,Long-tailed Tit,0.9743,248D9B016488729F_20260411_175500.WAV,14,0.0,1.0,0.25,BirdNET_GLOBAL_6K_V2.4_Model_FP32.tflite,248D9B016488729F_20260411_175500_chunk_009.wav,5400,282,285
5685,5688,Aegithalos caudatus,Long-tailed Tit,0.9933,248D9B016488729F_20260411_175500.WAV,14,0.0,1.0,0.25,BirdNET_GLOBAL_6K_V2.4_Model_FP32.tflite,248D9B016488729F_20260411_175500_chunk_009.wav,5400,285,288
5709,5712,Aegithalos caudatus,Long-tailed Tit,0.9609,248D9B016488729F_20260411_175500.WAV,14,0.0,1.0,0.25,BirdNET_GLOBAL_6K_V2.4_Model_FP32.tflite,248D9B016488729F_20260411_175500_chunk_009.wav,5400,309,312
5712,5715,Streptopelia turtur,European Turtle-Dove,0.9371,248D9B016488729F_20260411_175500.WAV,14,0.0,1.0,0.25,BirdNET_GLOBAL_6K_V2.4_Model_FP32.tflite,248D9B016488729F_20260411_175500_chunk_009.wav,5400,312,315
5712,5715,Aegithalos caudatus,Long-tailed Tit,0.4714,248D9B016488729F_20260411_175500.WAV,14,0.0,1.0,0.25,BirdNET_GLOBAL_6K_V2.4_Model_FP32.tflite,248D9B016488729F_20260411_175500_chunk_009.wav,5400,312,315
5715,5718,Aegithalos caudatus,Long-tailed Tit,0.9714,248D9B016488729F_20260411_175500.WAV,14,0.0,1.0,0.25,BirdNET_GLOBAL_6K_V2.4_Model_FP32.tflite,248D9B016488729F_20260411_175500_chunk_009.wav,5400,315,318
5718,5721,Aegithalos caudatus,Long-tailed Tit,0.2640,248D9B016488729F_20260411_175500.WAV,14,0.0,1.0,0.25,BirdNET_GLOBAL_6K_V2.4_Model_FP32.tflite,248D9B016488729F_20260411_175500_chunk_009.wav,5400,318,321
5721,5724,Aegithalos caudatus,Long-tailed Tit,0.9073,248D9B016488729F_20260411_175500.WAV,14,0.0,1.0,0.25,BirdNET_GLOBAL_6K_V2.4_Model_FP32.tflite,248D9B016488729F_20260411_175500_chunk_009.wav,5400,321,324
5727,5730,Aegithalos caudatus,Long-tailed Tit,0.9593,248D9B016488729F_20260411_175500.WAV,14,0.0,1.0,0.25,BirdNET_GLOBAL_6K_V2.4_Model_FP32.tflite,248D9B016488729F_20260411_175500_chunk_009.wav,5400,327,330
5730,5733,Aegithalos caudatus,Long-tailed Tit,0.9921,248D9B016488729F_20260411_175500.WAV,14,0.0,1.0,0.25,BirdNET_GLOBAL_6K_V2.4_Model_FP32.tflite,248D9B016488729F_20260411_175500_chunk_009.wav,5400,330,333
5745,5748,Passer domesticus,House Sparrow,0.4964,248D9B016488729F_20260411_175500.WAV,14,0.0,1.0,0.25,BirdNET_GLOBAL_6K_V2.4_Model_FP32.tflite,248D9B016488729F_20260411_175500_chunk_009.wav,5400,345,348
5754,5757,Dendrocopos major,Great Spotted Woodpecker,0.3595,248D9B016488729F_20260411_175500.WAV,14,0.0,1.0,0.25,BirdNET_GLOBAL_6K_V2.4_Model_FP32.tflite,248D9B016488729F_20260411_175500_chunk_009.wav,5400,354,357
5769,5772,Engine,Engine,0.6915,248D9B016488729F_20260411_175500.WAV,14,0.0,1.0,0.25,BirdNET_GLOBAL_6K_V2.4_Model_FP32.tflite,248D9B016488729F_20260411_175500_chunk_009.wav,5400,369,372
5772,5775,Engine,Engine,0.6271,248D9B016488729F_20260411_175500.WAV,14,0.0,1.0,0.25,BirdNET_GLOBAL_6K_V2.4_Model_FP32.tflite,248D9B016488729F_20260411_175500_chunk_009.wav,5400,372,375
5775,5778,Engine,Engine,0.8651,248D9B016488729F_20260411_175500.WAV,14,0.0,1.0,0.25,BirdNET_GLOBAL_6K_V2.4_Model_FP32.tflite,248D9B016488729F_20260411_175500_chunk_009.wav,5400,375,378
5778,5781,Engine,Engine,0.7794,248D9B016488729F_20260411_175500.WAV,14,0.0,1.0,0.25,BirdNET_GLOBAL_6K_V2.4_Model_FP32.tflite,248D9B016488729F_20260411_175500_chunk_009.wav,5400,378,381
5781,5784,Engine,Engine,0.7915,248D9B016488729F_20260411_175500.WAV,14,0.0,1.0,0.25,BirdNET_GLOBAL_6K_V2.4_Model_FP32.tflite,248D9B016488729F_20260411_175500_chunk_009.wav,5400,381,384
5787,5790,Engine,Engine,0.3754,248D9B016488729F_20260411_175500.WAV,14,0.0,1.0,0.25,BirdNET_GLOBAL_6K_V2.4_Model_FP32.tflite,248D9B016488729F_20260411_175500_chunk_009.wav,5400,387,390
5796,5799,Phylloscopus collybita,Common Chiffchaff,0.4596,248D9B016488729F_20260411_175500.WAV,14,0.0,1.0,0.25,BirdNET_GLOBAL_6K_V2.4_Model_FP32.tflite,248D9B016488729F_20260411_175500_chunk_009.wav,5400,396,399
5826,5829,Engine,Engine,0.2537,248D9B016488729F_20260411_175500.WAV,14,0.0,1.0,0.25,BirdNET_GLOBAL_6K_V2.4_Model_FP32.tflite,248D9B016488729F_20260411_175500_chunk_009.wav,5400,426,429
5829,5832,Haemorhous purpureus,Purple Finch,0.4666,248D9B016488729F_20260411_175500.WAV,14,0.0,1.0,0.25,BirdNET_GLOBAL_6K_V2.4_Model_FP32.tflite,248D9B016488729F_20260411_175500_chunk_009.wav,5400,429,432
5829,5832,Engine,Engine,0.3029,248D9B016488729F_20260411_175500.WAV,14,0.0,1.0,0.25,BirdNET_GLOBAL_6K_V2.4_Model_FP32.tflite,248D9B016488729F_20260411_175500_chunk_009.wav,5400,429,432
5853,5856,Engine,Engine,0.2682,248D9B016488729F_20260411_175500.WAV,14,0.0,1.0,0.25,BirdNET_GLOBAL_6K_V2.4_Model_FP32.tflite,248D9B016488729F_20260411_175500_chunk_009.wav,5400,453,456
5886,5889,Engine,Engine,0.3121,248D9B016488729F_20260411_175500.WAV,14,0.0,1.0,0.25,BirdNET_GLOBAL_6K_V2.4_Model_FP32.tflite,248D9B016488729F_20260411_175500_chunk_009.wav,5400,486,489
5886,5889,Turdus philomelos,Song Thrush,0.2781,248D9B016488729F_20260411_175500.WAV,14,0.0,1.0,0.25,BirdNET_GLOBAL_6K_V2.4_Model_FP32.tflite,248D9B016488729F_20260411_175500_chunk_009.wav,5400,486,489
5889,5892,Engine,Engine,0.4999,248D9B016488729F_20260411_175500.WAV,14,0.0,1.0,0.25,BirdNET_GLOBAL_6K_V2.4_Model_FP32.tflite,248D9B016488729F_20260411_175500_chunk_009.wav,5400,489,492
5892,5895,Engine,Engine,0.4135,248D9B016488729F_20260411_175500.WAV,14,0.0,1.0,0.25,BirdNET_GLOBAL_6K_V2.4_Model_FP32.tflite,248D9B016488729F_20260411_175500_chunk_009.wav,5400,492,495
5895,5898,Engine,Engine,0.8471,248D9B016488729F_20260411_175500.WAV,14,0.0,1.0,0.25,BirdNET_GLOBAL_6K_V2.4_Model_FP32.tflite,248D9B016488729F_20260411_175500_chunk_009.wav,5400,495,498
5898,5901,Engine,Engine,0.6790,248D9B016488729F_20260411_175500.WAV,14,0.0,1.0,0.25,BirdNET_GLOBAL_6K_V2.4_Model_FP32.tflite,248D9B016488729F_20260411_175500_chunk_009.wav,5400,498,501
5901,5904,Engine,Engine,0.6771,248D9B016488729F_20260411_175500.WAV,14,0.0,1.0,0.25,BirdNET_GLOBAL_6K_V2.4_Model_FP32.tflite,248D9B016488729F_20260411_175500_chunk_009.wav,5400,501,504
5904,5907,Engine,Engine,0.7951,248D9B016488729F_20260411_175500.WAV,14,0.0,1.0,0.25,BirdNET_GLOBAL_6K_V2.4_Model_FP32.tflite,248D9B016488729F_20260411_175500_chunk_009.wav,5400,504,507
5907,5910,Engine,Engine,0.6724,248D9B016488729F_20260411_175500.WAV,14,0.0,1.0,0.25,BirdNET_GLOBAL_6K_V2.4_Model_FP32.tflite,248D9B016488729F_20260411_175500_chunk_009.wav,5400,507,510
5910,5913,Engine,Engine,0.7560,248D9B016488729F_20260411_175500.WAV,14,0.0,1.0,0.25,BirdNET_GLOBAL_6K_V2.4_Model_FP32.tflite,248D9B016488729F_20260411_175500_chunk_009.wav,5400,510,513
5913,5916,Engine,Engine,0.7670,248D9B016488729F_20260411_175500.WAV,14,0.0,1.0,0.25,BirdNET_GLOBAL_6K_V2.4_Model_FP32.tflite,248D9B016488729F_20260411_175500_chunk_009.wav,5400,513,516
5937,5940,Engine,Engine,0.6457,248D9B016488729F_20260411_175500.WAV,14,0.0,1.0,0.25,BirdNET_GLOBAL_6K_V2.4_Model_FP32.tflite,248D9B016488729F_20260411_175500_chunk_009.wav,5400,537,540
5949,5952,Engine,Engine,0.6486,248D9B016488729F_20260411_175500.WAV,14,0.0,1.0,0.25,BirdNET_GLOBAL_6K_V2.4_Model_FP32.tflite,248D9B016488729F_20260411_175500_chunk_009.wav,5400,549,552
5952,5955,Human vocal,Human vocal,0.3483,248D9B016488729F_20260411_175500.WAV,14,0.0,1.0,0.25,BirdNET_GLOBAL_6K_V2.4_Model_FP32.tflite,248D9B016488729F_20260411_175500_chunk_009.wav,5400,552,555
6039,6042,Engine,Engine,0.3063,248D9B016488729F_20260411_175500.WAV,14,0.0,1.0,0.25,BirdNET_GLOBAL_6K_V2.4_Model_FP32.tflite,248D9B016488729F_20260411_175500_chunk_010.wav,6000,39,42
6063,6066,Engine,Engine,0.3582,248D9B016488729F_20260411_175500.WAV,14,0.0,1.0,0.25,BirdNET_GLOBAL_6K_V2.4_Model_FP32.tflite,248D9B016488729F_20260411_175500_chunk_010.wav,6000,63,66
6066,6069,Engine,Engine,0.6203,248D9B016488729F_20260411_175500.WAV,14,0.0,1.0,0.25,BirdNET_GLOBAL_6K_V2.4_Model_FP32.tflite,248D9B016488729F_20260411_175500_chunk_010.wav,6000,66,69
6072,6075,Engine,Engine,0.3333,248D9B016488729F_20260411_175500.WAV,14,0.0,1.0,0.25,BirdNET_GLOBAL_6K_V2.4_Model_FP32.tflite,248D9B016488729F_20260411_175500_chunk_010.wav,6000,72,75
6078,6081,Engine,Engine,0.6140,248D9B016488729F_20260411_175500.WAV,14,0.0,1.0,0.25,BirdNET_GLOBAL_6K_V2.4_Model_FP32.tflite,248D9B016488729F_20260411_175500_chunk_010.wav,6000,78,81
6108,6111,Engine,Engine,0.6631,248D9B016488729F_20260411_175500.WAV,14,0.0,1.0,0.25,BirdNET_GLOBAL_6K_V2.4_Model_FP32.tflite,248D9B016488729F_20260411_175500_chunk_010.wav,6000,108,111
6147,6150,Fulica atra,Eurasian Coot,0.2848,248D9B016488729F_20260411_175500.WAV,14,0.0,1.0,0.25,BirdNET_GLOBAL_6K_V2.4_Model_FP32.tflite,248D9B016488729F_20260411_175500_chunk_010.wav,6000,147,150
6147,6150,Gallinula chloropus,Eurasian Moorhen,0.2614,248D9B016488729F_20260411_175500.WAV,14,0.0,1.0,0.25,BirdNET_GLOBAL_6K_V2.4_Model_FP32.tflite,248D9B016488729F_20260411_175500_chunk_010.wav,6000,147,150
6159,6162,Corvus monedula,Eurasian Jackdaw,0.3289,248D9B016488729F_20260411_175500.WAV,14,0.0,1.0,0.25,BirdNET_GLOBAL_6K_V2.4_Model_FP32.tflite,248D9B016488729F_20260411_175500_chunk_010.wav,6000,159,162
6168,6171,Haemorhous purpureus,Purple Finch,0.3296,248D9B016488729F_20260411_175500.WAV,14,0.0,1.0,0.25,BirdNET_GLOBAL_6K_V2.4_Model_FP32.tflite,248D9B016488729F_20260411_175500_chunk_010.wav,6000,168,171
6171,6174,Chloris chloris,European Greenfinch,0.8319,248D9B016488729F_20260411_175500.WAV,14,0.0,1.0,0.25,BirdNET_GLOBAL_6K_V2.4_Model_FP32.tflite,248D9B016488729F_20260411_175500_chunk_010.wav,6000,171,174
6174,6177,Chloris chloris,European Greenfinch,0.4687,248D9B016488729F_20260411_175500.WAV,14,0.0,1.0,0.25,BirdNET_GLOBAL_6K_V2.4_Model_FP32.tflite,248D9B016488729F_20260411_175500_chunk_010.wav,6000,174,177
6204,6207,Psittacula krameri,Rose-ringed Parakeet,0.5136,248D9B016488729F_20260411_175500.WAV,14,0.0,1.0,0.25,BirdNET_GLOBAL_6K_V2.4_Model_FP32.tflite,248D9B016488729F_20260411_175500_chunk_010.wav,6000,204,207
6207,6210,Chloris chloris,European Greenfinch,0.3184,248D9B016488729F_20260411_175500.WAV,14,0.0,1.0,0.25,BirdNET_GLOBAL_6K_V2.4_Model_FP32.tflite,248D9B016488729F_20260411_175500_chunk_010.wav,6000,207,210
6210,6213,Columba livia,Rock Pigeon,0.7190,248D9B016488729F_20260411_175500.WAV,14,0.0,1.0,0.25,BirdNET_GLOBAL_6K_V2.4_Model_FP32.tflite,248D9B016488729F_20260411_175500_chunk_010.wav,6000,210,213
6210,6213,Engine,Engine,0.5918,248D9B016488729F_20260411_175500.WAV,14,0.0,1.0,0.25,BirdNET_GLOBAL_6K_V2.4_Model_FP32.tflite,248D9B016488729F_20260411_175500_chunk_010.wav,6000,210,213
6216,6219,Chloris chloris,European Greenfinch,0.6764,248D9B016488729F_20260411_175500.WAV,14,0.0,1.0,0.25,BirdNET_GLOBAL_6K_V2.4_Model_FP32.tflite,248D9B016488729F_20260411_175500_chunk_010.wav,6000,216,219
6219,6222,Chloris chloris,European Greenfinch,0.3082,248D9B016488729F_20260411_175500.WAV,14,0.0,1.0,0.25,BirdNET_GLOBAL_6K_V2.4_Model_FP32.tflite,248D9B016488729F_20260411_175500_chunk_010.wav,6000,219,222
6222,6225,Chloris chloris,European Greenfinch,0.5960,248D9B016488729F_20260411_175500.WAV,14,0.0,1.0,0.25,BirdNET_GLOBAL_6K_V2.4_Model_FP32.tflite,248D9B016488729F_20260411_175500_chunk_010.wav,6000,222,225
6228,6231,Chloris chloris,European Greenfinch,0.5084,248D9B016488729F_20260411_175500.WAV,14,0.0,1.0,0.25,BirdNET_GLOBAL_6K_V2.4_Model_FP32.tflite,248D9B016488729F_20260411_175500_chunk_010.wav,6000,228,231
6228,6231,Fringilla montifringilla,Brambling,0.2578,248D9B016488729F_20260411_175500.WAV,14,0.0,1.0,0.25,BirdNET_GLOBAL_6K_V2.4_Model_FP32.tflite,248D9B016488729F_20260411_175500_chunk_010.wav,6000,228,231
6240,6243,Chloris chloris,European Greenfinch,0.6879,248D9B016488729F_20260411_175500.WAV,14,0.0,1.0,0.25,BirdNET_GLOBAL_6K_V2.4_Model_FP32.tflite,248D9B016488729F_20260411_175500_chunk_010.wav,6000,240,243
6243,6246,Chloris chloris,European Greenfinch,0.2973,248D9B016488729F_20260411_175500.WAV,14,0.0,1.0,0.25,BirdNET_GLOBAL_6K_V2.4_Model_FP32.tflite,248D9B016488729F_20260411_175500_chunk_010.wav,6000,243,246
6249,6252,Chloris chloris,European Greenfinch,0.3888,248D9B016488729F_20260411_175500.WAV,14,0.0,1.0,0.25,BirdNET_GLOBAL_6K_V2.4_Model_FP32.tflite,248D9B016488729F_20260411_175500_chunk_010.wav,6000,249,252
6252,6255,Chloris chloris,European Greenfinch,0.6555,248D9B016488729F_20260411_175500.WAV,14,0.0,1.0,0.25,BirdNET_GLOBAL_6K_V2.4_Model_FP32.tflite,248D9B016488729F_20260411_175500_chunk_010.wav,6000,252,255
6276,6279,Chloris chloris,European Greenfinch,0.8485,248D9B016488729F_20260411_175500.WAV,14,0.0,1.0,0.25,BirdNET_GLOBAL_6K_V2.4_Model_FP32.tflite,248D9B016488729F_20260411_175500_chunk_010.wav,6000,276,279
6285,6288,Regulus regulus,Goldcrest,0.4651,248D9B016488729F_20260411_175500.WAV,14,0.0,1.0,0.25,BirdNET_GLOBAL_6K_V2.4_Model_FP32.tflite,248D9B016488729F_20260411_175500_chunk_010.wav,6000,285,288
6288,6291,Chloris chloris,European Greenfinch,0.6340,248D9B016488729F_20260411_175500.WAV,14,0.0,1.0,0.25,BirdNET_GLOBAL_6K_V2.4_Model_FP32.tflite,248D9B016488729F_20260411_175500_chunk_010.wav,6000,288,291
6300,6303,Chloris chloris,European Greenfinch,0.8729,248D9B016488729F_20260411_175500.WAV,14,0.0,1.0,0.25,BirdNET_GLOBAL_6K_V2.4_Model_FP32.tflite,248D9B016488729F_20260411_175500_chunk_010.wav,6000,300,303
6300,6303,Engine,Engine,0.3946,248D9B016488729F_20260411_175500.WAV,14,0.0,1.0,0.25,BirdNET_GLOBAL_6K_V2.4_Model_FP32.tflite,248D9B016488729F_20260411_175500_chunk_010.wav,6000,300,303
6306,6309,Chloris chloris,European Greenfinch,0.3909,248D9B016488729F_20260411_175500.WAV,14,0.0,1.0,0.25,BirdNET_GLOBAL_6K_V2.4_Model_FP32.tflite,248D9B016488729F_20260411_175500_chunk_010.wav,6000,306,309
6312,6315,Chloris chloris,European Greenfinch,0.9462,248D9B016488729F_20260411_175500.WAV,14,0.0,1.0,0.25,BirdNET_GLOBAL_6K_V2.4_Model_FP32.tflite,248D9B016488729F_20260411_175500_chunk_010.wav,6000,312,315
6330,6333,Columba palumbus,Common Wood-Pigeon,0.5527,248D9B016488729F_20260411_175500.WAV,14,0.0,1.0,0.25,BirdNET_GLOBAL_6K_V2.4_Model_FP32.tflite,248D9B016488729F_20260411_175500_chunk_010.wav,6000,330,333
6336,6339,Engine,Engine,0.7477,248D9B016488729F_20260411_175500.WAV,14,0.0,1.0,0.25,BirdNET_GLOBAL_6K_V2.4_Model_FP32.tflite,248D9B016488729F_20260411_175500_chunk_010.wav,6000,336,339
6339,6342,Phylloscopus collybita,Common Chiffchaff,0.7830,248D9B016488729F_20260411_175500.WAV,14,0.0,1.0,0.25,BirdNET_GLOBAL_6K_V2.4_Model_FP32.tflite,248D9B016488729F_20260411_175500_chunk_010.wav,6000,339,342
6369,6372,Phylloscopus collybita,Common Chiffchaff,0.4067,248D9B016488729F_20260411_175500.WAV,14,0.0,1.0,0.25,BirdNET_GLOBAL_6K_V2.4_Model_FP32.tflite,248D9B016488729F_20260411_175500_chunk_010.wav,6000,369,372
6375,6378,Chloris chloris,European Greenfinch,0.8542,248D9B016488729F_20260411_175500.WAV,14,0.0,1.0,0.25,BirdNET_GLOBAL_6K_V2.4_Model_FP32.tflite,248D9B016488729F_20260411_175500_chunk_010.wav,6000,375,378
6384,6387,Phylloscopus collybita,Common Chiffchaff,0.4594,248D9B016488729F_20260411_175500.WAV,14,0.0,1.0,0.25,BirdNET_GLOBAL_6K_V2.4_Model_FP32.tflite,248D9B016488729F_20260411_175500_chunk_010.wav,6000,384,387
6405,6408,Phylloscopus collybita,Common Chiffchaff,0.5632,248D9B016488729F_20260411_175500.WAV,14,0.0,1.0,0.25,BirdNET_GLOBAL_6K_V2.4_Model_FP32.tflite,248D9B016488729F_20260411_175500_chunk_010.wav,6000,405,408
6414,6417,Engine,Engine,0.5001,248D9B016488729F_20260411_175500.WAV,14,0.0,1.0,0.25,BirdNET_GLOBAL_6K_V2.4_Model_FP32.tflite,248D9B016488729F_20260411_175500_chunk_010.wav,6000,414,417
6414,6417,Human non-vocal,Human non-vocal,0.3499,248D9B016488729F_20260411_175500.WAV,14,0.0,1.0,0.25,BirdNET_GLOBAL_6K_V2.4_Model_FP32.tflite,248D9B016488729F_20260411_175500_chunk_010.wav,6000,414,417
6432,6435,Engine,Engine,0.3049,248D9B016488729F_20260411_175500.WAV,14,0.0,1.0,0.25,BirdNET_GLOBAL_6K_V2.4_Model_FP32.tflite,248D9B016488729F_20260411_175500_chunk_010.wav,6000,432,435
6519,6522,Phylloscopus collybita,Common Chiffchaff,0.3508,248D9B016488729F_20260411_175500.WAV,14,0.0,1.0,0.25,BirdNET_GLOBAL_6K_V2.4_Model_FP32.tflite,248D9B016488729F_20260411_175500_chunk_010.wav,6000,519,522
6558,6561,Chloris chloris,European Greenfinch,0.5295,248D9B016488729F_20260411_175500.WAV,14,0.0,1.0,0.25,BirdNET_GLOBAL_6K_V2.4_Model_FP32.tflite,248D9B016488729F_20260411_175500_chunk_010.wav,6000,558,561
6561,6564,Chloris chloris,European Greenfinch,0.9519,248D9B016488729F_20260411_175500.WAV,14,0.0,1.0,0.25,BirdNET_GLOBAL_6K_V2.4_Model_FP32.tflite,248D9B016488729F_20260411_175500_chunk_010.wav,6000,561,564
6564,6567,Chloris chloris,European Greenfinch,0.9286,248D9B016488729F_20260411_175500.WAV,14,0.0,1.0,0.25,BirdNET_GLOBAL_6K_V2.4_Model_FP32.tflite,248D9B016488729F_20260411_175500_chunk_010.wav,6000,564,567
6567,6570,Chloris chloris,European Greenfinch,0.9731,248D9B016488729F_20260411_175500.WAV,14,0.0,1.0,0.25,BirdNET_GLOBAL_6K_V2.4_Model_FP32.tflite,248D9B016488729F_20260411_175500_chunk_010.wav,6000,567,570
6570,6573,Chloris chloris,European Greenfinch,0.9581,248D9B016488729F_20260411_175500.WAV,14,0.0,1.0,0.25,BirdNET_GLOBAL_6K_V2.4_Model_FP32.tflite,248D9B016488729F_20260411_175500_chunk_010.wav,6000,570,573
6576,6579,Phylloscopus collybita,Common Chiffchaff,0.3823,248D9B016488729F_20260411_175500.WAV,14,0.0,1.0,0.25,BirdNET_GLOBAL_6K_V2.4_Model_FP32.tflite,248D9B016488729F_20260411_175500_chunk_010.wav,6000,576,579
6576,6579,Pica pica,Eurasian Magpie,0.3324,248D9B016488729F_20260411_175500.WAV,14,0.0,1.0,0.25,BirdNET_GLOBAL_6K_V2.4_Model_FP32.tflite,248D9B016488729F_20260411_175500_chunk_010.wav,6000,576,579
6579,6582,Phylloscopus collybita,Common Chiffchaff,0.6770,248D9B016488729F_20260411_175500.WAV,14,0.0,1.0,0.25,BirdNET_GLOBAL_6K_V2.4_Model_FP32.tflite,248D9B016488729F_20260411_175500_chunk_010.wav,6000,579,582
6591,6594,Phylloscopus collybita,Common Chiffchaff,0.3899,248D9B016488729F_20260411_175500.WAV,14,0.0,1.0,0.25,BirdNET_GLOBAL_6K_V2.4_Model_FP32.tflite,248D9B016488729F_20260411_175500_chunk_010.wav,6000,591,594
6600,6603,Corvus monedula,Eurasian Jackdaw,0.3531,248D9B016488729F_20260411_175500.WAV,14,0.0,1.0,0.25,BirdNET_GLOBAL_6K_V2.4_Model_FP32.tflite,248D9B016488729F_20260411_175500_chunk_011.wav,6600,0,3
6624,6627,Phylloscopus collybita,Common Chiffchaff,0.6510,248D9B016488729F_20260411_175500.WAV,14,0.0,1.0,0.25,BirdNET_GLOBAL_6K_V2.4_Model_FP32.tflite,248D9B016488729F_20260411_175500_chunk_011.wav,6600,24,27
6627,6630,Phylloscopus collybita,Common Chiffchaff,0.3586,248D9B016488729F_20260411_175500.WAV,14,0.0,1.0,0.25,BirdNET_GLOBAL_6K_V2.4_Model_FP32.tflite,248D9B016488729F_20260411_175500_chunk_011.wav,6600,27,30
6636,6639,Engine,Engine,0.7563,248D9B016488729F_20260411_175500.WAV,14,0.0,1.0,0.25,BirdNET_GLOBAL_6K_V2.4_Model_FP32.tflite,248D9B016488729F_20260411_175500_chunk_011.wav,6600,36,39
6642,6645,Phylloscopus collybita,Common Chiffchaff,0.5789,248D9B016488729F_20260411_175500.WAV,14,0.0,1.0,0.25,BirdNET_GLOBAL_6K_V2.4_Model_FP32.tflite,248D9B016488729F_20260411_175500_chunk_011.wav,6600,42,45
6681,6684,Engine,Engine,0.3681,248D9B016488729F_20260411_175500.WAV,14,0.0,1.0,0.25,BirdNET_GLOBAL_6K_V2.4_Model_FP32.tflite,248D9B016488729F_20260411_175500_chunk_011.wav,6600,81,84
6738,6741,Chordeiles minor,Common Nighthawk,0.3475,248D9B016488729F_20260411_175500.WAV,14,0.0,1.0,0.25,BirdNET_GLOBAL_6K_V2.4_Model_FP32.tflite,248D9B016488729F_20260411_175500_chunk_011.wav,6600,138,141
6741,6744,Engine,Engine,0.3366,248D9B016488729F_20260411_175500.WAV,14,0.0,1.0,0.25,BirdNET_GLOBAL_6K_V2.4_Model_FP32.tflite,248D9B016488729F_20260411_175500_chunk_011.wav,6600,141,144
6747,6750,Engine,Engine,0.3873,248D9B016488729F_20260411_175500.WAV,14,0.0,1.0,0.25,BirdNET_GLOBAL_6K_V2.4_Model_FP32.tflite,248D9B016488729F_20260411_175500_chunk_011.wav,6600,147,150
6792,6795,Corvus monedula,Eurasian Jackdaw,0.2747,248D9B016488729F_20260411_175500.WAV,14,0.0,1.0,0.25,BirdNET_GLOBAL_6K_V2.4_Model_FP32.tflite,248D9B016488729F_20260411_175500_chunk_011.wav,6600,192,195
6795,6798,Corvus monedula,Eurasian Jackdaw,0.3269,248D9B016488729F_20260411_175500.WAV,14,0.0,1.0,0.25,BirdNET_GLOBAL_6K_V2.4_Model_FP32.tflite,248D9B016488729F_20260411_175500_chunk_011.wav,6600,195,198
6846,6849,Corvus monedula,Eurasian Jackdaw,0.5664,248D9B016488729F_20260411_175500.WAV,14,0.0,1.0,0.25,BirdNET_GLOBAL_6K_V2.4_Model_FP32.tflite,248D9B016488729F_20260411_175500_chunk_011.wav,6600,246,249
6855,6858,Corvus monedula,Eurasian Jackdaw,0.6485,248D9B016488729F_20260411_175500.WAV,14,0.0,1.0,0.25,BirdNET_GLOBAL_6K_V2.4_Model_FP32.tflite,248D9B016488729F_20260411_175500_chunk_011.wav,6600,255,258
6870,6873,Engine,Engine,0.5127,248D9B016488729F_20260411_175500.WAV,14,0.0,1.0,0.25,BirdNET_GLOBAL_6K_V2.4_Model_FP32.tflite,248D9B016488729F_20260411_175500_chunk_011.wav,6600,270,273
6909,6912,Larus occidentalis,Western Gull,0.2907,248D9B016488729F_20260411_175500.WAV,14,0.0,1.0,0.25,BirdNET_GLOBAL_6K_V2.4_Model_FP32.tflite,248D9B016488729F_20260411_175500_chunk_011.wav,6600,309,312
6933,6936,Engine,Engine,0.2821,248D9B016488729F_20260411_175500.WAV,14,0.0,1.0,0.25,BirdNET_GLOBAL_6K_V2.4_Model_FP32.tflite,248D9B016488729F_20260411_175500_chunk_011.wav,6600,333,336
6963,6966,Carduelis carduelis,European Goldfinch,0.2640,248D9B016488729F_20260411_175500.WAV,14,0.0,1.0,0.25,BirdNET_GLOBAL_6K_V2.4_Model_FP32.tflite,248D9B016488729F_20260411_175500_chunk_011.wav,6600,363,366
7092,7095,Phylloscopus collybita,Common Chiffchaff,0.5751,248D9B016488729F_20260411_175500.WAV,14,0.0,1.0,0.25,BirdNET_GLOBAL_6K_V2.4_Model_FP32.tflite,248D9B016488729F_20260411_175500_chunk_011.wav,6600,492,495
7098,7101,Engine,Engine,0.2669,248D9B016488729F_20260411_175500.WAV,14,0.0,1.0,0.25,BirdNET_GLOBAL_6K_V2.4_Model_FP32.tflite,248D9B016488729F_20260411_175500_chunk_011.wav,6600,498,501
7098,7101,Human vocal,Human vocal,0.2666,248D9B016488729F_20260411_175500.WAV,14,0.0,1.0,0.25,BirdNET_GLOBAL_6K_V2.4_Model_FP32.tflite,248D9B016488729F_20260411_175500_chunk_011.wav,6600,498,501
7158,7161,Chloris chloris,European Greenfinch,0.5138,248D9B016488729F_20260411_175500.WAV,14,0.0,1.0,0.25,BirdNET_GLOBAL_6K_V2.4_Model_FP32.tflite,248D9B016488729F_20260411_175500_chunk_011.wav,6600,558,561
7170,7173,Chloris chloris,European Greenfinch,0.3532,248D9B016488729F_20260411_175500.WAV,14,0.0,1.0,0.25,BirdNET_GLOBAL_6K_V2.4_Model_FP32.tflite,248D9B016488729F_20260411_175500_chunk_011.wav,6600,570,573
7176,7179,Chloris chloris,European Greenfinch,0.5487,248D9B016488729F_20260411_175500.WAV,14,0.0,1.0,0.25,BirdNET_GLOBAL_6K_V2.4_Model_FP32.tflite,248D9B016488729F_20260411_175500_chunk_011.wav,6600,576,579
7179,7182,Ixoreus naevius,Varied Thrush,0.2916,248D9B016488729F_20260411_175500.WAV,14,0.0,1.0,0.25,BirdNET_GLOBAL_6K_V2.4_Model_FP32.tflite,248D9B016488729F_20260411_175500_chunk_011.wav,6600,579,582
7185,7188,Sitta canadensis,Red-breasted Nuthatch,0.6725,248D9B016488729F_20260411_175500.WAV,14,0.0,1.0,0.25,BirdNET_GLOBAL_6K_V2.4_Model_FP32.tflite,248D9B016488729F_20260411_175500_chunk_011.wav,6600,585,588
7200,7203,Buteo lineatus,Red-shouldered Hawk,0.2636,248D9B016488729F_20260411_175500.WAV,14,0.0,1.0,0.25,BirdNET_GLOBAL_6K_V2.4_Model_FP32.tflite,248D9B016488729F_20260411_175500_chunk_012.wav,7200,0,3
7209,7212,Chloris chloris,European Greenfinch,0.4211,248D9B016488729F_20260411_175500.WAV,14,0.0,1.0,0.25,BirdNET_GLOBAL_6K_V2.4_Model_FP32.tflite,248D9B016488729F_20260411_175500_chunk_012.wav,7200,9,12
7215,7218,Chloris chloris,European Greenfinch,0.7136,248D9B016488729F_20260411_175500.WAV,14,0.0,1.0,0.25,BirdNET_GLOBAL_6K_V2.4_Model_FP32.tflite,248D9B016488729F_20260411_175500_chunk_012.wav,7200,15,18
7221,7224,Cyanopica cooki,Iberian Magpie,0.6428,248D9B016488729F_20260411_175500.WAV,14,0.0,1.0,0.25,BirdNET_GLOBAL_6K_V2.4_Model_FP32.tflite,248D9B016488729F_20260411_175500_chunk_012.wav,7200,21,24
7227,7230,Chloris chloris,European Greenfinch,0.6200,248D9B016488729F_20260411_175500.WAV,14,0.0,1.0,0.25,BirdNET_GLOBAL_6K_V2.4_Model_FP32.tflite,248D9B016488729F_20260411_175500_chunk_012.wav,7200,27,30
7230,7233,Corvus monedula,Eurasian Jackdaw,0.2531,248D9B016488729F_20260411_175500.WAV,14,0.0,1.0,0.25,BirdNET_GLOBAL_6K_V2.4_Model_FP32.tflite,248D9B016488729F_20260411_175500_chunk_012.wav,7200,30,33
7233,7236,Chloris chloris,European Greenfinch,0.6549,248D9B016488729F_20260411_175500.WAV,14,0.0,1.0,0.25,BirdNET_GLOBAL_6K_V2.4_Model_FP32.tflite,248D9B016488729F_20260411_175500_chunk_012.wav,7200,33,36
7242,7245,Chloris chloris,European Greenfinch,0.5740,248D9B016488729F_20260411_175500.WAV,14,0.0,1.0,0.25,BirdNET_GLOBAL_6K_V2.4_Model_FP32.tflite,248D9B016488729F_20260411_175500_chunk_012.wav,7200,42,45
7248,7251,Chloris chloris,European Greenfinch,0.7621,248D9B016488729F_20260411_175500.WAV,14,0.0,1.0,0.25,BirdNET_GLOBAL_6K_V2.4_Model_FP32.tflite,248D9B016488729F_20260411_175500_chunk_012.wav,7200,48,51
7281,7284,Calidris alpina,Dunlin,0.6269,248D9B016488729F_20260411_175500.WAV,14,0.0,1.0,0.25,BirdNET_GLOBAL_6K_V2.4_Model_FP32.tflite,248D9B016488729F_20260411_175500_chunk_012.wav,7200,81,84
7287,7290,Chloris chloris,European Greenfinch,0.6914,248D9B016488729F_20260411_175500.WAV,14,0.0,1.0,0.25,BirdNET_GLOBAL_6K_V2.4_Model_FP32.tflite,248D9B016488729F_20260411_175500_chunk_012.wav,7200,87,90
7299,7302,Chloris chloris,European Greenfinch,0.5225,248D9B016488729F_20260411_175500.WAV,14,0.0,1.0,0.25,BirdNET_GLOBAL_6K_V2.4_Model_FP32.tflite,248D9B016488729F_20260411_175500_chunk_012.wav,7200,99,102
7305,7308,Troglodytes troglodytes,Eurasian Wren,0.2861,248D9B016488729F_20260411_175500.WAV,14,0.0,1.0,0.25,BirdNET_GLOBAL_6K_V2.4_Model_FP32.tflite,248D9B016488729F_20260411_175500_chunk_012.wav,7200,105,108
7323,7326,Turdus iliacus,Redwing,0.4098,248D9B016488729F_20260411_175500.WAV,14,0.0,1.0,0.25,BirdNET_GLOBAL_6K_V2.4_Model_FP32.tflite,248D9B016488729F_20260411_175500_chunk_012.wav,7200,123,126
7362,7365,Human vocal,Human vocal,0.3911,248D9B016488729F_20260411_175500.WAV,14,0.0,1.0,0.25,BirdNET_GLOBAL_6K_V2.4_Model_FP32.tflite,248D9B016488729F_20260411_175500_chunk_012.wav,7200,162,165
7389,7392,Chloris chloris,European Greenfinch,0.2724,248D9B016488729F_20260411_175500.WAV,14,0.0,1.0,0.25,BirdNET_GLOBAL_6K_V2.4_Model_FP32.tflite,248D9B016488729F_20260411_175500_chunk_012.wav,7200,189,192
7392,7395,Chloris chloris,European Greenfinch,0.5176,248D9B016488729F_20260411_175500.WAV,14,0.0,1.0,0.25,BirdNET_GLOBAL_6K_V2.4_Model_FP32.tflite,248D9B016488729F_20260411_175500_chunk_012.wav,7200,192,195
7401,7404,Chloris chloris,European Greenfinch,0.6775,248D9B016488729F_20260411_175500.WAV,14,0.0,1.0,0.25,BirdNET_GLOBAL_6K_V2.4_Model_FP32.tflite,248D9B016488729F_20260411_175500_chunk_012.wav,7200,201,204
7407,7410,Chloris chloris,European Greenfinch,0.8168,248D9B016488729F_20260411_175500.WAV,14,0.0,1.0,0.25,BirdNET_GLOBAL_6K_V2.4_Model_FP32.tflite,248D9B016488729F_20260411_175500_chunk_012.wav,7200,207,210
7419,7422,Chloris chloris,European Greenfinch,0.5063,248D9B016488729F_20260411_175500.WAV,14,0.0,1.0,0.25,BirdNET_GLOBAL_6K_V2.4_Model_FP32.tflite,248D9B016488729F_20260411_175500_chunk_012.wav,7200,219,222
7434,7437,Chloris chloris,European Greenfinch,0.7796,248D9B016488729F_20260411_175500.WAV,14,0.0,1.0,0.25,BirdNET_GLOBAL_6K_V2.4_Model_FP32.tflite,248D9B016488729F_20260411_175500_chunk_012.wav,7200,234,237
7437,7440,Ixoreus naevius,Varied Thrush,0.5634,248D9B016488729F_20260411_175500.WAV,14,0.0,1.0,0.25,BirdNET_GLOBAL_6K_V2.4_Model_FP32.tflite,248D9B016488729F_20260411_175500_chunk_012.wav,7200,237,240
7449,7452,Catamenia inornata,Plain-colored Seedeater,0.6498,248D9B016488729F_20260411_175500.WAV,14,0.0,1.0,0.25,BirdNET_GLOBAL_6K_V2.4_Model_FP32.tflite,248D9B016488729F_20260411_175500_chunk_012.wav,7200,249,252
7449,7452,Chloris chloris,European Greenfinch,0.2865,248D9B016488729F_20260411_175500.WAV,14,0.0,1.0,0.25,BirdNET_GLOBAL_6K_V2.4_Model_FP32.tflite,248D9B016488729F_20260411_175500_chunk_012.wav,7200,249,252
7458,7461,Chloris chloris,European Greenfinch,0.3209,248D9B016488729F_20260411_175500.WAV,14,0.0,1.0,0.25,BirdNET_GLOBAL_6K_V2.4_Model_FP32.tflite,248D9B016488729F_20260411_175500_chunk_012.wav,7200,258,261
7470,7473,Chloris chloris,European Greenfinch,0.6049,248D9B016488729F_20260411_175500.WAV,14,0.0,1.0,0.25,BirdNET_GLOBAL_6K_V2.4_Model_FP32.tflite,248D9B016488729F_20260411_175500_chunk_012.wav,7200,270,273
7503,7506,Engine,Engine,0.3746,248D9B016488729F_20260411_175500.WAV,14,0.0,1.0,0.25,BirdNET_GLOBAL_6K_V2.4_Model_FP32.tflite,248D9B016488729F_20260411_175500_chunk_012.wav,7200,303,306
7548,7551,Engine,Engine,0.2927,248D9B016488729F_20260411_175500.WAV,14,0.0,1.0,0.25,BirdNET_GLOBAL_6K_V2.4_Model_FP32.tflite,248D9B016488729F_20260411_175500_chunk_012.wav,7200,348,351
7551,7554,Passer domesticus,House Sparrow,0.3316,248D9B016488729F_20260411_175500.WAV,14,0.0,1.0,0.25,BirdNET_GLOBAL_6K_V2.4_Model_FP32.tflite,248D9B016488729F_20260411_175500_chunk_012.wav,7200,351,354
7554,7557,Engine,Engine,0.9726,248D9B016488729F_20260411_175500.WAV,14,0.0,1.0,0.25,BirdNET_GLOBAL_6K_V2.4_Model_FP32.tflite,248D9B016488729F_20260411_175500_chunk_012.wav,7200,354,357
7575,7578,Engine,Engine,0.3367,248D9B016488729F_20260411_175500.WAV,14,0.0,1.0,0.25,BirdNET_GLOBAL_6K_V2.4_Model_FP32.tflite,248D9B016488729F_20260411_175500_chunk_012.wav,7200,375,378
7578,7581,Engine,Engine,0.3075,248D9B016488729F_20260411_175500.WAV,14,0.0,1.0,0.25,BirdNET_GLOBAL_6K_V2.4_Model_FP32.tflite,248D9B016488729F_20260411_175500_chunk_012.wav,7200,378,381
7584,7587,Engine,Engine,0.3442,248D9B016488729F_20260411_175500.WAV,14,0.0,1.0,0.25,BirdNET_GLOBAL_6K_V2.4_Model_FP32.tflite,248D9B016488729F_20260411_175500_chunk_012.wav,7200,384,387
7587,7590,Engine,Engine,0.2694,248D9B016488729F_20260411_175500.WAV,14,0.0,1.0,0.25,BirdNET_GLOBAL_6K_V2.4_Model_FP32.tflite,248D9B016488729F_20260411_175500_chunk_012.wav,7200,387,390
7617,7620,Pica pica,Eurasian Magpie,0.4870,248D9B016488729F_20260411_175500.WAV,14,0.0,1.0,0.25,BirdNET_GLOBAL_6K_V2.4_Model_FP32.tflite,248D9B016488729F_20260411_175500_chunk_012.wav,7200,417,420
7644,7647,Engine,Engine,0.5059,248D9B016488729F_20260411_175500.WAV,14,0.0,1.0,0.25,BirdNET_GLOBAL_6K_V2.4_Model_FP32.tflite,248D9B016488729F_20260411_175500_chunk_012.wav,7200,444,447
7650,7653,Engine,Engine,0.2897,248D9B016488729F_20260411_175500.WAV,14,0.0,1.0,0.25,BirdNET_GLOBAL_6K_V2.4_Model_FP32.tflite,248D9B016488729F_20260411_175500_chunk_012.wav,7200,450,453
7662,7665,Engine,Engine,0.3144,248D9B016488729F_20260411_175500.WAV,14,0.0,1.0,0.25,BirdNET_GLOBAL_6K_V2.4_Model_FP32.tflite,248D9B016488729F_20260411_175500_chunk_012.wav,7200,462,465
7674,7677,Pica hudsonia,Black-billed Magpie,0.3666,248D9B016488729F_20260411_175500.WAV,14,0.0,1.0,0.25,BirdNET_GLOBAL_6K_V2.4_Model_FP32.tflite,248D9B016488729F_20260411_175500_chunk_012.wav,7200,474,477
7695,7698,Engine,Engine,0.6643,248D9B016488729F_20260411_175500.WAV,14,0.0,1.0,0.25,BirdNET_GLOBAL_6K_V2.4_Model_FP32.tflite,248D9B016488729F_20260411_175500_chunk_012.wav,7200,495,498
7698,7701,Engine,Engine,0.4023,248D9B016488729F_20260411_175500.WAV,14,0.0,1.0,0.25,BirdNET_GLOBAL_6K_V2.4_Model_FP32.tflite,248D9B016488729F_20260411_175500_chunk_012.wav,7200,498,501
7701,7704,Engine,Engine,0.3921,248D9B016488729F_20260411_175500.WAV,14,0.0,1.0,0.25,BirdNET_GLOBAL_6K_V2.4_Model_FP32.tflite,248D9B016488729F_20260411_175500_chunk_012.wav,7200,501,504
7704,7707,Engine,Engine,0.9218,248D9B016488729F_20260411_175500.WAV,14,0.0,1.0,0.25,BirdNET_GLOBAL_6K_V2.4_Model_FP32.tflite,248D9B016488729F_20260411_175500_chunk_012.wav,7200,504,507
7713,7716,Turdus philomelos,Song Thrush,0.5432,248D9B016488729F_20260411_175500.WAV,14,0.0,1.0,0.25,BirdNET_GLOBAL_6K_V2.4_Model_FP32.tflite,248D9B016488729F_20260411_175500_chunk_012.wav,7200,513,516
7731,7734,Engine,Engine,0.2591,248D9B016488729F_20260411_175500.WAV,14,0.0,1.0,0.25,BirdNET_GLOBAL_6K_V2.4_Model_FP32.tflite,248D9B016488729F_20260411_175500_chunk_012.wav,7200,531,534
7794,7797,Turdus philomelos,Song Thrush,0.3082,248D9B016488729F_20260411_175500.WAV,14,0.0,1.0,0.25,BirdNET_GLOBAL_6K_V2.4_Model_FP32.tflite,248D9B016488729F_20260411_175500_chunk_012.wav,7200,594,597
7797,7800,Engine,Engine,0.5346,248D9B016488729F_20260411_175500.WAV,14,0.0,1.0,0.25,BirdNET_GLOBAL_6K_V2.4_Model_FP32.tflite,248D9B016488729F_20260411_175500_chunk_012.wav,7200,597,600
7806,7809,Turdus philomelos,Song Thrush,0.8428,248D9B016488729F_20260411_175500.WAV,14,0.0,1.0,0.25,BirdNET_GLOBAL_6K_V2.4_Model_FP32.tflite,248D9B016488729F_20260411_175500_chunk_013.wav,7800,6,9
7827,7830,Erithacus rubecula,European Robin,0.2897,248D9B016488729F_20260411_175500.WAV,14,0.0,1.0,0.25,BirdNET_GLOBAL_6K_V2.4_Model_FP32.tflite,248D9B016488729F_20260411_175500_chunk_013.wav,7800,27,30
7836,7839,Engine,Engine,0.3145,248D9B016488729F_20260411_175500.WAV,14,0.0,1.0,0.25,BirdNET_GLOBAL_6K_V2.4_Model_FP32.tflite,248D9B016488729F_20260411_175500_chunk_013.wav,7800,36,39
7851,7854,Turdus philomelos,Song Thrush,0.3456,248D9B016488729F_20260411_175500.WAV,14,0.0,1.0,0.25,BirdNET_GLOBAL_6K_V2.4_Model_FP32.tflite,248D9B016488729F_20260411_175500_chunk_013.wav,7800,51,54
7854,7857,Turdus philomelos,Song Thrush,0.8353,248D9B016488729F_20260411_175500.WAV,14,0.0,1.0,0.25,BirdNET_GLOBAL_6K_V2.4_Model_FP32.tflite,248D9B016488729F_20260411_175500_chunk_013.wav,7800,54,57
7890,7893,Engine,Engine,0.3713,248D9B016488729F_20260411_175500.WAV,14,0.0,1.0,0.25,BirdNET_GLOBAL_6K_V2.4_Model_FP32.tflite,248D9B016488729F_20260411_175500_chunk_013.wav,7800,90,93
7899,7902,Turdus philomelos,Song Thrush,0.4718,248D9B016488729F_20260411_175500.WAV,14,0.0,1.0,0.25,BirdNET_GLOBAL_6K_V2.4_Model_FP32.tflite,248D9B016488729F_20260411_175500_chunk_013.wav,7800,99,102
7902,7905,Haemorhous purpureus,Purple Finch,0.2503,248D9B016488729F_20260411_175500.WAV,14,0.0,1.0,0.25,BirdNET_GLOBAL_6K_V2.4_Model_FP32.tflite,248D9B016488729F_20260411_175500_chunk_013.wav,7800,102,105
7917,7920,Engine,Engine,0.4605,248D9B016488729F_20260411_175500.WAV,14,0.0,1.0,0.25,BirdNET_GLOBAL_6K_V2.4_Model_FP32.tflite,248D9B016488729F_20260411_175500_chunk_013.wav,7800,117,120
7923,7926,Engine,Engine,0.3282,248D9B016488729F_20260411_175500.WAV,14,0.0,1.0,0.25,BirdNET_GLOBAL_6K_V2.4_Model_FP32.tflite,248D9B016488729F_20260411_175500_chunk_013.wav,7800,123,126
7935,7938,Phylloscopus collybita,Common Chiffchaff,0.5043,248D9B016488729F_20260411_175500.WAV,14,0.0,1.0,0.25,BirdNET_GLOBAL_6K_V2.4_Model_FP32.tflite,248D9B016488729F_20260411_175500_chunk_013.wav,7800,135,138
7944,7947,Phylloscopus collybita,Common Chiffchaff,0.2705,248D9B016488729F_20260411_175500.WAV,14,0.0,1.0,0.25,BirdNET_GLOBAL_6K_V2.4_Model_FP32.tflite,248D9B016488729F_20260411_175500_chunk_013.wav,7800,144,147
7953,7956,Passer domesticus,House Sparrow,0.2692,248D9B016488729F_20260411_175500.WAV,14,0.0,1.0,0.25,BirdNET_GLOBAL_6K_V2.4_Model_FP32.tflite,248D9B016488729F_20260411_175500_chunk_013.wav,7800,153,156
7992,7995,Passer domesticus,House Sparrow,0.2744,248D9B016488729F_20260411_175500.WAV,14,0.0,1.0,0.25,BirdNET_GLOBAL_6K_V2.4_Model_FP32.tflite,248D9B016488729F_20260411_175500_chunk_013.wav,7800,192,195
7998,8001,Larus argentatus,Herring Gull,0.8617,248D9B016488729F_20260411_175500.WAV,14,0.0,1.0,0.25,BirdNET_GLOBAL_6K_V2.4_Model_FP32.tflite,248D9B016488729F_20260411_175500_chunk_013.wav,7800,198,201
8010,8013,Engine,Engine,0.4486,248D9B016488729F_20260411_175500.WAV,14,0.0,1.0,0.25,BirdNET_GLOBAL_6K_V2.4_Model_FP32.tflite,248D9B016488729F_20260411_175500_chunk_013.wav,7800,210,213
8019,8022,Engine,Engine,0.7098,248D9B016488729F_20260411_175500.WAV,14,0.0,1.0,0.25,BirdNET_GLOBAL_6K_V2.4_Model_FP32.tflite,248D9B016488729F_20260411_175500_chunk_013.wav,7800,219,222
8040,8043,Engine,Engine,0.3987,248D9B016488729F_20260411_175500.WAV,14,0.0,1.0,0.25,BirdNET_GLOBAL_6K_V2.4_Model_FP32.tflite,248D9B016488729F_20260411_175500_chunk_013.wav,7800,240,243
8049,8052,Engine,Engine,0.4575,248D9B016488729F_20260411_175500.WAV,14,0.0,1.0,0.25,BirdNET_GLOBAL_6K_V2.4_Model_FP32.tflite,248D9B016488729F_20260411_175500_chunk_013.wav,7800,249,252
8052,8055,Passer domesticus,House Sparrow,0.3730,248D9B016488729F_20260411_175500.WAV,14,0.0,1.0,0.25,BirdNET_GLOBAL_6K_V2.4_Model_FP32.tflite,248D9B016488729F_20260411_175500_chunk_013.wav,7800,252,255
8070,8073,Passer domesticus,House Sparrow,0.3951,248D9B016488729F_20260411_175500.WAV,14,0.0,1.0,0.25,BirdNET_GLOBAL_6K_V2.4_Model_FP32.tflite,248D9B016488729F_20260411_175500_chunk_013.wav,7800,270,273
8079,8082,Phylloscopus collybita,Common Chiffchaff,0.2564,248D9B016488729F_20260411_175500.WAV,14,0.0,1.0,0.25,BirdNET_GLOBAL_6K_V2.4_Model_FP32.tflite,248D9B016488729F_20260411_175500_chunk_013.wav,7800,279,282
8100,8103,Phylloscopus collybita,Common Chiffchaff,0.9165,248D9B016488729F_20260411_175500.WAV,14,0.0,1.0,0.25,BirdNET_GLOBAL_6K_V2.4_Model_FP32.tflite,248D9B016488729F_20260411_175500_chunk_013.wav,7800,300,303
8103,8106,Phylloscopus collybita,Common Chiffchaff,0.2589,248D9B016488729F_20260411_175500.WAV,14,0.0,1.0,0.25,BirdNET_GLOBAL_6K_V2.4_Model_FP32.tflite,248D9B016488729F_20260411_175500_chunk_013.wav,7800,303,306
8109,8112,Phylloscopus collybita,Common Chiffchaff,0.3511,248D9B016488729F_20260411_175500.WAV,14,0.0,1.0,0.25,BirdNET_GLOBAL_6K_V2.4_Model_FP32.tflite,248D9B016488729F_20260411_175500_chunk_013.wav,7800,309,312
8118,8121,Phylloscopus collybita,Common Chiffchaff,0.3927,248D9B016488729F_20260411_175500.WAV,14,0.0,1.0,0.25,BirdNET_GLOBAL_6K_V2.4_Model_FP32.tflite,248D9B016488729F_20260411_175500_chunk_013.wav,7800,318,321
8121,8124,Phylloscopus collybita,Common Chiffchaff,0.9123,248D9B016488729F_20260411_175500.WAV,14,0.0,1.0,0.25,BirdNET_GLOBAL_6K_V2.4_Model_FP32.tflite,248D9B016488729F_20260411_175500_chunk_013.wav,7800,321,324
8124,8127,Passer domesticus,House Sparrow,0.3602,248D9B016488729F_20260411_175500.WAV,14,0.0,1.0,0.25,BirdNET_GLOBAL_6K_V2.4_Model_FP32.tflite,248D9B016488729F_20260411_175500_chunk_013.wav,7800,324,327
8127,8130,Phylloscopus collybita,Common Chiffchaff,0.8804,248D9B016488729F_20260411_175500.WAV,14,0.0,1.0,0.25,BirdNET_GLOBAL_6K_V2.4_Model_FP32.tflite,248D9B016488729F_20260411_175500_chunk_013.wav,7800,327,330
8130,8133,Phylloscopus collybita,Common Chiffchaff,0.4528,248D9B016488729F_20260411_175500.WAV,14,0.0,1.0,0.25,BirdNET_GLOBAL_6K_V2.4_Model_FP32.tflite,248D9B016488729F_20260411_175500_chunk_013.wav,7800,330,333
8130,8133,Phoenicurus phoenicurus,Common Redstart,0.2767,248D9B016488729F_20260411_175500.WAV,14,0.0,1.0,0.25,BirdNET_GLOBAL_6K_V2.4_Model_FP32.tflite,248D9B016488729F_20260411_175500_chunk_013.wav,7800,330,333
8133,8136,Phylloscopus collybita,Common Chiffchaff,0.8336,248D9B016488729F_20260411_175500.WAV,14,0.0,1.0,0.25,BirdNET_GLOBAL_6K_V2.4_Model_FP32.tflite,248D9B016488729F_20260411_175500_chunk_013.wav,7800,333,336
8136,8139,Phylloscopus collybita,Common Chiffchaff,0.4053,248D9B016488729F_20260411_175500.WAV,14,0.0,1.0,0.25,BirdNET_GLOBAL_6K_V2.4_Model_FP32.tflite,248D9B016488729F_20260411_175500_chunk_013.wav,7800,336,339
8160,8163,Engine,Engine,0.2683,248D9B016488729F_20260411_175500.WAV,14,0.0,1.0,0.25,BirdNET_GLOBAL_6K_V2.4_Model_FP32.tflite,248D9B016488729F_20260411_175500_chunk_013.wav,7800,360,363
8178,8181,Engine,Engine,0.4205,248D9B016488729F_20260411_175500.WAV,14,0.0,1.0,0.25,BirdNET_GLOBAL_6K_V2.4_Model_FP32.tflite,248D9B016488729F_20260411_175500_chunk_013.wav,7800,378,381
8184,8187,Engine,Engine,0.2959,248D9B016488729F_20260411_175500.WAV,14,0.0,1.0,0.25,BirdNET_GLOBAL_6K_V2.4_Model_FP32.tflite,248D9B016488729F_20260411_175500_chunk_013.wav,7800,384,387
8187,8190,Engine,Engine,0.6131,248D9B016488729F_20260411_175500.WAV,14,0.0,1.0,0.25,BirdNET_GLOBAL_6K_V2.4_Model_FP32.tflite,248D9B016488729F_20260411_175500_chunk_013.wav,7800,387,390
8208,8211,Passer domesticus,House Sparrow,0.4322,248D9B016488729F_20260411_175500.WAV,14,0.0,1.0,0.25,BirdNET_GLOBAL_6K_V2.4_Model_FP32.tflite,248D9B016488729F_20260411_175500_chunk_013.wav,7800,408,411
8211,8214,Turdus philomelos,Song Thrush,0.6162,248D9B016488729F_20260411_175500.WAV,14,0.0,1.0,0.25,BirdNET_GLOBAL_6K_V2.4_Model_FP32.tflite,248D9B016488729F_20260411_175500_chunk_013.wav,7800,411,414
8226,8229,Turdus philomelos,Song Thrush,0.5569,248D9B016488729F_20260411_175500.WAV,14,0.0,1.0,0.25,BirdNET_GLOBAL_6K_V2.4_Model_FP32.tflite,248D9B016488729F_20260411_175500_chunk_013.wav,7800,426,429
8226,8229,Erithacus rubecula,European Robin,0.4463,248D9B016488729F_20260411_175500.WAV,14,0.0,1.0,0.25,BirdNET_GLOBAL_6K_V2.4_Model_FP32.tflite,248D9B016488729F_20260411_175500_chunk_013.wav,7800,426,429
8232,8235,Engine,Engine,0.3190,248D9B016488729F_20260411_175500.WAV,14,0.0,1.0,0.25,BirdNET_GLOBAL_6K_V2.4_Model_FP32.tflite,248D9B016488729F_20260411_175500_chunk_013.wav,7800,432,435
8244,8247,Turdus philomelos,Song Thrush,0.8978,248D9B016488729F_20260411_175500.WAV,14,0.0,1.0,0.25,BirdNET_GLOBAL_6K_V2.4_Model_FP32.tflite,248D9B016488729F_20260411_175500_chunk_013.wav,7800,444,447
8247,8250,Engine,Engine,0.3079,248D9B016488729F_20260411_175500.WAV,14,0.0,1.0,0.25,BirdNET_GLOBAL_6K_V2.4_Model_FP32.tflite,248D9B016488729F_20260411_175500_chunk_013.wav,7800,447,450
8250,8253,Engine,Engine,0.4750,248D9B016488729F_20260411_175500.WAV,14,0.0,1.0,0.25,BirdNET_GLOBAL_6K_V2.4_Model_FP32.tflite,248D9B016488729F_20260411_175500_chunk_013.wav,7800,450,453
8277,8280,Engine,Engine,0.2643,248D9B016488729F_20260411_175500.WAV,14,0.0,1.0,0.25,BirdNET_GLOBAL_6K_V2.4_Model_FP32.tflite,248D9B016488729F_20260411_175500_chunk_013.wav,7800,477,480
8280,8283,Engine,Engine,0.2726,248D9B016488729F_20260411_175500.WAV,14,0.0,1.0,0.25,BirdNET_GLOBAL_6K_V2.4_Model_FP32.tflite,248D9B016488729F_20260411_175500_chunk_013.wav,7800,480,483
8328,8331,Engine,Engine,0.3537,248D9B016488729F_20260411_175500.WAV,14,0.0,1.0,0.25,BirdNET_GLOBAL_6K_V2.4_Model_FP32.tflite,248D9B016488729F_20260411_175500_chunk_013.wav,7800,528,531
8364,8367,Engine,Engine,0.4153,248D9B016488729F_20260411_175500.WAV,14,0.0,1.0,0.25,BirdNET_GLOBAL_6K_V2.4_Model_FP32.tflite,248D9B016488729F_20260411_175500_chunk_013.wav,7800,564,567
8373,8376,Engine,Engine,0.3179,248D9B016488729F_20260411_175500.WAV,14,0.0,1.0,0.25,BirdNET_GLOBAL_6K_V2.4_Model_FP32.tflite,248D9B016488729F_20260411_175500_chunk_013.wav,7800,573,576
8400,8403,Pluvialis apricaria,European Golden-Plover,0.3542,248D9B016488729F_20260411_175500.WAV,14,0.0,1.0,0.25,BirdNET_GLOBAL_6K_V2.4_Model_FP32.tflite,248D9B016488729F_20260411_175500_chunk_014.wav,8400,0,3
8415,8418,Engine,Engine,0.5687,248D9B016488729F_20260411_175500.WAV,14,0.0,1.0,0.25,BirdNET_GLOBAL_6K_V2.4_Model_FP32.tflite,248D9B016488729F_20260411_175500_chunk_014.wav,8400,15,18
8433,8436,Engine,Engine,0.7615,248D9B016488729F_20260411_175500.WAV,14,0.0,1.0,0.25,BirdNET_GLOBAL_6K_V2.4_Model_FP32.tflite,248D9B016488729F_20260411_175500_chunk_014.wav,8400,33,36
8487,8490,Erithacus rubecula,European Robin,0.3056,248D9B016488729F_20260411_175500.WAV,14,0.0,1.0,0.25,BirdNET_GLOBAL_6K_V2.4_Model_FP32.tflite,248D9B016488729F_20260411_175500_chunk_014.wav,8400,87,90
8541,8544,Pica pica,Eurasian Magpie,0.6733,248D9B016488729F_20260411_175500.WAV,14,0.0,1.0,0.25,BirdNET_GLOBAL_6K_V2.4_Model_FP32.tflite,248D9B016488729F_20260411_175500_chunk_014.wav,8400,141,144
8550,8553,Erithacus rubecula,European Robin,0.4198,248D9B016488729F_20260411_175500.WAV,14,0.0,1.0,0.25,BirdNET_GLOBAL_6K_V2.4_Model_FP32.tflite,248D9B016488729F_20260411_175500_chunk_014.wav,8400,150,153
8559,8562,Pica pica,Eurasian Magpie,0.8327,248D9B016488729F_20260411_175500.WAV,14,0.0,1.0,0.25,BirdNET_GLOBAL_6K_V2.4_Model_FP32.tflite,248D9B016488729F_20260411_175500_chunk_014.wav,8400,159,162
8601,8604,Engine,Engine,0.6955,248D9B016488729F_20260411_175500.WAV,14,0.0,1.0,0.25,BirdNET_GLOBAL_6K_V2.4_Model_FP32.tflite,248D9B016488729F_20260411_175500_chunk_014.wav,8400,201,204
8610,8613,Pica pica,Eurasian Magpie,0.8885,248D9B016488729F_20260411_175500.WAV,14,0.0,1.0,0.25,BirdNET_GLOBAL_6K_V2.4_Model_FP32.tflite,248D9B016488729F_20260411_175500_chunk_014.wav,8400,210,213
8613,8616,Pica pica,Eurasian Magpie,0.8347,248D9B016488729F_20260411_175500.WAV,14,0.0,1.0,0.25,BirdNET_GLOBAL_6K_V2.4_Model_FP32.tflite,248D9B016488729F_20260411_175500_chunk_014.wav,8400,213,216
8616,8619,Engine,Engine,0.8524,248D9B016488729F_20260411_175500.WAV,14,0.0,1.0,0.25,BirdNET_GLOBAL_6K_V2.4_Model_FP32.tflite,248D9B016488729F_20260411_175500_chunk_014.wav,8400,216,219
8619,8622,Engine,Engine,0.5752,248D9B016488729F_20260411_175500.WAV,14,0.0,1.0,0.25,BirdNET_GLOBAL_6K_V2.4_Model_FP32.tflite,248D9B016488729F_20260411_175500_chunk_014.wav,8400,219,222
8622,8625,Pica pica,Eurasian Magpie,0.9347,248D9B016488729F_20260411_175500.WAV,14,0.0,1.0,0.25,BirdNET_GLOBAL_6K_V2.4_Model_FP32.tflite,248D9B016488729F_20260411_175500_chunk_014.wav,8400,222,225
8634,8637,Pica pica,Eurasian Magpie,0.9615,248D9B016488729F_20260411_175500.WAV,14,0.0,1.0,0.25,BirdNET_GLOBAL_6K_V2.4_Model_FP32.tflite,248D9B016488729F_20260411_175500_chunk_014.wav,8400,234,237
8640,8643,Engine,Engine,0.6979,248D9B016488729F_20260411_175500.WAV,14,0.0,1.0,0.25,BirdNET_GLOBAL_6K_V2.4_Model_FP32.tflite,248D9B016488729F_20260411_175500_chunk_014.wav,8400,240,243
8649,8652,Pluvialis apricaria,European Golden-Plover,0.2964,248D9B016488729F_20260411_175500.WAV,14,0.0,1.0,0.25,BirdNET_GLOBAL_6K_V2.4_Model_FP32.tflite,248D9B016488729F_20260411_175500_chunk_014.wav,8400,249,252
8649,8652,Sayornis saya,Say's Phoebe,0.2951,248D9B016488729F_20260411_175500.WAV,14,0.0,1.0,0.25,BirdNET_GLOBAL_6K_V2.4_Model_FP32.tflite,248D9B016488729F_20260411_175500_chunk_014.wav,8400,249,252
8652,8655,Engine,Engine,0.3411,248D9B016488729F_20260411_175500.WAV,14,0.0,1.0,0.25,BirdNET_GLOBAL_6K_V2.4_Model_FP32.tflite,248D9B016488729F_20260411_175500_chunk_014.wav,8400,252,255
8691,8694,Engine,Engine,0.5781,248D9B016488729F_20260411_175500.WAV,14,0.0,1.0,0.25,BirdNET_GLOBAL_6K_V2.4_Model_FP32.tflite,248D9B016488729F_20260411_175500_chunk_014.wav,8400,291,294
8718,8721,Engine,Engine,0.3253,248D9B016488729F_20260411_175500.WAV,14,0.0,1.0,0.25,BirdNET_GLOBAL_6K_V2.4_Model_FP32.tflite,248D9B016488729F_20260411_175500_chunk_014.wav,8400,318,321
8724,8727,Engine,Engine,0.5491,248D9B016488729F_20260411_175500.WAV,14,0.0,1.0,0.25,BirdNET_GLOBAL_6K_V2.4_Model_FP32.tflite,248D9B016488729F_20260411_175500_chunk_014.wav,8400,324,327
8727,8730,Siren,Siren,0.7809,248D9B016488729F_20260411_175500.WAV,14,0.0,1.0,0.25,BirdNET_GLOBAL_6K_V2.4_Model_FP32.tflite,248D9B016488729F_20260411_175500_chunk_014.wav,8400,327,330
8727,8730,Engine,Engine,0.4771,248D9B016488729F_20260411_175500.WAV,14,0.0,1.0,0.25,BirdNET_GLOBAL_6K_V2.4_Model_FP32.tflite,248D9B016488729F_20260411_175500_chunk_014.wav,8400,327,330
8736,8739,Siren,Siren,0.8130,248D9B016488729F_20260411_175500.WAV,14,0.0,1.0,0.25,BirdNET_GLOBAL_6K_V2.4_Model_FP32.tflite,248D9B016488729F_20260411_175500_chunk_014.wav,8400,336,339
8736,8739,Engine,Engine,0.2644,248D9B016488729F_20260411_175500.WAV,14,0.0,1.0,0.25,BirdNET_GLOBAL_6K_V2.4_Model_FP32.tflite,248D9B016488729F_20260411_175500_chunk_014.wav,8400,336,339
8742,8745,Siren,Siren,0.3478,248D9B016488729F_20260411_175500.WAV,14,0.0,1.0,0.25,BirdNET_GLOBAL_6K_V2.4_Model_FP32.tflite,248D9B016488729F_20260411_175500_chunk_014.wav,8400,342,345
8742,8745,Engine,Engine,0.2872,248D9B016488729F_20260411_175500.WAV,14,0.0,1.0,0.25,BirdNET_GLOBAL_6K_V2.4_Model_FP32.tflite,248D9B016488729F_20260411_175500_chunk_014.wav,8400,342,345
8757,8760,Engine,Engine,0.4188,248D9B016488729F_20260411_175500.WAV,14,0.0,1.0,0.25,BirdNET_GLOBAL_6K_V2.4_Model_FP32.tflite,248D9B016488729F_20260411_175500_chunk_014.wav,8400,357,360
8766,8769,Engine,Engine,0.2858,248D9B016488729F_20260411_175500.WAV,14,0.0,1.0,0.25,BirdNET_GLOBAL_6K_V2.4_Model_FP32.tflite,248D9B016488729F_20260411_175500_chunk_014.wav,8400,366,369
8769,8772,Engine,Engine,0.4533,248D9B016488729F_20260411_175500.WAV,14,0.0,1.0,0.25,BirdNET_GLOBAL_6K_V2.4_Model_FP32.tflite,248D9B016488729F_20260411_175500_chunk_014.wav,8400,369,372
8793,8796,Engine,Engine,0.3590,248D9B016488729F_20260411_175500.WAV,14,0.0,1.0,0.25,BirdNET_GLOBAL_6K_V2.4_Model_FP32.tflite,248D9B016488729F_20260411_175500_chunk_014.wav,8400,393,396
8796,8799,Engine,Engine,0.4619,248D9B016488729F_20260411_175500.WAV,14,0.0,1.0,0.25,BirdNET_GLOBAL_6K_V2.4_Model_FP32.tflite,248D9B016488729F_20260411_175500_chunk_014.wav,8400,396,399
8799,8802,Engine,Engine,0.2866,248D9B016488729F_20260411_175500.WAV,14,0.0,1.0,0.25,BirdNET_GLOBAL_6K_V2.4_Model_FP32.tflite,248D9B016488729F_20260411_175500_chunk_014.wav,8400,399,402
8817,8820,Engine,Engine,0.3688,248D9B016488729F_20260411_175500.WAV,14,0.0,1.0,0.25,BirdNET_GLOBAL_6K_V2.4_Model_FP32.tflite,248D9B016488729F_20260411_175500_chunk_014.wav,8400,417,420
8823,8826,Gallinula chloropus,Eurasian Moorhen,0.4317,248D9B016488729F_20260411_175500.WAV,14,0.0,1.0,0.25,BirdNET_GLOBAL_6K_V2.4_Model_FP32.tflite,248D9B016488729F_20260411_175500_chunk_014.wav,8400,423,426
8829,8832,Engine,Engine,0.5262,248D9B016488729F_20260411_175500.WAV,14,0.0,1.0,0.25,BirdNET_GLOBAL_6K_V2.4_Model_FP32.tflite,248D9B016488729F_20260411_175500_chunk_014.wav,8400,429,432
8856,8859,Zonotrichia leucophrys,White-crowned Sparrow,0.2529,248D9B016488729F_20260411_175500.WAV,14,0.0,1.0,0.25,BirdNET_GLOBAL_6K_V2.4_Model_FP32.tflite,248D9B016488729F_20260411_175500_chunk_014.wav,8400,456,459
8868,8871,Engine,Engine,0.4541,248D9B016488729F_20260411_175500.WAV,14,0.0,1.0,0.25,BirdNET_GLOBAL_6K_V2.4_Model_FP32.tflite,248D9B016488729F_20260411_175500_chunk_014.wav,8400,468,471
8868,8871,Human vocal,Human vocal,0.2841,248D9B016488729F_20260411_175500.WAV,14,0.0,1.0,0.25,BirdNET_GLOBAL_6K_V2.4_Model_FP32.tflite,248D9B016488729F_20260411_175500_chunk_014.wav,8400,468,471
8871,8874,Engine,Engine,0.6575,248D9B016488729F_20260411_175500.WAV,14,0.0,1.0,0.25,BirdNET_GLOBAL_6K_V2.4_Model_FP32.tflite,248D9B016488729F_20260411_175500_chunk_014.wav,8400,471,474
8871,8874,Tympanuchus cupido,Greater Prairie-Chicken,0.2887,248D9B016488729F_20260411_175500.WAV,14,0.0,1.0,0.25,BirdNET_GLOBAL_6K_V2.4_Model_FP32.tflite,248D9B016488729F_20260411_175500_chunk_014.wav,8400,471,474
8874,8877,Engine,Engine,0.3334,248D9B016488729F_20260411_175500.WAV,14,0.0,1.0,0.25,BirdNET_GLOBAL_6K_V2.4_Model_FP32.tflite,248D9B016488729F_20260411_175500_chunk_014.wav,8400,474,477
8886,8889,Engine,Engine,0.5337,248D9B016488729F_20260411_175500.WAV,14,0.0,1.0,0.25,BirdNET_GLOBAL_6K_V2.4_Model_FP32.tflite,248D9B016488729F_20260411_175500_chunk_014.wav,8400,486,489
8895,8898,Engine,Engine,0.3330,248D9B016488729F_20260411_175500.WAV,14,0.0,1.0,0.25,BirdNET_GLOBAL_6K_V2.4_Model_FP32.tflite,248D9B016488729F_20260411_175500_chunk_014.wav,8400,495,498
8898,8901,Engine,Engine,0.3429,248D9B016488729F_20260411_175500.WAV,14,0.0,1.0,0.25,BirdNET_GLOBAL_6K_V2.4_Model_FP32.tflite,248D9B016488729F_20260411_175500_chunk_014.wav,8400,498,501
8919,8922,Engine,Engine,0.3294,248D9B016488729F_20260411_175500.WAV,14,0.0,1.0,0.25,BirdNET_GLOBAL_6K_V2.4_Model_FP32.tflite,248D9B016488729F_20260411_175500_chunk_014.wav,8400,519,522
8928,8931,Engine,Engine,0.4271,248D9B016488729F_20260411_175500.WAV,14,0.0,1.0,0.25,BirdNET_GLOBAL_6K_V2.4_Model_FP32.tflite,248D9B016488729F_20260411_175500_chunk_014.wav,8400,528,531
8946,8949,Turdus iliacus,Redwing,0.8255,248D9B016488729F_20260411_175500.WAV,14,0.0,1.0,0.25,BirdNET_GLOBAL_6K_V2.4_Model_FP32.tflite,248D9B016488729F_20260411_175500_chunk_014.wav,8400,546,549
8970,8973,Engine,Engine,0.2647,248D9B016488729F_20260411_175500.WAV,14,0.0,1.0,0.25,BirdNET_GLOBAL_6K_V2.4_Model_FP32.tflite,248D9B016488729F_20260411_175500_chunk_014.wav,8400,570,573
8976,8979,Engine,Engine,0.2784,248D9B016488729F_20260411_175500.WAV,14,0.0,1.0,0.25,BirdNET_GLOBAL_6K_V2.4_Model_FP32.tflite,248D9B016488729F_20260411_175500_chunk_014.wav,8400,576,579
8994,8997,Turdus iliacus,Redwing,0.3747,248D9B016488729F_20260411_175500.WAV,14,0.0,1.0,0.25,BirdNET_GLOBAL_6K_V2.4_Model_FP32.tflite,248D9B016488729F_20260411_175500_chunk_014.wav,8400,594,597
8997,8999.98,Engine,Engine,0.3007,248D9B016488729F_20260411_175500.WAV,14,0.0,1.0,0.25,BirdNET_GLOBAL_6K_V2.4_Model_FP32.tflite,248D9B016488729F_20260411_175500_chunk_014.wav,8400,597,599.98
9018,9021,Erithacus rubecula,European Robin,0.2897,248D9B016488729F_20260411_175500.WAV,14,0.0,1.0,0.25,BirdNET_GLOBAL_6K_V2.4_Model_FP32.tflite,248D9B016488729F_20260411_175500_chunk_015.wav,9000,18,21
9039,9042,Engine,Engine,0.5200,248D9B016488729F_20260411_175500.WAV,14,0.0,1.0,0.25,BirdNET_GLOBAL_6K_V2.4_Model_FP32.tflite,248D9B016488729F_20260411_175500_chunk_015.wav,9000,39,42
9042,9045,Turdus iliacus,Redwing,0.6934,248D9B016488729F_20260411_175500.WAV,14,0.0,1.0,0.25,BirdNET_GLOBAL_6K_V2.4_Model_FP32.tflite,248D9B016488729F_20260411_175500_chunk_015.wav,9000,42,45
9042,9045,Engine,Engine,0.2817,248D9B016488729F_20260411_175500.WAV,14,0.0,1.0,0.25,BirdNET_GLOBAL_6K_V2.4_Model_FP32.tflite,248D9B016488729F_20260411_175500_chunk_015.wav,9000,42,45
9045,9048,Engine,Engine,0.6063,248D9B016488729F_20260411_175500.WAV,14,0.0,1.0,0.25,BirdNET_GLOBAL_6K_V2.4_Model_FP32.tflite,248D9B016488729F_20260411_175500_chunk_015.wav,9000,45,48
9048,9051,Engine,Engine,0.2624,248D9B016488729F_20260411_175500.WAV,14,0.0,1.0,0.25,BirdNET_GLOBAL_6K_V2.4_Model_FP32.tflite,248D9B016488729F_20260411_175500_chunk_015.wav,9000,48,51
9075,9078,Turdus iliacus,Redwing,0.2773,248D9B016488729F_20260411_175500.WAV,14,0.0,1.0,0.25,BirdNET_GLOBAL_6K_V2.4_Model_FP32.tflite,248D9B016488729F_20260411_175500_chunk_015.wav,9000,75,78
9090,9093,Turdus iliacus,Redwing,0.7217,248D9B016488729F_20260411_175500.WAV,14,0.0,1.0,0.25,BirdNET_GLOBAL_6K_V2.4_Model_FP32.tflite,248D9B016488729F_20260411_175500_chunk_015.wav,9000,90,93
9093,9096,Erithacus rubecula,European Robin,0.3222,248D9B016488729F_20260411_175500.WAV,14,0.0,1.0,0.25,BirdNET_GLOBAL_6K_V2.4_Model_FP32.tflite,248D9B016488729F_20260411_175500_chunk_015.wav,9000,93,96
9093,9096,Turdus iliacus,Redwing,0.3091,248D9B016488729F_20260411_175500.WAV,14,0.0,1.0,0.25,BirdNET_GLOBAL_6K_V2.4_Model_FP32.tflite,248D9B016488729F_20260411_175500_chunk_015.wav,9000,93,96
9111,9114,Larus argentatus,Herring Gull,0.7141,248D9B016488729F_20260411_175500.WAV,14,0.0,1.0,0.25,BirdNET_GLOBAL_6K_V2.4_Model_FP32.tflite,248D9B016488729F_20260411_175500_chunk_015.wav,9000,111,114
9117,9120,Larus argentatus,Herring Gull,0.8471,248D9B016488729F_20260411_175500.WAV,14,0.0,1.0,0.25,BirdNET_GLOBAL_6K_V2.4_Model_FP32.tflite,248D9B016488729F_20260411_175500_chunk_015.wav,9000,117,120
9120,9123,Larus argentatus,Herring Gull,0.3983,248D9B016488729F_20260411_175500.WAV,14,0.0,1.0,0.25,BirdNET_GLOBAL_6K_V2.4_Model_FP32.tflite,248D9B016488729F_20260411_175500_chunk_015.wav,9000,120,123
9123,9126,Larus argentatus,Herring Gull,0.5525,248D9B016488729F_20260411_175500.WAV,14,0.0,1.0,0.25,BirdNET_GLOBAL_6K_V2.4_Model_FP32.tflite,248D9B016488729F_20260411_175500_chunk_015.wav,9000,123,126
9123,9126,Larus michahellis,Yellow-legged Gull,0.3329,248D9B016488729F_20260411_175500.WAV,14,0.0,1.0,0.25,BirdNET_GLOBAL_6K_V2.4_Model_FP32.tflite,248D9B016488729F_20260411_175500_chunk_015.wav,9000,123,126
9129,9132,Engine,Engine,0.3602,248D9B016488729F_20260411_175500.WAV,14,0.0,1.0,0.25,BirdNET_GLOBAL_6K_V2.4_Model_FP32.tflite,248D9B016488729F_20260411_175500_chunk_015.wav,9000,129,132
9132,9135,Engine,Engine,0.4318,248D9B016488729F_20260411_175500.WAV,14,0.0,1.0,0.25,BirdNET_GLOBAL_6K_V2.4_Model_FP32.tflite,248D9B016488729F_20260411_175500_chunk_015.wav,9000,132,135
9135,9138,Engine,Engine,0.6635,248D9B016488729F_20260411_175500.WAV,14,0.0,1.0,0.25,BirdNET_GLOBAL_6K_V2.4_Model_FP32.tflite,248D9B016488729F_20260411_175500_chunk_015.wav,9000,135,138
9138,9141,Engine,Engine,0.3298,248D9B016488729F_20260411_175500.WAV,14,0.0,1.0,0.25,BirdNET_GLOBAL_6K_V2.4_Model_FP32.tflite,248D9B016488729F_20260411_175500_chunk_015.wav,9000,138,141
9150,9153,Engine,Engine,0.2560,248D9B016488729F_20260411_175500.WAV,14,0.0,1.0,0.25,BirdNET_GLOBAL_6K_V2.4_Model_FP32.tflite,248D9B016488729F_20260411_175500_chunk_015.wav,9000,150,153
9168,9171,Engine,Engine,0.3129,248D9B016488729F_20260411_175500.WAV,14,0.0,1.0,0.25,BirdNET_GLOBAL_6K_V2.4_Model_FP32.tflite,248D9B016488729F_20260411_175500_chunk_015.wav,9000,168,171
9177,9180,Engine,Engine,0.2598,248D9B016488729F_20260411_175500.WAV,14,0.0,1.0,0.25,BirdNET_GLOBAL_6K_V2.4_Model_FP32.tflite,248D9B016488729F_20260411_175500_chunk_015.wav,9000,177,180
9183,9186,Engine,Engine,0.4288,248D9B016488729F_20260411_175500.WAV,14,0.0,1.0,0.25,BirdNET_GLOBAL_6K_V2.4_Model_FP32.tflite,248D9B016488729F_20260411_175500_chunk_015.wav,9000,183,186
9186,9189,Engine,Engine,0.3080,248D9B016488729F_20260411_175500.WAV,14,0.0,1.0,0.25,BirdNET_GLOBAL_6K_V2.4_Model_FP32.tflite,248D9B016488729F_20260411_175500_chunk_015.wav,9000,186,189
9189,9192,Engine,Engine,0.3876,248D9B016488729F_20260411_175500.WAV,14,0.0,1.0,0.25,BirdNET_GLOBAL_6K_V2.4_Model_FP32.tflite,248D9B016488729F_20260411_175500_chunk_015.wav,9000,189,192
9195,9198,Engine,Engine,0.2849,248D9B016488729F_20260411_175500.WAV,14,0.0,1.0,0.25,BirdNET_GLOBAL_6K_V2.4_Model_FP32.tflite,248D9B016488729F_20260411_175500_chunk_015.wav,9000,195,198
9282,9285,Engine,Engine,0.6534,248D9B016488729F_20260411_175500.WAV,14,0.0,1.0,0.25,BirdNET_GLOBAL_6K_V2.4_Model_FP32.tflite,248D9B016488729F_20260411_175500_chunk_015.wav,9000,282,285
9291,9294,Engine,Engine,0.4496,248D9B016488729F_20260411_175500.WAV,14,0.0,1.0,0.25,BirdNET_GLOBAL_6K_V2.4_Model_FP32.tflite,248D9B016488729F_20260411_175500_chunk_015.wav,9000,291,294
9306,9309,Engine,Engine,0.4500,248D9B016488729F_20260411_175500.WAV,14,0.0,1.0,0.25,BirdNET_GLOBAL_6K_V2.4_Model_FP32.tflite,248D9B016488729F_20260411_175500_chunk_015.wav,9000,306,309
9324,9327,Turdus merula,Eurasian Blackbird,0.4119,248D9B016488729F_20260411_175500.WAV,14,0.0,1.0,0.25,BirdNET_GLOBAL_6K_V2.4_Model_FP32.tflite,248D9B016488729F_20260411_175500_chunk_015.wav,9000,324,327
9327,9330,Engine,Engine,0.2540,248D9B016488729F_20260411_175500.WAV,14,0.0,1.0,0.25,BirdNET_GLOBAL_6K_V2.4_Model_FP32.tflite,248D9B016488729F_20260411_175500_chunk_015.wav,9000,327,330
9345,9348,Engine,Engine,0.3326,248D9B016488729F_20260411_175500.WAV,14,0.0,1.0,0.25,BirdNET_GLOBAL_6K_V2.4_Model_FP32.tflite,248D9B016488729F_20260411_175500_chunk_015.wav,9000,345,348
9348,9351,Engine,Engine,0.3192,248D9B016488729F_20260411_175500.WAV,14,0.0,1.0,0.25,BirdNET_GLOBAL_6K_V2.4_Model_FP32.tflite,248D9B016488729F_20260411_175500_chunk_015.wav,9000,348,351
9351,9354,Engine,Engine,0.6975,248D9B016488729F_20260411_175500.WAV,14,0.0,1.0,0.25,BirdNET_GLOBAL_6K_V2.4_Model_FP32.tflite,248D9B016488729F_20260411_175500_chunk_015.wav,9000,351,354
9354,9357,Engine,Engine,0.7394,248D9B016488729F_20260411_175500.WAV,14,0.0,1.0,0.25,BirdNET_GLOBAL_6K_V2.4_Model_FP32.tflite,248D9B016488729F_20260411_175500_chunk_015.wav,9000,354,357
9357,9360,Engine,Engine,0.9158,248D9B016488729F_20260411_175500.WAV,14,0.0,1.0,0.25,BirdNET_GLOBAL_6K_V2.4_Model_FP32.tflite,248D9B016488729F_20260411_175500_chunk_015.wav,9000,357,360
9360,9363,Engine,Engine,0.4007,248D9B016488729F_20260411_175500.WAV,14,0.0,1.0,0.25,BirdNET_GLOBAL_6K_V2.4_Model_FP32.tflite,248D9B016488729F_20260411_175500_chunk_015.wav,9000,360,363
9363,9366,Engine,Engine,0.4743,248D9B016488729F_20260411_175500.WAV,14,0.0,1.0,0.25,BirdNET_GLOBAL_6K_V2.4_Model_FP32.tflite,248D9B016488729F_20260411_175500_chunk_015.wav,9000,363,366
9366,9369,Engine,Engine,0.2925,248D9B016488729F_20260411_175500.WAV,14,0.0,1.0,0.25,BirdNET_GLOBAL_6K_V2.4_Model_FP32.tflite,248D9B016488729F_20260411_175500_chunk_015.wav,9000,366,369
9372,9375,Engine,Engine,0.4664,248D9B016488729F_20260411_175500.WAV,14,0.0,1.0,0.25,BirdNET_GLOBAL_6K_V2.4_Model_FP32.tflite,248D9B016488729F_20260411_175500_chunk_015.wav,9000,372,375
9372,9375,Corvus corone,Carrion Crow,0.3911,248D9B016488729F_20260411_175500.WAV,14,0.0,1.0,0.25,BirdNET_GLOBAL_6K_V2.4_Model_FP32.tflite,248D9B016488729F_20260411_175500_chunk_015.wav,9000,372,375
9375,9378,Engine,Engine,0.7324,248D9B016488729F_20260411_175500.WAV,14,0.0,1.0,0.25,BirdNET_GLOBAL_6K_V2.4_Model_FP32.tflite,248D9B016488729F_20260411_175500_chunk_015.wav,9000,375,378
9378,9381,Engine,Engine,0.7349,248D9B016488729F_20260411_175500.WAV,14,0.0,1.0,0.25,BirdNET_GLOBAL_6K_V2.4_Model_FP32.tflite,248D9B016488729F_20260411_175500_chunk_015.wav,9000,378,381
9381,9384,Engine,Engine,0.5628,248D9B016488729F_20260411_175500.WAV,14,0.0,1.0,0.25,BirdNET_GLOBAL_6K_V2.4_Model_FP32.tflite,248D9B016488729F_20260411_175500_chunk_015.wav,9000,381,384
9432,9435,Engine,Engine,0.2906,248D9B016488729F_20260411_175500.WAV,14,0.0,1.0,0.25,BirdNET_GLOBAL_6K_V2.4_Model_FP32.tflite,248D9B016488729F_20260411_175500_chunk_015.wav,9000,432,435
9453,9456,Engine,Engine,0.3841,248D9B016488729F_20260411_175500.WAV,14,0.0,1.0,0.25,BirdNET_GLOBAL_6K_V2.4_Model_FP32.tflite,248D9B016488729F_20260411_175500_chunk_015.wav,9000,453,456
9465,9468,Engine,Engine,0.4349,248D9B016488729F_20260411_175500.WAV,14,0.0,1.0,0.25,BirdNET_GLOBAL_6K_V2.4_Model_FP32.tflite,248D9B016488729F_20260411_175500_chunk_015.wav,9000,465,468
9468,9471,Engine,Engine,0.2527,248D9B016488729F_20260411_175500.WAV,14,0.0,1.0,0.25,BirdNET_GLOBAL_6K_V2.4_Model_FP32.tflite,248D9B016488729F_20260411_175500_chunk_015.wav,9000,468,471
9471,9474,Engine,Engine,0.2835,248D9B016488729F_20260411_175500.WAV,14,0.0,1.0,0.25,BirdNET_GLOBAL_6K_V2.4_Model_FP32.tflite,248D9B016488729F_20260411_175500_chunk_015.wav,9000,471,474
9477,9480,Engine,Engine,0.2937,248D9B016488729F_20260411_175500.WAV,14,0.0,1.0,0.25,BirdNET_GLOBAL_6K_V2.4_Model_FP32.tflite,248D9B016488729F_20260411_175500_chunk_015.wav,9000,477,480
9498,9501,Engine,Engine,0.3364,248D9B016488729F_20260411_175500.WAV,14,0.0,1.0,0.25,BirdNET_GLOBAL_6K_V2.4_Model_FP32.tflite,248D9B016488729F_20260411_175500_chunk_015.wav,9000,498,501
9501,9504,Engine,Engine,0.5812,248D9B016488729F_20260411_175500.WAV,14,0.0,1.0,0.25,BirdNET_GLOBAL_6K_V2.4_Model_FP32.tflite,248D9B016488729F_20260411_175500_chunk_015.wav,9000,501,504
9507,9510,Engine,Engine,0.4285,248D9B016488729F_20260411_175500.WAV,14,0.0,1.0,0.25,BirdNET_GLOBAL_6K_V2.4_Model_FP32.tflite,248D9B016488729F_20260411_175500_chunk_015.wav,9000,507,510
9546,9549,Scolopax minor,American Woodcock,0.7039,248D9B016488729F_20260411_175500.WAV,14,0.0,1.0,0.25,BirdNET_GLOBAL_6K_V2.4_Model_FP32.tflite,248D9B016488729F_20260411_175500_chunk_015.wav,9000,546,549
9576,9579,Branta canadensis,Canada Goose,0.9251,248D9B016488729F_20260411_175500.WAV,14,0.0,1.0,0.25,BirdNET_GLOBAL_6K_V2.4_Model_FP32.tflite,248D9B016488729F_20260411_175500_chunk_015.wav,9000,576,579
9579,9582,Branta canadensis,Canada Goose,0.8063,248D9B016488729F_20260411_175500.WAV,14,0.0,1.0,0.25,BirdNET_GLOBAL_6K_V2.4_Model_FP32.tflite,248D9B016488729F_20260411_175500_chunk_015.wav,9000,579,582
9582,9585,Branta canadensis,Canada Goose,0.3391,248D9B016488729F_20260411_175500.WAV,14,0.0,1.0,0.25,BirdNET_GLOBAL_6K_V2.4_Model_FP32.tflite,248D9B016488729F_20260411_175500_chunk_015.wav,9000,582,585
9588,9591,Engine,Engine,0.4380,248D9B016488729F_20260411_175500.WAV,14,0.0,1.0,0.25,BirdNET_GLOBAL_6K_V2.4_Model_FP32.tflite,248D9B016488729F_20260411_175500_chunk_015.wav,9000,588,591
9591,9594,Engine,Engine,0.5939,248D9B016488729F_20260411_175500.WAV,14,0.0,1.0,0.25,BirdNET_GLOBAL_6K_V2.4_Model_FP32.tflite,248D9B016488729F_20260411_175500_chunk_015.wav,9000,591,594
9594,9597,Engine,Engine,0.7964,248D9B016488729F_20260411_175500.WAV,14,0.0,1.0,0.25,BirdNET_GLOBAL_6K_V2.4_Model_FP32.tflite,248D9B016488729F_20260411_175500_chunk_015.wav,9000,594,597
9597,9599.98,Engine,Engine,0.6227,248D9B016488729F_20260411_175500.WAV,14,0.0,1.0,0.25,BirdNET_GLOBAL_6K_V2.4_Model_FP32.tflite,248D9B016488729F_20260411_175500_chunk_015.wav,9000,597,599.98
9609,9612,Engine,Engine,0.5089,248D9B016488729F_20260411_175500.WAV,14,0.0,1.0,0.25,BirdNET_GLOBAL_6K_V2.4_Model_FP32.tflite,248D9B016488729F_20260411_175500_chunk_016.wav,9600,9,12
9612,9615,Engine,Engine,0.2607,248D9B016488729F_20260411_175500.WAV,14,0.0,1.0,0.25,BirdNET_GLOBAL_6K_V2.4_Model_FP32.tflite,248D9B016488729F_20260411_175500_chunk_016.wav,9600,12,15
9615,9618,Engine,Engine,0.4436,248D9B016488729F_20260411_175500.WAV,14,0.0,1.0,0.25,BirdNET_GLOBAL_6K_V2.4_Model_FP32.tflite,248D9B016488729F_20260411_175500_chunk_016.wav,9600,15,18
9618,9621,Engine,Engine,0.4124,248D9B016488729F_20260411_175500.WAV,14,0.0,1.0,0.25,BirdNET_GLOBAL_6K_V2.4_Model_FP32.tflite,248D9B016488729F_20260411_175500_chunk_016.wav,9600,18,21
9624,9627,Engine,Engine,0.6529,248D9B016488729F_20260411_175500.WAV,14,0.0,1.0,0.25,BirdNET_GLOBAL_6K_V2.4_Model_FP32.tflite,248D9B016488729F_20260411_175500_chunk_016.wav,9600,24,27
9627,9630,Engine,Engine,0.3658,248D9B016488729F_20260411_175500.WAV,14,0.0,1.0,0.25,BirdNET_GLOBAL_6K_V2.4_Model_FP32.tflite,248D9B016488729F_20260411_175500_chunk_016.wav,9600,27,30
9630,9633,Engine,Engine,0.2578,248D9B016488729F_20260411_175500.WAV,14,0.0,1.0,0.25,BirdNET_GLOBAL_6K_V2.4_Model_FP32.tflite,248D9B016488729F_20260411_175500_chunk_016.wav,9600,30,33
9633,9636,Engine,Engine,0.3428,248D9B016488729F_20260411_175500.WAV,14,0.0,1.0,0.25,BirdNET_GLOBAL_6K_V2.4_Model_FP32.tflite,248D9B016488729F_20260411_175500_chunk_016.wav,9600,33,36
9642,9645,Engine,Engine,0.4435,248D9B016488729F_20260411_175500.WAV,14,0.0,1.0,0.25,BirdNET_GLOBAL_6K_V2.4_Model_FP32.tflite,248D9B016488729F_20260411_175500_chunk_016.wav,9600,42,45
9657,9660,Engine,Engine,0.2925,248D9B016488729F_20260411_175500.WAV,14,0.0,1.0,0.25,BirdNET_GLOBAL_6K_V2.4_Model_FP32.tflite,248D9B016488729F_20260411_175500_chunk_016.wav,9600,57,60
9660,9663,Engine,Engine,0.3755,248D9B016488729F_20260411_175500.WAV,14,0.0,1.0,0.25,BirdNET_GLOBAL_6K_V2.4_Model_FP32.tflite,248D9B016488729F_20260411_175500_chunk_016.wav,9600,60,63
9672,9675,Pluvialis apricaria,European Golden-Plover,0.3021,248D9B016488729F_20260411_175500.WAV,14,0.0,1.0,0.25,BirdNET_GLOBAL_6K_V2.4_Model_FP32.tflite,248D9B016488729F_20260411_175500_chunk_016.wav,9600,72,75
9675,9678,Emberiza hortulana,Ortolan Bunting,0.2694,248D9B016488729F_20260411_175500.WAV,14,0.0,1.0,0.25,BirdNET_GLOBAL_6K_V2.4_Model_FP32.tflite,248D9B016488729F_20260411_175500_chunk_016.wav,9600,75,78
9693,9696,Pluvialis apricaria,European Golden-Plover,0.4984,248D9B016488729F_20260411_175500.WAV,14,0.0,1.0,0.25,BirdNET_GLOBAL_6K_V2.4_Model_FP32.tflite,248D9B016488729F_20260411_175500_chunk_016.wav,9600,93,96
9696,9699,Engine,Engine,0.4479,248D9B016488729F_20260411_175500.WAV,14,0.0,1.0,0.25,BirdNET_GLOBAL_6K_V2.4_Model_FP32.tflite,248D9B016488729F_20260411_175500_chunk_016.wav,9600,96,99
9717,9720,Engine,Engine,0.3646,248D9B016488729F_20260411_175500.WAV,14,0.0,1.0,0.25,BirdNET_GLOBAL_6K_V2.4_Model_FP32.tflite,248D9B016488729F_20260411_175500_chunk_016.wav,9600,117,120
9720,9723,Engine,Engine,0.3250,248D9B016488729F_20260411_175500.WAV,14,0.0,1.0,0.25,BirdNET_GLOBAL_6K_V2.4_Model_FP32.tflite,248D9B016488729F_20260411_175500_chunk_016.wav,9600,120,123
9729,9732,Engine,Engine,0.5206,248D9B016488729F_20260411_175500.WAV,14,0.0,1.0,0.25,BirdNET_GLOBAL_6K_V2.4_Model_FP32.tflite,248D9B016488729F_20260411_175500_chunk_016.wav,9600,129,132
9732,9735,Engine,Engine,0.6965,248D9B016488729F_20260411_175500.WAV,14,0.0,1.0,0.25,BirdNET_GLOBAL_6K_V2.4_Model_FP32.tflite,248D9B016488729F_20260411_175500_chunk_016.wav,9600,132,135
9744,9747,Engine,Engine,0.4344,248D9B016488729F_20260411_175500.WAV,14,0.0,1.0,0.25,BirdNET_GLOBAL_6K_V2.4_Model_FP32.tflite,248D9B016488729F_20260411_175500_chunk_016.wav,9600,144,147
9750,9753,Sayornis saya,Say's Phoebe,0.3694,248D9B016488729F_20260411_175500.WAV,14,0.0,1.0,0.25,BirdNET_GLOBAL_6K_V2.4_Model_FP32.tflite,248D9B016488729F_20260411_175500_chunk_016.wav,9600,150,153
9750,9753,Buteo lineatus,Red-shouldered Hawk,0.3159,248D9B016488729F_20260411_175500.WAV,14,0.0,1.0,0.25,BirdNET_GLOBAL_6K_V2.4_Model_FP32.tflite,248D9B016488729F_20260411_175500_chunk_016.wav,9600,150,153
9753,9756,Engine,Engine,0.4081,248D9B016488729F_20260411_175500.WAV,14,0.0,1.0,0.25,BirdNET_GLOBAL_6K_V2.4_Model_FP32.tflite,248D9B016488729F_20260411_175500_chunk_016.wav,9600,153,156
9756,9759,Pyrrhula pyrrhula,Eurasian Bullfinch,0.7272,248D9B016488729F_20260411_175500.WAV,14,0.0,1.0,0.25,BirdNET_GLOBAL_6K_V2.4_Model_FP32.tflite,248D9B016488729F_20260411_175500_chunk_016.wav,9600,156,159
9768,9771,Engine,Engine,0.4255,248D9B016488729F_20260411_175500.WAV,14,0.0,1.0,0.25,BirdNET_GLOBAL_6K_V2.4_Model_FP32.tflite,248D9B016488729F_20260411_175500_chunk_016.wav,9600,168,171
9810,9813,Engine,Engine,0.6644,248D9B016488729F_20260411_175500.WAV,14,0.0,1.0,0.25,BirdNET_GLOBAL_6K_V2.4_Model_FP32.tflite,248D9B016488729F_20260411_175500_chunk_016.wav,9600,210,213
9822,9825,Haemorhous purpureus,Purple Finch,0.4701,248D9B016488729F_20260411_175500.WAV,14,0.0,1.0,0.25,BirdNET_GLOBAL_6K_V2.4_Model_FP32.tflite,248D9B016488729F_20260411_175500_chunk_016.wav,9600,222,225
9831,9834,Cyanistes caeruleus,Eurasian Blue Tit,0.4354,248D9B016488729F_20260411_175500.WAV,14,0.0,1.0,0.25,BirdNET_GLOBAL_6K_V2.4_Model_FP32.tflite,248D9B016488729F_20260411_175500_chunk_016.wav,9600,231,234
9831,9834,Emberiza citrinella,Yellowhammer,0.3894,248D9B016488729F_20260411_175500.WAV,14,0.0,1.0,0.25,BirdNET_GLOBAL_6K_V2.4_Model_FP32.tflite,248D9B016488729F_20260411_175500_chunk_016.wav,9600,231,234
9849,9852,Turdus merula,Eurasian Blackbird,0.8274,248D9B016488729F_20260411_175500.WAV,14,0.0,1.0,0.25,BirdNET_GLOBAL_6K_V2.4_Model_FP32.tflite,248D9B016488729F_20260411_175500_chunk_016.wav,9600,249,252
9930,9933,Engine,Engine,0.3661,248D9B016488729F_20260411_175500.WAV,14,0.0,1.0,0.25,BirdNET_GLOBAL_6K_V2.4_Model_FP32.tflite,248D9B016488729F_20260411_175500_chunk_016.wav,9600,330,333
9933,9936,Engine,Engine,0.4243,248D9B016488729F_20260411_175500.WAV,14,0.0,1.0,0.25,BirdNET_GLOBAL_6K_V2.4_Model_FP32.tflite,248D9B016488729F_20260411_175500_chunk_016.wav,9600,333,336
9936,9939,Engine,Engine,0.5804,248D9B016488729F_20260411_175500.WAV,14,0.0,1.0,0.25,BirdNET_GLOBAL_6K_V2.4_Model_FP32.tflite,248D9B016488729F_20260411_175500_chunk_016.wav,9600,336,339
9939,9942,Prunella modularis,Dunnock,0.4123,248D9B016488729F_20260411_175500.WAV,14,0.0,1.0,0.25,BirdNET_GLOBAL_6K_V2.4_Model_FP32.tflite,248D9B016488729F_20260411_175500_chunk_016.wav,9600,339,342
9942,9945,Engine,Engine,0.4086,248D9B016488729F_20260411_175500.WAV,14,0.0,1.0,0.25,BirdNET_GLOBAL_6K_V2.4_Model_FP32.tflite,248D9B016488729F_20260411_175500_chunk_016.wav,9600,342,345
9954,9957,Engine,Engine,0.2713,248D9B016488729F_20260411_175500.WAV,14,0.0,1.0,0.25,BirdNET_GLOBAL_6K_V2.4_Model_FP32.tflite,248D9B016488729F_20260411_175500_chunk_016.wav,9600,354,357
9993,9996,Engine,Engine,0.2757,248D9B016488729F_20260411_175500.WAV,14,0.0,1.0,0.25,BirdNET_GLOBAL_6K_V2.4_Model_FP32.tflite,248D9B016488729F_20260411_175500_chunk_016.wav,9600,393,396
10011,10014,Engine,Engine,0.3735,248D9B016488729F_20260411_175500.WAV,14,0.0,1.0,0.25,BirdNET_GLOBAL_6K_V2.4_Model_FP32.tflite,248D9B016488729F_20260411_175500_chunk_016.wav,9600,411,414
10014,10017,Engine,Engine,0.2750,248D9B016488729F_20260411_175500.WAV,14,0.0,1.0,0.25,BirdNET_GLOBAL_6K_V2.4_Model_FP32.tflite,248D9B016488729F_20260411_175500_chunk_016.wav,9600,414,417
10023,10026,Engine,Engine,0.6407,248D9B016488729F_20260411_175500.WAV,14,0.0,1.0,0.25,BirdNET_GLOBAL_6K_V2.4_Model_FP32.tflite,248D9B016488729F_20260411_175500_chunk_016.wav,9600,423,426
10026,10029,Engine,Engine,0.3718,248D9B016488729F_20260411_175500.WAV,14,0.0,1.0,0.25,BirdNET_GLOBAL_6K_V2.4_Model_FP32.tflite,248D9B016488729F_20260411_175500_chunk_016.wav,9600,426,429
10035,10038,Engine,Engine,0.2894,248D9B016488729F_20260411_175500.WAV,14,0.0,1.0,0.25,BirdNET_GLOBAL_6K_V2.4_Model_FP32.tflite,248D9B016488729F_20260411_175500_chunk_016.wav,9600,435,438
10038,10041,Engine,Engine,0.4623,248D9B016488729F_20260411_175500.WAV,14,0.0,1.0,0.25,BirdNET_GLOBAL_6K_V2.4_Model_FP32.tflite,248D9B016488729F_20260411_175500_chunk_016.wav,9600,438,441
10041,10044,Engine,Engine,0.4523,248D9B016488729F_20260411_175500.WAV,14,0.0,1.0,0.25,BirdNET_GLOBAL_6K_V2.4_Model_FP32.tflite,248D9B016488729F_20260411_175500_chunk_016.wav,9600,441,444
10053,10056,Corvus corone,Carrion Crow,0.3009,248D9B016488729F_20260411_175500.WAV,14,0.0,1.0,0.25,BirdNET_GLOBAL_6K_V2.4_Model_FP32.tflite,248D9B016488729F_20260411_175500_chunk_016.wav,9600,453,456
10056,10059,Engine,Engine,0.6945,248D9B016488729F_20260411_175500.WAV,14,0.0,1.0,0.25,BirdNET_GLOBAL_6K_V2.4_Model_FP32.tflite,248D9B016488729F_20260411_175500_chunk_016.wav,9600,456,459
10059,10062,Engine,Engine,0.3467,248D9B016488729F_20260411_175500.WAV,14,0.0,1.0,0.25,BirdNET_GLOBAL_6K_V2.4_Model_FP32.tflite,248D9B016488729F_20260411_175500_chunk_016.wav,9600,459,462
10062,10065,Engine,Engine,0.2528,248D9B016488729F_20260411_175500.WAV,14,0.0,1.0,0.25,BirdNET_GLOBAL_6K_V2.4_Model_FP32.tflite,248D9B016488729F_20260411_175500_chunk_016.wav,9600,462,465
10074,10077,Engine,Engine,0.6774,248D9B016488729F_20260411_175500.WAV,14,0.0,1.0,0.25,BirdNET_GLOBAL_6K_V2.4_Model_FP32.tflite,248D9B016488729F_20260411_175500_chunk_016.wav,9600,474,477
10095,10098,Engine,Engine,0.4883,248D9B016488729F_20260411_175500.WAV,14,0.0,1.0,0.25,BirdNET_GLOBAL_6K_V2.4_Model_FP32.tflite,248D9B016488729F_20260411_175500_chunk_016.wav,9600,495,498
10110,10113,Engine,Engine,0.3009,248D9B016488729F_20260411_175500.WAV,14,0.0,1.0,0.25,BirdNET_GLOBAL_6K_V2.4_Model_FP32.tflite,248D9B016488729F_20260411_175500_chunk_016.wav,9600,510,513
10140,10143,Dog,Dog,0.2913,248D9B016488729F_20260411_175500.WAV,14,0.0,1.0,0.25,BirdNET_GLOBAL_6K_V2.4_Model_FP32.tflite,248D9B016488729F_20260411_175500_chunk_016.wav,9600,540,543
10155,10158,Engine,Engine,0.6373,248D9B016488729F_20260411_175500.WAV,14,0.0,1.0,0.25,BirdNET_GLOBAL_6K_V2.4_Model_FP32.tflite,248D9B016488729F_20260411_175500_chunk_016.wav,9600,555,558
10158,10161,Engine,Engine,0.5213,248D9B016488729F_20260411_175500.WAV,14,0.0,1.0,0.25,BirdNET_GLOBAL_6K_V2.4_Model_FP32.tflite,248D9B016488729F_20260411_175500_chunk_016.wav,9600,558,561
10164,10167,Engine,Engine,0.3934,248D9B016488729F_20260411_175500.WAV,14,0.0,1.0,0.25,BirdNET_GLOBAL_6K_V2.4_Model_FP32.tflite,248D9B016488729F_20260411_175500_chunk_016.wav,9600,564,567
10179,10182,Engine,Engine,0.2606,248D9B016488729F_20260411_175500.WAV,14,0.0,1.0,0.25,BirdNET_GLOBAL_6K_V2.4_Model_FP32.tflite,248D9B016488729F_20260411_175500_chunk_016.wav,9600,579,582
10197,10200,Engine,Engine,0.3546,248D9B016488729F_20260411_175500.WAV,14,0.0,1.0,0.25,BirdNET_GLOBAL_6K_V2.4_Model_FP32.tflite,248D9B016488729F_20260411_175500_chunk_016.wav,9600,597,600
10260,10263,Engine,Engine,0.3289,248D9B016488729F_20260411_175500.WAV,14,0.0,1.0,0.25,BirdNET_GLOBAL_6K_V2.4_Model_FP32.tflite,248D9B016488729F_20260411_175500_chunk_017.wav,10200,60,63
10263,10266,Engine,Engine,0.4689,248D9B016488729F_20260411_175500.WAV,14,0.0,1.0,0.25,BirdNET_GLOBAL_6K_V2.4_Model_FP32.tflite,248D9B016488729F_20260411_175500_chunk_017.wav,10200,63,66
10269,10272,Engine,Engine,0.3093,248D9B016488729F_20260411_175500.WAV,14,0.0,1.0,0.25,BirdNET_GLOBAL_6K_V2.4_Model_FP32.tflite,248D9B016488729F_20260411_175500_chunk_017.wav,10200,69,72
10272,10275,Engine,Engine,0.7086,248D9B016488729F_20260411_175500.WAV,14,0.0,1.0,0.25,BirdNET_GLOBAL_6K_V2.4_Model_FP32.tflite,248D9B016488729F_20260411_175500_chunk_017.wav,10200,72,75
10284,10287,Engine,Engine,0.3389,248D9B016488729F_20260411_175500.WAV,14,0.0,1.0,0.25,BirdNET_GLOBAL_6K_V2.4_Model_FP32.tflite,248D9B016488729F_20260411_175500_chunk_017.wav,10200,84,87
10287,10290,Engine,Engine,0.6368,248D9B016488729F_20260411_175500.WAV,14,0.0,1.0,0.25,BirdNET_GLOBAL_6K_V2.4_Model_FP32.tflite,248D9B016488729F_20260411_175500_chunk_017.wav,10200,87,90
10314,10317,Engine,Engine,0.3525,248D9B016488729F_20260411_175500.WAV,14,0.0,1.0,0.25,BirdNET_GLOBAL_6K_V2.4_Model_FP32.tflite,248D9B016488729F_20260411_175500_chunk_017.wav,10200,114,117
10326,10329,Engine,Engine,0.2710,248D9B016488729F_20260411_175500.WAV,14,0.0,1.0,0.25,BirdNET_GLOBAL_6K_V2.4_Model_FP32.tflite,248D9B016488729F_20260411_175500_chunk_017.wav,10200,126,129
10329,10332,Fulica atra,Eurasian Coot,0.3230,248D9B016488729F_20260411_175500.WAV,14,0.0,1.0,0.25,BirdNET_GLOBAL_6K_V2.4_Model_FP32.tflite,248D9B016488729F_20260411_175500_chunk_017.wav,10200,129,132
10332,10335,Engine,Engine,0.4534,248D9B016488729F_20260411_175500.WAV,14,0.0,1.0,0.25,BirdNET_GLOBAL_6K_V2.4_Model_FP32.tflite,248D9B016488729F_20260411_175500_chunk_017.wav,10200,132,135
10335,10338,Engine,Engine,0.3195,248D9B016488729F_20260411_175500.WAV,14,0.0,1.0,0.25,BirdNET_GLOBAL_6K_V2.4_Model_FP32.tflite,248D9B016488729F_20260411_175500_chunk_017.wav,10200,135,138
10341,10344,Engine,Engine,0.3369,248D9B016488729F_20260411_175500.WAV,14,0.0,1.0,0.25,BirdNET_GLOBAL_6K_V2.4_Model_FP32.tflite,248D9B016488729F_20260411_175500_chunk_017.wav,10200,141,144
10344,10347,Engine,Engine,0.3892,248D9B016488729F_20260411_175500.WAV,14,0.0,1.0,0.25,BirdNET_GLOBAL_6K_V2.4_Model_FP32.tflite,248D9B016488729F_20260411_175500_chunk_017.wav,10200,144,147
10347,10350,Engine,Engine,0.2926,248D9B016488729F_20260411_175500.WAV,14,0.0,1.0,0.25,BirdNET_GLOBAL_6K_V2.4_Model_FP32.tflite,248D9B016488729F_20260411_175500_chunk_017.wav,10200,147,150
10407,10410,Engine,Engine,0.2930,248D9B016488729F_20260411_175500.WAV,14,0.0,1.0,0.25,BirdNET_GLOBAL_6K_V2.4_Model_FP32.tflite,248D9B016488729F_20260411_175500_chunk_017.wav,10200,207,210
10410,10413,Engine,Engine,0.6148,248D9B016488729F_20260411_175500.WAV,14,0.0,1.0,0.25,BirdNET_GLOBAL_6K_V2.4_Model_FP32.tflite,248D9B016488729F_20260411_175500_chunk_017.wav,10200,210,213
10416,10419,Porzana carolina,Sora,0.3175,248D9B016488729F_20260411_175500.WAV,14,0.0,1.0,0.25,BirdNET_GLOBAL_6K_V2.4_Model_FP32.tflite,248D9B016488729F_20260411_175500_chunk_017.wav,10200,216,219
10419,10422,Engine,Engine,0.3443,248D9B016488729F_20260411_175500.WAV,14,0.0,1.0,0.25,BirdNET_GLOBAL_6K_V2.4_Model_FP32.tflite,248D9B016488729F_20260411_175500_chunk_017.wav,10200,219,222
10422,10425,Engine,Engine,0.2776,248D9B016488729F_20260411_175500.WAV,14,0.0,1.0,0.25,BirdNET_GLOBAL_6K_V2.4_Model_FP32.tflite,248D9B016488729F_20260411_175500_chunk_017.wav,10200,222,225
10425,10428,Engine,Engine,0.5696,248D9B016488729F_20260411_175500.WAV,14,0.0,1.0,0.25,BirdNET_GLOBAL_6K_V2.4_Model_FP32.tflite,248D9B016488729F_20260411_175500_chunk_017.wav,10200,225,228
10434,10437,Engine,Engine,0.4962,248D9B016488729F_20260411_175500.WAV,14,0.0,1.0,0.25,BirdNET_GLOBAL_6K_V2.4_Model_FP32.tflite,248D9B016488729F_20260411_175500_chunk_017.wav,10200,234,237
10443,10446,Engine,Engine,0.3011,248D9B016488729F_20260411_175500.WAV,14,0.0,1.0,0.25,BirdNET_GLOBAL_6K_V2.4_Model_FP32.tflite,248D9B016488729F_20260411_175500_chunk_017.wav,10200,243,246
10446,10449,Engine,Engine,0.2713,248D9B016488729F_20260411_175500.WAV,14,0.0,1.0,0.25,BirdNET_GLOBAL_6K_V2.4_Model_FP32.tflite,248D9B016488729F_20260411_175500_chunk_017.wav,10200,246,249
10452,10455,Engine,Engine,0.2752,248D9B016488729F_20260411_175500.WAV,14,0.0,1.0,0.25,BirdNET_GLOBAL_6K_V2.4_Model_FP32.tflite,248D9B016488729F_20260411_175500_chunk_017.wav,10200,252,255
10461,10464,Engine,Engine,0.3139,248D9B016488729F_20260411_175500.WAV,14,0.0,1.0,0.25,BirdNET_GLOBAL_6K_V2.4_Model_FP32.tflite,248D9B016488729F_20260411_175500_chunk_017.wav,10200,261,264
10464,10467,Engine,Engine,0.2923,248D9B016488729F_20260411_175500.WAV,14,0.0,1.0,0.25,BirdNET_GLOBAL_6K_V2.4_Model_FP32.tflite,248D9B016488729F_20260411_175500_chunk_017.wav,10200,264,267
10476,10479,Engine,Engine,0.4355,248D9B016488729F_20260411_175500.WAV,14,0.0,1.0,0.25,BirdNET_GLOBAL_6K_V2.4_Model_FP32.tflite,248D9B016488729F_20260411_175500_chunk_017.wav,10200,276,279
10485,10488,Engine,Engine,0.5340,248D9B016488729F_20260411_175500.WAV,14,0.0,1.0,0.25,BirdNET_GLOBAL_6K_V2.4_Model_FP32.tflite,248D9B016488729F_20260411_175500_chunk_017.wav,10200,285,288
10491,10494,Engine,Engine,0.5854,248D9B016488729F_20260411_175500.WAV,14,0.0,1.0,0.25,BirdNET_GLOBAL_6K_V2.4_Model_FP32.tflite,248D9B016488729F_20260411_175500_chunk_017.wav,10200,291,294
10497,10500,Engine,Engine,0.3177,248D9B016488729F_20260411_175500.WAV,14,0.0,1.0,0.25,BirdNET_GLOBAL_6K_V2.4_Model_FP32.tflite,248D9B016488729F_20260411_175500_chunk_017.wav,10200,297,300
10500,10503,Engine,Engine,0.6746,248D9B016488729F_20260411_175500.WAV,14,0.0,1.0,0.25,BirdNET_GLOBAL_6K_V2.4_Model_FP32.tflite,248D9B016488729F_20260411_175500_chunk_017.wav,10200,300,303
10503,10506,Engine,Engine,0.2709,248D9B016488729F_20260411_175500.WAV,14,0.0,1.0,0.25,BirdNET_GLOBAL_6K_V2.4_Model_FP32.tflite,248D9B016488729F_20260411_175500_chunk_017.wav,10200,303,306
10530,10533,Engine,Engine,0.3144,248D9B016488729F_20260411_175500.WAV,14,0.0,1.0,0.25,BirdNET_GLOBAL_6K_V2.4_Model_FP32.tflite,248D9B016488729F_20260411_175500_chunk_017.wav,10200,330,333
10533,10536,Engine,Engine,0.4283,248D9B016488729F_20260411_175500.WAV,14,0.0,1.0,0.25,BirdNET_GLOBAL_6K_V2.4_Model_FP32.tflite,248D9B016488729F_20260411_175500_chunk_017.wav,10200,333,336
10539,10542,Engine,Engine,0.4724,248D9B016488729F_20260411_175500.WAV,14,0.0,1.0,0.25,BirdNET_GLOBAL_6K_V2.4_Model_FP32.tflite,248D9B016488729F_20260411_175500_chunk_017.wav,10200,339,342
10545,10548,Engine,Engine,0.2515,248D9B016488729F_20260411_175500.WAV,14,0.0,1.0,0.25,BirdNET_GLOBAL_6K_V2.4_Model_FP32.tflite,248D9B016488729F_20260411_175500_chunk_017.wav,10200,345,348
10554,10557,Engine,Engine,0.6664,248D9B016488729F_20260411_175500.WAV,14,0.0,1.0,0.25,BirdNET_GLOBAL_6K_V2.4_Model_FP32.tflite,248D9B016488729F_20260411_175500_chunk_017.wav,10200,354,357
10563,10566,Engine,Engine,0.4846,248D9B016488729F_20260411_175500.WAV,14,0.0,1.0,0.25,BirdNET_GLOBAL_6K_V2.4_Model_FP32.tflite,248D9B016488729F_20260411_175500_chunk_017.wav,10200,363,366
10566,10569,Engine,Engine,0.3076,248D9B016488729F_20260411_175500.WAV,14,0.0,1.0,0.25,BirdNET_GLOBAL_6K_V2.4_Model_FP32.tflite,248D9B016488729F_20260411_175500_chunk_017.wav,10200,366,369
10575,10578,Engine,Engine,0.3712,248D9B016488729F_20260411_175500.WAV,14,0.0,1.0,0.25,BirdNET_GLOBAL_6K_V2.4_Model_FP32.tflite,248D9B016488729F_20260411_175500_chunk_017.wav,10200,375,378
10584,10587,Engine,Engine,0.3320,248D9B016488729F_20260411_175500.WAV,14,0.0,1.0,0.25,BirdNET_GLOBAL_6K_V2.4_Model_FP32.tflite,248D9B016488729F_20260411_175500_chunk_017.wav,10200,384,387
10593,10596,Engine,Engine,0.6161,248D9B016488729F_20260411_175500.WAV,14,0.0,1.0,0.25,BirdNET_GLOBAL_6K_V2.4_Model_FP32.tflite,248D9B016488729F_20260411_175500_chunk_017.wav,10200,393,396
10596,10599,Engine,Engine,0.7137,248D9B016488729F_20260411_175500.WAV,14,0.0,1.0,0.25,BirdNET_GLOBAL_6K_V2.4_Model_FP32.tflite,248D9B016488729F_20260411_175500_chunk_017.wav,10200,396,399
10602,10605,Engine,Engine,0.4733,248D9B016488729F_20260411_175500.WAV,14,0.0,1.0,0.25,BirdNET_GLOBAL_6K_V2.4_Model_FP32.tflite,248D9B016488729F_20260411_175500_chunk_017.wav,10200,402,405
10605,10608,Engine,Engine,0.5266,248D9B016488729F_20260411_175500.WAV,14,0.0,1.0,0.25,BirdNET_GLOBAL_6K_V2.4_Model_FP32.tflite,248D9B016488729F_20260411_175500_chunk_017.wav,10200,405,408
10611,10614,Engine,Engine,0.6172,248D9B016488729F_20260411_175500.WAV,14,0.0,1.0,0.25,BirdNET_GLOBAL_6K_V2.4_Model_FP32.tflite,248D9B016488729F_20260411_175500_chunk_017.wav,10200,411,414
10614,10617,Engine,Engine,0.2842,248D9B016488729F_20260411_175500.WAV,14,0.0,1.0,0.25,BirdNET_GLOBAL_6K_V2.4_Model_FP32.tflite,248D9B016488729F_20260411_175500_chunk_017.wav,10200,414,417
10617,10620,Engine,Engine,0.2557,248D9B016488729F_20260411_175500.WAV,14,0.0,1.0,0.25,BirdNET_GLOBAL_6K_V2.4_Model_FP32.tflite,248D9B016488729F_20260411_175500_chunk_017.wav,10200,417,420
10632,10635,Engine,Engine,0.5592,248D9B016488729F_20260411_175500.WAV,14,0.0,1.0,0.25,BirdNET_GLOBAL_6K_V2.4_Model_FP32.tflite,248D9B016488729F_20260411_175500_chunk_017.wav,10200,432,435
10659,10662,Engine,Engine,0.2922,248D9B016488729F_20260411_175500.WAV,14,0.0,1.0,0.25,BirdNET_GLOBAL_6K_V2.4_Model_FP32.tflite,248D9B016488729F_20260411_175500_chunk_017.wav,10200,459,462
10662,10665,Engine,Engine,0.2528,248D9B016488729F_20260411_175500.WAV,14,0.0,1.0,0.25,BirdNET_GLOBAL_6K_V2.4_Model_FP32.tflite,248D9B016488729F_20260411_175500_chunk_017.wav,10200,462,465
10665,10668,Engine,Engine,0.2985,248D9B016488729F_20260411_175500.WAV,14,0.0,1.0,0.25,BirdNET_GLOBAL_6K_V2.4_Model_FP32.tflite,248D9B016488729F_20260411_175500_chunk_017.wav,10200,465,468
10671,10674,Engine,Engine,0.5271,248D9B016488729F_20260411_175500.WAV,14,0.0,1.0,0.25,BirdNET_GLOBAL_6K_V2.4_Model_FP32.tflite,248D9B016488729F_20260411_175500_chunk_017.wav,10200,471,474
10674,10677,Engine,Engine,0.6169,248D9B016488729F_20260411_175500.WAV,14,0.0,1.0,0.25,BirdNET_GLOBAL_6K_V2.4_Model_FP32.tflite,248D9B016488729F_20260411_175500_chunk_017.wav,10200,474,477
10677,10680,Engine,Engine,0.3374,248D9B016488729F_20260411_175500.WAV,14,0.0,1.0,0.25,BirdNET_GLOBAL_6K_V2.4_Model_FP32.tflite,248D9B016488729F_20260411_175500_chunk_017.wav,10200,477,480
10680,10683,Engine,Engine,0.8064,248D9B016488729F_20260411_175500.WAV,14,0.0,1.0,0.25,BirdNET_GLOBAL_6K_V2.4_Model_FP32.tflite,248D9B016488729F_20260411_175500_chunk_017.wav,10200,480,483
10683,10686,Engine,Engine,0.2973,248D9B016488729F_20260411_175500.WAV,14,0.0,1.0,0.25,BirdNET_GLOBAL_6K_V2.4_Model_FP32.tflite,248D9B016488729F_20260411_175500_chunk_017.wav,10200,483,486
10707,10710,Engine,Engine,0.4957,248D9B016488729F_20260411_175500.WAV,14,0.0,1.0,0.25,BirdNET_GLOBAL_6K_V2.4_Model_FP32.tflite,248D9B016488729F_20260411_175500_chunk_017.wav,10200,507,510
10710,10713,Engine,Engine,0.5328,248D9B016488729F_20260411_175500.WAV,14,0.0,1.0,0.25,BirdNET_GLOBAL_6K_V2.4_Model_FP32.tflite,248D9B016488729F_20260411_175500_chunk_017.wav,10200,510,513
10713,10716,Engine,Engine,0.6672,248D9B016488729F_20260411_175500.WAV,14,0.0,1.0,0.25,BirdNET_GLOBAL_6K_V2.4_Model_FP32.tflite,248D9B016488729F_20260411_175500_chunk_017.wav,10200,513,516
10716,10719,Engine,Engine,0.2545,248D9B016488729F_20260411_175500.WAV,14,0.0,1.0,0.25,BirdNET_GLOBAL_6K_V2.4_Model_FP32.tflite,248D9B016488729F_20260411_175500_chunk_017.wav,10200,516,519
10719,10722,Engine,Engine,0.2850,248D9B016488729F_20260411_175500.WAV,14,0.0,1.0,0.25,BirdNET_GLOBAL_6K_V2.4_Model_FP32.tflite,248D9B016488729F_20260411_175500_chunk_017.wav,10200,519,522
10743,10746,Erithacus rubecula,European Robin,0.4065,248D9B016488729F_20260411_175500.WAV,14,0.0,1.0,0.25,BirdNET_GLOBAL_6K_V2.4_Model_FP32.tflite,248D9B016488729F_20260411_175500_chunk_017.wav,10200,543,546
10746,10749,Engine,Engine,0.2613,248D9B016488729F_20260411_175500.WAV,14,0.0,1.0,0.25,BirdNET_GLOBAL_6K_V2.4_Model_FP32.tflite,248D9B016488729F_20260411_175500_chunk_017.wav,10200,546,549
10749,10752,Engine,Engine,0.3118,248D9B016488729F_20260411_175500.WAV,14,0.0,1.0,0.25,BirdNET_GLOBAL_6K_V2.4_Model_FP32.tflite,248D9B016488729F_20260411_175500_chunk_017.wav,10200,549,552
10755,10758,Siren,Siren,0.9462,248D9B016488729F_20260411_175500.WAV,14,0.0,1.0,0.25,BirdNET_GLOBAL_6K_V2.4_Model_FP32.tflite,248D9B016488729F_20260411_175500_chunk_017.wav,10200,555,558
10758,10761,Siren,Siren,0.9842,248D9B016488729F_20260411_175500.WAV,14,0.0,1.0,0.25,BirdNET_GLOBAL_6K_V2.4_Model_FP32.tflite,248D9B016488729F_20260411_175500_chunk_017.wav,10200,558,561
10761,10764,Siren,Siren,0.9937,248D9B016488729F_20260411_175500.WAV,14,0.0,1.0,0.25,BirdNET_GLOBAL_6K_V2.4_Model_FP32.tflite,248D9B016488729F_20260411_175500_chunk_017.wav,10200,561,564
10764,10767,Siren,Siren,0.9789,248D9B016488729F_20260411_175500.WAV,14,0.0,1.0,0.25,BirdNET_GLOBAL_6K_V2.4_Model_FP32.tflite,248D9B016488729F_20260411_175500_chunk_017.wav,10200,564,567
10767,10770,Siren,Siren,0.9571,248D9B016488729F_20260411_175500.WAV,14,0.0,1.0,0.25,BirdNET_GLOBAL_6K_V2.4_Model_FP32.tflite,248D9B016488729F_20260411_175500_chunk_017.wav,10200,567,570
10767,10770,Engine,Engine,0.4429,248D9B016488729F_20260411_175500.WAV,14,0.0,1.0,0.25,BirdNET_GLOBAL_6K_V2.4_Model_FP32.tflite,248D9B016488729F_20260411_175500_chunk_017.wav,10200,567,570
10770,10773,Siren,Siren,0.9663,248D9B016488729F_20260411_175500.WAV,14,0.0,1.0,0.25,BirdNET_GLOBAL_6K_V2.4_Model_FP32.tflite,248D9B016488729F_20260411_175500_chunk_017.wav,10200,570,573
10770,10773,Engine,Engine,0.6064,248D9B016488729F_20260411_175500.WAV,14,0.0,1.0,0.25,BirdNET_GLOBAL_6K_V2.4_Model_FP32.tflite,248D9B016488729F_20260411_175500_chunk_017.wav,10200,570,573
10773,10776,Engine,Engine,0.5966,248D9B016488729F_20260411_175500.WAV,14,0.0,1.0,0.25,BirdNET_GLOBAL_6K_V2.4_Model_FP32.tflite,248D9B016488729F_20260411_175500_chunk_017.wav,10200,573,576
10773,10776,Siren,Siren,0.5067,248D9B016488729F_20260411_175500.WAV,14,0.0,1.0,0.25,BirdNET_GLOBAL_6K_V2.4_Model_FP32.tflite,248D9B016488729F_20260411_175500_chunk_017.wav,10200,573,576
10776,10779,Engine,Engine,0.4943,248D9B016488729F_20260411_175500.WAV,14,0.0,1.0,0.25,BirdNET_GLOBAL_6K_V2.4_Model_FP32.tflite,248D9B016488729F_20260411_175500_chunk_017.wav,10200,576,579
10779,10782,Engine,Engine,0.8043,248D9B016488729F_20260411_175500.WAV,14,0.0,1.0,0.25,BirdNET_GLOBAL_6K_V2.4_Model_FP32.tflite,248D9B016488729F_20260411_175500_chunk_017.wav,10200,579,582
10788,10791,Engine,Engine,0.4196,248D9B016488729F_20260411_175500.WAV,14,0.0,1.0,0.25,BirdNET_GLOBAL_6K_V2.4_Model_FP32.tflite,248D9B016488729F_20260411_175500_chunk_017.wav,10200,588,591
10794,10797,Engine,Engine,0.6422,248D9B016488729F_20260411_175500.WAV,14,0.0,1.0,0.25,BirdNET_GLOBAL_6K_V2.4_Model_FP32.tflite,248D9B016488729F_20260411_175500_chunk_017.wav,10200,594,597
10803,10806,Engine,Engine,0.6804,248D9B016488729F_20260411_175500.WAV,14,0.0,1.0,0.25,BirdNET_GLOBAL_6K_V2.4_Model_FP32.tflite,248D9B016488729F_20260411_175500_chunk_018.wav,10800,3,6
10839,10842,Engine,Engine,0.4473,248D9B016488729F_20260411_175500.WAV,14,0.0,1.0,0.25,BirdNET_GLOBAL_6K_V2.4_Model_FP32.tflite,248D9B016488729F_20260411_175500_chunk_018.wav,10800,39,42
10851,10854,Engine,Engine,0.4560,248D9B016488729F_20260411_175500.WAV,14,0.0,1.0,0.25,BirdNET_GLOBAL_6K_V2.4_Model_FP32.tflite,248D9B016488729F_20260411_175500_chunk_018.wav,10800,51,54
10866,10869,Engine,Engine,0.3882,248D9B016488729F_20260411_175500.WAV,14,0.0,1.0,0.25,BirdNET_GLOBAL_6K_V2.4_Model_FP32.tflite,248D9B016488729F_20260411_175500_chunk_018.wav,10800,66,69
10875,10878,Engine,Engine,0.6296,248D9B016488729F_20260411_175500.WAV,14,0.0,1.0,0.25,BirdNET_GLOBAL_6K_V2.4_Model_FP32.tflite,248D9B016488729F_20260411_175500_chunk_018.wav,10800,75,78
10878,10881,Engine,Engine,0.7396,248D9B016488729F_20260411_175500.WAV,14,0.0,1.0,0.25,BirdNET_GLOBAL_6K_V2.4_Model_FP32.tflite,248D9B016488729F_20260411_175500_chunk_018.wav,10800,78,81
10893,10896,Engine,Engine,0.6275,248D9B016488729F_20260411_175500.WAV,14,0.0,1.0,0.25,BirdNET_GLOBAL_6K_V2.4_Model_FP32.tflite,248D9B016488729F_20260411_175500_chunk_018.wav,10800,93,96
10899,10902,Engine,Engine,0.4647,248D9B016488729F_20260411_175500.WAV,14,0.0,1.0,0.25,BirdNET_GLOBAL_6K_V2.4_Model_FP32.tflite,248D9B016488729F_20260411_175500_chunk_018.wav,10800,99,102
10911,10914,Engine,Engine,0.3991,248D9B016488729F_20260411_175500.WAV,14,0.0,1.0,0.25,BirdNET_GLOBAL_6K_V2.4_Model_FP32.tflite,248D9B016488729F_20260411_175500_chunk_018.wav,10800,111,114
10914,10917,Engine,Engine,0.5717,248D9B016488729F_20260411_175500.WAV,14,0.0,1.0,0.25,BirdNET_GLOBAL_6K_V2.4_Model_FP32.tflite,248D9B016488729F_20260411_175500_chunk_018.wav,10800,114,117
10917,10920,Engine,Engine,0.3758,248D9B016488729F_20260411_175500.WAV,14,0.0,1.0,0.25,BirdNET_GLOBAL_6K_V2.4_Model_FP32.tflite,248D9B016488729F_20260411_175500_chunk_018.wav,10800,117,120
10926,10929,Engine,Engine,0.3335,248D9B016488729F_20260411_175500.WAV,14,0.0,1.0,0.25,BirdNET_GLOBAL_6K_V2.4_Model_FP32.tflite,248D9B016488729F_20260411_175500_chunk_018.wav,10800,126,129
10935,10938,Engine,Engine,0.4920,248D9B016488729F_20260411_175500.WAV,14,0.0,1.0,0.25,BirdNET_GLOBAL_6K_V2.4_Model_FP32.tflite,248D9B016488729F_20260411_175500_chunk_018.wav,10800,135,138
10959,10962,Engine,Engine,0.5077,248D9B016488729F_20260411_175500.WAV,14,0.0,1.0,0.25,BirdNET_GLOBAL_6K_V2.4_Model_FP32.tflite,248D9B016488729F_20260411_175500_chunk_018.wav,10800,159,162
10962,10965,Engine,Engine,0.2972,248D9B016488729F_20260411_175500.WAV,14,0.0,1.0,0.25,BirdNET_GLOBAL_6K_V2.4_Model_FP32.tflite,248D9B016488729F_20260411_175500_chunk_018.wav,10800,162,165
10965,10968,Engine,Engine,0.3907,248D9B016488729F_20260411_175500.WAV,14,0.0,1.0,0.25,BirdNET_GLOBAL_6K_V2.4_Model_FP32.tflite,248D9B016488729F_20260411_175500_chunk_018.wav,10800,165,168
10983,10986,Engine,Engine,0.3103,248D9B016488729F_20260411_175500.WAV,14,0.0,1.0,0.25,BirdNET_GLOBAL_6K_V2.4_Model_FP32.tflite,248D9B016488729F_20260411_175500_chunk_018.wav,10800,183,186
10986,10989,Engine,Engine,0.3629,248D9B016488729F_20260411_175500.WAV,14,0.0,1.0,0.25,BirdNET_GLOBAL_6K_V2.4_Model_FP32.tflite,248D9B016488729F_20260411_175500_chunk_018.wav,10800,186,189
10995,10998,Haematopus ostralegus,Eurasian Oystercatcher,0.4026,248D9B016488729F_20260411_175500.WAV,14,0.0,1.0,0.25,BirdNET_GLOBAL_6K_V2.4_Model_FP32.tflite,248D9B016488729F_20260411_175500_chunk_018.wav,10800,195,198
10995,10998,Pyrrhula pyrrhula,Eurasian Bullfinch,0.3312,248D9B016488729F_20260411_175500.WAV,14,0.0,1.0,0.25,BirdNET_GLOBAL_6K_V2.4_Model_FP32.tflite,248D9B016488729F_20260411_175500_chunk_018.wav,10800,195,198
10998,11001,Engine,Engine,0.4137,248D9B016488729F_20260411_175500.WAV,14,0.0,1.0,0.25,BirdNET_GLOBAL_6K_V2.4_Model_FP32.tflite,248D9B016488729F_20260411_175500_chunk_018.wav,10800,198,201
11001,11004,Engine,Engine,0.3242,248D9B016488729F_20260411_175500.WAV,14,0.0,1.0,0.25,BirdNET_GLOBAL_6K_V2.4_Model_FP32.tflite,248D9B016488729F_20260411_175500_chunk_018.wav,10800,201,204
11007,11010,Charadrius morinellus,Eurasian Dotterel,0.3907,248D9B016488729F_20260411_175500.WAV,14,0.0,1.0,0.25,BirdNET_GLOBAL_6K_V2.4_Model_FP32.tflite,248D9B016488729F_20260411_175500_chunk_018.wav,10800,207,210
11016,11019,Engine,Engine,0.4748,248D9B016488729F_20260411_175500.WAV,14,0.0,1.0,0.25,BirdNET_GLOBAL_6K_V2.4_Model_FP32.tflite,248D9B016488729F_20260411_175500_chunk_018.wav,10800,216,219
11019,11022,Engine,Engine,0.5869,248D9B016488729F_20260411_175500.WAV,14,0.0,1.0,0.25,BirdNET_GLOBAL_6K_V2.4_Model_FP32.tflite,248D9B016488729F_20260411_175500_chunk_018.wav,10800,219,222
11022,11025,Engine,Engine,0.8800,248D9B016488729F_20260411_175500.WAV,14,0.0,1.0,0.25,BirdNET_GLOBAL_6K_V2.4_Model_FP32.tflite,248D9B016488729F_20260411_175500_chunk_018.wav,10800,222,225
11025,11028,Engine,Engine,0.6641,248D9B016488729F_20260411_175500.WAV,14,0.0,1.0,0.25,BirdNET_GLOBAL_6K_V2.4_Model_FP32.tflite,248D9B016488729F_20260411_175500_chunk_018.wav,10800,225,228
11028,11031,Sayornis saya,Say's Phoebe,0.7026,248D9B016488729F_20260411_175500.WAV,14,0.0,1.0,0.25,BirdNET_GLOBAL_6K_V2.4_Model_FP32.tflite,248D9B016488729F_20260411_175500_chunk_018.wav,10800,228,231
11034,11037,Sayornis saya,Say's Phoebe,0.6318,248D9B016488729F_20260411_175500.WAV,14,0.0,1.0,0.25,BirdNET_GLOBAL_6K_V2.4_Model_FP32.tflite,248D9B016488729F_20260411_175500_chunk_018.wav,10800,234,237
11040,11043,Engine,Engine,0.3653,248D9B016488729F_20260411_175500.WAV,14,0.0,1.0,0.25,BirdNET_GLOBAL_6K_V2.4_Model_FP32.tflite,248D9B016488729F_20260411_175500_chunk_018.wav,10800,240,243
11046,11049,Engine,Engine,0.2676,248D9B016488729F_20260411_175500.WAV,14,0.0,1.0,0.25,BirdNET_GLOBAL_6K_V2.4_Model_FP32.tflite,248D9B016488729F_20260411_175500_chunk_018.wav,10800,246,249
11052,11055,Sayornis saya,Say's Phoebe,0.9589,248D9B016488729F_20260411_175500.WAV,14,0.0,1.0,0.25,BirdNET_GLOBAL_6K_V2.4_Model_FP32.tflite,248D9B016488729F_20260411_175500_chunk_018.wav,10800,252,255
11052,11055,Engine,Engine,0.3871,248D9B016488729F_20260411_175500.WAV,14,0.0,1.0,0.25,BirdNET_GLOBAL_6K_V2.4_Model_FP32.tflite,248D9B016488729F_20260411_175500_chunk_018.wav,10800,252,255
11061,11064,Sayornis saya,Say's Phoebe,0.9797,248D9B016488729F_20260411_175500.WAV,14,0.0,1.0,0.25,BirdNET_GLOBAL_6K_V2.4_Model_FP32.tflite,248D9B016488729F_20260411_175500_chunk_018.wav,10800,261,264
11064,11067,Engine,Engine,0.6211,248D9B016488729F_20260411_175500.WAV,14,0.0,1.0,0.25,BirdNET_GLOBAL_6K_V2.4_Model_FP32.tflite,248D9B016488729F_20260411_175500_chunk_018.wav,10800,264,267
11079,11082,Engine,Engine,0.2931,248D9B016488729F_20260411_175500.WAV,14,0.0,1.0,0.25,BirdNET_GLOBAL_6K_V2.4_Model_FP32.tflite,248D9B016488729F_20260411_175500_chunk_018.wav,10800,279,282
11085,11088,Engine,Engine,0.4055,248D9B016488729F_20260411_175500.WAV,14,0.0,1.0,0.25,BirdNET_GLOBAL_6K_V2.4_Model_FP32.tflite,248D9B016488729F_20260411_175500_chunk_018.wav,10800,285,288
11118,11121,Engine,Engine,0.6061,248D9B016488729F_20260411_175500.WAV,14,0.0,1.0,0.25,BirdNET_GLOBAL_6K_V2.4_Model_FP32.tflite,248D9B016488729F_20260411_175500_chunk_018.wav,10800,318,321
11124,11127,Engine,Engine,0.6201,248D9B016488729F_20260411_175500.WAV,14,0.0,1.0,0.25,BirdNET_GLOBAL_6K_V2.4_Model_FP32.tflite,248D9B016488729F_20260411_175500_chunk_018.wav,10800,324,327
11139,11142,Engine,Engine,0.3910,248D9B016488729F_20260411_175500.WAV,14,0.0,1.0,0.25,BirdNET_GLOBAL_6K_V2.4_Model_FP32.tflite,248D9B016488729F_20260411_175500_chunk_018.wav,10800,339,342
11142,11145,Engine,Engine,0.3077,248D9B016488729F_20260411_175500.WAV,14,0.0,1.0,0.25,BirdNET_GLOBAL_6K_V2.4_Model_FP32.tflite,248D9B016488729F_20260411_175500_chunk_018.wav,10800,342,345
11154,11157,Engine,Engine,0.2783,248D9B016488729F_20260411_175500.WAV,14,0.0,1.0,0.25,BirdNET_GLOBAL_6K_V2.4_Model_FP32.tflite,248D9B016488729F_20260411_175500_chunk_018.wav,10800,354,357
11163,11166,Engine,Engine,0.8619,248D9B016488729F_20260411_175500.WAV,14,0.0,1.0,0.25,BirdNET_GLOBAL_6K_V2.4_Model_FP32.tflite,248D9B016488729F_20260411_175500_chunk_018.wav,10800,363,366
11169,11172,Engine,Engine,0.5003,248D9B016488729F_20260411_175500.WAV,14,0.0,1.0,0.25,BirdNET_GLOBAL_6K_V2.4_Model_FP32.tflite,248D9B016488729F_20260411_175500_chunk_018.wav,10800,369,372
11172,11175,Engine,Engine,0.5311,248D9B016488729F_20260411_175500.WAV,14,0.0,1.0,0.25,BirdNET_GLOBAL_6K_V2.4_Model_FP32.tflite,248D9B016488729F_20260411_175500_chunk_018.wav,10800,372,375
11175,11178,Engine,Engine,0.6984,248D9B016488729F_20260411_175500.WAV,14,0.0,1.0,0.25,BirdNET_GLOBAL_6K_V2.4_Model_FP32.tflite,248D9B016488729F_20260411_175500_chunk_018.wav,10800,375,378
11214,11217,Engine,Engine,0.2939,248D9B016488729F_20260411_175500.WAV,14,0.0,1.0,0.25,BirdNET_GLOBAL_6K_V2.4_Model_FP32.tflite,248D9B016488729F_20260411_175500_chunk_018.wav,10800,414,417
11241,11244,Engine,Engine,0.4938,248D9B016488729F_20260411_175500.WAV,14,0.0,1.0,0.25,BirdNET_GLOBAL_6K_V2.4_Model_FP32.tflite,248D9B016488729F_20260411_175500_chunk_018.wav,10800,441,444
11244,11247,Engine,Engine,0.4234,248D9B016488729F_20260411_175500.WAV,14,0.0,1.0,0.25,BirdNET_GLOBAL_6K_V2.4_Model_FP32.tflite,248D9B016488729F_20260411_175500_chunk_018.wav,10800,444,447
11247,11250,Engine,Engine,0.2870,248D9B016488729F_20260411_175500.WAV,14,0.0,1.0,0.25,BirdNET_GLOBAL_6K_V2.4_Model_FP32.tflite,248D9B016488729F_20260411_175500_chunk_018.wav,10800,447,450
11274,11277,Engine,Engine,0.6474,248D9B016488729F_20260411_175500.WAV,14,0.0,1.0,0.25,BirdNET_GLOBAL_6K_V2.4_Model_FP32.tflite,248D9B016488729F_20260411_175500_chunk_018.wav,10800,474,477
11277,11280,Engine,Engine,0.3344,248D9B016488729F_20260411_175500.WAV,14,0.0,1.0,0.25,BirdNET_GLOBAL_6K_V2.4_Model_FP32.tflite,248D9B016488729F_20260411_175500_chunk_018.wav,10800,477,480
11280,11283,Engine,Engine,0.2923,248D9B016488729F_20260411_175500.WAV,14,0.0,1.0,0.25,BirdNET_GLOBAL_6K_V2.4_Model_FP32.tflite,248D9B016488729F_20260411_175500_chunk_018.wav,10800,480,483
11283,11286,Engine,Engine,0.9284,248D9B016488729F_20260411_175500.WAV,14,0.0,1.0,0.25,BirdNET_GLOBAL_6K_V2.4_Model_FP32.tflite,248D9B016488729F_20260411_175500_chunk_018.wav,10800,483,486
11286,11289,Engine,Engine,0.3309,248D9B016488729F_20260411_175500.WAV,14,0.0,1.0,0.25,BirdNET_GLOBAL_6K_V2.4_Model_FP32.tflite,248D9B016488729F_20260411_175500_chunk_018.wav,10800,486,489
11340,11343,Engine,Engine,0.2975,248D9B016488729F_20260411_175500.WAV,14,0.0,1.0,0.25,BirdNET_GLOBAL_6K_V2.4_Model_FP32.tflite,248D9B016488729F_20260411_175500_chunk_018.wav,10800,540,543
11349,11352,Engine,Engine,0.3657,248D9B016488729F_20260411_175500.WAV,14,0.0,1.0,0.25,BirdNET_GLOBAL_6K_V2.4_Model_FP32.tflite,248D9B016488729F_20260411_175500_chunk_018.wav,10800,549,552
11370,11373,Engine,Engine,0.3010,248D9B016488729F_20260411_175500.WAV,14,0.0,1.0,0.25,BirdNET_GLOBAL_6K_V2.4_Model_FP32.tflite,248D9B016488729F_20260411_175500_chunk_018.wav,10800,570,573
11454,11457,Engine,Engine,0.4999,248D9B016488729F_20260411_175500.WAV,14,0.0,1.0,0.25,BirdNET_GLOBAL_6K_V2.4_Model_FP32.tflite,248D9B016488729F_20260411_175500_chunk_019.wav,11400,54,57
11457,11460,Engine,Engine,0.4665,248D9B016488729F_20260411_175500.WAV,14,0.0,1.0,0.25,BirdNET_GLOBAL_6K_V2.4_Model_FP32.tflite,248D9B016488729F_20260411_175500_chunk_019.wav,11400,57,60
11460,11463,Engine,Engine,0.2738,248D9B016488729F_20260411_175500.WAV,14,0.0,1.0,0.25,BirdNET_GLOBAL_6K_V2.4_Model_FP32.tflite,248D9B016488729F_20260411_175500_chunk_019.wav,11400,60,63
11463,11466,Engine,Engine,0.3871,248D9B016488729F_20260411_175500.WAV,14,0.0,1.0,0.25,BirdNET_GLOBAL_6K_V2.4_Model_FP32.tflite,248D9B016488729F_20260411_175500_chunk_019.wav,11400,63,66
11466,11469,Engine,Engine,0.2656,248D9B016488729F_20260411_175500.WAV,14,0.0,1.0,0.25,BirdNET_GLOBAL_6K_V2.4_Model_FP32.tflite,248D9B016488729F_20260411_175500_chunk_019.wav,11400,66,69
11469,11472,Engine,Engine,0.4980,248D9B016488729F_20260411_175500.WAV,14,0.0,1.0,0.25,BirdNET_GLOBAL_6K_V2.4_Model_FP32.tflite,248D9B016488729F_20260411_175500_chunk_019.wav,11400,69,72
11472,11475,Engine,Engine,0.2851,248D9B016488729F_20260411_175500.WAV,14,0.0,1.0,0.25,BirdNET_GLOBAL_6K_V2.4_Model_FP32.tflite,248D9B016488729F_20260411_175500_chunk_019.wav,11400,72,75
11487,11490,Engine,Engine,0.4694,248D9B016488729F_20260411_175500.WAV,14,0.0,1.0,0.25,BirdNET_GLOBAL_6K_V2.4_Model_FP32.tflite,248D9B016488729F_20260411_175500_chunk_019.wav,11400,87,90
11493,11496,Engine,Engine,0.5388,248D9B016488729F_20260411_175500.WAV,14,0.0,1.0,0.25,BirdNET_GLOBAL_6K_V2.4_Model_FP32.tflite,248D9B016488729F_20260411_175500_chunk_019.wav,11400,93,96
11499,11502,Engine,Engine,0.6391,248D9B016488729F_20260411_175500.WAV,14,0.0,1.0,0.25,BirdNET_GLOBAL_6K_V2.4_Model_FP32.tflite,248D9B016488729F_20260411_175500_chunk_019.wav,11400,99,102
11502,11505,Engine,Engine,0.2917,248D9B016488729F_20260411_175500.WAV,14,0.0,1.0,0.25,BirdNET_GLOBAL_6K_V2.4_Model_FP32.tflite,248D9B016488729F_20260411_175500_chunk_019.wav,11400,102,105
11505,11508,Engine,Engine,0.7179,248D9B016488729F_20260411_175500.WAV,14,0.0,1.0,0.25,BirdNET_GLOBAL_6K_V2.4_Model_FP32.tflite,248D9B016488729F_20260411_175500_chunk_019.wav,11400,105,108
11508,11511,Engine,Engine,0.6944,248D9B016488729F_20260411_175500.WAV,14,0.0,1.0,0.25,BirdNET_GLOBAL_6K_V2.4_Model_FP32.tflite,248D9B016488729F_20260411_175500_chunk_019.wav,11400,108,111
11511,11514,Engine,Engine,0.7712,248D9B016488729F_20260411_175500.WAV,14,0.0,1.0,0.25,BirdNET_GLOBAL_6K_V2.4_Model_FP32.tflite,248D9B016488729F_20260411_175500_chunk_019.wav,11400,111,114
11514,11517,Engine,Engine,0.6031,248D9B016488729F_20260411_175500.WAV,14,0.0,1.0,0.25,BirdNET_GLOBAL_6K_V2.4_Model_FP32.tflite,248D9B016488729F_20260411_175500_chunk_019.wav,11400,114,117
11517,11520,Engine,Engine,0.4207,248D9B016488729F_20260411_175500.WAV,14,0.0,1.0,0.25,BirdNET_GLOBAL_6K_V2.4_Model_FP32.tflite,248D9B016488729F_20260411_175500_chunk_019.wav,11400,117,120
11523,11526,Engine,Engine,0.4961,248D9B016488729F_20260411_175500.WAV,14,0.0,1.0,0.25,BirdNET_GLOBAL_6K_V2.4_Model_FP32.tflite,248D9B016488729F_20260411_175500_chunk_019.wav,11400,123,126
11526,11529,Engine,Engine,0.3818,248D9B016488729F_20260411_175500.WAV,14,0.0,1.0,0.25,BirdNET_GLOBAL_6K_V2.4_Model_FP32.tflite,248D9B016488729F_20260411_175500_chunk_019.wav,11400,126,129
11529,11532,Engine,Engine,0.4957,248D9B016488729F_20260411_175500.WAV,14,0.0,1.0,0.25,BirdNET_GLOBAL_6K_V2.4_Model_FP32.tflite,248D9B016488729F_20260411_175500_chunk_019.wav,11400,129,132
11532,11535,Engine,Engine,0.3302,248D9B016488729F_20260411_175500.WAV,14,0.0,1.0,0.25,BirdNET_GLOBAL_6K_V2.4_Model_FP32.tflite,248D9B016488729F_20260411_175500_chunk_019.wav,11400,132,135
11535,11538,Engine,Engine,0.3008,248D9B016488729F_20260411_175500.WAV,14,0.0,1.0,0.25,BirdNET_GLOBAL_6K_V2.4_Model_FP32.tflite,248D9B016488729F_20260411_175500_chunk_019.wav,11400,135,138
11538,11541,Engine,Engine,0.2530,248D9B016488729F_20260411_175500.WAV,14,0.0,1.0,0.25,BirdNET_GLOBAL_6K_V2.4_Model_FP32.tflite,248D9B016488729F_20260411_175500_chunk_019.wav,11400,138,141
11541,11544,Engine,Engine,0.5715,248D9B016488729F_20260411_175500.WAV,14,0.0,1.0,0.25,BirdNET_GLOBAL_6K_V2.4_Model_FP32.tflite,248D9B016488729F_20260411_175500_chunk_019.wav,11400,141,144
11556,11559,Turdus philomelos,Song Thrush,0.8446,248D9B016488729F_20260411_175500.WAV,14,0.0,1.0,0.25,BirdNET_GLOBAL_6K_V2.4_Model_FP32.tflite,248D9B016488729F_20260411_175500_chunk_019.wav,11400,156,159
11556,11559,Erithacus rubecula,European Robin,0.3102,248D9B016488729F_20260411_175500.WAV,14,0.0,1.0,0.25,BirdNET_GLOBAL_6K_V2.4_Model_FP32.tflite,248D9B016488729F_20260411_175500_chunk_019.wav,11400,156,159
11565,11568,Engine,Engine,0.3038,248D9B016488729F_20260411_175500.WAV,14,0.0,1.0,0.25,BirdNET_GLOBAL_6K_V2.4_Model_FP32.tflite,248D9B016488729F_20260411_175500_chunk_019.wav,11400,165,168
11571,11574,Engine,Engine,0.3167,248D9B016488729F_20260411_175500.WAV,14,0.0,1.0,0.25,BirdNET_GLOBAL_6K_V2.4_Model_FP32.tflite,248D9B016488729F_20260411_175500_chunk_019.wav,11400,171,174
11589,11592,Engine,Engine,0.3306,248D9B016488729F_20260411_175500.WAV,14,0.0,1.0,0.25,BirdNET_GLOBAL_6K_V2.4_Model_FP32.tflite,248D9B016488729F_20260411_175500_chunk_019.wav,11400,189,192
11640,11643,Engine,Engine,0.3374,248D9B016488729F_20260411_175500.WAV,14,0.0,1.0,0.25,BirdNET_GLOBAL_6K_V2.4_Model_FP32.tflite,248D9B016488729F_20260411_175500_chunk_019.wav,11400,240,243
11655,11658,Engine,Engine,0.2820,248D9B016488729F_20260411_175500.WAV,14,0.0,1.0,0.25,BirdNET_GLOBAL_6K_V2.4_Model_FP32.tflite,248D9B016488729F_20260411_175500_chunk_019.wav,11400,255,258
11664,11667,Engine,Engine,0.3693,248D9B016488729F_20260411_175500.WAV,14,0.0,1.0,0.25,BirdNET_GLOBAL_6K_V2.4_Model_FP32.tflite,248D9B016488729F_20260411_175500_chunk_019.wav,11400,264,267
11667,11670,Engine,Engine,0.3904,248D9B016488729F_20260411_175500.WAV,14,0.0,1.0,0.25,BirdNET_GLOBAL_6K_V2.4_Model_FP32.tflite,248D9B016488729F_20260411_175500_chunk_019.wav,11400,267,270
11676,11679,Engine,Engine,0.7132,248D9B016488729F_20260411_175500.WAV,14,0.0,1.0,0.25,BirdNET_GLOBAL_6K_V2.4_Model_FP32.tflite,248D9B016488729F_20260411_175500_chunk_019.wav,11400,276,279
11694,11697,Engine,Engine,0.3771,248D9B016488729F_20260411_175500.WAV,14,0.0,1.0,0.25,BirdNET_GLOBAL_6K_V2.4_Model_FP32.tflite,248D9B016488729F_20260411_175500_chunk_019.wav,11400,294,297
11706,11709,Engine,Engine,0.3371,248D9B016488729F_20260411_175500.WAV,14,0.0,1.0,0.25,BirdNET_GLOBAL_6K_V2.4_Model_FP32.tflite,248D9B016488729F_20260411_175500_chunk_019.wav,11400,306,309
11709,11712,Engine,Engine,0.2718,248D9B016488729F_20260411_175500.WAV,14,0.0,1.0,0.25,BirdNET_GLOBAL_6K_V2.4_Model_FP32.tflite,248D9B016488729F_20260411_175500_chunk_019.wav,11400,309,312
11712,11715,Engine,Engine,0.3411,248D9B016488729F_20260411_175500.WAV,14,0.0,1.0,0.25,BirdNET_GLOBAL_6K_V2.4_Model_FP32.tflite,248D9B016488729F_20260411_175500_chunk_019.wav,11400,312,315
11715,11718,Engine,Engine,0.7903,248D9B016488729F_20260411_175500.WAV,14,0.0,1.0,0.25,BirdNET_GLOBAL_6K_V2.4_Model_FP32.tflite,248D9B016488729F_20260411_175500_chunk_019.wav,11400,315,318
11730,11733,Engine,Engine,0.6518,248D9B016488729F_20260411_175500.WAV,14,0.0,1.0,0.25,BirdNET_GLOBAL_6K_V2.4_Model_FP32.tflite,248D9B016488729F_20260411_175500_chunk_019.wav,11400,330,333
11733,11736,Engine,Engine,0.8551,248D9B016488729F_20260411_175500.WAV,14,0.0,1.0,0.25,BirdNET_GLOBAL_6K_V2.4_Model_FP32.tflite,248D9B016488729F_20260411_175500_chunk_019.wav,11400,333,336
11736,11739,Engine,Engine,0.3806,248D9B016488729F_20260411_175500.WAV,14,0.0,1.0,0.25,BirdNET_GLOBAL_6K_V2.4_Model_FP32.tflite,248D9B016488729F_20260411_175500_chunk_019.wav,11400,336,339
11739,11742,Engine,Engine,0.3667,248D9B016488729F_20260411_175500.WAV,14,0.0,1.0,0.25,BirdNET_GLOBAL_6K_V2.4_Model_FP32.tflite,248D9B016488729F_20260411_175500_chunk_019.wav,11400,339,342
11754,11757,Engine,Engine,0.3127,248D9B016488729F_20260411_175500.WAV,14,0.0,1.0,0.25,BirdNET_GLOBAL_6K_V2.4_Model_FP32.tflite,248D9B016488729F_20260411_175500_chunk_019.wav,11400,354,357
11757,11760,Engine,Engine,0.4110,248D9B016488729F_20260411_175500.WAV,14,0.0,1.0,0.25,BirdNET_GLOBAL_6K_V2.4_Model_FP32.tflite,248D9B016488729F_20260411_175500_chunk_019.wav,11400,357,360
11766,11769,Engine,Engine,0.3564,248D9B016488729F_20260411_175500.WAV,14,0.0,1.0,0.25,BirdNET_GLOBAL_6K_V2.4_Model_FP32.tflite,248D9B016488729F_20260411_175500_chunk_019.wav,11400,366,369
11784,11787,Engine,Engine,0.5693,248D9B016488729F_20260411_175500.WAV,14,0.0,1.0,0.25,BirdNET_GLOBAL_6K_V2.4_Model_FP32.tflite,248D9B016488729F_20260411_175500_chunk_019.wav,11400,384,387
11787,11790,Engine,Engine,0.2953,248D9B016488729F_20260411_175500.WAV,14,0.0,1.0,0.25,BirdNET_GLOBAL_6K_V2.4_Model_FP32.tflite,248D9B016488729F_20260411_175500_chunk_019.wav,11400,387,390
11790,11793,Engine,Engine,0.4539,248D9B016488729F_20260411_175500.WAV,14,0.0,1.0,0.25,BirdNET_GLOBAL_6K_V2.4_Model_FP32.tflite,248D9B016488729F_20260411_175500_chunk_019.wav,11400,390,393
11808,11811,Engine,Engine,0.2794,248D9B016488729F_20260411_175500.WAV,14,0.0,1.0,0.25,BirdNET_GLOBAL_6K_V2.4_Model_FP32.tflite,248D9B016488729F_20260411_175500_chunk_019.wav,11400,408,411
11811,11814,Engine,Engine,0.4086,248D9B016488729F_20260411_175500.WAV,14,0.0,1.0,0.25,BirdNET_GLOBAL_6K_V2.4_Model_FP32.tflite,248D9B016488729F_20260411_175500_chunk_019.wav,11400,411,414
11823,11826,Engine,Engine,0.7903,248D9B016488729F_20260411_175500.WAV,14,0.0,1.0,0.25,BirdNET_GLOBAL_6K_V2.4_Model_FP32.tflite,248D9B016488729F_20260411_175500_chunk_019.wav,11400,423,426
11826,11829,Engine,Engine,0.5536,248D9B016488729F_20260411_175500.WAV,14,0.0,1.0,0.25,BirdNET_GLOBAL_6K_V2.4_Model_FP32.tflite,248D9B016488729F_20260411_175500_chunk_019.wav,11400,426,429
11829,11832,Engine,Engine,0.6759,248D9B016488729F_20260411_175500.WAV,14,0.0,1.0,0.25,BirdNET_GLOBAL_6K_V2.4_Model_FP32.tflite,248D9B016488729F_20260411_175500_chunk_019.wav,11400,429,432
11850,11853,Engine,Engine,0.5029,248D9B016488729F_20260411_175500.WAV,14,0.0,1.0,0.25,BirdNET_GLOBAL_6K_V2.4_Model_FP32.tflite,248D9B016488729F_20260411_175500_chunk_019.wav,11400,450,453
11871,11874,Engine,Engine,0.3766,248D9B016488729F_20260411_175500.WAV,14,0.0,1.0,0.25,BirdNET_GLOBAL_6K_V2.4_Model_FP32.tflite,248D9B016488729F_20260411_175500_chunk_019.wav,11400,471,474
11952,11955,Engine,Engine,0.2991,248D9B016488729F_20260411_175500.WAV,14,0.0,1.0,0.25,BirdNET_GLOBAL_6K_V2.4_Model_FP32.tflite,248D9B016488729F_20260411_175500_chunk_019.wav,11400,552,555
11955,11958,Engine,Engine,0.2786,248D9B016488729F_20260411_175500.WAV,14,0.0,1.0,0.25,BirdNET_GLOBAL_6K_V2.4_Model_FP32.tflite,248D9B016488729F_20260411_175500_chunk_019.wav,11400,555,558
11958,11961,Engine,Engine,0.6072,248D9B016488729F_20260411_175500.WAV,14,0.0,1.0,0.25,BirdNET_GLOBAL_6K_V2.4_Model_FP32.tflite,248D9B016488729F_20260411_175500_chunk_019.wav,11400,558,561
11961,11964,Engine,Engine,0.4191,248D9B016488729F_20260411_175500.WAV,14,0.0,1.0,0.25,BirdNET_GLOBAL_6K_V2.4_Model_FP32.tflite,248D9B016488729F_20260411_175500_chunk_019.wav,11400,561,564
11964,11967,Engine,Engine,0.8647,248D9B016488729F_20260411_175500.WAV,14,0.0,1.0,0.25,BirdNET_GLOBAL_6K_V2.4_Model_FP32.tflite,248D9B016488729F_20260411_175500_chunk_019.wav,11400,564,567
11967,11970,Engine,Engine,0.3626,248D9B016488729F_20260411_175500.WAV,14,0.0,1.0,0.25,BirdNET_GLOBAL_6K_V2.4_Model_FP32.tflite,248D9B016488729F_20260411_175500_chunk_019.wav,11400,567,570
11973,11976,Engine,Engine,0.5217,248D9B016488729F_20260411_175500.WAV,14,0.0,1.0,0.25,BirdNET_GLOBAL_6K_V2.4_Model_FP32.tflite,248D9B016488729F_20260411_175500_chunk_019.wav,11400,573,576
11982,11985,Erithacus rubecula,European Robin,0.2846,248D9B016488729F_20260411_175500.WAV,14,0.0,1.0,0.25,BirdNET_GLOBAL_6K_V2.4_Model_FP32.tflite,248D9B016488729F_20260411_175500_chunk_019.wav,11400,582,585
11997,11999.98,Engine,Engine,0.8812,248D9B016488729F_20260411_175500.WAV,14,0.0,1.0,0.25,BirdNET_GLOBAL_6K_V2.4_Model_FP32.tflite,248D9B016488729F_20260411_175500_chunk_019.wav,11400,597,599.98
12000,12003,Engine,Engine,0.3310,248D9B016488729F_20260411_175500.WAV,14,0.0,1.0,0.25,BirdNET_GLOBAL_6K_V2.4_Model_FP32.tflite,248D9B016488729F_20260411_175500_chunk_020.wav,12000,0,3
12003,12006,Engine,Engine,0.6844,248D9B016488729F_20260411_175500.WAV,14,0.0,1.0,0.25,BirdNET_GLOBAL_6K_V2.4_Model_FP32.tflite,248D9B016488729F_20260411_175500_chunk_020.wav,12000,3,6
12006,12009,Engine,Engine,0.7474,248D9B016488729F_20260411_175500.WAV,14,0.0,1.0,0.25,BirdNET_GLOBAL_6K_V2.4_Model_FP32.tflite,248D9B016488729F_20260411_175500_chunk_020.wav,12000,6,9
12012,12015,Engine,Engine,0.3161,248D9B016488729F_20260411_175500.WAV,14,0.0,1.0,0.25,BirdNET_GLOBAL_6K_V2.4_Model_FP32.tflite,248D9B016488729F_20260411_175500_chunk_020.wav,12000,12,15
12018,12021,Engine,Engine,0.3131,248D9B016488729F_20260411_175500.WAV,14,0.0,1.0,0.25,BirdNET_GLOBAL_6K_V2.4_Model_FP32.tflite,248D9B016488729F_20260411_175500_chunk_020.wav,12000,18,21
12033,12036,Engine,Engine,0.5240,248D9B016488729F_20260411_175500.WAV,14,0.0,1.0,0.25,BirdNET_GLOBAL_6K_V2.4_Model_FP32.tflite,248D9B016488729F_20260411_175500_chunk_020.wav,12000,33,36
12042,12045,Engine,Engine,0.2895,248D9B016488729F_20260411_175500.WAV,14,0.0,1.0,0.25,BirdNET_GLOBAL_6K_V2.4_Model_FP32.tflite,248D9B016488729F_20260411_175500_chunk_020.wav,12000,42,45
12051,12054,Engine,Engine,0.2728,248D9B016488729F_20260411_175500.WAV,14,0.0,1.0,0.25,BirdNET_GLOBAL_6K_V2.4_Model_FP32.tflite,248D9B016488729F_20260411_175500_chunk_020.wav,12000,51,54
12060,12063,Engine,Engine,0.2659,248D9B016488729F_20260411_175500.WAV,14,0.0,1.0,0.25,BirdNET_GLOBAL_6K_V2.4_Model_FP32.tflite,248D9B016488729F_20260411_175500_chunk_020.wav,12000,60,63
12102,12105,Engine,Engine,0.2565,248D9B016488729F_20260411_175500.WAV,14,0.0,1.0,0.25,BirdNET_GLOBAL_6K_V2.4_Model_FP32.tflite,248D9B016488729F_20260411_175500_chunk_020.wav,12000,102,105
12132,12135,Engine,Engine,0.3345,248D9B016488729F_20260411_175500.WAV,14,0.0,1.0,0.25,BirdNET_GLOBAL_6K_V2.4_Model_FP32.tflite,248D9B016488729F_20260411_175500_chunk_020.wav,12000,132,135
12162,12165,Engine,Engine,0.2768,248D9B016488729F_20260411_175500.WAV,14,0.0,1.0,0.25,BirdNET_GLOBAL_6K_V2.4_Model_FP32.tflite,248D9B016488729F_20260411_175500_chunk_020.wav,12000,162,165
12168,12171,Engine,Engine,0.3816,248D9B016488729F_20260411_175500.WAV,14,0.0,1.0,0.25,BirdNET_GLOBAL_6K_V2.4_Model_FP32.tflite,248D9B016488729F_20260411_175500_chunk_020.wav,12000,168,171
12171,12174,Engine,Engine,0.3587,248D9B016488729F_20260411_175500.WAV,14,0.0,1.0,0.25,BirdNET_GLOBAL_6K_V2.4_Model_FP32.tflite,248D9B016488729F_20260411_175500_chunk_020.wav,12000,171,174
12180,12183,Engine,Engine,0.3301,248D9B016488729F_20260411_175500.WAV,14,0.0,1.0,0.25,BirdNET_GLOBAL_6K_V2.4_Model_FP32.tflite,248D9B016488729F_20260411_175500_chunk_020.wav,12000,180,183
12189,12192,Engine,Engine,0.8272,248D9B016488729F_20260411_175500.WAV,14,0.0,1.0,0.25,BirdNET_GLOBAL_6K_V2.4_Model_FP32.tflite,248D9B016488729F_20260411_175500_chunk_020.wav,12000,189,192
12192,12195,Engine,Engine,0.5050,248D9B016488729F_20260411_175500.WAV,14,0.0,1.0,0.25,BirdNET_GLOBAL_6K_V2.4_Model_FP32.tflite,248D9B016488729F_20260411_175500_chunk_020.wav,12000,192,195
12195,12198,Engine,Engine,0.2830,248D9B016488729F_20260411_175500.WAV,14,0.0,1.0,0.25,BirdNET_GLOBAL_6K_V2.4_Model_FP32.tflite,248D9B016488729F_20260411_175500_chunk_020.wav,12000,195,198
12210,12213,Engine,Engine,0.4965,248D9B016488729F_20260411_175500.WAV,14,0.0,1.0,0.25,BirdNET_GLOBAL_6K_V2.4_Model_FP32.tflite,248D9B016488729F_20260411_175500_chunk_020.wav,12000,210,213
12243,12246,Engine,Engine,0.4550,248D9B016488729F_20260411_175500.WAV,14,0.0,1.0,0.25,BirdNET_GLOBAL_6K_V2.4_Model_FP32.tflite,248D9B016488729F_20260411_175500_chunk_020.wav,12000,243,246
12249,12252,Engine,Engine,0.5089,248D9B016488729F_20260411_175500.WAV,14,0.0,1.0,0.25,BirdNET_GLOBAL_6K_V2.4_Model_FP32.tflite,248D9B016488729F_20260411_175500_chunk_020.wav,12000,249,252
12252,12255,Engine,Engine,0.5225,248D9B016488729F_20260411_175500.WAV,14,0.0,1.0,0.25,BirdNET_GLOBAL_6K_V2.4_Model_FP32.tflite,248D9B016488729F_20260411_175500_chunk_020.wav,12000,252,255
12264,12267,Engine,Engine,0.8368,248D9B016488729F_20260411_175500.WAV,14,0.0,1.0,0.25,BirdNET_GLOBAL_6K_V2.4_Model_FP32.tflite,248D9B016488729F_20260411_175500_chunk_020.wav,12000,264,267
12276,12279,Engine,Engine,0.5849,248D9B016488729F_20260411_175500.WAV,14,0.0,1.0,0.25,BirdNET_GLOBAL_6K_V2.4_Model_FP32.tflite,248D9B016488729F_20260411_175500_chunk_020.wav,12000,276,279
12282,12285,Engine,Engine,0.4617,248D9B016488729F_20260411_175500.WAV,14,0.0,1.0,0.25,BirdNET_GLOBAL_6K_V2.4_Model_FP32.tflite,248D9B016488729F_20260411_175500_chunk_020.wav,12000,282,285
12333,12336,Engine,Engine,0.2570,248D9B016488729F_20260411_175500.WAV,14,0.0,1.0,0.25,BirdNET_GLOBAL_6K_V2.4_Model_FP32.tflite,248D9B016488729F_20260411_175500_chunk_020.wav,12000,333,336
12336,12339,Engine,Engine,0.4419,248D9B016488729F_20260411_175500.WAV,14,0.0,1.0,0.25,BirdNET_GLOBAL_6K_V2.4_Model_FP32.tflite,248D9B016488729F_20260411_175500_chunk_020.wav,12000,336,339
12351,12354,Engine,Engine,0.3723,248D9B016488729F_20260411_175500.WAV,14,0.0,1.0,0.25,BirdNET_GLOBAL_6K_V2.4_Model_FP32.tflite,248D9B016488729F_20260411_175500_chunk_020.wav,12000,351,354
12354,12357,Engine,Engine,0.4049,248D9B016488729F_20260411_175500.WAV,14,0.0,1.0,0.25,BirdNET_GLOBAL_6K_V2.4_Model_FP32.tflite,248D9B016488729F_20260411_175500_chunk_020.wav,12000,354,357
12357,12360,Engine,Engine,0.4419,248D9B016488729F_20260411_175500.WAV,14,0.0,1.0,0.25,BirdNET_GLOBAL_6K_V2.4_Model_FP32.tflite,248D9B016488729F_20260411_175500_chunk_020.wav,12000,357,360
12414,12417,Engine,Engine,0.5384,248D9B016488729F_20260411_175500.WAV,14,0.0,1.0,0.25,BirdNET_GLOBAL_6K_V2.4_Model_FP32.tflite,248D9B016488729F_20260411_175500_chunk_020.wav,12000,414,417
12492,12495,Engine,Engine,0.2917,248D9B016488729F_20260411_175500.WAV,14,0.0,1.0,0.25,BirdNET_GLOBAL_6K_V2.4_Model_FP32.tflite,248D9B016488729F_20260411_175500_chunk_020.wav,12000,492,495
12510,12513,Engine,Engine,0.5212,248D9B016488729F_20260411_175500.WAV,14,0.0,1.0,0.25,BirdNET_GLOBAL_6K_V2.4_Model_FP32.tflite,248D9B016488729F_20260411_175500_chunk_020.wav,12000,510,513
12549,12552,Engine,Engine,0.2537,248D9B016488729F_20260411_175500.WAV,14,0.0,1.0,0.25,BirdNET_GLOBAL_6K_V2.4_Model_FP32.tflite,248D9B016488729F_20260411_175500_chunk_020.wav,12000,549,552
12552,12555,Engine,Engine,0.2747,248D9B016488729F_20260411_175500.WAV,14,0.0,1.0,0.25,BirdNET_GLOBAL_6K_V2.4_Model_FP32.tflite,248D9B016488729F_20260411_175500_chunk_020.wav,12000,552,555
12564,12567,Engine,Engine,0.4570,248D9B016488729F_20260411_175500.WAV,14,0.0,1.0,0.25,BirdNET_GLOBAL_6K_V2.4_Model_FP32.tflite,248D9B016488729F_20260411_175500_chunk_020.wav,12000,564,567
12570,12573,Engine,Engine,0.3283,248D9B016488729F_20260411_175500.WAV,14,0.0,1.0,0.25,BirdNET_GLOBAL_6K_V2.4_Model_FP32.tflite,248D9B016488729F_20260411_175500_chunk_020.wav,12000,570,573
12627,12630,Engine,Engine,0.6001,248D9B016488729F_20260411_175500.WAV,14,0.0,1.0,0.25,BirdNET_GLOBAL_6K_V2.4_Model_FP32.tflite,248D9B016488729F_20260411_175500_chunk_021.wav,12600,27,30
12630,12633,Engine,Engine,0.6001,248D9B016488729F_20260411_175500.WAV,14,0.0,1.0,0.25,BirdNET_GLOBAL_6K_V2.4_Model_FP32.tflite,248D9B016488729F_20260411_175500_chunk_021.wav,12600,30,33
12633,12636,Engine,Engine,0.7085,248D9B016488729F_20260411_175500.WAV,14,0.0,1.0,0.25,BirdNET_GLOBAL_6K_V2.4_Model_FP32.tflite,248D9B016488729F_20260411_175500_chunk_021.wav,12600,33,36
12672,12675,Engine,Engine,0.3103,248D9B016488729F_20260411_175500.WAV,14,0.0,1.0,0.25,BirdNET_GLOBAL_6K_V2.4_Model_FP32.tflite,248D9B016488729F_20260411_175500_chunk_021.wav,12600,72,75
12681,12684,Engine,Engine,0.6985,248D9B016488729F_20260411_175500.WAV,14,0.0,1.0,0.25,BirdNET_GLOBAL_6K_V2.4_Model_FP32.tflite,248D9B016488729F_20260411_175500_chunk_021.wav,12600,81,84
12759,12762,Engine,Engine,0.4425,248D9B016488729F_20260411_175500.WAV,14,0.0,1.0,0.25,BirdNET_GLOBAL_6K_V2.4_Model_FP32.tflite,248D9B016488729F_20260411_175500_chunk_021.wav,12600,159,162
12762,12765,Engine,Engine,0.7846,248D9B016488729F_20260411_175500.WAV,14,0.0,1.0,0.25,BirdNET_GLOBAL_6K_V2.4_Model_FP32.tflite,248D9B016488729F_20260411_175500_chunk_021.wav,12600,162,165
12765,12768,Engine,Engine,0.4706,248D9B016488729F_20260411_175500.WAV,14,0.0,1.0,0.25,BirdNET_GLOBAL_6K_V2.4_Model_FP32.tflite,248D9B016488729F_20260411_175500_chunk_021.wav,12600,165,168
12771,12774,Engine,Engine,0.3752,248D9B016488729F_20260411_175500.WAV,14,0.0,1.0,0.25,BirdNET_GLOBAL_6K_V2.4_Model_FP32.tflite,248D9B016488729F_20260411_175500_chunk_021.wav,12600,171,174
12831,12834,Engine,Engine,0.6230,248D9B016488729F_20260411_175500.WAV,14,0.0,1.0,0.25,BirdNET_GLOBAL_6K_V2.4_Model_FP32.tflite,248D9B016488729F_20260411_175500_chunk_021.wav,12600,231,234
12837,12840,Engine,Engine,0.6652,248D9B016488729F_20260411_175500.WAV,14,0.0,1.0,0.25,BirdNET_GLOBAL_6K_V2.4_Model_FP32.tflite,248D9B016488729F_20260411_175500_chunk_021.wav,12600,237,240
12852,12855,Engine,Engine,0.4930,248D9B016488729F_20260411_175500.WAV,14,0.0,1.0,0.25,BirdNET_GLOBAL_6K_V2.4_Model_FP32.tflite,248D9B016488729F_20260411_175500_chunk_021.wav,12600,252,255
12864,12867,Engine,Engine,0.3801,248D9B016488729F_20260411_175500.WAV,14,0.0,1.0,0.25,BirdNET_GLOBAL_6K_V2.4_Model_FP32.tflite,248D9B016488729F_20260411_175500_chunk_021.wav,12600,264,267
12930,12933,Calypte anna,Anna's Hummingbird,0.3628,248D9B016488729F_20260411_175500.WAV,14,0.0,1.0,0.25,BirdNET_GLOBAL_6K_V2.4_Model_FP32.tflite,248D9B016488729F_20260411_175500_chunk_021.wav,12600,330,333
12966,12969,Engine,Engine,0.3100,248D9B016488729F_20260411_175500.WAV,14,0.0,1.0,0.25,BirdNET_GLOBAL_6K_V2.4_Model_FP32.tflite,248D9B016488729F_20260411_175500_chunk_021.wav,12600,366,369
12969,12972,Engine,Engine,0.2871,248D9B016488729F_20260411_175500.WAV,14,0.0,1.0,0.25,BirdNET_GLOBAL_6K_V2.4_Model_FP32.tflite,248D9B016488729F_20260411_175500_chunk_021.wav,12600,369,372
12975,12978,Engine,Engine,0.2649,248D9B016488729F_20260411_175500.WAV,14,0.0,1.0,0.25,BirdNET_GLOBAL_6K_V2.4_Model_FP32.tflite,248D9B016488729F_20260411_175500_chunk_021.wav,12600,375,378
12978,12981,Engine,Engine,0.6074,248D9B016488729F_20260411_175500.WAV,14,0.0,1.0,0.25,BirdNET_GLOBAL_6K_V2.4_Model_FP32.tflite,248D9B016488729F_20260411_175500_chunk_021.wav,12600,378,381
12981,12984,Engine,Engine,0.5343,248D9B016488729F_20260411_175500.WAV,14,0.0,1.0,0.25,BirdNET_GLOBAL_6K_V2.4_Model_FP32.tflite,248D9B016488729F_20260411_175500_chunk_021.wav,12600,381,384
12990,12993,Engine,Engine,0.4494,248D9B016488729F_20260411_175500.WAV,14,0.0,1.0,0.25,BirdNET_GLOBAL_6K_V2.4_Model_FP32.tflite,248D9B016488729F_20260411_175500_chunk_021.wav,12600,390,393
13008,13011,Engine,Engine,0.3051,248D9B016488729F_20260411_175500.WAV,14,0.0,1.0,0.25,BirdNET_GLOBAL_6K_V2.4_Model_FP32.tflite,248D9B016488729F_20260411_175500_chunk_021.wav,12600,408,411
13011,13014,Engine,Engine,0.9333,248D9B016488729F_20260411_175500.WAV,14,0.0,1.0,0.25,BirdNET_GLOBAL_6K_V2.4_Model_FP32.tflite,248D9B016488729F_20260411_175500_chunk_021.wav,12600,411,414
13017,13020,Engine,Engine,0.7740,248D9B016488729F_20260411_175500.WAV,14,0.0,1.0,0.25,BirdNET_GLOBAL_6K_V2.4_Model_FP32.tflite,248D9B016488729F_20260411_175500_chunk_021.wav,12600,417,420
13050,13053,Engine,Engine,0.5263,248D9B016488729F_20260411_175500.WAV,14,0.0,1.0,0.25,BirdNET_GLOBAL_6K_V2.4_Model_FP32.tflite,248D9B016488729F_20260411_175500_chunk_021.wav,12600,450,453
13200,13203,Engine,Engine,0.4410,248D9B016488729F_20260411_175500.WAV,14,0.0,1.0,0.25,BirdNET_GLOBAL_6K_V2.4_Model_FP32.tflite,248D9B016488729F_20260411_175500_chunk_022.wav,13200,0,3
13203,13206,Engine,Engine,0.3396,248D9B016488729F_20260411_175500.WAV,14,0.0,1.0,0.25,BirdNET_GLOBAL_6K_V2.4_Model_FP32.tflite,248D9B016488729F_20260411_175500_chunk_022.wav,13200,3,6
13257,13260,Engine,Engine,0.2553,248D9B016488729F_20260411_175500.WAV,14,0.0,1.0,0.25,BirdNET_GLOBAL_6K_V2.4_Model_FP32.tflite,248D9B016488729F_20260411_175500_chunk_022.wav,13200,57,60
13308,13311,Cyanocitta stelleri,Steller's Jay,0.5198,248D9B016488729F_20260411_175500.WAV,14,0.0,1.0,0.25,BirdNET_GLOBAL_6K_V2.4_Model_FP32.tflite,248D9B016488729F_20260411_175500_chunk_022.wav,13200,108,111
13314,13317,Engine,Engine,0.2891,248D9B016488729F_20260411_175500.WAV,14,0.0,1.0,0.25,BirdNET_GLOBAL_6K_V2.4_Model_FP32.tflite,248D9B016488729F_20260411_175500_chunk_022.wav,13200,114,117
13335,13338,Engine,Engine,0.4992,248D9B016488729F_20260411_175500.WAV,14,0.0,1.0,0.25,BirdNET_GLOBAL_6K_V2.4_Model_FP32.tflite,248D9B016488729F_20260411_175500_chunk_022.wav,13200,135,138
13356,13359,Engine,Engine,0.3096,248D9B016488729F_20260411_175500.WAV,14,0.0,1.0,0.25,BirdNET_GLOBAL_6K_V2.4_Model_FP32.tflite,248D9B016488729F_20260411_175500_chunk_022.wav,13200,156,159
13407,13410,Engine,Engine,0.8116,248D9B016488729F_20260411_175500.WAV,14,0.0,1.0,0.25,BirdNET_GLOBAL_6K_V2.4_Model_FP32.tflite,248D9B016488729F_20260411_175500_chunk_022.wav,13200,207,210
13452,13455,Engine,Engine,0.7539,248D9B016488729F_20260411_175500.WAV,14,0.0,1.0,0.25,BirdNET_GLOBAL_6K_V2.4_Model_FP32.tflite,248D9B016488729F_20260411_175500_chunk_022.wav,13200,252,255
13455,13458,Engine,Engine,0.6296,248D9B016488729F_20260411_175500.WAV,14,0.0,1.0,0.25,BirdNET_GLOBAL_6K_V2.4_Model_FP32.tflite,248D9B016488729F_20260411_175500_chunk_022.wav,13200,255,258
13458,13461,Engine,Engine,0.5140,248D9B016488729F_20260411_175500.WAV,14,0.0,1.0,0.25,BirdNET_GLOBAL_6K_V2.4_Model_FP32.tflite,248D9B016488729F_20260411_175500_chunk_022.wav,13200,258,261
13464,13467,Engine,Engine,0.2506,248D9B016488729F_20260411_175500.WAV,14,0.0,1.0,0.25,BirdNET_GLOBAL_6K_V2.4_Model_FP32.tflite,248D9B016488729F_20260411_175500_chunk_022.wav,13200,264,267
13476,13479,Engine,Engine,0.7605,248D9B016488729F_20260411_175500.WAV,14,0.0,1.0,0.25,BirdNET_GLOBAL_6K_V2.4_Model_FP32.tflite,248D9B016488729F_20260411_175500_chunk_022.wav,13200,276,279
13479,13482,Engine,Engine,0.4170,248D9B016488729F_20260411_175500.WAV,14,0.0,1.0,0.25,BirdNET_GLOBAL_6K_V2.4_Model_FP32.tflite,248D9B016488729F_20260411_175500_chunk_022.wav,13200,279,282
13539,13542,Prunella modularis,Dunnock,0.5262,248D9B016488729F_20260411_175500.WAV,14,0.0,1.0,0.25,BirdNET_GLOBAL_6K_V2.4_Model_FP32.tflite,248D9B016488729F_20260411_175500_chunk_022.wav,13200,339,342
13542,13545,Engine,Engine,0.2857,248D9B016488729F_20260411_175500.WAV,14,0.0,1.0,0.25,BirdNET_GLOBAL_6K_V2.4_Model_FP32.tflite,248D9B016488729F_20260411_175500_chunk_022.wav,13200,342,345
13551,13554,Engine,Engine,0.5825,248D9B016488729F_20260411_175500.WAV,14,0.0,1.0,0.25,BirdNET_GLOBAL_6K_V2.4_Model_FP32.tflite,248D9B016488729F_20260411_175500_chunk_022.wav,13200,351,354
13563,13566,Engine,Engine,0.7038,248D9B016488729F_20260411_175500.WAV,14,0.0,1.0,0.25,BirdNET_GLOBAL_6K_V2.4_Model_FP32.tflite,248D9B016488729F_20260411_175500_chunk_022.wav,13200,363,366
13566,13569,Engine,Engine,0.4702,248D9B016488729F_20260411_175500.WAV,14,0.0,1.0,0.25,BirdNET_GLOBAL_6K_V2.4_Model_FP32.tflite,248D9B016488729F_20260411_175500_chunk_022.wav,13200,366,369
13587,13590,Anas crecca,Green-winged Teal,0.3497,248D9B016488729F_20260411_175500.WAV,14,0.0,1.0,0.25,BirdNET_GLOBAL_6K_V2.4_Model_FP32.tflite,248D9B016488729F_20260411_175500_chunk_022.wav,13200,387,390
13596,13599,Engine,Engine,0.3692,248D9B016488729F_20260411_175500.WAV,14,0.0,1.0,0.25,BirdNET_GLOBAL_6K_V2.4_Model_FP32.tflite,248D9B016488729F_20260411_175500_chunk_022.wav,13200,396,399
13626,13629,Engine,Engine,0.3101,248D9B016488729F_20260411_175500.WAV,14,0.0,1.0,0.25,BirdNET_GLOBAL_6K_V2.4_Model_FP32.tflite,248D9B016488729F_20260411_175500_chunk_022.wav,13200,426,429
13629,13632,Engine,Engine,0.3701,248D9B016488729F_20260411_175500.WAV,14,0.0,1.0,0.25,BirdNET_GLOBAL_6K_V2.4_Model_FP32.tflite,248D9B016488729F_20260411_175500_chunk_022.wav,13200,429,432
13650,13653,Psaltriparus minimus,Bushtit,0.2849,248D9B016488729F_20260411_175500.WAV,14,0.0,1.0,0.25,BirdNET_GLOBAL_6K_V2.4_Model_FP32.tflite,248D9B016488729F_20260411_175500_chunk_022.wav,13200,450,453
13668,13671,Engine,Engine,0.4356,248D9B016488729F_20260411_175500.WAV,14,0.0,1.0,0.25,BirdNET_GLOBAL_6K_V2.4_Model_FP32.tflite,248D9B016488729F_20260411_175500_chunk_022.wav,13200,468,471
13680,13683,Engine,Engine,0.4094,248D9B016488729F_20260411_175500.WAV,14,0.0,1.0,0.25,BirdNET_GLOBAL_6K_V2.4_Model_FP32.tflite,248D9B016488729F_20260411_175500_chunk_022.wav,13200,480,483
13683,13686,Engine,Engine,0.3737,248D9B016488729F_20260411_175500.WAV,14,0.0,1.0,0.25,BirdNET_GLOBAL_6K_V2.4_Model_FP32.tflite,248D9B016488729F_20260411_175500_chunk_022.wav,13200,483,486
13701,13704,Engine,Engine,0.8539,248D9B016488729F_20260411_175500.WAV,14,0.0,1.0,0.25,BirdNET_GLOBAL_6K_V2.4_Model_FP32.tflite,248D9B016488729F_20260411_175500_chunk_022.wav,13200,501,504
13704,13707,Engine,Engine,0.4524,248D9B016488729F_20260411_175500.WAV,14,0.0,1.0,0.25,BirdNET_GLOBAL_6K_V2.4_Model_FP32.tflite,248D9B016488729F_20260411_175500_chunk_022.wav,13200,504,507
13713,13716,Engine,Engine,0.6249,248D9B016488729F_20260411_175500.WAV,14,0.0,1.0,0.25,BirdNET_GLOBAL_6K_V2.4_Model_FP32.tflite,248D9B016488729F_20260411_175500_chunk_022.wav,13200,513,516
13719,13722,Engine,Engine,0.6698,248D9B016488729F_20260411_175500.WAV,14,0.0,1.0,0.25,BirdNET_GLOBAL_6K_V2.4_Model_FP32.tflite,248D9B016488729F_20260411_175500_chunk_022.wav,13200,519,522
13719,13722,Human vocal,Human vocal,0.4343,248D9B016488729F_20260411_175500.WAV,14,0.0,1.0,0.25,BirdNET_GLOBAL_6K_V2.4_Model_FP32.tflite,248D9B016488729F_20260411_175500_chunk_022.wav,13200,519,522
13722,13725,Engine,Engine,0.5932,248D9B016488729F_20260411_175500.WAV,14,0.0,1.0,0.25,BirdNET_GLOBAL_6K_V2.4_Model_FP32.tflite,248D9B016488729F_20260411_175500_chunk_022.wav,13200,522,525
13725,13728,Engine,Engine,0.3195,248D9B016488729F_20260411_175500.WAV,14,0.0,1.0,0.25,BirdNET_GLOBAL_6K_V2.4_Model_FP32.tflite,248D9B016488729F_20260411_175500_chunk_022.wav,13200,525,528
13731,13734,Engine,Engine,0.3110,248D9B016488729F_20260411_175500.WAV,14,0.0,1.0,0.25,BirdNET_GLOBAL_6K_V2.4_Model_FP32.tflite,248D9B016488729F_20260411_175500_chunk_022.wav,13200,531,534
13734,13737,Engine,Engine,0.4159,248D9B016488729F_20260411_175500.WAV,14,0.0,1.0,0.25,BirdNET_GLOBAL_6K_V2.4_Model_FP32.tflite,248D9B016488729F_20260411_175500_chunk_022.wav,13200,534,537
13764,13767,Engine,Engine,0.6653,248D9B016488729F_20260411_175500.WAV,14,0.0,1.0,0.25,BirdNET_GLOBAL_6K_V2.4_Model_FP32.tflite,248D9B016488729F_20260411_175500_chunk_022.wav,13200,564,567
13767,13770,Engine,Engine,0.2814,248D9B016488729F_20260411_175500.WAV,14,0.0,1.0,0.25,BirdNET_GLOBAL_6K_V2.4_Model_FP32.tflite,248D9B016488729F_20260411_175500_chunk_022.wav,13200,567,570
13770,13773,Prunella modularis,Dunnock,0.2944,248D9B016488729F_20260411_175500.WAV,14,0.0,1.0,0.25,BirdNET_GLOBAL_6K_V2.4_Model_FP32.tflite,248D9B016488729F_20260411_175500_chunk_022.wav,13200,570,573
13773,13776,Engine,Engine,0.4972,248D9B016488729F_20260411_175500.WAV,14,0.0,1.0,0.25,BirdNET_GLOBAL_6K_V2.4_Model_FP32.tflite,248D9B016488729F_20260411_175500_chunk_022.wav,13200,573,576
13812,13815,Engine,Engine,0.4737,248D9B016488729F_20260411_175500.WAV,14,0.0,1.0,0.25,BirdNET_GLOBAL_6K_V2.4_Model_FP32.tflite,248D9B016488729F_20260411_175500_chunk_023.wav,13800,12,15
13827,13830,Turdus philomelos,Song Thrush,0.6316,248D9B016488729F_20260411_175500.WAV,14,0.0,1.0,0.25,BirdNET_GLOBAL_6K_V2.4_Model_FP32.tflite,248D9B016488729F_20260411_175500_chunk_023.wav,13800,27,30
13854,13857,Engine,Engine,0.3369,248D9B016488729F_20260411_175500.WAV,14,0.0,1.0,0.25,BirdNET_GLOBAL_6K_V2.4_Model_FP32.tflite,248D9B016488729F_20260411_175500_chunk_023.wav,13800,54,57
13860,13863,Botaurus stellaris,Great Bittern,0.4627,248D9B016488729F_20260411_175500.WAV,14,0.0,1.0,0.25,BirdNET_GLOBAL_6K_V2.4_Model_FP32.tflite,248D9B016488729F_20260411_175500_chunk_023.wav,13800,60,63
13875,13878,Engine,Engine,0.3171,248D9B016488729F_20260411_175500.WAV,14,0.0,1.0,0.25,BirdNET_GLOBAL_6K_V2.4_Model_FP32.tflite,248D9B016488729F_20260411_175500_chunk_023.wav,13800,75,78
13878,13881,Human vocal,Human vocal,0.2927,248D9B016488729F_20260411_175500.WAV,14,0.0,1.0,0.25,BirdNET_GLOBAL_6K_V2.4_Model_FP32.tflite,248D9B016488729F_20260411_175500_chunk_023.wav,13800,78,81
13881,13884,Engine,Engine,0.2612,248D9B016488729F_20260411_175500.WAV,14,0.0,1.0,0.25,BirdNET_GLOBAL_6K_V2.4_Model_FP32.tflite,248D9B016488729F_20260411_175500_chunk_023.wav,13800,81,84
13977,13980,Engine,Engine,0.2853,248D9B016488729F_20260411_175500.WAV,14,0.0,1.0,0.25,BirdNET_GLOBAL_6K_V2.4_Model_FP32.tflite,248D9B016488729F_20260411_175500_chunk_023.wav,13800,177,180
13980,13983,Engine,Engine,0.2568,248D9B016488729F_20260411_175500.WAV,14,0.0,1.0,0.25,BirdNET_GLOBAL_6K_V2.4_Model_FP32.tflite,248D9B016488729F_20260411_175500_chunk_023.wav,13800,180,183
13983,13986,Engine,Engine,0.3391,248D9B016488729F_20260411_175500.WAV,14,0.0,1.0,0.25,BirdNET_GLOBAL_6K_V2.4_Model_FP32.tflite,248D9B016488729F_20260411_175500_chunk_023.wav,13800,183,186
14055,14058,Engine,Engine,0.7948,248D9B016488729F_20260411_175500.WAV,14,0.0,1.0,0.25,BirdNET_GLOBAL_6K_V2.4_Model_FP32.tflite,248D9B016488729F_20260411_175500_chunk_023.wav,13800,255,258
14058,14061,Engine,Engine,0.3333,248D9B016488729F_20260411_175500.WAV,14,0.0,1.0,0.25,BirdNET_GLOBAL_6K_V2.4_Model_FP32.tflite,248D9B016488729F_20260411_175500_chunk_023.wav,13800,258,261
14061,14064,Engine,Engine,0.5457,248D9B016488729F_20260411_175500.WAV,14,0.0,1.0,0.25,BirdNET_GLOBAL_6K_V2.4_Model_FP32.tflite,248D9B016488729F_20260411_175500_chunk_023.wav,13800,261,264
14151,14154,Engine,Engine,0.4502,248D9B016488729F_20260411_175500.WAV,14,0.0,1.0,0.25,BirdNET_GLOBAL_6K_V2.4_Model_FP32.tflite,248D9B016488729F_20260411_175500_chunk_023.wav,13800,351,354
14160,14163,Engine,Engine,0.8188,248D9B016488729F_20260411_175500.WAV,14,0.0,1.0,0.25,BirdNET_GLOBAL_6K_V2.4_Model_FP32.tflite,248D9B016488729F_20260411_175500_chunk_023.wav,13800,360,363
14187,14190,Cyanocitta stelleri,Steller's Jay,0.3012,248D9B016488729F_20260411_175500.WAV,14,0.0,1.0,0.25,BirdNET_GLOBAL_6K_V2.4_Model_FP32.tflite,248D9B016488729F_20260411_175500_chunk_023.wav,13800,387,390
14370,14373,Engine,Engine,0.4162,248D9B016488729F_20260411_175500.WAV,14,0.0,1.0,0.25,BirdNET_GLOBAL_6K_V2.4_Model_FP32.tflite,248D9B016488729F_20260411_175500_chunk_023.wav,13800,570,573
14382,14385,Engine,Engine,0.3500,248D9B016488729F_20260411_175500.WAV,14,0.0,1.0,0.25,BirdNET_GLOBAL_6K_V2.4_Model_FP32.tflite,248D9B016488729F_20260411_175500_chunk_023.wav,13800,582,585
14388,14391,Engine,Engine,0.3797,248D9B016488729F_20260411_175500.WAV,14,0.0,1.0,0.25,BirdNET_GLOBAL_6K_V2.4_Model_FP32.tflite,248D9B016488729F_20260411_175500_chunk_023.wav,13800,588,591
14424,14427,Engine,Engine,0.4365,248D9B016488729F_20260411_175500.WAV,14,0.0,1.0,0.25,BirdNET_GLOBAL_6K_V2.4_Model_FP32.tflite,248D9B016488729F_20260411_175500_chunk_024.wav,14400,24,27
14451,14454,Pyrrhula pyrrhula,Eurasian Bullfinch,0.2837,248D9B016488729F_20260411_175500.WAV,14,0.0,1.0,0.25,BirdNET_GLOBAL_6K_V2.4_Model_FP32.tflite,248D9B016488729F_20260411_175500_chunk_024.wav,14400,51,54
14457,14460,Engine,Engine,0.3166,248D9B016488729F_20260411_175500.WAV,14,0.0,1.0,0.25,BirdNET_GLOBAL_6K_V2.4_Model_FP32.tflite,248D9B016488729F_20260411_175500_chunk_024.wav,14400,57,60
14481,14484,Engine,Engine,0.4708,248D9B016488729F_20260411_175500.WAV,14,0.0,1.0,0.25,BirdNET_GLOBAL_6K_V2.4_Model_FP32.tflite,248D9B016488729F_20260411_175500_chunk_024.wav,14400,81,84
14505,14508,Engine,Engine,0.2712,248D9B016488729F_20260411_175500.WAV,14,0.0,1.0,0.25,BirdNET_GLOBAL_6K_V2.4_Model_FP32.tflite,248D9B016488729F_20260411_175500_chunk_024.wav,14400,105,108
14508,14511,Engine,Engine,0.4573,248D9B016488729F_20260411_175500.WAV,14,0.0,1.0,0.25,BirdNET_GLOBAL_6K_V2.4_Model_FP32.tflite,248D9B016488729F_20260411_175500_chunk_024.wav,14400,108,111
14514,14517,Engine,Engine,0.3512,248D9B016488729F_20260411_175500.WAV,14,0.0,1.0,0.25,BirdNET_GLOBAL_6K_V2.4_Model_FP32.tflite,248D9B016488729F_20260411_175500_chunk_024.wav,14400,114,117
14547,14550,Engine,Engine,0.2735,248D9B016488729F_20260411_175500.WAV,14,0.0,1.0,0.25,BirdNET_GLOBAL_6K_V2.4_Model_FP32.tflite,248D9B016488729F_20260411_175500_chunk_024.wav,14400,147,150
14583,14586,Engine,Engine,0.2584,248D9B016488729F_20260411_175500.WAV,14,0.0,1.0,0.25,BirdNET_GLOBAL_6K_V2.4_Model_FP32.tflite,248D9B016488729F_20260411_175500_chunk_024.wav,14400,183,186
14586,14589,Engine,Engine,0.8540,248D9B016488729F_20260411_175500.WAV,14,0.0,1.0,0.25,BirdNET_GLOBAL_6K_V2.4_Model_FP32.tflite,248D9B016488729F_20260411_175500_chunk_024.wav,14400,186,189
14589,14592,Engine,Engine,0.5105,248D9B016488729F_20260411_175500.WAV,14,0.0,1.0,0.25,BirdNET_GLOBAL_6K_V2.4_Model_FP32.tflite,248D9B016488729F_20260411_175500_chunk_024.wav,14400,189,192
14592,14595,Engine,Engine,0.5057,248D9B016488729F_20260411_175500.WAV,14,0.0,1.0,0.25,BirdNET_GLOBAL_6K_V2.4_Model_FP32.tflite,248D9B016488729F_20260411_175500_chunk_024.wav,14400,192,195
14595,14598,Engine,Engine,0.6375,248D9B016488729F_20260411_175500.WAV,14,0.0,1.0,0.25,BirdNET_GLOBAL_6K_V2.4_Model_FP32.tflite,248D9B016488729F_20260411_175500_chunk_024.wav,14400,195,198
14652,14655,Engine,Engine,0.2565,248D9B016488729F_20260411_175500.WAV,14,0.0,1.0,0.25,BirdNET_GLOBAL_6K_V2.4_Model_FP32.tflite,248D9B016488729F_20260411_175500_chunk_024.wav,14400,252,255
14655,14658,Engine,Engine,0.2558,248D9B016488729F_20260411_175500.WAV,14,0.0,1.0,0.25,BirdNET_GLOBAL_6K_V2.4_Model_FP32.tflite,248D9B016488729F_20260411_175500_chunk_024.wav,14400,255,258
14661,14664,Engine,Engine,0.3336,248D9B016488729F_20260411_175500.WAV,14,0.0,1.0,0.25,BirdNET_GLOBAL_6K_V2.4_Model_FP32.tflite,248D9B016488729F_20260411_175500_chunk_024.wav,14400,261,264
14679,14682,Engine,Engine,0.7087,248D9B016488729F_20260411_175500.WAV,14,0.0,1.0,0.25,BirdNET_GLOBAL_6K_V2.4_Model_FP32.tflite,248D9B016488729F_20260411_175500_chunk_024.wav,14400,279,282
14712,14715,Engine,Engine,0.3491,248D9B016488729F_20260411_175500.WAV,14,0.0,1.0,0.25,BirdNET_GLOBAL_6K_V2.4_Model_FP32.tflite,248D9B016488729F_20260411_175500_chunk_024.wav,14400,312,315
14715,14718,Engine,Engine,0.3393,248D9B016488729F_20260411_175500.WAV,14,0.0,1.0,0.25,BirdNET_GLOBAL_6K_V2.4_Model_FP32.tflite,248D9B016488729F_20260411_175500_chunk_024.wav,14400,315,318
14718,14721,Engine,Engine,0.3315,248D9B016488729F_20260411_175500.WAV,14,0.0,1.0,0.25,BirdNET_GLOBAL_6K_V2.4_Model_FP32.tflite,248D9B016488729F_20260411_175500_chunk_024.wav,14400,318,321
14724,14727,Engine,Engine,0.7653,248D9B016488729F_20260411_175500.WAV,14,0.0,1.0,0.25,BirdNET_GLOBAL_6K_V2.4_Model_FP32.tflite,248D9B016488729F_20260411_175500_chunk_024.wav,14400,324,327
14727,14730,Engine,Engine,0.9611,248D9B016488729F_20260411_175500.WAV,14,0.0,1.0,0.25,BirdNET_GLOBAL_6K_V2.4_Model_FP32.tflite,248D9B016488729F_20260411_175500_chunk_024.wav,14400,327,330
14730,14733,Engine,Engine,0.8681,248D9B016488729F_20260411_175500.WAV,14,0.0,1.0,0.25,BirdNET_GLOBAL_6K_V2.4_Model_FP32.tflite,248D9B016488729F_20260411_175500_chunk_024.wav,14400,330,333
14733,14736,Engine,Engine,0.3292,248D9B016488729F_20260411_175500.WAV,14,0.0,1.0,0.25,BirdNET_GLOBAL_6K_V2.4_Model_FP32.tflite,248D9B016488729F_20260411_175500_chunk_024.wav,14400,333,336
14745,14748,Engine,Engine,0.3571,248D9B016488729F_20260411_175500.WAV,14,0.0,1.0,0.25,BirdNET_GLOBAL_6K_V2.4_Model_FP32.tflite,248D9B016488729F_20260411_175500_chunk_024.wav,14400,345,348
14751,14754,Engine,Engine,0.2913,248D9B016488729F_20260411_175500.WAV,14,0.0,1.0,0.25,BirdNET_GLOBAL_6K_V2.4_Model_FP32.tflite,248D9B016488729F_20260411_175500_chunk_024.wav,14400,351,354
14778,14781,Engine,Engine,0.2718,248D9B016488729F_20260411_175500.WAV,14,0.0,1.0,0.25,BirdNET_GLOBAL_6K_V2.4_Model_FP32.tflite,248D9B016488729F_20260411_175500_chunk_024.wav,14400,378,381
14799,14802,Corvus corone,Carrion Crow,0.3254,248D9B016488729F_20260411_175500.WAV,14,0.0,1.0,0.25,BirdNET_GLOBAL_6K_V2.4_Model_FP32.tflite,248D9B016488729F_20260411_175500_chunk_024.wav,14400,399,402
14808,14811,Engine,Engine,0.4397,248D9B016488729F_20260411_175500.WAV,14,0.0,1.0,0.25,BirdNET_GLOBAL_6K_V2.4_Model_FP32.tflite,248D9B016488729F_20260411_175500_chunk_024.wav,14400,408,411
14814,14817,Engine,Engine,0.7753,248D9B016488729F_20260411_175500.WAV,14,0.0,1.0,0.25,BirdNET_GLOBAL_6K_V2.4_Model_FP32.tflite,248D9B016488729F_20260411_175500_chunk_024.wav,14400,414,417
14817,14820,Engine,Engine,0.5036,248D9B016488729F_20260411_175500.WAV,14,0.0,1.0,0.25,BirdNET_GLOBAL_6K_V2.4_Model_FP32.tflite,248D9B016488729F_20260411_175500_chunk_024.wav,14400,417,420
14907,14910,Anthus trivialis,Tree Pipit,0.2767,248D9B016488729F_20260411_175500.WAV,14,0.0,1.0,0.25,BirdNET_GLOBAL_6K_V2.4_Model_FP32.tflite,248D9B016488729F_20260411_175500_chunk_024.wav,14400,507,510
14994,14997,Engine,Engine,0.7151,248D9B016488729F_20260411_175500.WAV,14,0.0,1.0,0.25,BirdNET_GLOBAL_6K_V2.4_Model_FP32.tflite,248D9B016488729F_20260411_175500_chunk_024.wav,14400,594,597
14997,15000,Engine,Engine,0.4578,248D9B016488729F_20260411_175500.WAV,14,0.0,1.0,0.25,BirdNET_GLOBAL_6K_V2.4_Model_FP32.tflite,248D9B016488729F_20260411_175500_chunk_024.wav,14400,597,600
15000,15003,Engine,Engine,0.5113,248D9B016488729F_20260411_175500.WAV,14,0.0,1.0,0.25,BirdNET_GLOBAL_6K_V2.4_Model_FP32.tflite,248D9B016488729F_20260411_175500_chunk_025.wav,15000,0,3
15003,15006,Engine,Engine,0.3570,248D9B016488729F_20260411_175500.WAV,14,0.0,1.0,0.25,BirdNET_GLOBAL_6K_V2.4_Model_FP32.tflite,248D9B016488729F_20260411_175500_chunk_025.wav,15000,3,6
15015,15018,Engine,Engine,0.6704,248D9B016488729F_20260411_175500.WAV,14,0.0,1.0,0.25,BirdNET_GLOBAL_6K_V2.4_Model_FP32.tflite,248D9B016488729F_20260411_175500_chunk_025.wav,15000,15,18
15039,15042,Engine,Engine,0.2971,248D9B016488729F_20260411_175500.WAV,14,0.0,1.0,0.25,BirdNET_GLOBAL_6K_V2.4_Model_FP32.tflite,248D9B016488729F_20260411_175500_chunk_025.wav,15000,39,42
15042,15045,Engine,Engine,0.2643,248D9B016488729F_20260411_175500.WAV,14,0.0,1.0,0.25,BirdNET_GLOBAL_6K_V2.4_Model_FP32.tflite,248D9B016488729F_20260411_175500_chunk_025.wav,15000,42,45
15060,15063,Engine,Engine,0.4799,248D9B016488729F_20260411_175500.WAV,14,0.0,1.0,0.25,BirdNET_GLOBAL_6K_V2.4_Model_FP32.tflite,248D9B016488729F_20260411_175500_chunk_025.wav,15000,60,63
15063,15066,Engine,Engine,0.5841,248D9B016488729F_20260411_175500.WAV,14,0.0,1.0,0.25,BirdNET_GLOBAL_6K_V2.4_Model_FP32.tflite,248D9B016488729F_20260411_175500_chunk_025.wav,15000,63,66
15066,15069,Engine,Engine,0.2794,248D9B016488729F_20260411_175500.WAV,14,0.0,1.0,0.25,BirdNET_GLOBAL_6K_V2.4_Model_FP32.tflite,248D9B016488729F_20260411_175500_chunk_025.wav,15000,66,69
15126,15129,Fulica atra,Eurasian Coot,0.3389,248D9B016488729F_20260411_175500.WAV,14,0.0,1.0,0.25,BirdNET_GLOBAL_6K_V2.4_Model_FP32.tflite,248D9B016488729F_20260411_175500_chunk_025.wav,15000,126,129
15186,15189,Fulica atra,Eurasian Coot,0.5551,248D9B016488729F_20260411_175500.WAV,14,0.0,1.0,0.25,BirdNET_GLOBAL_6K_V2.4_Model_FP32.tflite,248D9B016488729F_20260411_175500_chunk_025.wav,15000,186,189
15234,15237,Engine,Engine,0.3055,248D9B016488729F_20260411_175500.WAV,14,0.0,1.0,0.25,BirdNET_GLOBAL_6K_V2.4_Model_FP32.tflite,248D9B016488729F_20260411_175500_chunk_025.wav,15000,234,237
15279,15282,Engine,Engine,0.4759,248D9B016488729F_20260411_175500.WAV,14,0.0,1.0,0.25,BirdNET_GLOBAL_6K_V2.4_Model_FP32.tflite,248D9B016488729F_20260411_175500_chunk_025.wav,15000,279,282
15282,15285,Engine,Engine,0.7221,248D9B016488729F_20260411_175500.WAV,14,0.0,1.0,0.25,BirdNET_GLOBAL_6K_V2.4_Model_FP32.tflite,248D9B016488729F_20260411_175500_chunk_025.wav,15000,282,285
15285,15288,Engine,Engine,0.4770,248D9B016488729F_20260411_175500.WAV,14,0.0,1.0,0.25,BirdNET_GLOBAL_6K_V2.4_Model_FP32.tflite,248D9B016488729F_20260411_175500_chunk_025.wav,15000,285,288
15300,15303,Engine,Engine,0.3020,248D9B016488729F_20260411_175500.WAV,14,0.0,1.0,0.25,BirdNET_GLOBAL_6K_V2.4_Model_FP32.tflite,248D9B016488729F_20260411_175500_chunk_025.wav,15000,300,303
15321,15324,Engine,Engine,0.3113,248D9B016488729F_20260411_175500.WAV,14,0.0,1.0,0.25,BirdNET_GLOBAL_6K_V2.4_Model_FP32.tflite,248D9B016488729F_20260411_175500_chunk_025.wav,15000,321,324
15351,15354,Engine,Engine,0.4113,248D9B016488729F_20260411_175500.WAV,14,0.0,1.0,0.25,BirdNET_GLOBAL_6K_V2.4_Model_FP32.tflite,248D9B016488729F_20260411_175500_chunk_025.wav,15000,351,354
15387,15390,Engine,Engine,0.3473,248D9B016488729F_20260411_175500.WAV,14,0.0,1.0,0.25,BirdNET_GLOBAL_6K_V2.4_Model_FP32.tflite,248D9B016488729F_20260411_175500_chunk_025.wav,15000,387,390
15402,15405,Zenaida macroura,Mourning Dove,0.2964,248D9B016488729F_20260411_175500.WAV,14,0.0,1.0,0.25,BirdNET_GLOBAL_6K_V2.4_Model_FP32.tflite,248D9B016488729F_20260411_175500_chunk_025.wav,15000,402,405
15681,15684,Engine,Engine,0.8972,248D9B016488729F_20260411_175500.WAV,14,0.0,1.0,0.25,BirdNET_GLOBAL_6K_V2.4_Model_FP32.tflite,248D9B016488729F_20260411_175500_chunk_026.wav,15600,81,84
15684,15687,Engine,Engine,0.5313,248D9B016488729F_20260411_175500.WAV,14,0.0,1.0,0.25,BirdNET_GLOBAL_6K_V2.4_Model_FP32.tflite,248D9B016488729F_20260411_175500_chunk_026.wav,15600,84,87
15693,15696,Engine,Engine,0.5559,248D9B016488729F_20260411_175500.WAV,14,0.0,1.0,0.25,BirdNET_GLOBAL_6K_V2.4_Model_FP32.tflite,248D9B016488729F_20260411_175500_chunk_026.wav,15600,93,96
15696,15699,Engine,Engine,0.5779,248D9B016488729F_20260411_175500.WAV,14,0.0,1.0,0.25,BirdNET_GLOBAL_6K_V2.4_Model_FP32.tflite,248D9B016488729F_20260411_175500_chunk_026.wav,15600,96,99
15699,15702,Engine,Engine,0.2867,248D9B016488729F_20260411_175500.WAV,14,0.0,1.0,0.25,BirdNET_GLOBAL_6K_V2.4_Model_FP32.tflite,248D9B016488729F_20260411_175500_chunk_026.wav,15600,99,102
15723,15726,Engine,Engine,0.3149,248D9B016488729F_20260411_175500.WAV,14,0.0,1.0,0.25,BirdNET_GLOBAL_6K_V2.4_Model_FP32.tflite,248D9B016488729F_20260411_175500_chunk_026.wav,15600,123,126
15879,15882,Engine,Engine,0.9224,248D9B016488729F_20260411_175500.WAV,14,0.0,1.0,0.25,BirdNET_GLOBAL_6K_V2.4_Model_FP32.tflite,248D9B016488729F_20260411_175500_chunk_026.wav,15600,279,282
15882,15885,Engine,Engine,0.5744,248D9B016488729F_20260411_175500.WAV,14,0.0,1.0,0.25,BirdNET_GLOBAL_6K_V2.4_Model_FP32.tflite,248D9B016488729F_20260411_175500_chunk_026.wav,15600,282,285
15903,15906,Engine,Engine,0.5616,248D9B016488729F_20260411_175500.WAV,14,0.0,1.0,0.25,BirdNET_GLOBAL_6K_V2.4_Model_FP32.tflite,248D9B016488729F_20260411_175500_chunk_026.wav,15600,303,306
15909,15912,Engine,Engine,0.6322,248D9B016488729F_20260411_175500.WAV,14,0.0,1.0,0.25,BirdNET_GLOBAL_6K_V2.4_Model_FP32.tflite,248D9B016488729F_20260411_175500_chunk_026.wav,15600,309,312
15912,15915,Sayornis saya,Say's Phoebe,0.9778,248D9B016488729F_20260411_175500.WAV,14,0.0,1.0,0.25,BirdNET_GLOBAL_6K_V2.4_Model_FP32.tflite,248D9B016488729F_20260411_175500_chunk_026.wav,15600,312,315
15912,15915,Engine,Engine,0.9223,248D9B016488729F_20260411_175500.WAV,14,0.0,1.0,0.25,BirdNET_GLOBAL_6K_V2.4_Model_FP32.tflite,248D9B016488729F_20260411_175500_chunk_026.wav,15600,312,315
15915,15918,Engine,Engine,0.3119,248D9B016488729F_20260411_175500.WAV,14,0.0,1.0,0.25,BirdNET_GLOBAL_6K_V2.4_Model_FP32.tflite,248D9B016488729F_20260411_175500_chunk_026.wav,15600,315,318
15918,15921,Engine,Engine,0.5507,248D9B016488729F_20260411_175500.WAV,14,0.0,1.0,0.25,BirdNET_GLOBAL_6K_V2.4_Model_FP32.tflite,248D9B016488729F_20260411_175500_chunk_026.wav,15600,318,321
15921,15924,Engine,Engine,0.5933,248D9B016488729F_20260411_175500.WAV,14,0.0,1.0,0.25,BirdNET_GLOBAL_6K_V2.4_Model_FP32.tflite,248D9B016488729F_20260411_175500_chunk_026.wav,15600,321,324
15921,15924,Human vocal,Human vocal,0.3008,248D9B016488729F_20260411_175500.WAV,14,0.0,1.0,0.25,BirdNET_GLOBAL_6K_V2.4_Model_FP32.tflite,248D9B016488729F_20260411_175500_chunk_026.wav,15600,321,324
15924,15927,Engine,Engine,0.2766,248D9B016488729F_20260411_175500.WAV,14,0.0,1.0,0.25,BirdNET_GLOBAL_6K_V2.4_Model_FP32.tflite,248D9B016488729F_20260411_175500_chunk_026.wav,15600,324,327
15930,15933,Pica hudsonia,Black-billed Magpie,0.3319,248D9B016488729F_20260411_175500.WAV,14,0.0,1.0,0.25,BirdNET_GLOBAL_6K_V2.4_Model_FP32.tflite,248D9B016488729F_20260411_175500_chunk_026.wav,15600,330,333
15945,15948,Engine,Engine,0.6202,248D9B016488729F_20260411_175500.WAV,14,0.0,1.0,0.25,BirdNET_GLOBAL_6K_V2.4_Model_FP32.tflite,248D9B016488729F_20260411_175500_chunk_026.wav,15600,345,348
15954,15957,Engine,Engine,0.3890,248D9B016488729F_20260411_175500.WAV,14,0.0,1.0,0.25,BirdNET_GLOBAL_6K_V2.4_Model_FP32.tflite,248D9B016488729F_20260411_175500_chunk_026.wav,15600,354,357
15957,15960,Engine,Engine,0.5923,248D9B016488729F_20260411_175500.WAV,14,0.0,1.0,0.25,BirdNET_GLOBAL_6K_V2.4_Model_FP32.tflite,248D9B016488729F_20260411_175500_chunk_026.wav,15600,357,360
15960,15963,Engine,Engine,0.3723,248D9B016488729F_20260411_175500.WAV,14,0.0,1.0,0.25,BirdNET_GLOBAL_6K_V2.4_Model_FP32.tflite,248D9B016488729F_20260411_175500_chunk_026.wav,15600,360,363
15978,15981,Engine,Engine,0.8811,248D9B016488729F_20260411_175500.WAV,14,0.0,1.0,0.25,BirdNET_GLOBAL_6K_V2.4_Model_FP32.tflite,248D9B016488729F_20260411_175500_chunk_026.wav,15600,378,381
15999,16002,Engine,Engine,0.3595,248D9B016488729F_20260411_175500.WAV,14,0.0,1.0,0.25,BirdNET_GLOBAL_6K_V2.4_Model_FP32.tflite,248D9B016488729F_20260411_175500_chunk_026.wav,15600,399,402
16008,16011,Anthus trivialis,Tree Pipit,0.3729,248D9B016488729F_20260411_175500.WAV,14,0.0,1.0,0.25,BirdNET_GLOBAL_6K_V2.4_Model_FP32.tflite,248D9B016488729F_20260411_175500_chunk_026.wav,15600,408,411
16047,16050,Engine,Engine,0.4584,248D9B016488729F_20260411_175500.WAV,14,0.0,1.0,0.25,BirdNET_GLOBAL_6K_V2.4_Model_FP32.tflite,248D9B016488729F_20260411_175500_chunk_026.wav,15600,447,450
16050,16053,Engine,Engine,0.4892,248D9B016488729F_20260411_175500.WAV,14,0.0,1.0,0.25,BirdNET_GLOBAL_6K_V2.4_Model_FP32.tflite,248D9B016488729F_20260411_175500_chunk_026.wav,15600,450,453
16110,16113,Engine,Engine,0.3617,248D9B016488729F_20260411_175500.WAV,14,0.0,1.0,0.25,BirdNET_GLOBAL_6K_V2.4_Model_FP32.tflite,248D9B016488729F_20260411_175500_chunk_026.wav,15600,510,513
16116,16119,Engine,Engine,0.3173,248D9B016488729F_20260411_175500.WAV,14,0.0,1.0,0.25,BirdNET_GLOBAL_6K_V2.4_Model_FP32.tflite,248D9B016488729F_20260411_175500_chunk_026.wav,15600,516,519
16122,16125,Engine,Engine,0.8344,248D9B016488729F_20260411_175500.WAV,14,0.0,1.0,0.25,BirdNET_GLOBAL_6K_V2.4_Model_FP32.tflite,248D9B016488729F_20260411_175500_chunk_026.wav,15600,522,525
16125,16128,Engine,Engine,0.8730,248D9B016488729F_20260411_175500.WAV,14,0.0,1.0,0.25,BirdNET_GLOBAL_6K_V2.4_Model_FP32.tflite,248D9B016488729F_20260411_175500_chunk_026.wav,15600,525,528
16128,16131,Engine,Engine,0.9141,248D9B016488729F_20260411_175500.WAV,14,0.0,1.0,0.25,BirdNET_GLOBAL_6K_V2.4_Model_FP32.tflite,248D9B016488729F_20260411_175500_chunk_026.wav,15600,528,531
16161,16164,Engine,Engine,0.6285,248D9B016488729F_20260411_175500.WAV,14,0.0,1.0,0.25,BirdNET_GLOBAL_6K_V2.4_Model_FP32.tflite,248D9B016488729F_20260411_175500_chunk_026.wav,15600,561,564
16164,16167,Engine,Engine,0.9012,248D9B016488729F_20260411_175500.WAV,14,0.0,1.0,0.25,BirdNET_GLOBAL_6K_V2.4_Model_FP32.tflite,248D9B016488729F_20260411_175500_chunk_026.wav,15600,564,567
16170,16173,Engine,Engine,0.3176,248D9B016488729F_20260411_175500.WAV,14,0.0,1.0,0.25,BirdNET_GLOBAL_6K_V2.4_Model_FP32.tflite,248D9B016488729F_20260411_175500_chunk_026.wav,15600,570,573
16275,16278,Engine,Engine,0.4901,248D9B016488729F_20260411_175500.WAV,14,0.0,1.0,0.25,BirdNET_GLOBAL_6K_V2.4_Model_FP32.tflite,248D9B016488729F_20260411_175500_chunk_027.wav,16200,75,78
16278,16281,Bubo virginianus,Great Horned Owl,0.4774,248D9B016488729F_20260411_175500.WAV,14,0.0,1.0,0.25,BirdNET_GLOBAL_6K_V2.4_Model_FP32.tflite,248D9B016488729F_20260411_175500_chunk_027.wav,16200,78,81
16500,16503,Engine,Engine,0.3059,248D9B016488729F_20260411_175500.WAV,14,0.0,1.0,0.25,BirdNET_GLOBAL_6K_V2.4_Model_FP32.tflite,248D9B016488729F_20260411_175500_chunk_027.wav,16200,300,303
16515,16518,Corvus corone,Carrion Crow,0.4460,248D9B016488729F_20260411_175500.WAV,14,0.0,1.0,0.25,BirdNET_GLOBAL_6K_V2.4_Model_FP32.tflite,248D9B016488729F_20260411_175500_chunk_027.wav,16200,315,318
16554,16557,Engine,Engine,0.3410,248D9B016488729F_20260411_175500.WAV,14,0.0,1.0,0.25,BirdNET_GLOBAL_6K_V2.4_Model_FP32.tflite,248D9B016488729F_20260411_175500_chunk_027.wav,16200,354,357
16716,16719,Engine,Engine,0.2641,248D9B016488729F_20260411_175500.WAV,14,0.0,1.0,0.25,BirdNET_GLOBAL_6K_V2.4_Model_FP32.tflite,248D9B016488729F_20260411_175500_chunk_027.wav,16200,516,519
16968,16971,Melozone crissalis,California Towhee,0.2867,248D9B016488729F_20260411_175500.WAV,14,0.0,1.0,0.25,BirdNET_GLOBAL_6K_V2.4_Model_FP32.tflite,248D9B016488729F_20260411_175500_chunk_028.wav,16800,168,171
17109,17112,Engine,Engine,0.4201,248D9B016488729F_20260411_175500.WAV,14,0.0,1.0,0.25,BirdNET_GLOBAL_6K_V2.4_Model_FP32.tflite,248D9B016488729F_20260411_175500_chunk_028.wav,16800,309,312
17313,17316,Selasphorus platycercus,Broad-tailed Hummingbird,0.4012,248D9B016488729F_20260411_175500.WAV,14,0.0,1.0,0.25,BirdNET_GLOBAL_6K_V2.4_Model_FP32.tflite,248D9B016488729F_20260411_175500_chunk_028.wav,16800,513,516
17331,17334,Aix galericulata,Mandarin Duck,0.3092,248D9B016488729F_20260411_175500.WAV,14,0.0,1.0,0.25,BirdNET_GLOBAL_6K_V2.4_Model_FP32.tflite,248D9B016488729F_20260411_175500_chunk_028.wav,16800,531,534
17352,17355,Engine,Engine,0.4915,248D9B016488729F_20260411_175500.WAV,14,0.0,1.0,0.25,BirdNET_GLOBAL_6K_V2.4_Model_FP32.tflite,248D9B016488729F_20260411_175500_chunk_028.wav,16800,552,555
17355,17358,Engine,Engine,0.3960,248D9B016488729F_20260411_175500.WAV,14,0.0,1.0,0.25,BirdNET_GLOBAL_6K_V2.4_Model_FP32.tflite,248D9B016488729F_20260411_175500_chunk_028.wav,16800,555,558
17385,17388,Engine,Engine,0.4185,248D9B016488729F_20260411_175500.WAV,14,0.0,1.0,0.25,BirdNET_GLOBAL_6K_V2.4_Model_FP32.tflite,248D9B016488729F_20260411_175500_chunk_028.wav,16800,585,588
17421,17424,Engine,Engine,0.2589,248D9B016488729F_20260411_175500.WAV,14,0.0,1.0,0.25,BirdNET_GLOBAL_6K_V2.4_Model_FP32.tflite,248D9B016488729F_20260411_175500_chunk_029.wav,17400,21,24
17445,17448,Anthus trivialis,Tree Pipit,0.6297,248D9B016488729F_20260411_175500.WAV,14,0.0,1.0,0.25,BirdNET_GLOBAL_6K_V2.4_Model_FP32.tflite,248D9B016488729F_20260411_175500_chunk_029.wav,17400,45,48
17523,17526,Columba livia,Rock Pigeon,0.5803,248D9B016488729F_20260411_175500.WAV,14,0.0,1.0,0.25,BirdNET_GLOBAL_6K_V2.4_Model_FP32.tflite,248D9B016488729F_20260411_175500_chunk_029.wav,17400,123,126
17853,17856,Melozone crissalis,California Towhee,0.3475,248D9B016488729F_20260411_175500.WAV,14,0.0,1.0,0.25,BirdNET_GLOBAL_6K_V2.4_Model_FP32.tflite,248D9B016488729F_20260411_175500_chunk_029.wav,17400,453,456
