Start (s),End (s),Scientific name,Common name,Confidence,File,week,overlap,sensitivity,min_conf,model,Chunk file,Chunk offset (s),Chunk local start (s),Chunk local end (s)
0,3,Chloris chloris,European Greenfinch,0.9456,248D9B016488729F_20260411_175500.WAV,14,0.0,1.0,0.25,BirdNET_GLOBAL_6K_V2.4_Model_FP32.tflite,248D9B016488729F_20260411_175500_chunk_000.wav,0,0,3
3,6,Chloris chloris,European Greenfinch,0.7171,248D9B016488729F_20260411_175500.WAV,14,0.0,1.0,0.25,BirdNET_GLOBAL_6K_V2.4_Model_FP32.tflite,248D9B016488729F_20260411_175500_chunk_000.wav,0,3,6
6,9,Chloris chloris,European Greenfinch,0.9508,248D9B016488729F_20260411_175500.WAV,14,0.0,1.0,0.25,BirdNET_GLOBAL_6K_V2.4_Model_FP32.tflite,248D9B016488729F_20260411_175500_chunk_000.wav,0,6,9
9,12,Chloris chloris,European Greenfinch,0.9010,248D9B016488729F_20260411_175500.WAV,14,0.0,1.0,0.25,BirdNET_GLOBAL_6K_V2.4_Model_FP32.tflite,248D9B016488729F_20260411_175500_chunk_000.wav,0,9,12
12,15,Chloris chloris,European Greenfinch,0.4788,248D9B016488729F_20260411_175500.WAV,14,0.0,1.0,0.25,BirdNET_GLOBAL_6K_V2.4_Model_FP32.tflite,248D9B016488729F_20260411_175500_chunk_000.wav,0,12,15
15,18,Chloris chloris,European Greenfinch,0.4080,248D9B016488729F_20260411_175500.WAV,14,0.0,1.0,0.25,BirdNET_GLOBAL_6K_V2.4_Model_FP32.tflite,248D9B016488729F_20260411_175500_chunk_000.wav,0,15,18
21,24,Chloris chloris,European Greenfinch,0.3192,248D9B016488729F_20260411_175500.WAV,14,0.0,1.0,0.25,BirdNET_GLOBAL_6K_V2.4_Model_FP32.tflite,248D9B016488729F_20260411_175500_chunk_000.wav,0,21,24
84,87,Chloris chloris,European Greenfinch,0.4624,248D9B016488729F_20260411_175500.WAV,14,0.0,1.0,0.25,BirdNET_GLOBAL_6K_V2.4_Model_FP32.tflite,248D9B016488729F_20260411_175500_chunk_000.wav,0,84,87
87,90,Chloris chloris,European Greenfinch,0.9408,248D9B016488729F_20260411_175500.WAV,14,0.0,1.0,0.25,BirdNET_GLOBAL_6K_V2.4_Model_FP32.tflite,248D9B016488729F_20260411_175500_chunk_000.wav,0,87,90
90,93,Chloris chloris,European Greenfinch,0.8846,248D9B016488729F_20260411_175500.WAV,14,0.0,1.0,0.25,BirdNET_GLOBAL_6K_V2.4_Model_FP32.tflite,248D9B016488729F_20260411_175500_chunk_000.wav,0,90,93
93,96,Chloris chloris,European Greenfinch,0.8852,248D9B016488729F_20260411_175500.WAV,14,0.0,1.0,0.25,BirdNET_GLOBAL_6K_V2.4_Model_FP32.tflite,248D9B016488729F_20260411_175500_chunk_000.wav,0,93,96
96,99,Chloris chloris,European Greenfinch,0.9725,248D9B016488729F_20260411_175500.WAV,14,0.0,1.0,0.25,BirdNET_GLOBAL_6K_V2.4_Model_FP32.tflite,248D9B016488729F_20260411_175500_chunk_000.wav,0,96,99
99,102,Chloris chloris,European Greenfinch,0.9531,248D9B016488729F_20260411_175500.WAV,14,0.0,1.0,0.25,BirdNET_GLOBAL_6K_V2.4_Model_FP32.tflite,248D9B016488729F_20260411_175500_chunk_000.wav,0,99,102
102,105,Chloris chloris,European Greenfinch,0.7685,248D9B016488729F_20260411_175500.WAV,14,0.0,1.0,0.25,BirdNET_GLOBAL_6K_V2.4_Model_FP32.tflite,248D9B016488729F_20260411_175500_chunk_000.wav,0,102,105
105,108,Phylloscopus collybita,Common Chiffchaff,0.3286,248D9B016488729F_20260411_175500.WAV,14,0.0,1.0,0.25,BirdNET_GLOBAL_6K_V2.4_Model_FP32.tflite,248D9B016488729F_20260411_175500_chunk_000.wav,0,105,108
105,108,Chloris chloris,European Greenfinch,0.2585,248D9B016488729F_20260411_175500.WAV,14,0.0,1.0,0.25,BirdNET_GLOBAL_6K_V2.4_Model_FP32.tflite,248D9B016488729F_20260411_175500_chunk_000.wav,0,105,108
108,111,Chloris chloris,European Greenfinch,0.9153,248D9B016488729F_20260411_175500.WAV,14,0.0,1.0,0.25,BirdNET_GLOBAL_6K_V2.4_Model_FP32.tflite,248D9B016488729F_20260411_175500_chunk_000.wav,0,108,111
111,114,Chloris chloris,European Greenfinch,0.8193,248D9B016488729F_20260411_175500.WAV,14,0.0,1.0,0.25,BirdNET_GLOBAL_6K_V2.4_Model_FP32.tflite,248D9B016488729F_20260411_175500_chunk_000.wav,0,111,114
117,120,Chloris chloris,European Greenfinch,0.6146,248D9B016488729F_20260411_175500.WAV,14,0.0,1.0,0.25,BirdNET_GLOBAL_6K_V2.4_Model_FP32.tflite,248D9B016488729F_20260411_175500_chunk_000.wav,0,117,120
126,129,Phylloscopus collybita,Common Chiffchaff,0.3499,248D9B016488729F_20260411_175500.WAV,14,0.0,1.0,0.25,BirdNET_GLOBAL_6K_V2.4_Model_FP32.tflite,248D9B016488729F_20260411_175500_chunk_000.wav,0,126,129
126,129,Chloris chloris,European Greenfinch,0.2513,248D9B016488729F_20260411_175500.WAV,14,0.0,1.0,0.25,BirdNET_GLOBAL_6K_V2.4_Model_FP32.tflite,248D9B016488729F_20260411_175500_chunk_000.wav,0,126,129
129,132,Phylloscopus collybita,Common Chiffchaff,0.4789,248D9B016488729F_20260411_175500.WAV,14,0.0,1.0,0.25,BirdNET_GLOBAL_6K_V2.4_Model_FP32.tflite,248D9B016488729F_20260411_175500_chunk_000.wav,0,129,132
138,141,Chloris chloris,European Greenfinch,0.5616,248D9B016488729F_20260411_175500.WAV,14,0.0,1.0,0.25,BirdNET_GLOBAL_6K_V2.4_Model_FP32.tflite,248D9B016488729F_20260411_175500_chunk_000.wav,0,138,141
144,147,Chloris chloris,European Greenfinch,0.3339,248D9B016488729F_20260411_175500.WAV,14,0.0,1.0,0.25,BirdNET_GLOBAL_6K_V2.4_Model_FP32.tflite,248D9B016488729F_20260411_175500_chunk_000.wav,0,144,147
153,156,Chloris chloris,European Greenfinch,0.4174,248D9B016488729F_20260411_175500.WAV,14,0.0,1.0,0.25,BirdNET_GLOBAL_6K_V2.4_Model_FP32.tflite,248D9B016488729F_20260411_175500_chunk_000.wav,0,153,156
156,159,Chloris chloris,European Greenfinch,0.5996,248D9B016488729F_20260411_175500.WAV,14,0.0,1.0,0.25,BirdNET_GLOBAL_6K_V2.4_Model_FP32.tflite,248D9B016488729F_20260411_175500_chunk_000.wav,0,156,159
159,162,Chloris chloris,European Greenfinch,0.6506,248D9B016488729F_20260411_175500.WAV,14,0.0,1.0,0.25,BirdNET_GLOBAL_6K_V2.4_Model_FP32.tflite,248D9B016488729F_20260411_175500_chunk_000.wav,0,159,162
162,165,Chloris chloris,European Greenfinch,0.4824,248D9B016488729F_20260411_175500.WAV,14,0.0,1.0,0.25,BirdNET_GLOBAL_6K_V2.4_Model_FP32.tflite,248D9B016488729F_20260411_175500_chunk_000.wav,0,162,165
165,168,Chloris chloris,European Greenfinch,0.4623,248D9B016488729F_20260411_175500.WAV,14,0.0,1.0,0.25,BirdNET_GLOBAL_6K_V2.4_Model_FP32.tflite,248D9B016488729F_20260411_175500_chunk_000.wav,0,165,168
171,174,Chloris chloris,European Greenfinch,0.7754,248D9B016488729F_20260411_175500.WAV,14,0.0,1.0,0.25,BirdNET_GLOBAL_6K_V2.4_Model_FP32.tflite,248D9B016488729F_20260411_175500_chunk_000.wav,0,171,174
174,177,Chloris chloris,European Greenfinch,0.5244,248D9B016488729F_20260411_175500.WAV,14,0.0,1.0,0.25,BirdNET_GLOBAL_6K_V2.4_Model_FP32.tflite,248D9B016488729F_20260411_175500_chunk_000.wav,0,174,177
177,180,Chloris chloris,European Greenfinch,0.8932,248D9B016488729F_20260411_175500.WAV,14,0.0,1.0,0.25,BirdNET_GLOBAL_6K_V2.4_Model_FP32.tflite,248D9B016488729F_20260411_175500_chunk_000.wav,0,177,180
180,183,Chloris chloris,European Greenfinch,0.4559,248D9B016488729F_20260411_175500.WAV,14,0.0,1.0,0.25,BirdNET_GLOBAL_6K_V2.4_Model_FP32.tflite,248D9B016488729F_20260411_175500_chunk_000.wav,0,180,183
183,186,Chloris chloris,European Greenfinch,0.9753,248D9B016488729F_20260411_175500.WAV,14,0.0,1.0,0.25,BirdNET_GLOBAL_6K_V2.4_Model_FP32.tflite,248D9B016488729F_20260411_175500_chunk_000.wav,0,183,186
189,192,Corvus monedula,Eurasian Jackdaw,0.8786,248D9B016488729F_20260411_175500.WAV,14,0.0,1.0,0.25,BirdNET_GLOBAL_6K_V2.4_Model_FP32.tflite,248D9B016488729F_20260411_175500_chunk_000.wav,0,189,192
192,195,Phylloscopus collybita,Common Chiffchaff,0.6263,248D9B016488729F_20260411_175500.WAV,14,0.0,1.0,0.25,BirdNET_GLOBAL_6K_V2.4_Model_FP32.tflite,248D9B016488729F_20260411_175500_chunk_000.wav,0,192,195
210,213,Phylloscopus collybita,Common Chiffchaff,0.6483,248D9B016488729F_20260411_175500.WAV,14,0.0,1.0,0.25,BirdNET_GLOBAL_6K_V2.4_Model_FP32.tflite,248D9B016488729F_20260411_175500_chunk_000.wav,0,210,213
249,252,Phylloscopus collybita,Common Chiffchaff,0.5035,248D9B016488729F_20260411_175500.WAV,14,0.0,1.0,0.25,BirdNET_GLOBAL_6K_V2.4_Model_FP32.tflite,248D9B016488729F_20260411_175500_chunk_000.wav,0,249,252
270,273,Numenius arquata,Eurasian Curlew,0.8875,248D9B016488729F_20260411_175500.WAV,14,0.0,1.0,0.25,BirdNET_GLOBAL_6K_V2.4_Model_FP32.tflite,248D9B016488729F_20260411_175500_chunk_000.wav,0,270,273
273,276,Corvus monedula,Eurasian Jackdaw,0.3306,248D9B016488729F_20260411_175500.WAV,14,0.0,1.0,0.25,BirdNET_GLOBAL_6K_V2.4_Model_FP32.tflite,248D9B016488729F_20260411_175500_chunk_000.wav,0,273,276
279,282,Pica pica,Eurasian Magpie,0.3640,248D9B016488729F_20260411_175500.WAV,14,0.0,1.0,0.25,BirdNET_GLOBAL_6K_V2.4_Model_FP32.tflite,248D9B016488729F_20260411_175500_chunk_000.wav,0,279,282
279,282,Corvus monedula,Eurasian Jackdaw,0.2995,248D9B016488729F_20260411_175500.WAV,14,0.0,1.0,0.25,BirdNET_GLOBAL_6K_V2.4_Model_FP32.tflite,248D9B016488729F_20260411_175500_chunk_000.wav,0,279,282
369,372,Pica pica,Eurasian Magpie,0.8961,248D9B016488729F_20260411_175500.WAV,14,0.0,1.0,0.25,BirdNET_GLOBAL_6K_V2.4_Model_FP32.tflite,248D9B016488729F_20260411_175500_chunk_000.wav,0,369,372
375,378,Pica pica,Eurasian Magpie,0.3341,248D9B016488729F_20260411_175500.WAV,14,0.0,1.0,0.25,BirdNET_GLOBAL_6K_V2.4_Model_FP32.tflite,248D9B016488729F_20260411_175500_chunk_000.wav,0,375,378
378,381,Pica pica,Eurasian Magpie,0.8302,248D9B016488729F_20260411_175500.WAV,14,0.0,1.0,0.25,BirdNET_GLOBAL_6K_V2.4_Model_FP32.tflite,248D9B016488729F_20260411_175500_chunk_000.wav,0,378,381
378,381,Phylloscopus collybita,Common Chiffchaff,0.5148,248D9B016488729F_20260411_175500.WAV,14,0.0,1.0,0.25,BirdNET_GLOBAL_6K_V2.4_Model_FP32.tflite,248D9B016488729F_20260411_175500_chunk_000.wav,0,378,381
390,393,Phylloscopus collybita,Common Chiffchaff,0.6826,248D9B016488729F_20260411_175500.WAV,14,0.0,1.0,0.25,BirdNET_GLOBAL_6K_V2.4_Model_FP32.tflite,248D9B016488729F_20260411_175500_chunk_000.wav,0,390,393
393,396,Phylloscopus collybita,Common Chiffchaff,0.4381,248D9B016488729F_20260411_175500.WAV,14,0.0,1.0,0.25,BirdNET_GLOBAL_6K_V2.4_Model_FP32.tflite,248D9B016488729F_20260411_175500_chunk_000.wav,0,393,396
405,408,Phylloscopus collybita,Common Chiffchaff,0.4678,248D9B016488729F_20260411_175500.WAV,14,0.0,1.0,0.25,BirdNET_GLOBAL_6K_V2.4_Model_FP32.tflite,248D9B016488729F_20260411_175500_chunk_000.wav,0,405,408
408,411,Phylloscopus collybita,Common Chiffchaff,0.2700,248D9B016488729F_20260411_175500.WAV,14,0.0,1.0,0.25,BirdNET_GLOBAL_6K_V2.4_Model_FP32.tflite,248D9B016488729F_20260411_175500_chunk_000.wav,0,408,411
429,432,Phylloscopus collybita,Common Chiffchaff,0.5765,248D9B016488729F_20260411_175500.WAV,14,0.0,1.0,0.25,BirdNET_GLOBAL_6K_V2.4_Model_FP32.tflite,248D9B016488729F_20260411_175500_chunk_000.wav,0,429,432
432,435,Phylloscopus collybita,Common Chiffchaff,0.3258,248D9B016488729F_20260411_175500.WAV,14,0.0,1.0,0.25,BirdNET_GLOBAL_6K_V2.4_Model_FP32.tflite,248D9B016488729F_20260411_175500_chunk_000.wav,0,432,435
456,459,Phylloscopus collybita,Common Chiffchaff,0.5956,248D9B016488729F_20260411_175500.WAV,14,0.0,1.0,0.25,BirdNET_GLOBAL_6K_V2.4_Model_FP32.tflite,248D9B016488729F_20260411_175500_chunk_000.wav,0,456,459
498,501,Corvus monedula,Eurasian Jackdaw,0.2920,248D9B016488729F_20260411_175500.WAV,14,0.0,1.0,0.25,BirdNET_GLOBAL_6K_V2.4_Model_FP32.tflite,248D9B016488729F_20260411_175500_chunk_000.wav,0,498,501
588,591,Phylloscopus collybita,Common Chiffchaff,0.7507,248D9B016488729F_20260411_175500.WAV,14,0.0,1.0,0.25,BirdNET_GLOBAL_6K_V2.4_Model_FP32.tflite,248D9B016488729F_20260411_175500_chunk_000.wav,0,588,591
612,615,Phylloscopus collybita,Common Chiffchaff,0.4472,248D9B016488729F_20260411_175500.WAV,14,0.0,1.0,0.25,BirdNET_GLOBAL_6K_V2.4_Model_FP32.tflite,248D9B016488729F_20260411_175500_chunk_001.wav,600,12,15
630,633,Phylloscopus collybita,Common Chiffchaff,0.5807,248D9B016488729F_20260411_175500.WAV,14,0.0,1.0,0.25,BirdNET_GLOBAL_6K_V2.4_Model_FP32.tflite,248D9B016488729F_20260411_175500_chunk_001.wav,600,30,33
633,636,Phylloscopus collybita,Common Chiffchaff,0.4073,248D9B016488729F_20260411_175500.WAV,14,0.0,1.0,0.25,BirdNET_GLOBAL_6K_V2.4_Model_FP32.tflite,248D9B016488729F_20260411_175500_chunk_001.wav,600,33,36
675,678,Pica pica,Eurasian Magpie,0.3299,248D9B016488729F_20260411_175500.WAV,14,0.0,1.0,0.25,BirdNET_GLOBAL_6K_V2.4_Model_FP32.tflite,248D9B016488729F_20260411_175500_chunk_001.wav,600,75,78
687,690,Pica pica,Eurasian Magpie,0.3812,248D9B016488729F_20260411_175500.WAV,14,0.0,1.0,0.25,BirdNET_GLOBAL_6K_V2.4_Model_FP32.tflite,248D9B016488729F_20260411_175500_chunk_001.wav,600,87,90
696,699,Phylloscopus collybita,Common Chiffchaff,0.6107,248D9B016488729F_20260411_175500.WAV,14,0.0,1.0,0.25,BirdNET_GLOBAL_6K_V2.4_Model_FP32.tflite,248D9B016488729F_20260411_175500_chunk_001.wav,600,96,99
756,759,Phylloscopus collybita,Common Chiffchaff,0.5974,248D9B016488729F_20260411_175500.WAV,14,0.0,1.0,0.25,BirdNET_GLOBAL_6K_V2.4_Model_FP32.tflite,248D9B016488729F_20260411_175500_chunk_001.wav,600,156,159
759,762,Phylloscopus collybita,Common Chiffchaff,0.7838,248D9B016488729F_20260411_175500.WAV,14,0.0,1.0,0.25,BirdNET_GLOBAL_6K_V2.4_Model_FP32.tflite,248D9B016488729F_20260411_175500_chunk_001.wav,600,159,162
774,777,Phylloscopus collybita,Common Chiffchaff,0.5294,248D9B016488729F_20260411_175500.WAV,14,0.0,1.0,0.25,BirdNET_GLOBAL_6K_V2.4_Model_FP32.tflite,248D9B016488729F_20260411_175500_chunk_001.wav,600,174,177
777,780,Phylloscopus collybita,Common Chiffchaff,0.7985,248D9B016488729F_20260411_175500.WAV,14,0.0,1.0,0.25,BirdNET_GLOBAL_6K_V2.4_Model_FP32.tflite,248D9B016488729F_20260411_175500_chunk_001.wav,600,177,180
801,804,Phylloscopus collybita,Common Chiffchaff,0.3976,248D9B016488729F_20260411_175500.WAV,14,0.0,1.0,0.25,BirdNET_GLOBAL_6K_V2.4_Model_FP32.tflite,248D9B016488729F_20260411_175500_chunk_001.wav,600,201,204
813,816,Phylloscopus collybita,Common Chiffchaff,0.6424,248D9B016488729F_20260411_175500.WAV,14,0.0,1.0,0.25,BirdNET_GLOBAL_6K_V2.4_Model_FP32.tflite,248D9B016488729F_20260411_175500_chunk_001.wav,600,213,216
816,819,Phylloscopus collybita,Common Chiffchaff,0.5740,248D9B016488729F_20260411_175500.WAV,14,0.0,1.0,0.25,BirdNET_GLOBAL_6K_V2.4_Model_FP32.tflite,248D9B016488729F_20260411_175500_chunk_001.wav,600,216,219
834,837,Chloris chloris,European Greenfinch,0.9105,248D9B016488729F_20260411_175500.WAV,14,0.0,1.0,0.25,BirdNET_GLOBAL_6K_V2.4_Model_FP32.tflite,248D9B016488729F_20260411_175500_chunk_001.wav,600,234,237
867,870,Phylloscopus collybita,Common Chiffchaff,0.8842,248D9B016488729F_20260411_175500.WAV,14,0.0,1.0,0.25,BirdNET_GLOBAL_6K_V2.4_Model_FP32.tflite,248D9B016488729F_20260411_175500_chunk_001.wav,600,267,270
882,885,Phylloscopus collybita,Common Chiffchaff,0.7767,248D9B016488729F_20260411_175500.WAV,14,0.0,1.0,0.25,BirdNET_GLOBAL_6K_V2.4_Model_FP32.tflite,248D9B016488729F_20260411_175500_chunk_001.wav,600,282,285
885,888,Phylloscopus collybita,Common Chiffchaff,0.7957,248D9B016488729F_20260411_175500.WAV,14,0.0,1.0,0.25,BirdNET_GLOBAL_6K_V2.4_Model_FP32.tflite,248D9B016488729F_20260411_175500_chunk_001.wav,600,285,288
894,897,Pyrrhula pyrrhula,Eurasian Bullfinch,0.3653,248D9B016488729F_20260411_175500.WAV,14,0.0,1.0,0.25,BirdNET_GLOBAL_6K_V2.4_Model_FP32.tflite,248D9B016488729F_20260411_175500_chunk_001.wav,600,294,297
897,900,Phylloscopus collybita,Common Chiffchaff,0.7128,248D9B016488729F_20260411_175500.WAV,14,0.0,1.0,0.25,BirdNET_GLOBAL_6K_V2.4_Model_FP32.tflite,248D9B016488729F_20260411_175500_chunk_001.wav,600,297,300
909,912,Phylloscopus collybita,Common Chiffchaff,0.9281,248D9B016488729F_20260411_175500.WAV,14,0.0,1.0,0.25,BirdNET_GLOBAL_6K_V2.4_Model_FP32.tflite,248D9B016488729F_20260411_175500_chunk_001.wav,600,309,312
918,921,Phylloscopus collybita,Common Chiffchaff,0.6474,248D9B016488729F_20260411_175500.WAV,14,0.0,1.0,0.25,BirdNET_GLOBAL_6K_V2.4_Model_FP32.tflite,248D9B016488729F_20260411_175500_chunk_001.wav,600,318,321
921,924,Phylloscopus collybita,Common Chiffchaff,0.8973,248D9B016488729F_20260411_175500.WAV,14,0.0,1.0,0.25,BirdNET_GLOBAL_6K_V2.4_Model_FP32.tflite,248D9B016488729F_20260411_175500_chunk_001.wav,600,321,324
924,927,Pica pica,Eurasian Magpie,0.6813,248D9B016488729F_20260411_175500.WAV,14,0.0,1.0,0.25,BirdNET_GLOBAL_6K_V2.4_Model_FP32.tflite,248D9B016488729F_20260411_175500_chunk_001.wav,600,324,327
936,939,Phylloscopus collybita,Common Chiffchaff,0.8218,248D9B016488729F_20260411_175500.WAV,14,0.0,1.0,0.25,BirdNET_GLOBAL_6K_V2.4_Model_FP32.tflite,248D9B016488729F_20260411_175500_chunk_001.wav,600,336,339
951,954,Phylloscopus collybita,Common Chiffchaff,0.8834,248D9B016488729F_20260411_175500.WAV,14,0.0,1.0,0.25,BirdNET_GLOBAL_6K_V2.4_Model_FP32.tflite,248D9B016488729F_20260411_175500_chunk_001.wav,600,351,354
954,957,Phylloscopus collybita,Common Chiffchaff,0.8840,248D9B016488729F_20260411_175500.WAV,14,0.0,1.0,0.25,BirdNET_GLOBAL_6K_V2.4_Model_FP32.tflite,248D9B016488729F_20260411_175500_chunk_001.wav,600,354,357
966,969,Parus major,Great Tit,0.2617,248D9B016488729F_20260411_175500.WAV,14,0.0,1.0,0.25,BirdNET_GLOBAL_6K_V2.4_Model_FP32.tflite,248D9B016488729F_20260411_175500_chunk_001.wav,600,366,369
972,975,Parus major,Great Tit,0.6958,248D9B016488729F_20260411_175500.WAV,14,0.0,1.0,0.25,BirdNET_GLOBAL_6K_V2.4_Model_FP32.tflite,248D9B016488729F_20260411_175500_chunk_001.wav,600,372,375
978,981,Parus major,Great Tit,0.8001,248D9B016488729F_20260411_175500.WAV,14,0.0,1.0,0.25,BirdNET_GLOBAL_6K_V2.4_Model_FP32.tflite,248D9B016488729F_20260411_175500_chunk_001.wav,600,378,381
981,984,Parus major,Great Tit,0.5876,248D9B016488729F_20260411_175500.WAV,14,0.0,1.0,0.25,BirdNET_GLOBAL_6K_V2.4_Model_FP32.tflite,248D9B016488729F_20260411_175500_chunk_001.wav,600,381,384
984,987,Phylloscopus collybita,Common Chiffchaff,0.8503,248D9B016488729F_20260411_175500.WAV,14,0.0,1.0,0.25,BirdNET_GLOBAL_6K_V2.4_Model_FP32.tflite,248D9B016488729F_20260411_175500_chunk_001.wav,600,384,387
987,990,Parus major,Great Tit,0.7276,248D9B016488729F_20260411_175500.WAV,14,0.0,1.0,0.25,BirdNET_GLOBAL_6K_V2.4_Model_FP32.tflite,248D9B016488729F_20260411_175500_chunk_001.wav,600,387,390
999,1002,Parus major,Great Tit,0.2889,248D9B016488729F_20260411_175500.WAV,14,0.0,1.0,0.25,BirdNET_GLOBAL_6K_V2.4_Model_FP32.tflite,248D9B016488729F_20260411_175500_chunk_001.wav,600,399,402
1002,1005,Phylloscopus collybita,Common Chiffchaff,0.6451,248D9B016488729F_20260411_175500.WAV,14,0.0,1.0,0.25,BirdNET_GLOBAL_6K_V2.4_Model_FP32.tflite,248D9B016488729F_20260411_175500_chunk_001.wav,600,402,405
1005,1008,Phylloscopus collybita,Common Chiffchaff,0.4125,248D9B016488729F_20260411_175500.WAV,14,0.0,1.0,0.25,BirdNET_GLOBAL_6K_V2.4_Model_FP32.tflite,248D9B016488729F_20260411_175500_chunk_001.wav,600,405,408
1014,1017,Turdus merula,Eurasian Blackbird,0.8800,248D9B016488729F_20260411_175500.WAV,14,0.0,1.0,0.25,BirdNET_GLOBAL_6K_V2.4_Model_FP32.tflite,248D9B016488729F_20260411_175500_chunk_001.wav,600,414,417
1017,1020,Turdus merula,Eurasian Blackbird,0.5026,248D9B016488729F_20260411_175500.WAV,14,0.0,1.0,0.25,BirdNET_GLOBAL_6K_V2.4_Model_FP32.tflite,248D9B016488729F_20260411_175500_chunk_001.wav,600,417,420
1020,1023,Hirundo rustica,Barn Swallow,0.4631,248D9B016488729F_20260411_175500.WAV,14,0.0,1.0,0.25,BirdNET_GLOBAL_6K_V2.4_Model_FP32.tflite,248D9B016488729F_20260411_175500_chunk_001.wav,600,420,423
1023,1026,Phylloscopus collybita,Common Chiffchaff,0.6013,248D9B016488729F_20260411_175500.WAV,14,0.0,1.0,0.25,BirdNET_GLOBAL_6K_V2.4_Model_FP32.tflite,248D9B016488729F_20260411_175500_chunk_001.wav,600,423,426
1032,1035,Turdus merula,Eurasian Blackbird,0.6688,248D9B016488729F_20260411_175500.WAV,14,0.0,1.0,0.25,BirdNET_GLOBAL_6K_V2.4_Model_FP32.tflite,248D9B016488729F_20260411_175500_chunk_001.wav,600,432,435
1035,1038,Phylloscopus collybita,Common Chiffchaff,0.4116,248D9B016488729F_20260411_175500.WAV,14,0.0,1.0,0.25,BirdNET_GLOBAL_6K_V2.4_Model_FP32.tflite,248D9B016488729F_20260411_175500_chunk_001.wav,600,435,438
1047,1050,Phylloscopus collybita,Common Chiffchaff,0.7995,248D9B016488729F_20260411_175500.WAV,14,0.0,1.0,0.25,BirdNET_GLOBAL_6K_V2.4_Model_FP32.tflite,248D9B016488729F_20260411_175500_chunk_001.wav,600,447,450
1056,1059,Phylloscopus collybita,Common Chiffchaff,0.9324,248D9B016488729F_20260411_175500.WAV,14,0.0,1.0,0.25,BirdNET_GLOBAL_6K_V2.4_Model_FP32.tflite,248D9B016488729F_20260411_175500_chunk_001.wav,600,456,459
1065,1068,Phylloscopus collybita,Common Chiffchaff,0.8065,248D9B016488729F_20260411_175500.WAV,14,0.0,1.0,0.25,BirdNET_GLOBAL_6K_V2.4_Model_FP32.tflite,248D9B016488729F_20260411_175500_chunk_001.wav,600,465,468
1068,1071,Phylloscopus collybita,Common Chiffchaff,0.8147,248D9B016488729F_20260411_175500.WAV,14,0.0,1.0,0.25,BirdNET_GLOBAL_6K_V2.4_Model_FP32.tflite,248D9B016488729F_20260411_175500_chunk_001.wav,600,468,471
1074,1077,Phylloscopus collybita,Common Chiffchaff,0.8723,248D9B016488729F_20260411_175500.WAV,14,0.0,1.0,0.25,BirdNET_GLOBAL_6K_V2.4_Model_FP32.tflite,248D9B016488729F_20260411_175500_chunk_001.wav,600,474,477
1083,1086,Phylloscopus collybita,Common Chiffchaff,0.9204,248D9B016488729F_20260411_175500.WAV,14,0.0,1.0,0.25,BirdNET_GLOBAL_6K_V2.4_Model_FP32.tflite,248D9B016488729F_20260411_175500_chunk_001.wav,600,483,486
1089,1092,Phylloscopus collybita,Common Chiffchaff,0.8975,248D9B016488729F_20260411_175500.WAV,14,0.0,1.0,0.25,BirdNET_GLOBAL_6K_V2.4_Model_FP32.tflite,248D9B016488729F_20260411_175500_chunk_001.wav,600,489,492
1092,1095,Phylloscopus collybita,Common Chiffchaff,0.9501,248D9B016488729F_20260411_175500.WAV,14,0.0,1.0,0.25,BirdNET_GLOBAL_6K_V2.4_Model_FP32.tflite,248D9B016488729F_20260411_175500_chunk_001.wav,600,492,495
1098,1101,Phylloscopus collybita,Common Chiffchaff,0.9137,248D9B016488729F_20260411_175500.WAV,14,0.0,1.0,0.25,BirdNET_GLOBAL_6K_V2.4_Model_FP32.tflite,248D9B016488729F_20260411_175500_chunk_001.wav,600,498,501
1101,1104,Phylloscopus collybita,Common Chiffchaff,0.9152,248D9B016488729F_20260411_175500.WAV,14,0.0,1.0,0.25,BirdNET_GLOBAL_6K_V2.4_Model_FP32.tflite,248D9B016488729F_20260411_175500_chunk_001.wav,600,501,504
1110,1113,Phylloscopus collybita,Common Chiffchaff,0.8761,248D9B016488729F_20260411_175500.WAV,14,0.0,1.0,0.25,BirdNET_GLOBAL_6K_V2.4_Model_FP32.tflite,248D9B016488729F_20260411_175500_chunk_001.wav,600,510,513
1113,1116,Phylloscopus collybita,Common Chiffchaff,0.7812,248D9B016488729F_20260411_175500.WAV,14,0.0,1.0,0.25,BirdNET_GLOBAL_6K_V2.4_Model_FP32.tflite,248D9B016488729F_20260411_175500_chunk_001.wav,600,513,516
1116,1119,Chloris chloris,European Greenfinch,0.2945,248D9B016488729F_20260411_175500.WAV,14,0.0,1.0,0.25,BirdNET_GLOBAL_6K_V2.4_Model_FP32.tflite,248D9B016488729F_20260411_175500_chunk_001.wav,600,516,519
1122,1125,Chloris chloris,European Greenfinch,0.4612,248D9B016488729F_20260411_175500.WAV,14,0.0,1.0,0.25,BirdNET_GLOBAL_6K_V2.4_Model_FP32.tflite,248D9B016488729F_20260411_175500_chunk_001.wav,600,522,525
1125,1128,Phylloscopus collybita,Common Chiffchaff,0.8735,248D9B016488729F_20260411_175500.WAV,14,0.0,1.0,0.25,BirdNET_GLOBAL_6K_V2.4_Model_FP32.tflite,248D9B016488729F_20260411_175500_chunk_001.wav,600,525,528
1128,1131,Phylloscopus collybita,Common Chiffchaff,0.5391,248D9B016488729F_20260411_175500.WAV,14,0.0,1.0,0.25,BirdNET_GLOBAL_6K_V2.4_Model_FP32.tflite,248D9B016488729F_20260411_175500_chunk_001.wav,600,528,531
1131,1134,Chloris chloris,European Greenfinch,0.9826,248D9B016488729F_20260411_175500.WAV,14,0.0,1.0,0.25,BirdNET_GLOBAL_6K_V2.4_Model_FP32.tflite,248D9B016488729F_20260411_175500_chunk_001.wav,600,531,534
1134,1137,Phylloscopus collybita,Common Chiffchaff,0.6468,248D9B016488729F_20260411_175500.WAV,14,0.0,1.0,0.25,BirdNET_GLOBAL_6K_V2.4_Model_FP32.tflite,248D9B016488729F_20260411_175500_chunk_001.wav,600,534,537
1137,1140,Phylloscopus collybita,Common Chiffchaff,0.8563,248D9B016488729F_20260411_175500.WAV,14,0.0,1.0,0.25,BirdNET_GLOBAL_6K_V2.4_Model_FP32.tflite,248D9B016488729F_20260411_175500_chunk_001.wav,600,537,540
1143,1146,Phylloscopus collybita,Common Chiffchaff,0.9771,248D9B016488729F_20260411_175500.WAV,14,0.0,1.0,0.25,BirdNET_GLOBAL_6K_V2.4_Model_FP32.tflite,248D9B016488729F_20260411_175500_chunk_001.wav,600,543,546
1149,1152,Chloris chloris,European Greenfinch,0.9625,248D9B016488729F_20260411_175500.WAV,14,0.0,1.0,0.25,BirdNET_GLOBAL_6K_V2.4_Model_FP32.tflite,248D9B016488729F_20260411_175500_chunk_001.wav,600,549,552
1152,1155,Chloris chloris,European Greenfinch,0.5092,248D9B016488729F_20260411_175500.WAV,14,0.0,1.0,0.25,BirdNET_GLOBAL_6K_V2.4_Model_FP32.tflite,248D9B016488729F_20260411_175500_chunk_001.wav,600,552,555
1155,1158,Phylloscopus collybita,Common Chiffchaff,0.9167,248D9B016488729F_20260411_175500.WAV,14,0.0,1.0,0.25,BirdNET_GLOBAL_6K_V2.4_Model_FP32.tflite,248D9B016488729F_20260411_175500_chunk_001.wav,600,555,558
1158,1161,Chloris chloris,European Greenfinch,0.9155,248D9B016488729F_20260411_175500.WAV,14,0.0,1.0,0.25,BirdNET_GLOBAL_6K_V2.4_Model_FP32.tflite,248D9B016488729F_20260411_175500_chunk_001.wav,600,558,561
1161,1164,Chloris chloris,European Greenfinch,0.7416,248D9B016488729F_20260411_175500.WAV,14,0.0,1.0,0.25,BirdNET_GLOBAL_6K_V2.4_Model_FP32.tflite,248D9B016488729F_20260411_175500_chunk_001.wav,600,561,564
1164,1167,Phylloscopus collybita,Common Chiffchaff,0.9883,248D9B016488729F_20260411_175500.WAV,14,0.0,1.0,0.25,BirdNET_GLOBAL_6K_V2.4_Model_FP32.tflite,248D9B016488729F_20260411_175500_chunk_001.wav,600,564,567
1167,1170,Phylloscopus collybita,Common Chiffchaff,0.9019,248D9B016488729F_20260411_175500.WAV,14,0.0,1.0,0.25,BirdNET_GLOBAL_6K_V2.4_Model_FP32.tflite,248D9B016488729F_20260411_175500_chunk_001.wav,600,567,570
1173,1176,Phylloscopus collybita,Common Chiffchaff,0.7294,248D9B016488729F_20260411_175500.WAV,14,0.0,1.0,0.25,BirdNET_GLOBAL_6K_V2.4_Model_FP32.tflite,248D9B016488729F_20260411_175500_chunk_001.wav,600,573,576
1176,1179,Phylloscopus collybita,Common Chiffchaff,0.9586,248D9B016488729F_20260411_175500.WAV,14,0.0,1.0,0.25,BirdNET_GLOBAL_6K_V2.4_Model_FP32.tflite,248D9B016488729F_20260411_175500_chunk_001.wav,600,576,579
1182,1185,Phylloscopus collybita,Common Chiffchaff,0.4782,248D9B016488729F_20260411_175500.WAV,14,0.0,1.0,0.25,BirdNET_GLOBAL_6K_V2.4_Model_FP32.tflite,248D9B016488729F_20260411_175500_chunk_001.wav,600,582,585
1185,1188,Phylloscopus collybita,Common Chiffchaff,0.9922,248D9B016488729F_20260411_175500.WAV,14,0.0,1.0,0.25,BirdNET_GLOBAL_6K_V2.4_Model_FP32.tflite,248D9B016488729F_20260411_175500_chunk_001.wav,600,585,588
1194,1197,Phylloscopus collybita,Common Chiffchaff,0.7403,248D9B016488729F_20260411_175500.WAV,14,0.0,1.0,0.25,BirdNET_GLOBAL_6K_V2.4_Model_FP32.tflite,248D9B016488729F_20260411_175500_chunk_001.wav,600,594,597
1197,1199.98,Phylloscopus collybita,Common Chiffchaff,0.9823,248D9B016488729F_20260411_175500.WAV,14,0.0,1.0,0.25,BirdNET_GLOBAL_6K_V2.4_Model_FP32.tflite,248D9B016488729F_20260411_175500_chunk_001.wav,600,597,599.98
1200,1203,Chloris chloris,European Greenfinch,0.9746,248D9B016488729F_20260411_175500.WAV,14,0.0,1.0,0.25,BirdNET_GLOBAL_6K_V2.4_Model_FP32.tflite,248D9B016488729F_20260411_175500_chunk_002.wav,1200,0,3
1203,1206,Phylloscopus collybita,Common Chiffchaff,0.8924,248D9B016488729F_20260411_175500.WAV,14,0.0,1.0,0.25,BirdNET_GLOBAL_6K_V2.4_Model_FP32.tflite,248D9B016488729F_20260411_175500_chunk_002.wav,1200,3,6
1206,1209,Phylloscopus collybita,Common Chiffchaff,0.9807,248D9B016488729F_20260411_175500.WAV,14,0.0,1.0,0.25,BirdNET_GLOBAL_6K_V2.4_Model_FP32.tflite,248D9B016488729F_20260411_175500_chunk_002.wav,1200,6,9
1218,1221,Chloris chloris,European Greenfinch,0.6332,248D9B016488729F_20260411_175500.WAV,14,0.0,1.0,0.25,BirdNET_GLOBAL_6K_V2.4_Model_FP32.tflite,248D9B016488729F_20260411_175500_chunk_002.wav,1200,18,21
1221,1224,Chloris chloris,European Greenfinch,0.9090,248D9B016488729F_20260411_175500.WAV,14,0.0,1.0,0.25,BirdNET_GLOBAL_6K_V2.4_Model_FP32.tflite,248D9B016488729F_20260411_175500_chunk_002.wav,1200,21,24
1227,1230,Chloris chloris,European Greenfinch,0.4573,248D9B016488729F_20260411_175500.WAV,14,0.0,1.0,0.25,BirdNET_GLOBAL_6K_V2.4_Model_FP32.tflite,248D9B016488729F_20260411_175500_chunk_002.wav,1200,27,30
1236,1239,Chloris chloris,European Greenfinch,0.3311,248D9B016488729F_20260411_175500.WAV,14,0.0,1.0,0.25,BirdNET_GLOBAL_6K_V2.4_Model_FP32.tflite,248D9B016488729F_20260411_175500_chunk_002.wav,1200,36,39
1266,1269,Chloris chloris,European Greenfinch,0.4294,248D9B016488729F_20260411_175500.WAV,14,0.0,1.0,0.25,BirdNET_GLOBAL_6K_V2.4_Model_FP32.tflite,248D9B016488729F_20260411_175500_chunk_002.wav,1200,66,69
1272,1275,Chloris chloris,European Greenfinch,0.3772,248D9B016488729F_20260411_175500.WAV,14,0.0,1.0,0.25,BirdNET_GLOBAL_6K_V2.4_Model_FP32.tflite,248D9B016488729F_20260411_175500_chunk_002.wav,1200,72,75
1281,1284,Chloris chloris,European Greenfinch,0.3353,248D9B016488729F_20260411_175500.WAV,14,0.0,1.0,0.25,BirdNET_GLOBAL_6K_V2.4_Model_FP32.tflite,248D9B016488729F_20260411_175500_chunk_002.wav,1200,81,84
1287,1290,Chloris chloris,European Greenfinch,0.9432,248D9B016488729F_20260411_175500.WAV,14,0.0,1.0,0.25,BirdNET_GLOBAL_6K_V2.4_Model_FP32.tflite,248D9B016488729F_20260411_175500_chunk_002.wav,1200,87,90
1323,1326,Chloris chloris,European Greenfinch,0.8320,248D9B016488729F_20260411_175500.WAV,14,0.0,1.0,0.25,BirdNET_GLOBAL_6K_V2.4_Model_FP32.tflite,248D9B016488729F_20260411_175500_chunk_002.wav,1200,123,126
1326,1329,Chloris chloris,European Greenfinch,0.5474,248D9B016488729F_20260411_175500.WAV,14,0.0,1.0,0.25,BirdNET_GLOBAL_6K_V2.4_Model_FP32.tflite,248D9B016488729F_20260411_175500_chunk_002.wav,1200,126,129
1341,1344,Chloris chloris,European Greenfinch,0.4581,248D9B016488729F_20260411_175500.WAV,14,0.0,1.0,0.25,BirdNET_GLOBAL_6K_V2.4_Model_FP32.tflite,248D9B016488729F_20260411_175500_chunk_002.wav,1200,141,144
1344,1347,Chloris chloris,European Greenfinch,0.8746,248D9B016488729F_20260411_175500.WAV,14,0.0,1.0,0.25,BirdNET_GLOBAL_6K_V2.4_Model_FP32.tflite,248D9B016488729F_20260411_175500_chunk_002.wav,1200,144,147
1347,1350,Chloris chloris,European Greenfinch,0.3028,248D9B016488729F_20260411_175500.WAV,14,0.0,1.0,0.25,BirdNET_GLOBAL_6K_V2.4_Model_FP32.tflite,248D9B016488729F_20260411_175500_chunk_002.wav,1200,147,150
1350,1353,Chloris chloris,European Greenfinch,0.8078,248D9B016488729F_20260411_175500.WAV,14,0.0,1.0,0.25,BirdNET_GLOBAL_6K_V2.4_Model_FP32.tflite,248D9B016488729F_20260411_175500_chunk_002.wav,1200,150,153
1368,1371,Phylloscopus collybita,Common Chiffchaff,0.5166,248D9B016488729F_20260411_175500.WAV,14,0.0,1.0,0.25,BirdNET_GLOBAL_6K_V2.4_Model_FP32.tflite,248D9B016488729F_20260411_175500_chunk_002.wav,1200,168,171
1374,1377,Chloris chloris,European Greenfinch,0.9508,248D9B016488729F_20260411_175500.WAV,14,0.0,1.0,0.25,BirdNET_GLOBAL_6K_V2.4_Model_FP32.tflite,248D9B016488729F_20260411_175500_chunk_002.wav,1200,174,177
1395,1398,Pica pica,Eurasian Magpie,0.4587,248D9B016488729F_20260411_175500.WAV,14,0.0,1.0,0.25,BirdNET_GLOBAL_6K_V2.4_Model_FP32.tflite,248D9B016488729F_20260411_175500_chunk_002.wav,1200,195,198
1452,1455,Phylloscopus collybita,Common Chiffchaff,0.7884,248D9B016488729F_20260411_175500.WAV,14,0.0,1.0,0.25,BirdNET_GLOBAL_6K_V2.4_Model_FP32.tflite,248D9B016488729F_20260411_175500_chunk_002.wav,1200,252,255
1485,1488,Phylloscopus collybita,Common Chiffchaff,0.5396,248D9B016488729F_20260411_175500.WAV,14,0.0,1.0,0.25,BirdNET_GLOBAL_6K_V2.4_Model_FP32.tflite,248D9B016488729F_20260411_175500_chunk_002.wav,1200,285,288
1494,1497,Phylloscopus collybita,Common Chiffchaff,0.8358,248D9B016488729F_20260411_175500.WAV,14,0.0,1.0,0.25,BirdNET_GLOBAL_6K_V2.4_Model_FP32.tflite,248D9B016488729F_20260411_175500_chunk_002.wav,1200,294,297
1503,1506,Phylloscopus collybita,Common Chiffchaff,0.7727,248D9B016488729F_20260411_175500.WAV,14,0.0,1.0,0.25,BirdNET_GLOBAL_6K_V2.4_Model_FP32.tflite,248D9B016488729F_20260411_175500_chunk_002.wav,1200,303,306
1506,1509,Phylloscopus collybita,Common Chiffchaff,0.7955,248D9B016488729F_20260411_175500.WAV,14,0.0,1.0,0.25,BirdNET_GLOBAL_6K_V2.4_Model_FP32.tflite,248D9B016488729F_20260411_175500_chunk_002.wav,1200,306,309
1527,1530,Phylloscopus collybita,Common Chiffchaff,0.7875,248D9B016488729F_20260411_175500.WAV,14,0.0,1.0,0.25,BirdNET_GLOBAL_6K_V2.4_Model_FP32.tflite,248D9B016488729F_20260411_175500_chunk_002.wav,1200,327,330
1542,1545,Phylloscopus collybita,Common Chiffchaff,0.6729,248D9B016488729F_20260411_175500.WAV,14,0.0,1.0,0.25,BirdNET_GLOBAL_6K_V2.4_Model_FP32.tflite,248D9B016488729F_20260411_175500_chunk_002.wav,1200,342,345
1554,1557,Phylloscopus collybita,Common Chiffchaff,0.7435,248D9B016488729F_20260411_175500.WAV,14,0.0,1.0,0.25,BirdNET_GLOBAL_6K_V2.4_Model_FP32.tflite,248D9B016488729F_20260411_175500_chunk_002.wav,1200,354,357
1557,1560,Phylloscopus collybita,Common Chiffchaff,0.7247,248D9B016488729F_20260411_175500.WAV,14,0.0,1.0,0.25,BirdNET_GLOBAL_6K_V2.4_Model_FP32.tflite,248D9B016488729F_20260411_175500_chunk_002.wav,1200,357,360
1569,1572,Phylloscopus collybita,Common Chiffchaff,0.7553,248D9B016488729F_20260411_175500.WAV,14,0.0,1.0,0.25,BirdNET_GLOBAL_6K_V2.4_Model_FP32.tflite,248D9B016488729F_20260411_175500_chunk_002.wav,1200,369,372
1578,1581,Phylloscopus collybita,Common Chiffchaff,0.3885,248D9B016488729F_20260411_175500.WAV,14,0.0,1.0,0.25,BirdNET_GLOBAL_6K_V2.4_Model_FP32.tflite,248D9B016488729F_20260411_175500_chunk_002.wav,1200,378,381
1581,1584,Phylloscopus collybita,Common Chiffchaff,0.5335,248D9B016488729F_20260411_175500.WAV,14,0.0,1.0,0.25,BirdNET_GLOBAL_6K_V2.4_Model_FP32.tflite,248D9B016488729F_20260411_175500_chunk_002.wav,1200,381,384
1590,1593,Phylloscopus collybita,Common Chiffchaff,0.7478,248D9B016488729F_20260411_175500.WAV,14,0.0,1.0,0.25,BirdNET_GLOBAL_6K_V2.4_Model_FP32.tflite,248D9B016488729F_20260411_175500_chunk_002.wav,1200,390,393
1599,1602,Phylloscopus collybita,Common Chiffchaff,0.8905,248D9B016488729F_20260411_175500.WAV,14,0.0,1.0,0.25,BirdNET_GLOBAL_6K_V2.4_Model_FP32.tflite,248D9B016488729F_20260411_175500_chunk_002.wav,1200,399,402
1602,1605,Phylloscopus collybita,Common Chiffchaff,0.6193,248D9B016488729F_20260411_175500.WAV,14,0.0,1.0,0.25,BirdNET_GLOBAL_6K_V2.4_Model_FP32.tflite,248D9B016488729F_20260411_175500_chunk_002.wav,1200,402,405
1608,1611,Phylloscopus collybita,Common Chiffchaff,0.6461,248D9B016488729F_20260411_175500.WAV,14,0.0,1.0,0.25,BirdNET_GLOBAL_6K_V2.4_Model_FP32.tflite,248D9B016488729F_20260411_175500_chunk_002.wav,1200,408,411
1611,1614,Phylloscopus collybita,Common Chiffchaff,0.3911,248D9B016488729F_20260411_175500.WAV,14,0.0,1.0,0.25,BirdNET_GLOBAL_6K_V2.4_Model_FP32.tflite,248D9B016488729F_20260411_175500_chunk_002.wav,1200,411,414
1620,1623,Phylloscopus collybita,Common Chiffchaff,0.8966,248D9B016488729F_20260411_175500.WAV,14,0.0,1.0,0.25,BirdNET_GLOBAL_6K_V2.4_Model_FP32.tflite,248D9B016488729F_20260411_175500_chunk_002.wav,1200,420,423
1629,1632,Phylloscopus collybita,Common Chiffchaff,0.8926,248D9B016488729F_20260411_175500.WAV,14,0.0,1.0,0.25,BirdNET_GLOBAL_6K_V2.4_Model_FP32.tflite,248D9B016488729F_20260411_175500_chunk_002.wav,1200,429,432
1632,1635,Phylloscopus collybita,Common Chiffchaff,0.5006,248D9B016488729F_20260411_175500.WAV,14,0.0,1.0,0.25,BirdNET_GLOBAL_6K_V2.4_Model_FP32.tflite,248D9B016488729F_20260411_175500_chunk_002.wav,1200,432,435
1641,1644,Phylloscopus collybita,Common Chiffchaff,0.9248,248D9B016488729F_20260411_175500.WAV,14,0.0,1.0,0.25,BirdNET_GLOBAL_6K_V2.4_Model_FP32.tflite,248D9B016488729F_20260411_175500_chunk_002.wav,1200,441,444
1653,1656,Phylloscopus collybita,Common Chiffchaff,0.6698,248D9B016488729F_20260411_175500.WAV,14,0.0,1.0,0.25,BirdNET_GLOBAL_6K_V2.4_Model_FP32.tflite,248D9B016488729F_20260411_175500_chunk_002.wav,1200,453,456
1665,1668,Phylloscopus collybita,Common Chiffchaff,0.8179,248D9B016488729F_20260411_175500.WAV,14,0.0,1.0,0.25,BirdNET_GLOBAL_6K_V2.4_Model_FP32.tflite,248D9B016488729F_20260411_175500_chunk_002.wav,1200,465,468
1677,1680,Pica pica,Eurasian Magpie,0.3634,248D9B016488729F_20260411_175500.WAV,14,0.0,1.0,0.25,BirdNET_GLOBAL_6K_V2.4_Model_FP32.tflite,248D9B016488729F_20260411_175500_chunk_002.wav,1200,477,480
1707,1710,Phylloscopus collybita,Common Chiffchaff,0.6769,248D9B016488729F_20260411_175500.WAV,14,0.0,1.0,0.25,BirdNET_GLOBAL_6K_V2.4_Model_FP32.tflite,248D9B016488729F_20260411_175500_chunk_002.wav,1200,507,510
1731,1734,Phylloscopus collybita,Common Chiffchaff,0.6513,248D9B016488729F_20260411_175500.WAV,14,0.0,1.0,0.25,BirdNET_GLOBAL_6K_V2.4_Model_FP32.tflite,248D9B016488729F_20260411_175500_chunk_002.wav,1200,531,534
1749,1752,Phylloscopus collybita,Common Chiffchaff,0.7166,248D9B016488729F_20260411_175500.WAV,14,0.0,1.0,0.25,BirdNET_GLOBAL_6K_V2.4_Model_FP32.tflite,248D9B016488729F_20260411_175500_chunk_002.wav,1200,549,552
1767,1770,Phylloscopus collybita,Common Chiffchaff,0.5766,248D9B016488729F_20260411_175500.WAV,14,0.0,1.0,0.25,BirdNET_GLOBAL_6K_V2.4_Model_FP32.tflite,248D9B016488729F_20260411_175500_chunk_002.wav,1200,567,570
1872,1875,Corvus monedula,Eurasian Jackdaw,0.3775,248D9B016488729F_20260411_175500.WAV,14,0.0,1.0,0.25,BirdNET_GLOBAL_6K_V2.4_Model_FP32.tflite,248D9B016488729F_20260411_175500_chunk_003.wav,1800,72,75
1971,1974,Parus major,Great Tit,0.3821,248D9B016488729F_20260411_175500.WAV,14,0.0,1.0,0.25,BirdNET_GLOBAL_6K_V2.4_Model_FP32.tflite,248D9B016488729F_20260411_175500_chunk_003.wav,1800,171,174
1986,1989,Parus major,Great Tit,0.8477,248D9B016488729F_20260411_175500.WAV,14,0.0,1.0,0.25,BirdNET_GLOBAL_6K_V2.4_Model_FP32.tflite,248D9B016488729F_20260411_175500_chunk_003.wav,1800,186,189
2061,2064,Parus major,Great Tit,0.4216,248D9B016488729F_20260411_175500.WAV,14,0.0,1.0,0.25,BirdNET_GLOBAL_6K_V2.4_Model_FP32.tflite,248D9B016488729F_20260411_175500_chunk_003.wav,1800,261,264
2088,2091,Corvus monedula,Eurasian Jackdaw,0.2908,248D9B016488729F_20260411_175500.WAV,14,0.0,1.0,0.25,BirdNET_GLOBAL_6K_V2.4_Model_FP32.tflite,248D9B016488729F_20260411_175500_chunk_003.wav,1800,288,291
2253,2256,Phylloscopus collybita,Common Chiffchaff,0.6608,248D9B016488729F_20260411_175500.WAV,14,0.0,1.0,0.25,BirdNET_GLOBAL_6K_V2.4_Model_FP32.tflite,248D9B016488729F_20260411_175500_chunk_003.wav,1800,453,456
2265,2268,Phylloscopus collybita,Common Chiffchaff,0.9368,248D9B016488729F_20260411_175500.WAV,14,0.0,1.0,0.25,BirdNET_GLOBAL_6K_V2.4_Model_FP32.tflite,248D9B016488729F_20260411_175500_chunk_003.wav,1800,465,468
2271,2274,Phylloscopus collybita,Common Chiffchaff,0.7961,248D9B016488729F_20260411_175500.WAV,14,0.0,1.0,0.25,BirdNET_GLOBAL_6K_V2.4_Model_FP32.tflite,248D9B016488729F_20260411_175500_chunk_003.wav,1800,471,474
2274,2277,Phylloscopus collybita,Common Chiffchaff,0.9334,248D9B016488729F_20260411_175500.WAV,14,0.0,1.0,0.25,BirdNET_GLOBAL_6K_V2.4_Model_FP32.tflite,248D9B016488729F_20260411_175500_chunk_003.wav,1800,474,477
2280,2283,Phylloscopus collybita,Common Chiffchaff,0.7368,248D9B016488729F_20260411_175500.WAV,14,0.0,1.0,0.25,BirdNET_GLOBAL_6K_V2.4_Model_FP32.tflite,248D9B016488729F_20260411_175500_chunk_003.wav,1800,480,483
2283,2286,Phylloscopus collybita,Common Chiffchaff,0.8382,248D9B016488729F_20260411_175500.WAV,14,0.0,1.0,0.25,BirdNET_GLOBAL_6K_V2.4_Model_FP32.tflite,248D9B016488729F_20260411_175500_chunk_003.wav,1800,483,486
2289,2292,Phylloscopus collybita,Common Chiffchaff,0.9673,248D9B016488729F_20260411_175500.WAV,14,0.0,1.0,0.25,BirdNET_GLOBAL_6K_V2.4_Model_FP32.tflite,248D9B016488729F_20260411_175500_chunk_003.wav,1800,489,492
2295,2298,Phylloscopus collybita,Common Chiffchaff,0.6071,248D9B016488729F_20260411_175500.WAV,14,0.0,1.0,0.25,BirdNET_GLOBAL_6K_V2.4_Model_FP32.tflite,248D9B016488729F_20260411_175500_chunk_003.wav,1800,495,498
2298,2301,Phylloscopus collybita,Common Chiffchaff,0.9387,248D9B016488729F_20260411_175500.WAV,14,0.0,1.0,0.25,BirdNET_GLOBAL_6K_V2.4_Model_FP32.tflite,248D9B016488729F_20260411_175500_chunk_003.wav,1800,498,501
2307,2310,Phylloscopus collybita,Common Chiffchaff,0.9749,248D9B016488729F_20260411_175500.WAV,14,0.0,1.0,0.25,BirdNET_GLOBAL_6K_V2.4_Model_FP32.tflite,248D9B016488729F_20260411_175500_chunk_003.wav,1800,507,510
2310,2313,Phylloscopus collybita,Common Chiffchaff,0.3900,248D9B016488729F_20260411_175500.WAV,14,0.0,1.0,0.25,BirdNET_GLOBAL_6K_V2.4_Model_FP32.tflite,248D9B016488729F_20260411_175500_chunk_003.wav,1800,510,513
2316,2319,Phylloscopus collybita,Common Chiffchaff,0.7288,248D9B016488729F_20260411_175500.WAV,14,0.0,1.0,0.25,BirdNET_GLOBAL_6K_V2.4_Model_FP32.tflite,248D9B016488729F_20260411_175500_chunk_003.wav,1800,516,519
2319,2322,Phylloscopus collybita,Common Chiffchaff,0.5745,248D9B016488729F_20260411_175500.WAV,14,0.0,1.0,0.25,BirdNET_GLOBAL_6K_V2.4_Model_FP32.tflite,248D9B016488729F_20260411_175500_chunk_003.wav,1800,519,522
2328,2331,Phylloscopus collybita,Common Chiffchaff,0.7769,248D9B016488729F_20260411_175500.WAV,14,0.0,1.0,0.25,BirdNET_GLOBAL_6K_V2.4_Model_FP32.tflite,248D9B016488729F_20260411_175500_chunk_003.wav,1800,528,531
2331,2334,Phylloscopus collybita,Common Chiffchaff,0.6119,248D9B016488729F_20260411_175500.WAV,14,0.0,1.0,0.25,BirdNET_GLOBAL_6K_V2.4_Model_FP32.tflite,248D9B016488729F_20260411_175500_chunk_003.wav,1800,531,534
2337,2340,Phylloscopus collybita,Common Chiffchaff,0.9027,248D9B016488729F_20260411_175500.WAV,14,0.0,1.0,0.25,BirdNET_GLOBAL_6K_V2.4_Model_FP32.tflite,248D9B016488729F_20260411_175500_chunk_003.wav,1800,537,540
2340,2343,Phylloscopus collybita,Common Chiffchaff,0.9611,248D9B016488729F_20260411_175500.WAV,14,0.0,1.0,0.25,BirdNET_GLOBAL_6K_V2.4_Model_FP32.tflite,248D9B016488729F_20260411_175500_chunk_003.wav,1800,540,543
2343,2346,Cyanistes caeruleus,Eurasian Blue Tit,0.2694,248D9B016488729F_20260411_175500.WAV,14,0.0,1.0,0.25,BirdNET_GLOBAL_6K_V2.4_Model_FP32.tflite,248D9B016488729F_20260411_175500_chunk_003.wav,1800,543,546
2346,2349,Phylloscopus collybita,Common Chiffchaff,0.8603,248D9B016488729F_20260411_175500.WAV,14,0.0,1.0,0.25,BirdNET_GLOBAL_6K_V2.4_Model_FP32.tflite,248D9B016488729F_20260411_175500_chunk_003.wav,1800,546,549
2349,2352,Phylloscopus collybita,Common Chiffchaff,0.8277,248D9B016488729F_20260411_175500.WAV,14,0.0,1.0,0.25,BirdNET_GLOBAL_6K_V2.4_Model_FP32.tflite,248D9B016488729F_20260411_175500_chunk_003.wav,1800,549,552
2355,2358,Phylloscopus collybita,Common Chiffchaff,0.9081,248D9B016488729F_20260411_175500.WAV,14,0.0,1.0,0.25,BirdNET_GLOBAL_6K_V2.4_Model_FP32.tflite,248D9B016488729F_20260411_175500_chunk_003.wav,1800,555,558
2358,2361,Phylloscopus collybita,Common Chiffchaff,0.9686,248D9B016488729F_20260411_175500.WAV,14,0.0,1.0,0.25,BirdNET_GLOBAL_6K_V2.4_Model_FP32.tflite,248D9B016488729F_20260411_175500_chunk_003.wav,1800,558,561
2364,2367,Phylloscopus collybita,Common Chiffchaff,0.8719,248D9B016488729F_20260411_175500.WAV,14,0.0,1.0,0.25,BirdNET_GLOBAL_6K_V2.4_Model_FP32.tflite,248D9B016488729F_20260411_175500_chunk_003.wav,1800,564,567
2367,2370,Phylloscopus collybita,Common Chiffchaff,0.7805,248D9B016488729F_20260411_175500.WAV,14,0.0,1.0,0.25,BirdNET_GLOBAL_6K_V2.4_Model_FP32.tflite,248D9B016488729F_20260411_175500_chunk_003.wav,1800,567,570
2373,2376,Phylloscopus collybita,Common Chiffchaff,0.9273,248D9B016488729F_20260411_175500.WAV,14,0.0,1.0,0.25,BirdNET_GLOBAL_6K_V2.4_Model_FP32.tflite,248D9B016488729F_20260411_175500_chunk_003.wav,1800,573,576
2376,2379,Phylloscopus collybita,Common Chiffchaff,0.9725,248D9B016488729F_20260411_175500.WAV,14,0.0,1.0,0.25,BirdNET_GLOBAL_6K_V2.4_Model_FP32.tflite,248D9B016488729F_20260411_175500_chunk_003.wav,1800,576,579
2379,2382,Phylloscopus collybita,Common Chiffchaff,0.7553,248D9B016488729F_20260411_175500.WAV,14,0.0,1.0,0.25,BirdNET_GLOBAL_6K_V2.4_Model_FP32.tflite,248D9B016488729F_20260411_175500_chunk_003.wav,1800,579,582
2382,2385,Phylloscopus collybita,Common Chiffchaff,0.8222,248D9B016488729F_20260411_175500.WAV,14,0.0,1.0,0.25,BirdNET_GLOBAL_6K_V2.4_Model_FP32.tflite,248D9B016488729F_20260411_175500_chunk_003.wav,1800,582,585
2391,2394,Phylloscopus collybita,Common Chiffchaff,0.8192,248D9B016488729F_20260411_175500.WAV,14,0.0,1.0,0.25,BirdNET_GLOBAL_6K_V2.4_Model_FP32.tflite,248D9B016488729F_20260411_175500_chunk_003.wav,1800,591,594
2394,2397,Phylloscopus collybita,Common Chiffchaff,0.7593,248D9B016488729F_20260411_175500.WAV,14,0.0,1.0,0.25,BirdNET_GLOBAL_6K_V2.4_Model_FP32.tflite,248D9B016488729F_20260411_175500_chunk_003.wav,1800,594,597
2397,2399.98,Phylloscopus collybita,Common Chiffchaff,0.7961,248D9B016488729F_20260411_175500.WAV,14,0.0,1.0,0.25,BirdNET_GLOBAL_6K_V2.4_Model_FP32.tflite,248D9B016488729F_20260411_175500_chunk_003.wav,1800,597,599.98
2406,2409,Phylloscopus collybita,Common Chiffchaff,0.9048,248D9B016488729F_20260411_175500.WAV,14,0.0,1.0,0.25,BirdNET_GLOBAL_6K_V2.4_Model_FP32.tflite,248D9B016488729F_20260411_175500_chunk_004.wav,2400,6,9
2415,2418,Phylloscopus collybita,Common Chiffchaff,0.7701,248D9B016488729F_20260411_175500.WAV,14,0.0,1.0,0.25,BirdNET_GLOBAL_6K_V2.4_Model_FP32.tflite,248D9B016488729F_20260411_175500_chunk_004.wav,2400,15,18
2424,2427,Phylloscopus collybita,Common Chiffchaff,0.9145,248D9B016488729F_20260411_175500.WAV,14,0.0,1.0,0.25,BirdNET_GLOBAL_6K_V2.4_Model_FP32.tflite,248D9B016488729F_20260411_175500_chunk_004.wav,2400,24,27
2430,2433,Phylloscopus collybita,Common Chiffchaff,0.8026,248D9B016488729F_20260411_175500.WAV,14,0.0,1.0,0.25,BirdNET_GLOBAL_6K_V2.4_Model_FP32.tflite,248D9B016488729F_20260411_175500_chunk_004.wav,2400,30,33
2433,2436,Phylloscopus collybita,Common Chiffchaff,0.9052,248D9B016488729F_20260411_175500.WAV,14,0.0,1.0,0.25,BirdNET_GLOBAL_6K_V2.4_Model_FP32.tflite,248D9B016488729F_20260411_175500_chunk_004.wav,2400,33,36
2439,2442,Phylloscopus collybita,Common Chiffchaff,0.8896,248D9B016488729F_20260411_175500.WAV,14,0.0,1.0,0.25,BirdNET_GLOBAL_6K_V2.4_Model_FP32.tflite,248D9B016488729F_20260411_175500_chunk_004.wav,2400,39,42
2442,2445,Phylloscopus collybita,Common Chiffchaff,0.9705,248D9B016488729F_20260411_175500.WAV,14,0.0,1.0,0.25,BirdNET_GLOBAL_6K_V2.4_Model_FP32.tflite,248D9B016488729F_20260411_175500_chunk_004.wav,2400,42,45
2448,2451,Phylloscopus collybita,Common Chiffchaff,0.8879,248D9B016488729F_20260411_175500.WAV,14,0.0,1.0,0.25,BirdNET_GLOBAL_6K_V2.4_Model_FP32.tflite,248D9B016488729F_20260411_175500_chunk_004.wav,2400,48,51
2451,2454,Phylloscopus collybita,Common Chiffchaff,0.8218,248D9B016488729F_20260411_175500.WAV,14,0.0,1.0,0.25,BirdNET_GLOBAL_6K_V2.4_Model_FP32.tflite,248D9B016488729F_20260411_175500_chunk_004.wav,2400,51,54
2457,2460,Phylloscopus collybita,Common Chiffchaff,0.3617,248D9B016488729F_20260411_175500.WAV,14,0.0,1.0,0.25,BirdNET_GLOBAL_6K_V2.4_Model_FP32.tflite,248D9B016488729F_20260411_175500_chunk_004.wav,2400,57,60
2460,2463,Phylloscopus collybita,Common Chiffchaff,0.6950,248D9B016488729F_20260411_175500.WAV,14,0.0,1.0,0.25,BirdNET_GLOBAL_6K_V2.4_Model_FP32.tflite,248D9B016488729F_20260411_175500_chunk_004.wav,2400,60,63
2484,2487,Phylloscopus collybita,Common Chiffchaff,0.8292,248D9B016488729F_20260411_175500.WAV,14,0.0,1.0,0.25,BirdNET_GLOBAL_6K_V2.4_Model_FP32.tflite,248D9B016488729F_20260411_175500_chunk_004.wav,2400,84,87
2490,2493,Carduelis carduelis,European Goldfinch,0.6507,248D9B016488729F_20260411_175500.WAV,14,0.0,1.0,0.25,BirdNET_GLOBAL_6K_V2.4_Model_FP32.tflite,248D9B016488729F_20260411_175500_chunk_004.wav,2400,90,93
2496,2499,Chloris chloris,European Greenfinch,0.2789,248D9B016488729F_20260411_175500.WAV,14,0.0,1.0,0.25,BirdNET_GLOBAL_6K_V2.4_Model_FP32.tflite,248D9B016488729F_20260411_175500_chunk_004.wav,2400,96,99
2499,2502,Chloris chloris,European Greenfinch,0.6179,248D9B016488729F_20260411_175500.WAV,14,0.0,1.0,0.25,BirdNET_GLOBAL_6K_V2.4_Model_FP32.tflite,248D9B016488729F_20260411_175500_chunk_004.wav,2400,99,102
2502,2505,Phylloscopus collybita,Common Chiffchaff,0.5982,248D9B016488729F_20260411_175500.WAV,14,0.0,1.0,0.25,BirdNET_GLOBAL_6K_V2.4_Model_FP32.tflite,248D9B016488729F_20260411_175500_chunk_004.wav,2400,102,105
2505,2508,Phylloscopus collybita,Common Chiffchaff,0.4848,248D9B016488729F_20260411_175500.WAV,14,0.0,1.0,0.25,BirdNET_GLOBAL_6K_V2.4_Model_FP32.tflite,248D9B016488729F_20260411_175500_chunk_004.wav,2400,105,108
2511,2514,Chloris chloris,European Greenfinch,0.8878,248D9B016488729F_20260411_175500.WAV,14,0.0,1.0,0.25,BirdNET_GLOBAL_6K_V2.4_Model_FP32.tflite,248D9B016488729F_20260411_175500_chunk_004.wav,2400,111,114
2514,2517,Chloris chloris,European Greenfinch,0.7545,248D9B016488729F_20260411_175500.WAV,14,0.0,1.0,0.25,BirdNET_GLOBAL_6K_V2.4_Model_FP32.tflite,248D9B016488729F_20260411_175500_chunk_004.wav,2400,114,117
2517,2520,Chloris chloris,European Greenfinch,0.7757,248D9B016488729F_20260411_175500.WAV,14,0.0,1.0,0.25,BirdNET_GLOBAL_6K_V2.4_Model_FP32.tflite,248D9B016488729F_20260411_175500_chunk_004.wav,2400,117,120
2517,2520,Phylloscopus collybita,Common Chiffchaff,0.4272,248D9B016488729F_20260411_175500.WAV,14,0.0,1.0,0.25,BirdNET_GLOBAL_6K_V2.4_Model_FP32.tflite,248D9B016488729F_20260411_175500_chunk_004.wav,2400,117,120
2520,2523,Chloris chloris,European Greenfinch,0.8953,248D9B016488729F_20260411_175500.WAV,14,0.0,1.0,0.25,BirdNET_GLOBAL_6K_V2.4_Model_FP32.tflite,248D9B016488729F_20260411_175500_chunk_004.wav,2400,120,123
2526,2529,Chloris chloris,European Greenfinch,0.8431,248D9B016488729F_20260411_175500.WAV,14,0.0,1.0,0.25,BirdNET_GLOBAL_6K_V2.4_Model_FP32.tflite,248D9B016488729F_20260411_175500_chunk_004.wav,2400,126,129
2532,2535,Phylloscopus collybita,Common Chiffchaff,0.4811,248D9B016488729F_20260411_175500.WAV,14,0.0,1.0,0.25,BirdNET_GLOBAL_6K_V2.4_Model_FP32.tflite,248D9B016488729F_20260411_175500_chunk_004.wav,2400,132,135
2535,2538,Chloris chloris,European Greenfinch,0.8540,248D9B016488729F_20260411_175500.WAV,14,0.0,1.0,0.25,BirdNET_GLOBAL_6K_V2.4_Model_FP32.tflite,248D9B016488729F_20260411_175500_chunk_004.wav,2400,135,138
2538,2541,Chloris chloris,European Greenfinch,0.7362,248D9B016488729F_20260411_175500.WAV,14,0.0,1.0,0.25,BirdNET_GLOBAL_6K_V2.4_Model_FP32.tflite,248D9B016488729F_20260411_175500_chunk_004.wav,2400,138,141
2544,2547,Phylloscopus collybita,Common Chiffchaff,0.7376,248D9B016488729F_20260411_175500.WAV,14,0.0,1.0,0.25,BirdNET_GLOBAL_6K_V2.4_Model_FP32.tflite,248D9B016488729F_20260411_175500_chunk_004.wav,2400,144,147
2547,2550,Chloris chloris,European Greenfinch,0.7481,248D9B016488729F_20260411_175500.WAV,14,0.0,1.0,0.25,BirdNET_GLOBAL_6K_V2.4_Model_FP32.tflite,248D9B016488729F_20260411_175500_chunk_004.wav,2400,147,150
2553,2556,Phylloscopus collybita,Common Chiffchaff,0.4840,248D9B016488729F_20260411_175500.WAV,14,0.0,1.0,0.25,BirdNET_GLOBAL_6K_V2.4_Model_FP32.tflite,248D9B016488729F_20260411_175500_chunk_004.wav,2400,153,156
2556,2559,Phylloscopus collybita,Common Chiffchaff,0.5572,248D9B016488729F_20260411_175500.WAV,14,0.0,1.0,0.25,BirdNET_GLOBAL_6K_V2.4_Model_FP32.tflite,248D9B016488729F_20260411_175500_chunk_004.wav,2400,156,159
2565,2568,Phylloscopus collybita,Common Chiffchaff,0.5142,248D9B016488729F_20260411_175500.WAV,14,0.0,1.0,0.25,BirdNET_GLOBAL_6K_V2.4_Model_FP32.tflite,248D9B016488729F_20260411_175500_chunk_004.wav,2400,165,168
2568,2571,Phylloscopus collybita,Common Chiffchaff,0.4178,248D9B016488729F_20260411_175500.WAV,14,0.0,1.0,0.25,BirdNET_GLOBAL_6K_V2.4_Model_FP32.tflite,248D9B016488729F_20260411_175500_chunk_004.wav,2400,168,171
2580,2583,Phylloscopus collybita,Common Chiffchaff,0.4610,248D9B016488729F_20260411_175500.WAV,14,0.0,1.0,0.25,BirdNET_GLOBAL_6K_V2.4_Model_FP32.tflite,248D9B016488729F_20260411_175500_chunk_004.wav,2400,180,183
2589,2592,Phylloscopus collybita,Common Chiffchaff,0.5739,248D9B016488729F_20260411_175500.WAV,14,0.0,1.0,0.25,BirdNET_GLOBAL_6K_V2.4_Model_FP32.tflite,248D9B016488729F_20260411_175500_chunk_004.wav,2400,189,192
2598,2601,Phylloscopus collybita,Common Chiffchaff,0.6314,248D9B016488729F_20260411_175500.WAV,14,0.0,1.0,0.25,BirdNET_GLOBAL_6K_V2.4_Model_FP32.tflite,248D9B016488729F_20260411_175500_chunk_004.wav,2400,198,201
2604,2607,Chloris chloris,European Greenfinch,0.9149,248D9B016488729F_20260411_175500.WAV,14,0.0,1.0,0.25,BirdNET_GLOBAL_6K_V2.4_Model_FP32.tflite,248D9B016488729F_20260411_175500_chunk_004.wav,2400,204,207
2607,2610,Chloris chloris,European Greenfinch,0.9562,248D9B016488729F_20260411_175500.WAV,14,0.0,1.0,0.25,BirdNET_GLOBAL_6K_V2.4_Model_FP32.tflite,248D9B016488729F_20260411_175500_chunk_004.wav,2400,207,210
2613,2616,Corvus monedula,Eurasian Jackdaw,0.3183,248D9B016488729F_20260411_175500.WAV,14,0.0,1.0,0.25,BirdNET_GLOBAL_6K_V2.4_Model_FP32.tflite,248D9B016488729F_20260411_175500_chunk_004.wav,2400,213,216
2616,2619,Chloris chloris,European Greenfinch,0.6764,248D9B016488729F_20260411_175500.WAV,14,0.0,1.0,0.25,BirdNET_GLOBAL_6K_V2.4_Model_FP32.tflite,248D9B016488729F_20260411_175500_chunk_004.wav,2400,216,219
2619,2622,Chloris chloris,European Greenfinch,0.5610,248D9B016488729F_20260411_175500.WAV,14,0.0,1.0,0.25,BirdNET_GLOBAL_6K_V2.4_Model_FP32.tflite,248D9B016488729F_20260411_175500_chunk_004.wav,2400,219,222
2622,2625,Phylloscopus collybita,Common Chiffchaff,0.4651,248D9B016488729F_20260411_175500.WAV,14,0.0,1.0,0.25,BirdNET_GLOBAL_6K_V2.4_Model_FP32.tflite,248D9B016488729F_20260411_175500_chunk_004.wav,2400,222,225
2625,2628,Chloris chloris,European Greenfinch,0.8699,248D9B016488729F_20260411_175500.WAV,14,0.0,1.0,0.25,BirdNET_GLOBAL_6K_V2.4_Model_FP32.tflite,248D9B016488729F_20260411_175500_chunk_004.wav,2400,225,228
2628,2631,Chloris chloris,European Greenfinch,0.8830,248D9B016488729F_20260411_175500.WAV,14,0.0,1.0,0.25,BirdNET_GLOBAL_6K_V2.4_Model_FP32.tflite,248D9B016488729F_20260411_175500_chunk_004.wav,2400,228,231
2637,2640,Chloris chloris,European Greenfinch,0.8936,248D9B016488729F_20260411_175500.WAV,14,0.0,1.0,0.25,BirdNET_GLOBAL_6K_V2.4_Model_FP32.tflite,248D9B016488729F_20260411_175500_chunk_004.wav,2400,237,240
2640,2643,Chloris chloris,European Greenfinch,0.3595,248D9B016488729F_20260411_175500.WAV,14,0.0,1.0,0.25,BirdNET_GLOBAL_6K_V2.4_Model_FP32.tflite,248D9B016488729F_20260411_175500_chunk_004.wav,2400,240,243
2646,2649,Phylloscopus collybita,Common Chiffchaff,0.5469,248D9B016488729F_20260411_175500.WAV,14,0.0,1.0,0.25,BirdNET_GLOBAL_6K_V2.4_Model_FP32.tflite,248D9B016488729F_20260411_175500_chunk_004.wav,2400,246,249
2649,2652,Chloris chloris,European Greenfinch,0.7117,248D9B016488729F_20260411_175500.WAV,14,0.0,1.0,0.25,BirdNET_GLOBAL_6K_V2.4_Model_FP32.tflite,248D9B016488729F_20260411_175500_chunk_004.wav,2400,249,252
2652,2655,Chloris chloris,European Greenfinch,0.2597,248D9B016488729F_20260411_175500.WAV,14,0.0,1.0,0.25,BirdNET_GLOBAL_6K_V2.4_Model_FP32.tflite,248D9B016488729F_20260411_175500_chunk_004.wav,2400,252,255
2655,2658,Chloris chloris,European Greenfinch,0.8076,248D9B016488729F_20260411_175500.WAV,14,0.0,1.0,0.25,BirdNET_GLOBAL_6K_V2.4_Model_FP32.tflite,248D9B016488729F_20260411_175500_chunk_004.wav,2400,255,258
2658,2661,Chloris chloris,European Greenfinch,0.4803,248D9B016488729F_20260411_175500.WAV,14,0.0,1.0,0.25,BirdNET_GLOBAL_6K_V2.4_Model_FP32.tflite,248D9B016488729F_20260411_175500_chunk_004.wav,2400,258,261
2661,2664,Chloris chloris,European Greenfinch,0.6449,248D9B016488729F_20260411_175500.WAV,14,0.0,1.0,0.25,BirdNET_GLOBAL_6K_V2.4_Model_FP32.tflite,248D9B016488729F_20260411_175500_chunk_004.wav,2400,261,264
2664,2667,Chloris chloris,European Greenfinch,0.4660,248D9B016488729F_20260411_175500.WAV,14,0.0,1.0,0.25,BirdNET_GLOBAL_6K_V2.4_Model_FP32.tflite,248D9B016488729F_20260411_175500_chunk_004.wav,2400,264,267
2667,2670,Phylloscopus collybita,Common Chiffchaff,0.2953,248D9B016488729F_20260411_175500.WAV,14,0.0,1.0,0.25,BirdNET_GLOBAL_6K_V2.4_Model_FP32.tflite,248D9B016488729F_20260411_175500_chunk_004.wav,2400,267,270
2670,2673,Chloris chloris,European Greenfinch,0.2817,248D9B016488729F_20260411_175500.WAV,14,0.0,1.0,0.25,BirdNET_GLOBAL_6K_V2.4_Model_FP32.tflite,248D9B016488729F_20260411_175500_chunk_004.wav,2400,270,273
2679,2682,Phylloscopus collybita,Common Chiffchaff,0.6256,248D9B016488729F_20260411_175500.WAV,14,0.0,1.0,0.25,BirdNET_GLOBAL_6K_V2.4_Model_FP32.tflite,248D9B016488729F_20260411_175500_chunk_004.wav,2400,279,282
2682,2685,Chloris chloris,European Greenfinch,0.5978,248D9B016488729F_20260411_175500.WAV,14,0.0,1.0,0.25,BirdNET_GLOBAL_6K_V2.4_Model_FP32.tflite,248D9B016488729F_20260411_175500_chunk_004.wav,2400,282,285
2691,2694,Phylloscopus collybita,Common Chiffchaff,0.6459,248D9B016488729F_20260411_175500.WAV,14,0.0,1.0,0.25,BirdNET_GLOBAL_6K_V2.4_Model_FP32.tflite,248D9B016488729F_20260411_175500_chunk_004.wav,2400,291,294
2694,2697,Chloris chloris,European Greenfinch,0.8370,248D9B016488729F_20260411_175500.WAV,14,0.0,1.0,0.25,BirdNET_GLOBAL_6K_V2.4_Model_FP32.tflite,248D9B016488729F_20260411_175500_chunk_004.wav,2400,294,297
2700,2703,Phylloscopus collybita,Common Chiffchaff,0.4608,248D9B016488729F_20260411_175500.WAV,14,0.0,1.0,0.25,BirdNET_GLOBAL_6K_V2.4_Model_FP32.tflite,248D9B016488729F_20260411_175500_chunk_004.wav,2400,300,303
2709,2712,Phylloscopus collybita,Common Chiffchaff,0.6728,248D9B016488729F_20260411_175500.WAV,14,0.0,1.0,0.25,BirdNET_GLOBAL_6K_V2.4_Model_FP32.tflite,248D9B016488729F_20260411_175500_chunk_004.wav,2400,309,312
2715,2718,Chloris chloris,European Greenfinch,0.3356,248D9B016488729F_20260411_175500.WAV,14,0.0,1.0,0.25,BirdNET_GLOBAL_6K_V2.4_Model_FP32.tflite,248D9B016488729F_20260411_175500_chunk_004.wav,2400,315,318
2718,2721,Chloris chloris,European Greenfinch,0.3051,248D9B016488729F_20260411_175500.WAV,14,0.0,1.0,0.25,BirdNET_GLOBAL_6K_V2.4_Model_FP32.tflite,248D9B016488729F_20260411_175500_chunk_004.wav,2400,318,321
2724,2727,Chloris chloris,European Greenfinch,0.2988,248D9B016488729F_20260411_175500.WAV,14,0.0,1.0,0.25,BirdNET_GLOBAL_6K_V2.4_Model_FP32.tflite,248D9B016488729F_20260411_175500_chunk_004.wav,2400,324,327
2727,2730,Chloris chloris,European Greenfinch,0.5004,248D9B016488729F_20260411_175500.WAV,14,0.0,1.0,0.25,BirdNET_GLOBAL_6K_V2.4_Model_FP32.tflite,248D9B016488729F_20260411_175500_chunk_004.wav,2400,327,330
2730,2733,Phylloscopus collybita,Common Chiffchaff,0.3103,248D9B016488729F_20260411_175500.WAV,14,0.0,1.0,0.25,BirdNET_GLOBAL_6K_V2.4_Model_FP32.tflite,248D9B016488729F_20260411_175500_chunk_004.wav,2400,330,333
2733,2736,Chloris chloris,European Greenfinch,0.8722,248D9B016488729F_20260411_175500.WAV,14,0.0,1.0,0.25,BirdNET_GLOBAL_6K_V2.4_Model_FP32.tflite,248D9B016488729F_20260411_175500_chunk_004.wav,2400,333,336
2739,2742,Phylloscopus collybita,Common Chiffchaff,0.3482,248D9B016488729F_20260411_175500.WAV,14,0.0,1.0,0.25,BirdNET_GLOBAL_6K_V2.4_Model_FP32.tflite,248D9B016488729F_20260411_175500_chunk_004.wav,2400,339,342
2742,2745,Chloris chloris,European Greenfinch,0.4789,248D9B016488729F_20260411_175500.WAV,14,0.0,1.0,0.25,BirdNET_GLOBAL_6K_V2.4_Model_FP32.tflite,248D9B016488729F_20260411_175500_chunk_004.wav,2400,342,345
2745,2748,Chloris chloris,European Greenfinch,0.8535,248D9B016488729F_20260411_175500.WAV,14,0.0,1.0,0.25,BirdNET_GLOBAL_6K_V2.4_Model_FP32.tflite,248D9B016488729F_20260411_175500_chunk_004.wav,2400,345,348
2748,2751,Chloris chloris,European Greenfinch,0.9495,248D9B016488729F_20260411_175500.WAV,14,0.0,1.0,0.25,BirdNET_GLOBAL_6K_V2.4_Model_FP32.tflite,248D9B016488729F_20260411_175500_chunk_004.wav,2400,348,351
2751,2754,Phylloscopus collybita,Common Chiffchaff,0.4763,248D9B016488729F_20260411_175500.WAV,14,0.0,1.0,0.25,BirdNET_GLOBAL_6K_V2.4_Model_FP32.tflite,248D9B016488729F_20260411_175500_chunk_004.wav,2400,351,354
2760,2763,Phylloscopus collybita,Common Chiffchaff,0.6880,248D9B016488729F_20260411_175500.WAV,14,0.0,1.0,0.25,BirdNET_GLOBAL_6K_V2.4_Model_FP32.tflite,248D9B016488729F_20260411_175500_chunk_004.wav,2400,360,363
2793,2796,Chloris chloris,European Greenfinch,0.3410,248D9B016488729F_20260411_175500.WAV,14,0.0,1.0,0.25,BirdNET_GLOBAL_6K_V2.4_Model_FP32.tflite,248D9B016488729F_20260411_175500_chunk_004.wav,2400,393,396
2796,2799,Chloris chloris,European Greenfinch,0.2620,248D9B016488729F_20260411_175500.WAV,14,0.0,1.0,0.25,BirdNET_GLOBAL_6K_V2.4_Model_FP32.tflite,248D9B016488729F_20260411_175500_chunk_004.wav,2400,396,399
2799,2802,Chloris chloris,European Greenfinch,0.7112,248D9B016488729F_20260411_175500.WAV,14,0.0,1.0,0.25,BirdNET_GLOBAL_6K_V2.4_Model_FP32.tflite,248D9B016488729F_20260411_175500_chunk_004.wav,2400,399,402
2802,2805,Chloris chloris,European Greenfinch,0.6372,248D9B016488729F_20260411_175500.WAV,14,0.0,1.0,0.25,BirdNET_GLOBAL_6K_V2.4_Model_FP32.tflite,248D9B016488729F_20260411_175500_chunk_004.wav,2400,402,405
2808,2811,Chloris chloris,European Greenfinch,0.4254,248D9B016488729F_20260411_175500.WAV,14,0.0,1.0,0.25,BirdNET_GLOBAL_6K_V2.4_Model_FP32.tflite,248D9B016488729F_20260411_175500_chunk_004.wav,2400,408,411
2811,2814,Chloris chloris,European Greenfinch,0.5064,248D9B016488729F_20260411_175500.WAV,14,0.0,1.0,0.25,BirdNET_GLOBAL_6K_V2.4_Model_FP32.tflite,248D9B016488729F_20260411_175500_chunk_004.wav,2400,411,414
2814,2817,Chloris chloris,European Greenfinch,0.2587,248D9B016488729F_20260411_175500.WAV,14,0.0,1.0,0.25,BirdNET_GLOBAL_6K_V2.4_Model_FP32.tflite,248D9B016488729F_20260411_175500_chunk_004.wav,2400,414,417
2817,2820,Chloris chloris,European Greenfinch,0.7446,248D9B016488729F_20260411_175500.WAV,14,0.0,1.0,0.25,BirdNET_GLOBAL_6K_V2.4_Model_FP32.tflite,248D9B016488729F_20260411_175500_chunk_004.wav,2400,417,420
2823,2826,Chloris chloris,European Greenfinch,0.6229,248D9B016488729F_20260411_175500.WAV,14,0.0,1.0,0.25,BirdNET_GLOBAL_6K_V2.4_Model_FP32.tflite,248D9B016488729F_20260411_175500_chunk_004.wav,2400,423,426
2826,2829,Chloris chloris,European Greenfinch,0.9304,248D9B016488729F_20260411_175500.WAV,14,0.0,1.0,0.25,BirdNET_GLOBAL_6K_V2.4_Model_FP32.tflite,248D9B016488729F_20260411_175500_chunk_004.wav,2400,426,429
2829,2832,Chloris chloris,European Greenfinch,0.8308,248D9B016488729F_20260411_175500.WAV,14,0.0,1.0,0.25,BirdNET_GLOBAL_6K_V2.4_Model_FP32.tflite,248D9B016488729F_20260411_175500_chunk_004.wav,2400,429,432
2832,2835,Chloris chloris,European Greenfinch,0.9495,248D9B016488729F_20260411_175500.WAV,14,0.0,1.0,0.25,BirdNET_GLOBAL_6K_V2.4_Model_FP32.tflite,248D9B016488729F_20260411_175500_chunk_004.wav,2400,432,435
2835,2838,Chloris chloris,European Greenfinch,0.3496,248D9B016488729F_20260411_175500.WAV,14,0.0,1.0,0.25,BirdNET_GLOBAL_6K_V2.4_Model_FP32.tflite,248D9B016488729F_20260411_175500_chunk_004.wav,2400,435,438
2838,2841,Chloris chloris,European Greenfinch,0.9852,248D9B016488729F_20260411_175500.WAV,14,0.0,1.0,0.25,BirdNET_GLOBAL_6K_V2.4_Model_FP32.tflite,248D9B016488729F_20260411_175500_chunk_004.wav,2400,438,441
2841,2844,Chloris chloris,European Greenfinch,0.6467,248D9B016488729F_20260411_175500.WAV,14,0.0,1.0,0.25,BirdNET_GLOBAL_6K_V2.4_Model_FP32.tflite,248D9B016488729F_20260411_175500_chunk_004.wav,2400,441,444
2856,2859,Chloris chloris,European Greenfinch,0.7288,248D9B016488729F_20260411_175500.WAV,14,0.0,1.0,0.25,BirdNET_GLOBAL_6K_V2.4_Model_FP32.tflite,248D9B016488729F_20260411_175500_chunk_004.wav,2400,456,459
2859,2862,Chloris chloris,European Greenfinch,0.7210,248D9B016488729F_20260411_175500.WAV,14,0.0,1.0,0.25,BirdNET_GLOBAL_6K_V2.4_Model_FP32.tflite,248D9B016488729F_20260411_175500_chunk_004.wav,2400,459,462
2865,2868,Chloris chloris,European Greenfinch,0.4023,248D9B016488729F_20260411_175500.WAV,14,0.0,1.0,0.25,BirdNET_GLOBAL_6K_V2.4_Model_FP32.tflite,248D9B016488729F_20260411_175500_chunk_004.wav,2400,465,468
2871,2874,Chloris chloris,European Greenfinch,0.4267,248D9B016488729F_20260411_175500.WAV,14,0.0,1.0,0.25,BirdNET_GLOBAL_6K_V2.4_Model_FP32.tflite,248D9B016488729F_20260411_175500_chunk_004.wav,2400,471,474
2874,2877,Chloris chloris,European Greenfinch,0.7732,248D9B016488729F_20260411_175500.WAV,14,0.0,1.0,0.25,BirdNET_GLOBAL_6K_V2.4_Model_FP32.tflite,248D9B016488729F_20260411_175500_chunk_004.wav,2400,474,477
2877,2880,Chloris chloris,European Greenfinch,0.6853,248D9B016488729F_20260411_175500.WAV,14,0.0,1.0,0.25,BirdNET_GLOBAL_6K_V2.4_Model_FP32.tflite,248D9B016488729F_20260411_175500_chunk_004.wav,2400,477,480
2880,2883,Chloris chloris,European Greenfinch,0.9637,248D9B016488729F_20260411_175500.WAV,14,0.0,1.0,0.25,BirdNET_GLOBAL_6K_V2.4_Model_FP32.tflite,248D9B016488729F_20260411_175500_chunk_004.wav,2400,480,483
2886,2889,Chloris chloris,European Greenfinch,0.3226,248D9B016488729F_20260411_175500.WAV,14,0.0,1.0,0.25,BirdNET_GLOBAL_6K_V2.4_Model_FP32.tflite,248D9B016488729F_20260411_175500_chunk_004.wav,2400,486,489
2889,2892,Chloris chloris,European Greenfinch,0.4615,248D9B016488729F_20260411_175500.WAV,14,0.0,1.0,0.25,BirdNET_GLOBAL_6K_V2.4_Model_FP32.tflite,248D9B016488729F_20260411_175500_chunk_004.wav,2400,489,492
2898,2901,Chloris chloris,European Greenfinch,0.4802,248D9B016488729F_20260411_175500.WAV,14,0.0,1.0,0.25,BirdNET_GLOBAL_6K_V2.4_Model_FP32.tflite,248D9B016488729F_20260411_175500_chunk_004.wav,2400,498,501
2901,2904,Chloris chloris,European Greenfinch,0.8443,248D9B016488729F_20260411_175500.WAV,14,0.0,1.0,0.25,BirdNET_GLOBAL_6K_V2.4_Model_FP32.tflite,248D9B016488729F_20260411_175500_chunk_004.wav,2400,501,504
2910,2913,Chloris chloris,European Greenfinch,0.9493,248D9B016488729F_20260411_175500.WAV,14,0.0,1.0,0.25,BirdNET_GLOBAL_6K_V2.4_Model_FP32.tflite,248D9B016488729F_20260411_175500_chunk_004.wav,2400,510,513
2913,2916,Pica pica,Eurasian Magpie,0.5333,248D9B016488729F_20260411_175500.WAV,14,0.0,1.0,0.25,BirdNET_GLOBAL_6K_V2.4_Model_FP32.tflite,248D9B016488729F_20260411_175500_chunk_004.wav,2400,513,516
2916,2919,Pica pica,Eurasian Magpie,0.9874,248D9B016488729F_20260411_175500.WAV,14,0.0,1.0,0.25,BirdNET_GLOBAL_6K_V2.4_Model_FP32.tflite,248D9B016488729F_20260411_175500_chunk_004.wav,2400,516,519
2916,2919,Chloris chloris,European Greenfinch,0.5134,248D9B016488729F_20260411_175500.WAV,14,0.0,1.0,0.25,BirdNET_GLOBAL_6K_V2.4_Model_FP32.tflite,248D9B016488729F_20260411_175500_chunk_004.wav,2400,516,519
2919,2922,Chloris chloris,European Greenfinch,0.4067,248D9B016488729F_20260411_175500.WAV,14,0.0,1.0,0.25,BirdNET_GLOBAL_6K_V2.4_Model_FP32.tflite,248D9B016488729F_20260411_175500_chunk_004.wav,2400,519,522
2922,2925,Chloris chloris,European Greenfinch,0.6093,248D9B016488729F_20260411_175500.WAV,14,0.0,1.0,0.25,BirdNET_GLOBAL_6K_V2.4_Model_FP32.tflite,248D9B016488729F_20260411_175500_chunk_004.wav,2400,522,525
2925,2928,Chloris chloris,European Greenfinch,0.4462,248D9B016488729F_20260411_175500.WAV,14,0.0,1.0,0.25,BirdNET_GLOBAL_6K_V2.4_Model_FP32.tflite,248D9B016488729F_20260411_175500_chunk_004.wav,2400,525,528
2934,2937,Chloris chloris,European Greenfinch,0.6757,248D9B016488729F_20260411_175500.WAV,14,0.0,1.0,0.25,BirdNET_GLOBAL_6K_V2.4_Model_FP32.tflite,248D9B016488729F_20260411_175500_chunk_004.wav,2400,534,537
2937,2940,Chloris chloris,European Greenfinch,0.7741,248D9B016488729F_20260411_175500.WAV,14,0.0,1.0,0.25,BirdNET_GLOBAL_6K_V2.4_Model_FP32.tflite,248D9B016488729F_20260411_175500_chunk_004.wav,2400,537,540
2940,2943,Pica pica,Eurasian Magpie,0.8798,248D9B016488729F_20260411_175500.WAV,14,0.0,1.0,0.25,BirdNET_GLOBAL_6K_V2.4_Model_FP32.tflite,248D9B016488729F_20260411_175500_chunk_004.wav,2400,540,543
2940,2943,Chloris chloris,European Greenfinch,0.7150,248D9B016488729F_20260411_175500.WAV,14,0.0,1.0,0.25,BirdNET_GLOBAL_6K_V2.4_Model_FP32.tflite,248D9B016488729F_20260411_175500_chunk_004.wav,2400,540,543
2943,2946,Pica pica,Eurasian Magpie,0.9507,248D9B016488729F_20260411_175500.WAV,14,0.0,1.0,0.25,BirdNET_GLOBAL_6K_V2.4_Model_FP32.tflite,248D9B016488729F_20260411_175500_chunk_004.wav,2400,543,546
2946,2949,Pica pica,Eurasian Magpie,0.7835,248D9B016488729F_20260411_175500.WAV,14,0.0,1.0,0.25,BirdNET_GLOBAL_6K_V2.4_Model_FP32.tflite,248D9B016488729F_20260411_175500_chunk_004.wav,2400,546,549
2961,2964,Pica pica,Eurasian Magpie,0.6128,248D9B016488729F_20260411_175500.WAV,14,0.0,1.0,0.25,BirdNET_GLOBAL_6K_V2.4_Model_FP32.tflite,248D9B016488729F_20260411_175500_chunk_004.wav,2400,561,564
2985,2988,Erithacus rubecula,European Robin,0.4608,248D9B016488729F_20260411_175500.WAV,14,0.0,1.0,0.25,BirdNET_GLOBAL_6K_V2.4_Model_FP32.tflite,248D9B016488729F_20260411_175500_chunk_004.wav,2400,585,588
3006,3009,Chloris chloris,European Greenfinch,0.8950,248D9B016488729F_20260411_175500.WAV,14,0.0,1.0,0.25,BirdNET_GLOBAL_6K_V2.4_Model_FP32.tflite,248D9B016488729F_20260411_175500_chunk_005.wav,3000,6,9
3009,3012,Phylloscopus collybita,Common Chiffchaff,0.9411,248D9B016488729F_20260411_175500.WAV,14,0.0,1.0,0.25,BirdNET_GLOBAL_6K_V2.4_Model_FP32.tflite,248D9B016488729F_20260411_175500_chunk_005.wav,3000,9,12
3018,3021,Phylloscopus collybita,Common Chiffchaff,0.5643,248D9B016488729F_20260411_175500.WAV,14,0.0,1.0,0.25,BirdNET_GLOBAL_6K_V2.4_Model_FP32.tflite,248D9B016488729F_20260411_175500_chunk_005.wav,3000,18,21
3024,3027,Erithacus rubecula,European Robin,0.4688,248D9B016488729F_20260411_175500.WAV,14,0.0,1.0,0.25,BirdNET_GLOBAL_6K_V2.4_Model_FP32.tflite,248D9B016488729F_20260411_175500_chunk_005.wav,3000,24,27
3030,3033,Phylloscopus collybita,Common Chiffchaff,0.5760,248D9B016488729F_20260411_175500.WAV,14,0.0,1.0,0.25,BirdNET_GLOBAL_6K_V2.4_Model_FP32.tflite,248D9B016488729F_20260411_175500_chunk_005.wav,3000,30,33
3036,3039,Phylloscopus collybita,Common Chiffchaff,0.8340,248D9B016488729F_20260411_175500.WAV,14,0.0,1.0,0.25,BirdNET_GLOBAL_6K_V2.4_Model_FP32.tflite,248D9B016488729F_20260411_175500_chunk_005.wav,3000,36,39
3042,3045,Chloris chloris,European Greenfinch,0.4258,248D9B016488729F_20260411_175500.WAV,14,0.0,1.0,0.25,BirdNET_GLOBAL_6K_V2.4_Model_FP32.tflite,248D9B016488729F_20260411_175500_chunk_005.wav,3000,42,45
3045,3048,Phylloscopus collybita,Common Chiffchaff,0.4522,248D9B016488729F_20260411_175500.WAV,14,0.0,1.0,0.25,BirdNET_GLOBAL_6K_V2.4_Model_FP32.tflite,248D9B016488729F_20260411_175500_chunk_005.wav,3000,45,48
3048,3051,Chloris chloris,European Greenfinch,0.2990,248D9B016488729F_20260411_175500.WAV,14,0.0,1.0,0.25,BirdNET_GLOBAL_6K_V2.4_Model_FP32.tflite,248D9B016488729F_20260411_175500_chunk_005.wav,3000,48,51
3054,3057,Phylloscopus collybita,Common Chiffchaff,0.4467,248D9B016488729F_20260411_175500.WAV,14,0.0,1.0,0.25,BirdNET_GLOBAL_6K_V2.4_Model_FP32.tflite,248D9B016488729F_20260411_175500_chunk_005.wav,3000,54,57
3060,3063,Phylloscopus collybita,Common Chiffchaff,0.2795,248D9B016488729F_20260411_175500.WAV,14,0.0,1.0,0.25,BirdNET_GLOBAL_6K_V2.4_Model_FP32.tflite,248D9B016488729F_20260411_175500_chunk_005.wav,3000,60,63
3063,3066,Phylloscopus collybita,Common Chiffchaff,0.8311,248D9B016488729F_20260411_175500.WAV,14,0.0,1.0,0.25,BirdNET_GLOBAL_6K_V2.4_Model_FP32.tflite,248D9B016488729F_20260411_175500_chunk_005.wav,3000,63,66
3066,3069,Chloris chloris,European Greenfinch,0.2683,248D9B016488729F_20260411_175500.WAV,14,0.0,1.0,0.25,BirdNET_GLOBAL_6K_V2.4_Model_FP32.tflite,248D9B016488729F_20260411_175500_chunk_005.wav,3000,66,69
3069,3072,Chloris chloris,European Greenfinch,0.4180,248D9B016488729F_20260411_175500.WAV,14,0.0,1.0,0.25,BirdNET_GLOBAL_6K_V2.4_Model_FP32.tflite,248D9B016488729F_20260411_175500_chunk_005.wav,3000,69,72
3069,3072,Phylloscopus collybita,Common Chiffchaff,0.3548,248D9B016488729F_20260411_175500.WAV,14,0.0,1.0,0.25,BirdNET_GLOBAL_6K_V2.4_Model_FP32.tflite,248D9B016488729F_20260411_175500_chunk_005.wav,3000,69,72
3072,3075,Chloris chloris,European Greenfinch,0.3000,248D9B016488729F_20260411_175500.WAV,14,0.0,1.0,0.25,BirdNET_GLOBAL_6K_V2.4_Model_FP32.tflite,248D9B016488729F_20260411_175500_chunk_005.wav,3000,72,75
3081,3084,Chloris chloris,European Greenfinch,0.3751,248D9B016488729F_20260411_175500.WAV,14,0.0,1.0,0.25,BirdNET_GLOBAL_6K_V2.4_Model_FP32.tflite,248D9B016488729F_20260411_175500_chunk_005.wav,3000,81,84
3084,3087,Chloris chloris,European Greenfinch,0.4423,248D9B016488729F_20260411_175500.WAV,14,0.0,1.0,0.25,BirdNET_GLOBAL_6K_V2.4_Model_FP32.tflite,248D9B016488729F_20260411_175500_chunk_005.wav,3000,84,87
3087,3090,Chloris chloris,European Greenfinch,0.3121,248D9B016488729F_20260411_175500.WAV,14,0.0,1.0,0.25,BirdNET_GLOBAL_6K_V2.4_Model_FP32.tflite,248D9B016488729F_20260411_175500_chunk_005.wav,3000,87,90
3090,3093,Chloris chloris,European Greenfinch,0.5691,248D9B016488729F_20260411_175500.WAV,14,0.0,1.0,0.25,BirdNET_GLOBAL_6K_V2.4_Model_FP32.tflite,248D9B016488729F_20260411_175500_chunk_005.wav,3000,90,93
3093,3096,Pica pica,Eurasian Magpie,0.8345,248D9B016488729F_20260411_175500.WAV,14,0.0,1.0,0.25,BirdNET_GLOBAL_6K_V2.4_Model_FP32.tflite,248D9B016488729F_20260411_175500_chunk_005.wav,3000,93,96
3093,3096,Phylloscopus collybita,Common Chiffchaff,0.6255,248D9B016488729F_20260411_175500.WAV,14,0.0,1.0,0.25,BirdNET_GLOBAL_6K_V2.4_Model_FP32.tflite,248D9B016488729F_20260411_175500_chunk_005.wav,3000,93,96
3099,3102,Chloris chloris,European Greenfinch,0.9137,248D9B016488729F_20260411_175500.WAV,14,0.0,1.0,0.25,BirdNET_GLOBAL_6K_V2.4_Model_FP32.tflite,248D9B016488729F_20260411_175500_chunk_005.wav,3000,99,102
3102,3105,Phylloscopus collybita,Common Chiffchaff,0.5758,248D9B016488729F_20260411_175500.WAV,14,0.0,1.0,0.25,BirdNET_GLOBAL_6K_V2.4_Model_FP32.tflite,248D9B016488729F_20260411_175500_chunk_005.wav,3000,102,105
3105,3108,Chloris chloris,European Greenfinch,0.3995,248D9B016488729F_20260411_175500.WAV,14,0.0,1.0,0.25,BirdNET_GLOBAL_6K_V2.4_Model_FP32.tflite,248D9B016488729F_20260411_175500_chunk_005.wav,3000,105,108
3105,3108,Phylloscopus collybita,Common Chiffchaff,0.2765,248D9B016488729F_20260411_175500.WAV,14,0.0,1.0,0.25,BirdNET_GLOBAL_6K_V2.4_Model_FP32.tflite,248D9B016488729F_20260411_175500_chunk_005.wav,3000,105,108
3120,3123,Chloris chloris,European Greenfinch,0.4610,248D9B016488729F_20260411_175500.WAV,14,0.0,1.0,0.25,BirdNET_GLOBAL_6K_V2.4_Model_FP32.tflite,248D9B016488729F_20260411_175500_chunk_005.wav,3000,120,123
3123,3126,Phylloscopus collybita,Common Chiffchaff,0.9510,248D9B016488729F_20260411_175500.WAV,14,0.0,1.0,0.25,BirdNET_GLOBAL_6K_V2.4_Model_FP32.tflite,248D9B016488729F_20260411_175500_chunk_005.wav,3000,123,126
3126,3129,Phylloscopus collybita,Common Chiffchaff,0.8841,248D9B016488729F_20260411_175500.WAV,14,0.0,1.0,0.25,BirdNET_GLOBAL_6K_V2.4_Model_FP32.tflite,248D9B016488729F_20260411_175500_chunk_005.wav,3000,126,129
3135,3138,Phylloscopus collybita,Common Chiffchaff,0.8786,248D9B016488729F_20260411_175500.WAV,14,0.0,1.0,0.25,BirdNET_GLOBAL_6K_V2.4_Model_FP32.tflite,248D9B016488729F_20260411_175500_chunk_005.wav,3000,135,138
3138,3141,Chloris chloris,European Greenfinch,0.6428,248D9B016488729F_20260411_175500.WAV,14,0.0,1.0,0.25,BirdNET_GLOBAL_6K_V2.4_Model_FP32.tflite,248D9B016488729F_20260411_175500_chunk_005.wav,3000,138,141
3150,3153,Phylloscopus collybita,Common Chiffchaff,0.6006,248D9B016488729F_20260411_175500.WAV,14,0.0,1.0,0.25,BirdNET_GLOBAL_6K_V2.4_Model_FP32.tflite,248D9B016488729F_20260411_175500_chunk_005.wav,3000,150,153
3153,3156,Phylloscopus collybita,Common Chiffchaff,0.9323,248D9B016488729F_20260411_175500.WAV,14,0.0,1.0,0.25,BirdNET_GLOBAL_6K_V2.4_Model_FP32.tflite,248D9B016488729F_20260411_175500_chunk_005.wav,3000,153,156
3165,3168,Phylloscopus collybita,Common Chiffchaff,0.8433,248D9B016488729F_20260411_175500.WAV,14,0.0,1.0,0.25,BirdNET_GLOBAL_6K_V2.4_Model_FP32.tflite,248D9B016488729F_20260411_175500_chunk_005.wav,3000,165,168
3168,3171,Turdus philomelos,Song Thrush,0.3756,248D9B016488729F_20260411_175500.WAV,14,0.0,1.0,0.25,BirdNET_GLOBAL_6K_V2.4_Model_FP32.tflite,248D9B016488729F_20260411_175500_chunk_005.wav,3000,168,171
3174,3177,Phylloscopus collybita,Common Chiffchaff,0.3702,248D9B016488729F_20260411_175500.WAV,14,0.0,1.0,0.25,BirdNET_GLOBAL_6K_V2.4_Model_FP32.tflite,248D9B016488729F_20260411_175500_chunk_005.wav,3000,174,177
3177,3180,Phylloscopus collybita,Common Chiffchaff,0.7213,248D9B016488729F_20260411_175500.WAV,14,0.0,1.0,0.25,BirdNET_GLOBAL_6K_V2.4_Model_FP32.tflite,248D9B016488729F_20260411_175500_chunk_005.wav,3000,177,180
3186,3189,Phylloscopus collybita,Common Chiffchaff,0.4182,248D9B016488729F_20260411_175500.WAV,14,0.0,1.0,0.25,BirdNET_GLOBAL_6K_V2.4_Model_FP32.tflite,248D9B016488729F_20260411_175500_chunk_005.wav,3000,186,189
3189,3192,Phylloscopus collybita,Common Chiffchaff,0.7662,248D9B016488729F_20260411_175500.WAV,14,0.0,1.0,0.25,BirdNET_GLOBAL_6K_V2.4_Model_FP32.tflite,248D9B016488729F_20260411_175500_chunk_005.wav,3000,189,192
3201,3204,Phylloscopus collybita,Common Chiffchaff,0.5037,248D9B016488729F_20260411_175500.WAV,14,0.0,1.0,0.25,BirdNET_GLOBAL_6K_V2.4_Model_FP32.tflite,248D9B016488729F_20260411_175500_chunk_005.wav,3000,201,204
3204,3207,Phylloscopus collybita,Common Chiffchaff,0.6673,248D9B016488729F_20260411_175500.WAV,14,0.0,1.0,0.25,BirdNET_GLOBAL_6K_V2.4_Model_FP32.tflite,248D9B016488729F_20260411_175500_chunk_005.wav,3000,204,207
3231,3234,Chloris chloris,European Greenfinch,0.8020,248D9B016488729F_20260411_175500.WAV,14,0.0,1.0,0.25,BirdNET_GLOBAL_6K_V2.4_Model_FP32.tflite,248D9B016488729F_20260411_175500_chunk_005.wav,3000,231,234
3234,3237,Chloris chloris,European Greenfinch,0.7241,248D9B016488729F_20260411_175500.WAV,14,0.0,1.0,0.25,BirdNET_GLOBAL_6K_V2.4_Model_FP32.tflite,248D9B016488729F_20260411_175500_chunk_005.wav,3000,234,237
3237,3240,Chloris chloris,European Greenfinch,0.6486,248D9B016488729F_20260411_175500.WAV,14,0.0,1.0,0.25,BirdNET_GLOBAL_6K_V2.4_Model_FP32.tflite,248D9B016488729F_20260411_175500_chunk_005.wav,3000,237,240
3240,3243,Chloris chloris,European Greenfinch,0.4389,248D9B016488729F_20260411_175500.WAV,14,0.0,1.0,0.25,BirdNET_GLOBAL_6K_V2.4_Model_FP32.tflite,248D9B016488729F_20260411_175500_chunk_005.wav,3000,240,243
3243,3246,Chloris chloris,European Greenfinch,0.6319,248D9B016488729F_20260411_175500.WAV,14,0.0,1.0,0.25,BirdNET_GLOBAL_6K_V2.4_Model_FP32.tflite,248D9B016488729F_20260411_175500_chunk_005.wav,3000,243,246
3246,3249,Chloris chloris,European Greenfinch,0.9734,248D9B016488729F_20260411_175500.WAV,14,0.0,1.0,0.25,BirdNET_GLOBAL_6K_V2.4_Model_FP32.tflite,248D9B016488729F_20260411_175500_chunk_005.wav,3000,246,249
3249,3252,Chloris chloris,European Greenfinch,0.7784,248D9B016488729F_20260411_175500.WAV,14,0.0,1.0,0.25,BirdNET_GLOBAL_6K_V2.4_Model_FP32.tflite,248D9B016488729F_20260411_175500_chunk_005.wav,3000,249,252
3252,3255,Chloris chloris,European Greenfinch,0.9201,248D9B016488729F_20260411_175500.WAV,14,0.0,1.0,0.25,BirdNET_GLOBAL_6K_V2.4_Model_FP32.tflite,248D9B016488729F_20260411_175500_chunk_005.wav,3000,252,255
3267,3270,Phylloscopus collybita,Common Chiffchaff,0.5503,248D9B016488729F_20260411_175500.WAV,14,0.0,1.0,0.25,BirdNET_GLOBAL_6K_V2.4_Model_FP32.tflite,248D9B016488729F_20260411_175500_chunk_005.wav,3000,267,270
3270,3273,Chloris chloris,European Greenfinch,0.2881,248D9B016488729F_20260411_175500.WAV,14,0.0,1.0,0.25,BirdNET_GLOBAL_6K_V2.4_Model_FP32.tflite,248D9B016488729F_20260411_175500_chunk_005.wav,3000,270,273
3276,3279,Phylloscopus collybita,Common Chiffchaff,0.4226,248D9B016488729F_20260411_175500.WAV,14,0.0,1.0,0.25,BirdNET_GLOBAL_6K_V2.4_Model_FP32.tflite,248D9B016488729F_20260411_175500_chunk_005.wav,3000,276,279
3282,3285,Chloris chloris,European Greenfinch,0.5237,248D9B016488729F_20260411_175500.WAV,14,0.0,1.0,0.25,BirdNET_GLOBAL_6K_V2.4_Model_FP32.tflite,248D9B016488729F_20260411_175500_chunk_005.wav,3000,282,285
3285,3288,Chloris chloris,European Greenfinch,0.4947,248D9B016488729F_20260411_175500.WAV,14,0.0,1.0,0.25,BirdNET_GLOBAL_6K_V2.4_Model_FP32.tflite,248D9B016488729F_20260411_175500_chunk_005.wav,3000,285,288
3291,3294,Chloris chloris,European Greenfinch,0.9939,248D9B016488729F_20260411_175500.WAV,14,0.0,1.0,0.25,BirdNET_GLOBAL_6K_V2.4_Model_FP32.tflite,248D9B016488729F_20260411_175500_chunk_005.wav,3000,291,294
3297,3300,Phylloscopus collybita,Common Chiffchaff,0.8045,248D9B016488729F_20260411_175500.WAV,14,0.0,1.0,0.25,BirdNET_GLOBAL_6K_V2.4_Model_FP32.tflite,248D9B016488729F_20260411_175500_chunk_005.wav,3000,297,300
3312,3315,Phylloscopus collybita,Common Chiffchaff,0.6769,248D9B016488729F_20260411_175500.WAV,14,0.0,1.0,0.25,BirdNET_GLOBAL_6K_V2.4_Model_FP32.tflite,248D9B016488729F_20260411_175500_chunk_005.wav,3000,312,315
3330,3333,Phylloscopus collybita,Common Chiffchaff,0.3041,248D9B016488729F_20260411_175500.WAV,14,0.0,1.0,0.25,BirdNET_GLOBAL_6K_V2.4_Model_FP32.tflite,248D9B016488729F_20260411_175500_chunk_005.wav,3000,330,333
3363,3366,Phylloscopus collybita,Common Chiffchaff,0.7729,248D9B016488729F_20260411_175500.WAV,14,0.0,1.0,0.25,BirdNET_GLOBAL_6K_V2.4_Model_FP32.tflite,248D9B016488729F_20260411_175500_chunk_005.wav,3000,363,366
3366,3369,Carduelis carduelis,European Goldfinch,0.7322,248D9B016488729F_20260411_175500.WAV,14,0.0,1.0,0.25,BirdNET_GLOBAL_6K_V2.4_Model_FP32.tflite,248D9B016488729F_20260411_175500_chunk_005.wav,3000,366,369
3369,3372,Carduelis carduelis,European Goldfinch,0.5858,248D9B016488729F_20260411_175500.WAV,14,0.0,1.0,0.25,BirdNET_GLOBAL_6K_V2.4_Model_FP32.tflite,248D9B016488729F_20260411_175500_chunk_005.wav,3000,369,372
3372,3375,Carduelis carduelis,European Goldfinch,0.9207,248D9B016488729F_20260411_175500.WAV,14,0.0,1.0,0.25,BirdNET_GLOBAL_6K_V2.4_Model_FP32.tflite,248D9B016488729F_20260411_175500_chunk_005.wav,3000,372,375
3375,3378,Carduelis carduelis,European Goldfinch,0.5644,248D9B016488729F_20260411_175500.WAV,14,0.0,1.0,0.25,BirdNET_GLOBAL_6K_V2.4_Model_FP32.tflite,248D9B016488729F_20260411_175500_chunk_005.wav,3000,375,378
3387,3390,Phylloscopus collybita,Common Chiffchaff,0.6558,248D9B016488729F_20260411_175500.WAV,14,0.0,1.0,0.25,BirdNET_GLOBAL_6K_V2.4_Model_FP32.tflite,248D9B016488729F_20260411_175500_chunk_005.wav,3000,387,390
3441,3444,Turdus philomelos,Song Thrush,0.2778,248D9B016488729F_20260411_175500.WAV,14,0.0,1.0,0.25,BirdNET_GLOBAL_6K_V2.4_Model_FP32.tflite,248D9B016488729F_20260411_175500_chunk_005.wav,3000,441,444
3447,3450,Turdus philomelos,Song Thrush,0.3464,248D9B016488729F_20260411_175500.WAV,14,0.0,1.0,0.25,BirdNET_GLOBAL_6K_V2.4_Model_FP32.tflite,248D9B016488729F_20260411_175500_chunk_005.wav,3000,447,450
3462,3465,Erithacus rubecula,European Robin,0.3438,248D9B016488729F_20260411_175500.WAV,14,0.0,1.0,0.25,BirdNET_GLOBAL_6K_V2.4_Model_FP32.tflite,248D9B016488729F_20260411_175500_chunk_005.wav,3000,462,465
3474,3477,Turdus iliacus,Redwing,0.4566,248D9B016488729F_20260411_175500.WAV,14,0.0,1.0,0.25,BirdNET_GLOBAL_6K_V2.4_Model_FP32.tflite,248D9B016488729F_20260411_175500_chunk_005.wav,3000,474,477
3477,3480,Turdus iliacus,Redwing,0.3341,248D9B016488729F_20260411_175500.WAV,14,0.0,1.0,0.25,BirdNET_GLOBAL_6K_V2.4_Model_FP32.tflite,248D9B016488729F_20260411_175500_chunk_005.wav,3000,477,480
3486,3489,Cyanistes caeruleus,Eurasian Blue Tit,0.9376,248D9B016488729F_20260411_175500.WAV,14,0.0,1.0,0.25,BirdNET_GLOBAL_6K_V2.4_Model_FP32.tflite,248D9B016488729F_20260411_175500_chunk_005.wav,3000,486,489
3492,3495,Motacilla cinerea,Gray Wagtail,0.7816,248D9B016488729F_20260411_175500.WAV,14,0.0,1.0,0.25,BirdNET_GLOBAL_6K_V2.4_Model_FP32.tflite,248D9B016488729F_20260411_175500_chunk_005.wav,3000,492,495
3495,3498,Turdus iliacus,Redwing,0.2595,248D9B016488729F_20260411_175500.WAV,14,0.0,1.0,0.25,BirdNET_GLOBAL_6K_V2.4_Model_FP32.tflite,248D9B016488729F_20260411_175500_chunk_005.wav,3000,495,498
3498,3501,Phylloscopus collybita,Common Chiffchaff,0.4075,248D9B016488729F_20260411_175500.WAV,14,0.0,1.0,0.25,BirdNET_GLOBAL_6K_V2.4_Model_FP32.tflite,248D9B016488729F_20260411_175500_chunk_005.wav,3000,498,501
3507,3510,Phylloscopus collybita,Common Chiffchaff,0.2945,248D9B016488729F_20260411_175500.WAV,14,0.0,1.0,0.25,BirdNET_GLOBAL_6K_V2.4_Model_FP32.tflite,248D9B016488729F_20260411_175500_chunk_005.wav,3000,507,510
3510,3513,Erithacus rubecula,European Robin,0.4575,248D9B016488729F_20260411_175500.WAV,14,0.0,1.0,0.25,BirdNET_GLOBAL_6K_V2.4_Model_FP32.tflite,248D9B016488729F_20260411_175500_chunk_005.wav,3000,510,513
3513,3516,Erithacus rubecula,European Robin,0.3837,248D9B016488729F_20260411_175500.WAV,14,0.0,1.0,0.25,BirdNET_GLOBAL_6K_V2.4_Model_FP32.tflite,248D9B016488729F_20260411_175500_chunk_005.wav,3000,513,516
3516,3519,Phylloscopus collybita,Common Chiffchaff,0.6241,248D9B016488729F_20260411_175500.WAV,14,0.0,1.0,0.25,BirdNET_GLOBAL_6K_V2.4_Model_FP32.tflite,248D9B016488729F_20260411_175500_chunk_005.wav,3000,516,519
3519,3522,Phylloscopus collybita,Common Chiffchaff,0.5872,248D9B016488729F_20260411_175500.WAV,14,0.0,1.0,0.25,BirdNET_GLOBAL_6K_V2.4_Model_FP32.tflite,248D9B016488729F_20260411_175500_chunk_005.wav,3000,519,522
3528,3531,Phylloscopus collybita,Common Chiffchaff,0.6380,248D9B016488729F_20260411_175500.WAV,14,0.0,1.0,0.25,BirdNET_GLOBAL_6K_V2.4_Model_FP32.tflite,248D9B016488729F_20260411_175500_chunk_005.wav,3000,528,531
3537,3540,Phylloscopus collybita,Common Chiffchaff,0.7387,248D9B016488729F_20260411_175500.WAV,14,0.0,1.0,0.25,BirdNET_GLOBAL_6K_V2.4_Model_FP32.tflite,248D9B016488729F_20260411_175500_chunk_005.wav,3000,537,540
3540,3543,Phylloscopus collybita,Common Chiffchaff,0.3414,248D9B016488729F_20260411_175500.WAV,14,0.0,1.0,0.25,BirdNET_GLOBAL_6K_V2.4_Model_FP32.tflite,248D9B016488729F_20260411_175500_chunk_005.wav,3000,540,543
3561,3564,Phylloscopus collybita,Common Chiffchaff,0.9253,248D9B016488729F_20260411_175500.WAV,14,0.0,1.0,0.25,BirdNET_GLOBAL_6K_V2.4_Model_FP32.tflite,248D9B016488729F_20260411_175500_chunk_005.wav,3000,561,564
3564,3567,Phylloscopus collybita,Common Chiffchaff,0.7648,248D9B016488729F_20260411_175500.WAV,14,0.0,1.0,0.25,BirdNET_GLOBAL_6K_V2.4_Model_FP32.tflite,248D9B016488729F_20260411_175500_chunk_005.wav,3000,564,567
3570,3573,Phylloscopus collybita,Common Chiffchaff,0.9545,248D9B016488729F_20260411_175500.WAV,14,0.0,1.0,0.25,BirdNET_GLOBAL_6K_V2.4_Model_FP32.tflite,248D9B016488729F_20260411_175500_chunk_005.wav,3000,570,573
3573,3576,Phylloscopus collybita,Common Chiffchaff,0.9629,248D9B016488729F_20260411_175500.WAV,14,0.0,1.0,0.25,BirdNET_GLOBAL_6K_V2.4_Model_FP32.tflite,248D9B016488729F_20260411_175500_chunk_005.wav,3000,573,576
3579,3582,Phylloscopus collybita,Common Chiffchaff,0.9583,248D9B016488729F_20260411_175500.WAV,14,0.0,1.0,0.25,BirdNET_GLOBAL_6K_V2.4_Model_FP32.tflite,248D9B016488729F_20260411_175500_chunk_005.wav,3000,579,582
3582,3585,Phylloscopus collybita,Common Chiffchaff,0.7567,248D9B016488729F_20260411_175500.WAV,14,0.0,1.0,0.25,BirdNET_GLOBAL_6K_V2.4_Model_FP32.tflite,248D9B016488729F_20260411_175500_chunk_005.wav,3000,582,585
3588,3591,Phylloscopus collybita,Common Chiffchaff,0.4013,248D9B016488729F_20260411_175500.WAV,14,0.0,1.0,0.25,BirdNET_GLOBAL_6K_V2.4_Model_FP32.tflite,248D9B016488729F_20260411_175500_chunk_005.wav,3000,588,591
3591,3594,Phylloscopus collybita,Common Chiffchaff,0.9563,248D9B016488729F_20260411_175500.WAV,14,0.0,1.0,0.25,BirdNET_GLOBAL_6K_V2.4_Model_FP32.tflite,248D9B016488729F_20260411_175500_chunk_005.wav,3000,591,594
3600,3603,Phylloscopus collybita,Common Chiffchaff,0.8280,248D9B016488729F_20260411_175500.WAV,14,0.0,1.0,0.25,BirdNET_GLOBAL_6K_V2.4_Model_FP32.tflite,248D9B016488729F_20260411_175500_chunk_006.wav,3600,0,3
3603,3606,Phylloscopus collybita,Common Chiffchaff,0.9758,248D9B016488729F_20260411_175500.WAV,14,0.0,1.0,0.25,BirdNET_GLOBAL_6K_V2.4_Model_FP32.tflite,248D9B016488729F_20260411_175500_chunk_006.wav,3600,3,6
3606,3609,Erithacus rubecula,European Robin,0.4280,248D9B016488729F_20260411_175500.WAV,14,0.0,1.0,0.25,BirdNET_GLOBAL_6K_V2.4_Model_FP32.tflite,248D9B016488729F_20260411_175500_chunk_006.wav,3600,6,9
3609,3612,Phylloscopus collybita,Common Chiffchaff,0.6640,248D9B016488729F_20260411_175500.WAV,14,0.0,1.0,0.25,BirdNET_GLOBAL_6K_V2.4_Model_FP32.tflite,248D9B016488729F_20260411_175500_chunk_006.wav,3600,9,12
3612,3615,Phylloscopus collybita,Common Chiffchaff,0.9067,248D9B016488729F_20260411_175500.WAV,14,0.0,1.0,0.25,BirdNET_GLOBAL_6K_V2.4_Model_FP32.tflite,248D9B016488729F_20260411_175500_chunk_006.wav,3600,12,15
3615,3618,Erithacus rubecula,European Robin,0.8354,248D9B016488729F_20260411_175500.WAV,14,0.0,1.0,0.25,BirdNET_GLOBAL_6K_V2.4_Model_FP32.tflite,248D9B016488729F_20260411_175500_chunk_006.wav,3600,15,18
3621,3624,Phylloscopus collybita,Common Chiffchaff,0.9159,248D9B016488729F_20260411_175500.WAV,14,0.0,1.0,0.25,BirdNET_GLOBAL_6K_V2.4_Model_FP32.tflite,248D9B016488729F_20260411_175500_chunk_006.wav,3600,21,24
3624,3627,Erithacus rubecula,European Robin,0.3545,248D9B016488729F_20260411_175500.WAV,14,0.0,1.0,0.25,BirdNET_GLOBAL_6K_V2.4_Model_FP32.tflite,248D9B016488729F_20260411_175500_chunk_006.wav,3600,24,27
3630,3633,Phylloscopus collybita,Common Chiffchaff,0.9907,248D9B016488729F_20260411_175500.WAV,14,0.0,1.0,0.25,BirdNET_GLOBAL_6K_V2.4_Model_FP32.tflite,248D9B016488729F_20260411_175500_chunk_006.wav,3600,30,33
3639,3642,Phylloscopus collybita,Common Chiffchaff,0.9602,248D9B016488729F_20260411_175500.WAV,14,0.0,1.0,0.25,BirdNET_GLOBAL_6K_V2.4_Model_FP32.tflite,248D9B016488729F_20260411_175500_chunk_006.wav,3600,39,42
3642,3645,Phylloscopus collybita,Common Chiffchaff,0.9940,248D9B016488729F_20260411_175500.WAV,14,0.0,1.0,0.25,BirdNET_GLOBAL_6K_V2.4_Model_FP32.tflite,248D9B016488729F_20260411_175500_chunk_006.wav,3600,42,45
3651,3654,Phylloscopus collybita,Common Chiffchaff,0.9243,248D9B016488729F_20260411_175500.WAV,14,0.0,1.0,0.25,BirdNET_GLOBAL_6K_V2.4_Model_FP32.tflite,248D9B016488729F_20260411_175500_chunk_006.wav,3600,51,54
3654,3657,Phylloscopus collybita,Common Chiffchaff,0.9188,248D9B016488729F_20260411_175500.WAV,14,0.0,1.0,0.25,BirdNET_GLOBAL_6K_V2.4_Model_FP32.tflite,248D9B016488729F_20260411_175500_chunk_006.wav,3600,54,57
3663,3666,Phylloscopus collybita,Common Chiffchaff,0.8846,248D9B016488729F_20260411_175500.WAV,14,0.0,1.0,0.25,BirdNET_GLOBAL_6K_V2.4_Model_FP32.tflite,248D9B016488729F_20260411_175500_chunk_006.wav,3600,63,66
3666,3669,Phylloscopus collybita,Common Chiffchaff,0.9380,248D9B016488729F_20260411_175500.WAV,14,0.0,1.0,0.25,BirdNET_GLOBAL_6K_V2.4_Model_FP32.tflite,248D9B016488729F_20260411_175500_chunk_006.wav,3600,66,69
3672,3675,Phylloscopus collybita,Common Chiffchaff,0.9448,248D9B016488729F_20260411_175500.WAV,14,0.0,1.0,0.25,BirdNET_GLOBAL_6K_V2.4_Model_FP32.tflite,248D9B016488729F_20260411_175500_chunk_006.wav,3600,72,75
3675,3678,Phylloscopus collybita,Common Chiffchaff,0.8181,248D9B016488729F_20260411_175500.WAV,14,0.0,1.0,0.25,BirdNET_GLOBAL_6K_V2.4_Model_FP32.tflite,248D9B016488729F_20260411_175500_chunk_006.wav,3600,75,78
3681,3684,Phylloscopus collybita,Common Chiffchaff,0.9286,248D9B016488729F_20260411_175500.WAV,14,0.0,1.0,0.25,BirdNET_GLOBAL_6K_V2.4_Model_FP32.tflite,248D9B016488729F_20260411_175500_chunk_006.wav,3600,81,84
3684,3687,Phylloscopus collybita,Common Chiffchaff,0.9794,248D9B016488729F_20260411_175500.WAV,14,0.0,1.0,0.25,BirdNET_GLOBAL_6K_V2.4_Model_FP32.tflite,248D9B016488729F_20260411_175500_chunk_006.wav,3600,84,87
3693,3696,Phylloscopus collybita,Common Chiffchaff,0.9640,248D9B016488729F_20260411_175500.WAV,14,0.0,1.0,0.25,BirdNET_GLOBAL_6K_V2.4_Model_FP32.tflite,248D9B016488729F_20260411_175500_chunk_006.wav,3600,93,96
3696,3699,Phylloscopus collybita,Common Chiffchaff,0.9237,248D9B016488729F_20260411_175500.WAV,14,0.0,1.0,0.25,BirdNET_GLOBAL_6K_V2.4_Model_FP32.tflite,248D9B016488729F_20260411_175500_chunk_006.wav,3600,96,99
3708,3711,Phylloscopus collybita,Common Chiffchaff,0.8297,248D9B016488729F_20260411_175500.WAV,14,0.0,1.0,0.25,BirdNET_GLOBAL_6K_V2.4_Model_FP32.tflite,248D9B016488729F_20260411_175500_chunk_006.wav,3600,108,111
3711,3714,Phylloscopus collybita,Common Chiffchaff,0.9024,248D9B016488729F_20260411_175500.WAV,14,0.0,1.0,0.25,BirdNET_GLOBAL_6K_V2.4_Model_FP32.tflite,248D9B016488729F_20260411_175500_chunk_006.wav,3600,111,114
3720,3723,Phylloscopus collybita,Common Chiffchaff,0.9858,248D9B016488729F_20260411_175500.WAV,14,0.0,1.0,0.25,BirdNET_GLOBAL_6K_V2.4_Model_FP32.tflite,248D9B016488729F_20260411_175500_chunk_006.wav,3600,120,123
3729,3732,Phylloscopus collybita,Common Chiffchaff,0.9585,248D9B016488729F_20260411_175500.WAV,14,0.0,1.0,0.25,BirdNET_GLOBAL_6K_V2.4_Model_FP32.tflite,248D9B016488729F_20260411_175500_chunk_006.wav,3600,129,132
3732,3735,Phylloscopus collybita,Common Chiffchaff,0.9391,248D9B016488729F_20260411_175500.WAV,14,0.0,1.0,0.25,BirdNET_GLOBAL_6K_V2.4_Model_FP32.tflite,248D9B016488729F_20260411_175500_chunk_006.wav,3600,132,135
3741,3744,Phylloscopus collybita,Common Chiffchaff,0.8216,248D9B016488729F_20260411_175500.WAV,14,0.0,1.0,0.25,BirdNET_GLOBAL_6K_V2.4_Model_FP32.tflite,248D9B016488729F_20260411_175500_chunk_006.wav,3600,141,144
3744,3747,Phylloscopus collybita,Common Chiffchaff,0.9245,248D9B016488729F_20260411_175500.WAV,14,0.0,1.0,0.25,BirdNET_GLOBAL_6K_V2.4_Model_FP32.tflite,248D9B016488729F_20260411_175500_chunk_006.wav,3600,144,147
3750,3753,Phylloscopus collybita,Common Chiffchaff,0.6151,248D9B016488729F_20260411_175500.WAV,14,0.0,1.0,0.25,BirdNET_GLOBAL_6K_V2.4_Model_FP32.tflite,248D9B016488729F_20260411_175500_chunk_006.wav,3600,150,153
3753,3756,Phylloscopus collybita,Common Chiffchaff,0.9051,248D9B016488729F_20260411_175500.WAV,14,0.0,1.0,0.25,BirdNET_GLOBAL_6K_V2.4_Model_FP32.tflite,248D9B016488729F_20260411_175500_chunk_006.wav,3600,153,156
3762,3765,Phylloscopus collybita,Common Chiffchaff,0.9850,248D9B016488729F_20260411_175500.WAV,14,0.0,1.0,0.25,BirdNET_GLOBAL_6K_V2.4_Model_FP32.tflite,248D9B016488729F_20260411_175500_chunk_006.wav,3600,162,165
3771,3774,Phylloscopus collybita,Common Chiffchaff,0.9760,248D9B016488729F_20260411_175500.WAV,14,0.0,1.0,0.25,BirdNET_GLOBAL_6K_V2.4_Model_FP32.tflite,248D9B016488729F_20260411_175500_chunk_006.wav,3600,171,174
3774,3777,Phylloscopus collybita,Common Chiffchaff,0.8784,248D9B016488729F_20260411_175500.WAV,14,0.0,1.0,0.25,BirdNET_GLOBAL_6K_V2.4_Model_FP32.tflite,248D9B016488729F_20260411_175500_chunk_006.wav,3600,174,177
3780,3783,Phylloscopus collybita,Common Chiffchaff,0.8788,248D9B016488729F_20260411_175500.WAV,14,0.0,1.0,0.25,BirdNET_GLOBAL_6K_V2.4_Model_FP32.tflite,248D9B016488729F_20260411_175500_chunk_006.wav,3600,180,183
3783,3786,Phylloscopus collybita,Common Chiffchaff,0.8792,248D9B016488729F_20260411_175500.WAV,14,0.0,1.0,0.25,BirdNET_GLOBAL_6K_V2.4_Model_FP32.tflite,248D9B016488729F_20260411_175500_chunk_006.wav,3600,183,186
3792,3795,Phylloscopus collybita,Common Chiffchaff,0.9258,248D9B016488729F_20260411_175500.WAV,14,0.0,1.0,0.25,BirdNET_GLOBAL_6K_V2.4_Model_FP32.tflite,248D9B016488729F_20260411_175500_chunk_006.wav,3600,192,195
3795,3798,Phylloscopus collybita,Common Chiffchaff,0.9928,248D9B016488729F_20260411_175500.WAV,14,0.0,1.0,0.25,BirdNET_GLOBAL_6K_V2.4_Model_FP32.tflite,248D9B016488729F_20260411_175500_chunk_006.wav,3600,195,198
3798,3801,Fulica atra,Eurasian Coot,0.7268,248D9B016488729F_20260411_175500.WAV,14,0.0,1.0,0.25,BirdNET_GLOBAL_6K_V2.4_Model_FP32.tflite,248D9B016488729F_20260411_175500_chunk_006.wav,3600,198,201
3804,3807,Phylloscopus collybita,Common Chiffchaff,0.9786,248D9B016488729F_20260411_175500.WAV,14,0.0,1.0,0.25,BirdNET_GLOBAL_6K_V2.4_Model_FP32.tflite,248D9B016488729F_20260411_175500_chunk_006.wav,3600,204,207
3807,3810,Phylloscopus collybita,Common Chiffchaff,0.8917,248D9B016488729F_20260411_175500.WAV,14,0.0,1.0,0.25,BirdNET_GLOBAL_6K_V2.4_Model_FP32.tflite,248D9B016488729F_20260411_175500_chunk_006.wav,3600,207,210
3816,3819,Phylloscopus collybita,Common Chiffchaff,0.9796,248D9B016488729F_20260411_175500.WAV,14,0.0,1.0,0.25,BirdNET_GLOBAL_6K_V2.4_Model_FP32.tflite,248D9B016488729F_20260411_175500_chunk_006.wav,3600,216,219
3828,3831,Phylloscopus collybita,Common Chiffchaff,0.9579,248D9B016488729F_20260411_175500.WAV,14,0.0,1.0,0.25,BirdNET_GLOBAL_6K_V2.4_Model_FP32.tflite,248D9B016488729F_20260411_175500_chunk_006.wav,3600,228,231
3831,3834,Phylloscopus collybita,Common Chiffchaff,0.9398,248D9B016488729F_20260411_175500.WAV,14,0.0,1.0,0.25,BirdNET_GLOBAL_6K_V2.4_Model_FP32.tflite,248D9B016488729F_20260411_175500_chunk_006.wav,3600,231,234
3840,3843,Phylloscopus collybita,Common Chiffchaff,0.9863,248D9B016488729F_20260411_175500.WAV,14,0.0,1.0,0.25,BirdNET_GLOBAL_6K_V2.4_Model_FP32.tflite,248D9B016488729F_20260411_175500_chunk_006.wav,3600,240,243
3843,3846,Erithacus rubecula,European Robin,0.5910,248D9B016488729F_20260411_175500.WAV,14,0.0,1.0,0.25,BirdNET_GLOBAL_6K_V2.4_Model_FP32.tflite,248D9B016488729F_20260411_175500_chunk_006.wav,3600,243,246
3846,3849,Turdus philomelos,Song Thrush,0.3731,248D9B016488729F_20260411_175500.WAV,14,0.0,1.0,0.25,BirdNET_GLOBAL_6K_V2.4_Model_FP32.tflite,248D9B016488729F_20260411_175500_chunk_006.wav,3600,246,249
3852,3855,Turdus philomelos,Song Thrush,0.7000,248D9B016488729F_20260411_175500.WAV,14,0.0,1.0,0.25,BirdNET_GLOBAL_6K_V2.4_Model_FP32.tflite,248D9B016488729F_20260411_175500_chunk_006.wav,3600,252,255
3855,3858,Phylloscopus collybita,Common Chiffchaff,0.9696,248D9B016488729F_20260411_175500.WAV,14,0.0,1.0,0.25,BirdNET_GLOBAL_6K_V2.4_Model_FP32.tflite,248D9B016488729F_20260411_175500_chunk_006.wav,3600,255,258
3858,3861,Phylloscopus collybita,Common Chiffchaff,0.9488,248D9B016488729F_20260411_175500.WAV,14,0.0,1.0,0.25,BirdNET_GLOBAL_6K_V2.4_Model_FP32.tflite,248D9B016488729F_20260411_175500_chunk_006.wav,3600,258,261
3861,3864,Turdus philomelos,Song Thrush,0.4685,248D9B016488729F_20260411_175500.WAV,14,0.0,1.0,0.25,BirdNET_GLOBAL_6K_V2.4_Model_FP32.tflite,248D9B016488729F_20260411_175500_chunk_006.wav,3600,261,264
3864,3867,Phylloscopus collybita,Common Chiffchaff,0.9351,248D9B016488729F_20260411_175500.WAV,14,0.0,1.0,0.25,BirdNET_GLOBAL_6K_V2.4_Model_FP32.tflite,248D9B016488729F_20260411_175500_chunk_006.wav,3600,264,267
3867,3870,Phylloscopus collybita,Common Chiffchaff,0.8866,248D9B016488729F_20260411_175500.WAV,14,0.0,1.0,0.25,BirdNET_GLOBAL_6K_V2.4_Model_FP32.tflite,248D9B016488729F_20260411_175500_chunk_006.wav,3600,267,270
3876,3879,Phylloscopus collybita,Common Chiffchaff,0.9930,248D9B016488729F_20260411_175500.WAV,14,0.0,1.0,0.25,BirdNET_GLOBAL_6K_V2.4_Model_FP32.tflite,248D9B016488729F_20260411_175500_chunk_006.wav,3600,276,279
3885,3888,Phylloscopus collybita,Common Chiffchaff,0.9786,248D9B016488729F_20260411_175500.WAV,14,0.0,1.0,0.25,BirdNET_GLOBAL_6K_V2.4_Model_FP32.tflite,248D9B016488729F_20260411_175500_chunk_006.wav,3600,285,288
3888,3891,Phylloscopus collybita,Common Chiffchaff,0.9789,248D9B016488729F_20260411_175500.WAV,14,0.0,1.0,0.25,BirdNET_GLOBAL_6K_V2.4_Model_FP32.tflite,248D9B016488729F_20260411_175500_chunk_006.wav,3600,288,291
3897,3900,Phylloscopus collybita,Common Chiffchaff,0.9559,248D9B016488729F_20260411_175500.WAV,14,0.0,1.0,0.25,BirdNET_GLOBAL_6K_V2.4_Model_FP32.tflite,248D9B016488729F_20260411_175500_chunk_006.wav,3600,297,300
3906,3909,Phylloscopus collybita,Common Chiffchaff,0.9599,248D9B016488729F_20260411_175500.WAV,14,0.0,1.0,0.25,BirdNET_GLOBAL_6K_V2.4_Model_FP32.tflite,248D9B016488729F_20260411_175500_chunk_006.wav,3600,306,309
3909,3912,Phylloscopus collybita,Common Chiffchaff,0.9586,248D9B016488729F_20260411_175500.WAV,14,0.0,1.0,0.25,BirdNET_GLOBAL_6K_V2.4_Model_FP32.tflite,248D9B016488729F_20260411_175500_chunk_006.wav,3600,309,312
3915,3918,Aegithalos caudatus,Long-tailed Tit,0.5702,248D9B016488729F_20260411_175500.WAV,14,0.0,1.0,0.25,BirdNET_GLOBAL_6K_V2.4_Model_FP32.tflite,248D9B016488729F_20260411_175500_chunk_006.wav,3600,315,318
3918,3921,Phylloscopus collybita,Common Chiffchaff,0.6096,248D9B016488729F_20260411_175500.WAV,14,0.0,1.0,0.25,BirdNET_GLOBAL_6K_V2.4_Model_FP32.tflite,248D9B016488729F_20260411_175500_chunk_006.wav,3600,318,321
3921,3924,Aegithalos caudatus,Long-tailed Tit,0.3327,248D9B016488729F_20260411_175500.WAV,14,0.0,1.0,0.25,BirdNET_GLOBAL_6K_V2.4_Model_FP32.tflite,248D9B016488729F_20260411_175500_chunk_006.wav,3600,321,324
3924,3927,Phylloscopus collybita,Common Chiffchaff,0.6047,248D9B016488729F_20260411_175500.WAV,14,0.0,1.0,0.25,BirdNET_GLOBAL_6K_V2.4_Model_FP32.tflite,248D9B016488729F_20260411_175500_chunk_006.wav,3600,324,327
3927,3930,Phylloscopus collybita,Common Chiffchaff,0.7660,248D9B016488729F_20260411_175500.WAV,14,0.0,1.0,0.25,BirdNET_GLOBAL_6K_V2.4_Model_FP32.tflite,248D9B016488729F_20260411_175500_chunk_006.wav,3600,327,330
3930,3933,Aegithalos caudatus,Long-tailed Tit,0.3873,248D9B016488729F_20260411_175500.WAV,14,0.0,1.0,0.25,BirdNET_GLOBAL_6K_V2.4_Model_FP32.tflite,248D9B016488729F_20260411_175500_chunk_006.wav,3600,330,333
3933,3936,Aegithalos caudatus,Long-tailed Tit,0.8941,248D9B016488729F_20260411_175500.WAV,14,0.0,1.0,0.25,BirdNET_GLOBAL_6K_V2.4_Model_FP32.tflite,248D9B016488729F_20260411_175500_chunk_006.wav,3600,333,336
3936,3939,Aegithalos caudatus,Long-tailed Tit,0.9261,248D9B016488729F_20260411_175500.WAV,14,0.0,1.0,0.25,BirdNET_GLOBAL_6K_V2.4_Model_FP32.tflite,248D9B016488729F_20260411_175500_chunk_006.wav,3600,336,339
3939,3942,Phylloscopus collybita,Common Chiffchaff,0.4791,248D9B016488729F_20260411_175500.WAV,14,0.0,1.0,0.25,BirdNET_GLOBAL_6K_V2.4_Model_FP32.tflite,248D9B016488729F_20260411_175500_chunk_006.wav,3600,339,342
3942,3945,Aegithalos caudatus,Long-tailed Tit,0.9788,248D9B016488729F_20260411_175500.WAV,14,0.0,1.0,0.25,BirdNET_GLOBAL_6K_V2.4_Model_FP32.tflite,248D9B016488729F_20260411_175500_chunk_006.wav,3600,342,345
3945,3948,Aegithalos caudatus,Long-tailed Tit,0.9835,248D9B016488729F_20260411_175500.WAV,14,0.0,1.0,0.25,BirdNET_GLOBAL_6K_V2.4_Model_FP32.tflite,248D9B016488729F_20260411_175500_chunk_006.wav,3600,345,348
3948,3951,Aegithalos caudatus,Long-tailed Tit,0.9965,248D9B016488729F_20260411_175500.WAV,14,0.0,1.0,0.25,BirdNET_GLOBAL_6K_V2.4_Model_FP32.tflite,248D9B016488729F_20260411_175500_chunk_006.wav,3600,348,351
3951,3954,Aegithalos caudatus,Long-tailed Tit,0.9538,248D9B016488729F_20260411_175500.WAV,14,0.0,1.0,0.25,BirdNET_GLOBAL_6K_V2.4_Model_FP32.tflite,248D9B016488729F_20260411_175500_chunk_006.wav,3600,351,354
3954,3957,Aegithalos caudatus,Long-tailed Tit,0.9677,248D9B016488729F_20260411_175500.WAV,14,0.0,1.0,0.25,BirdNET_GLOBAL_6K_V2.4_Model_FP32.tflite,248D9B016488729F_20260411_175500_chunk_006.wav,3600,354,357
3957,3960,Aegithalos caudatus,Long-tailed Tit,0.9984,248D9B016488729F_20260411_175500.WAV,14,0.0,1.0,0.25,BirdNET_GLOBAL_6K_V2.4_Model_FP32.tflite,248D9B016488729F_20260411_175500_chunk_006.wav,3600,357,360
3960,3963,Aegithalos caudatus,Long-tailed Tit,0.9989,248D9B016488729F_20260411_175500.WAV,14,0.0,1.0,0.25,BirdNET_GLOBAL_6K_V2.4_Model_FP32.tflite,248D9B016488729F_20260411_175500_chunk_006.wav,3600,360,363
3963,3966,Aegithalos caudatus,Long-tailed Tit,0.9955,248D9B016488729F_20260411_175500.WAV,14,0.0,1.0,0.25,BirdNET_GLOBAL_6K_V2.4_Model_FP32.tflite,248D9B016488729F_20260411_175500_chunk_006.wav,3600,363,366
3966,3969,Aegithalos caudatus,Long-tailed Tit,0.9950,248D9B016488729F_20260411_175500.WAV,14,0.0,1.0,0.25,BirdNET_GLOBAL_6K_V2.4_Model_FP32.tflite,248D9B016488729F_20260411_175500_chunk_006.wav,3600,366,369
3969,3972,Aegithalos caudatus,Long-tailed Tit,0.9654,248D9B016488729F_20260411_175500.WAV,14,0.0,1.0,0.25,BirdNET_GLOBAL_6K_V2.4_Model_FP32.tflite,248D9B016488729F_20260411_175500_chunk_006.wav,3600,369,372
3972,3975,Aegithalos caudatus,Long-tailed Tit,0.9891,248D9B016488729F_20260411_175500.WAV,14,0.0,1.0,0.25,BirdNET_GLOBAL_6K_V2.4_Model_FP32.tflite,248D9B016488729F_20260411_175500_chunk_006.wav,3600,372,375
3975,3978,Aegithalos caudatus,Long-tailed Tit,0.9691,248D9B016488729F_20260411_175500.WAV,14,0.0,1.0,0.25,BirdNET_GLOBAL_6K_V2.4_Model_FP32.tflite,248D9B016488729F_20260411_175500_chunk_006.wav,3600,375,378
3978,3981,Aegithalos caudatus,Long-tailed Tit,0.9905,248D9B016488729F_20260411_175500.WAV,14,0.0,1.0,0.25,BirdNET_GLOBAL_6K_V2.4_Model_FP32.tflite,248D9B016488729F_20260411_175500_chunk_006.wav,3600,378,381
3981,3984,Aegithalos caudatus,Long-tailed Tit,0.9791,248D9B016488729F_20260411_175500.WAV,14,0.0,1.0,0.25,BirdNET_GLOBAL_6K_V2.4_Model_FP32.tflite,248D9B016488729F_20260411_175500_chunk_006.wav,3600,381,384
3984,3987,Aegithalos caudatus,Long-tailed Tit,0.9978,248D9B016488729F_20260411_175500.WAV,14,0.0,1.0,0.25,BirdNET_GLOBAL_6K_V2.4_Model_FP32.tflite,248D9B016488729F_20260411_175500_chunk_006.wav,3600,384,387
3987,3990,Aegithalos caudatus,Long-tailed Tit,0.9965,248D9B016488729F_20260411_175500.WAV,14,0.0,1.0,0.25,BirdNET_GLOBAL_6K_V2.4_Model_FP32.tflite,248D9B016488729F_20260411_175500_chunk_006.wav,3600,387,390
3990,3993,Aegithalos caudatus,Long-tailed Tit,0.9936,248D9B016488729F_20260411_175500.WAV,14,0.0,1.0,0.25,BirdNET_GLOBAL_6K_V2.4_Model_FP32.tflite,248D9B016488729F_20260411_175500_chunk_006.wav,3600,390,393
3993,3996,Pica pica,Eurasian Magpie,0.9574,248D9B016488729F_20260411_175500.WAV,14,0.0,1.0,0.25,BirdNET_GLOBAL_6K_V2.4_Model_FP32.tflite,248D9B016488729F_20260411_175500_chunk_006.wav,3600,393,396
4041,4044,Corvus monedula,Eurasian Jackdaw,0.4510,248D9B016488729F_20260411_175500.WAV,14,0.0,1.0,0.25,BirdNET_GLOBAL_6K_V2.4_Model_FP32.tflite,248D9B016488729F_20260411_175500_chunk_006.wav,3600,441,444
4050,4053,Corvus monedula,Eurasian Jackdaw,0.6599,248D9B016488729F_20260411_175500.WAV,14,0.0,1.0,0.25,BirdNET_GLOBAL_6K_V2.4_Model_FP32.tflite,248D9B016488729F_20260411_175500_chunk_006.wav,3600,450,453
4074,4077,Cyanistes caeruleus,Eurasian Blue Tit,0.2842,248D9B016488729F_20260411_175500.WAV,14,0.0,1.0,0.25,BirdNET_GLOBAL_6K_V2.4_Model_FP32.tflite,248D9B016488729F_20260411_175500_chunk_006.wav,3600,474,477
4116,4119,Erithacus rubecula,European Robin,0.5358,248D9B016488729F_20260411_175500.WAV,14,0.0,1.0,0.25,BirdNET_GLOBAL_6K_V2.4_Model_FP32.tflite,248D9B016488729F_20260411_175500_chunk_006.wav,3600,516,519
4116,4119,Turdus philomelos,Song Thrush,0.2568,248D9B016488729F_20260411_175500.WAV,14,0.0,1.0,0.25,BirdNET_GLOBAL_6K_V2.4_Model_FP32.tflite,248D9B016488729F_20260411_175500_chunk_006.wav,3600,516,519
4119,4122,Corvus monedula,Eurasian Jackdaw,0.8417,248D9B016488729F_20260411_175500.WAV,14,0.0,1.0,0.25,BirdNET_GLOBAL_6K_V2.4_Model_FP32.tflite,248D9B016488729F_20260411_175500_chunk_006.wav,3600,519,522
4122,4125,Corvus monedula,Eurasian Jackdaw,0.5962,248D9B016488729F_20260411_175500.WAV,14,0.0,1.0,0.25,BirdNET_GLOBAL_6K_V2.4_Model_FP32.tflite,248D9B016488729F_20260411_175500_chunk_006.wav,3600,522,525
4125,4128,Pica pica,Eurasian Magpie,0.4335,248D9B016488729F_20260411_175500.WAV,14,0.0,1.0,0.25,BirdNET_GLOBAL_6K_V2.4_Model_FP32.tflite,248D9B016488729F_20260411_175500_chunk_006.wav,3600,525,528
4128,4131,Phylloscopus collybita,Common Chiffchaff,0.5730,248D9B016488729F_20260411_175500.WAV,14,0.0,1.0,0.25,BirdNET_GLOBAL_6K_V2.4_Model_FP32.tflite,248D9B016488729F_20260411_175500_chunk_006.wav,3600,528,531
4146,4149,Phylloscopus collybita,Common Chiffchaff,0.5601,248D9B016488729F_20260411_175500.WAV,14,0.0,1.0,0.25,BirdNET_GLOBAL_6K_V2.4_Model_FP32.tflite,248D9B016488729F_20260411_175500_chunk_006.wav,3600,546,549
4158,4161,Phylloscopus collybita,Common Chiffchaff,0.6561,248D9B016488729F_20260411_175500.WAV,14,0.0,1.0,0.25,BirdNET_GLOBAL_6K_V2.4_Model_FP32.tflite,248D9B016488729F_20260411_175500_chunk_006.wav,3600,558,561
4161,4164,Phylloscopus collybita,Common Chiffchaff,0.7477,248D9B016488729F_20260411_175500.WAV,14,0.0,1.0,0.25,BirdNET_GLOBAL_6K_V2.4_Model_FP32.tflite,248D9B016488729F_20260411_175500_chunk_006.wav,3600,561,564
4173,4176,Phylloscopus collybita,Common Chiffchaff,0.8468,248D9B016488729F_20260411_175500.WAV,14,0.0,1.0,0.25,BirdNET_GLOBAL_6K_V2.4_Model_FP32.tflite,248D9B016488729F_20260411_175500_chunk_006.wav,3600,573,576
4179,4182,Phylloscopus collybita,Common Chiffchaff,0.7006,248D9B016488729F_20260411_175500.WAV,14,0.0,1.0,0.25,BirdNET_GLOBAL_6K_V2.4_Model_FP32.tflite,248D9B016488729F_20260411_175500_chunk_006.wav,3600,579,582
4182,4185,Phylloscopus collybita,Common Chiffchaff,0.3278,248D9B016488729F_20260411_175500.WAV,14,0.0,1.0,0.25,BirdNET_GLOBAL_6K_V2.4_Model_FP32.tflite,248D9B016488729F_20260411_175500_chunk_006.wav,3600,582,585
4194,4197,Turdus philomelos,Song Thrush,0.3528,248D9B016488729F_20260411_175500.WAV,14,0.0,1.0,0.25,BirdNET_GLOBAL_6K_V2.4_Model_FP32.tflite,248D9B016488729F_20260411_175500_chunk_006.wav,3600,594,597
4200,4203,Pica pica,Eurasian Magpie,0.4361,248D9B016488729F_20260411_175500.WAV,14,0.0,1.0,0.25,BirdNET_GLOBAL_6K_V2.4_Model_FP32.tflite,248D9B016488729F_20260411_175500_chunk_007.wav,4200,0,3
4203,4206,Turdus philomelos,Song Thrush,0.3782,248D9B016488729F_20260411_175500.WAV,14,0.0,1.0,0.25,BirdNET_GLOBAL_6K_V2.4_Model_FP32.tflite,248D9B016488729F_20260411_175500_chunk_007.wav,4200,3,6
4206,4209,Pica pica,Eurasian Magpie,0.9574,248D9B016488729F_20260411_175500.WAV,14,0.0,1.0,0.25,BirdNET_GLOBAL_6K_V2.4_Model_FP32.tflite,248D9B016488729F_20260411_175500_chunk_007.wav,4200,6,9
4218,4221,Phylloscopus collybita,Common Chiffchaff,0.4212,248D9B016488729F_20260411_175500.WAV,14,0.0,1.0,0.25,BirdNET_GLOBAL_6K_V2.4_Model_FP32.tflite,248D9B016488729F_20260411_175500_chunk_007.wav,4200,18,21
4230,4233,Turdus philomelos,Song Thrush,0.9761,248D9B016488729F_20260411_175500.WAV,14,0.0,1.0,0.25,BirdNET_GLOBAL_6K_V2.4_Model_FP32.tflite,248D9B016488729F_20260411_175500_chunk_007.wav,4200,30,33
4236,4239,Phylloscopus collybita,Common Chiffchaff,0.3568,248D9B016488729F_20260411_175500.WAV,14,0.0,1.0,0.25,BirdNET_GLOBAL_6K_V2.4_Model_FP32.tflite,248D9B016488729F_20260411_175500_chunk_007.wav,4200,36,39
4245,4248,Turdus philomelos,Song Thrush,0.7778,248D9B016488729F_20260411_175500.WAV,14,0.0,1.0,0.25,BirdNET_GLOBAL_6K_V2.4_Model_FP32.tflite,248D9B016488729F_20260411_175500_chunk_007.wav,4200,45,48
4248,4251,Phylloscopus collybita,Common Chiffchaff,0.5223,248D9B016488729F_20260411_175500.WAV,14,0.0,1.0,0.25,BirdNET_GLOBAL_6K_V2.4_Model_FP32.tflite,248D9B016488729F_20260411_175500_chunk_007.wav,4200,48,51
4251,4254,Phylloscopus collybita,Common Chiffchaff,0.4480,248D9B016488729F_20260411_175500.WAV,14,0.0,1.0,0.25,BirdNET_GLOBAL_6K_V2.4_Model_FP32.tflite,248D9B016488729F_20260411_175500_chunk_007.wav,4200,51,54
4254,4257,Turdus philomelos,Song Thrush,0.5802,248D9B016488729F_20260411_175500.WAV,14,0.0,1.0,0.25,BirdNET_GLOBAL_6K_V2.4_Model_FP32.tflite,248D9B016488729F_20260411_175500_chunk_007.wav,4200,54,57
4266,4269,Turdus philomelos,Song Thrush,0.5048,248D9B016488729F_20260411_175500.WAV,14,0.0,1.0,0.25,BirdNET_GLOBAL_6K_V2.4_Model_FP32.tflite,248D9B016488729F_20260411_175500_chunk_007.wav,4200,66,69
4269,4272,Columba palumbus,Common Wood-Pigeon,0.9913,248D9B016488729F_20260411_175500.WAV,14,0.0,1.0,0.25,BirdNET_GLOBAL_6K_V2.4_Model_FP32.tflite,248D9B016488729F_20260411_175500_chunk_007.wav,4200,69,72
4272,4275,Columba palumbus,Common Wood-Pigeon,0.9981,248D9B016488729F_20260411_175500.WAV,14,0.0,1.0,0.25,BirdNET_GLOBAL_6K_V2.4_Model_FP32.tflite,248D9B016488729F_20260411_175500_chunk_007.wav,4200,72,75
4275,4278,Columba palumbus,Common Wood-Pigeon,0.9949,248D9B016488729F_20260411_175500.WAV,14,0.0,1.0,0.25,BirdNET_GLOBAL_6K_V2.4_Model_FP32.tflite,248D9B016488729F_20260411_175500_chunk_007.wav,4200,75,78
4278,4281,Phylloscopus collybita,Common Chiffchaff,0.8727,248D9B016488729F_20260411_175500.WAV,14,0.0,1.0,0.25,BirdNET_GLOBAL_6K_V2.4_Model_FP32.tflite,248D9B016488729F_20260411_175500_chunk_007.wav,4200,78,81
4281,4284,Turdus philomelos,Song Thrush,0.3528,248D9B016488729F_20260411_175500.WAV,14,0.0,1.0,0.25,BirdNET_GLOBAL_6K_V2.4_Model_FP32.tflite,248D9B016488729F_20260411_175500_chunk_007.wav,4200,81,84
4287,4290,Turdus philomelos,Song Thrush,0.6495,248D9B016488729F_20260411_175500.WAV,14,0.0,1.0,0.25,BirdNET_GLOBAL_6K_V2.4_Model_FP32.tflite,248D9B016488729F_20260411_175500_chunk_007.wav,4200,87,90
4293,4296,Pica pica,Eurasian Magpie,0.9754,248D9B016488729F_20260411_175500.WAV,14,0.0,1.0,0.25,BirdNET_GLOBAL_6K_V2.4_Model_FP32.tflite,248D9B016488729F_20260411_175500_chunk_007.wav,4200,93,96
4296,4299,Pica pica,Eurasian Magpie,0.9768,248D9B016488729F_20260411_175500.WAV,14,0.0,1.0,0.25,BirdNET_GLOBAL_6K_V2.4_Model_FP32.tflite,248D9B016488729F_20260411_175500_chunk_007.wav,4200,96,99
4305,4308,Pica pica,Eurasian Magpie,0.3912,248D9B016488729F_20260411_175500.WAV,14,0.0,1.0,0.25,BirdNET_GLOBAL_6K_V2.4_Model_FP32.tflite,248D9B016488729F_20260411_175500_chunk_007.wav,4200,105,108
4305,4308,Mareca strepera,Gadwall,0.2659,248D9B016488729F_20260411_175500.WAV,14,0.0,1.0,0.25,BirdNET_GLOBAL_6K_V2.4_Model_FP32.tflite,248D9B016488729F_20260411_175500_chunk_007.wav,4200,105,108
4308,4311,Phylloscopus collybita,Common Chiffchaff,0.4194,248D9B016488729F_20260411_175500.WAV,14,0.0,1.0,0.25,BirdNET_GLOBAL_6K_V2.4_Model_FP32.tflite,248D9B016488729F_20260411_175500_chunk_007.wav,4200,108,111
4317,4320,Columba palumbus,Common Wood-Pigeon,0.9985,248D9B016488729F_20260411_175500.WAV,14,0.0,1.0,0.25,BirdNET_GLOBAL_6K_V2.4_Model_FP32.tflite,248D9B016488729F_20260411_175500_chunk_007.wav,4200,117,120
4320,4323,Columba palumbus,Common Wood-Pigeon,0.9994,248D9B016488729F_20260411_175500.WAV,14,0.0,1.0,0.25,BirdNET_GLOBAL_6K_V2.4_Model_FP32.tflite,248D9B016488729F_20260411_175500_chunk_007.wav,4200,120,123
4323,4326,Columba palumbus,Common Wood-Pigeon,0.9993,248D9B016488729F_20260411_175500.WAV,14,0.0,1.0,0.25,BirdNET_GLOBAL_6K_V2.4_Model_FP32.tflite,248D9B016488729F_20260411_175500_chunk_007.wav,4200,123,126
4326,4329,Columba palumbus,Common Wood-Pigeon,0.9709,248D9B016488729F_20260411_175500.WAV,14,0.0,1.0,0.25,BirdNET_GLOBAL_6K_V2.4_Model_FP32.tflite,248D9B016488729F_20260411_175500_chunk_007.wav,4200,126,129
4353,4356,Turdus philomelos,Song Thrush,0.3709,248D9B016488729F_20260411_175500.WAV,14,0.0,1.0,0.25,BirdNET_GLOBAL_6K_V2.4_Model_FP32.tflite,248D9B016488729F_20260411_175500_chunk_007.wav,4200,153,156
4359,4362,Streptopelia decaocto,Eurasian Collared-Dove,0.2712,248D9B016488729F_20260411_175500.WAV,14,0.0,1.0,0.25,BirdNET_GLOBAL_6K_V2.4_Model_FP32.tflite,248D9B016488729F_20260411_175500_chunk_007.wav,4200,159,162
4362,4365,Streptopelia decaocto,Eurasian Collared-Dove,0.2676,248D9B016488729F_20260411_175500.WAV,14,0.0,1.0,0.25,BirdNET_GLOBAL_6K_V2.4_Model_FP32.tflite,248D9B016488729F_20260411_175500_chunk_007.wav,4200,162,165
4365,4368,Turdus philomelos,Song Thrush,0.2700,248D9B016488729F_20260411_175500.WAV,14,0.0,1.0,0.25,BirdNET_GLOBAL_6K_V2.4_Model_FP32.tflite,248D9B016488729F_20260411_175500_chunk_007.wav,4200,165,168
4368,4371,Turdus philomelos,Song Thrush,0.8667,248D9B016488729F_20260411_175500.WAV,14,0.0,1.0,0.25,BirdNET_GLOBAL_6K_V2.4_Model_FP32.tflite,248D9B016488729F_20260411_175500_chunk_007.wav,4200,168,171
4377,4380,Columba palumbus,Common Wood-Pigeon,0.9538,248D9B016488729F_20260411_175500.WAV,14,0.0,1.0,0.25,BirdNET_GLOBAL_6K_V2.4_Model_FP32.tflite,248D9B016488729F_20260411_175500_chunk_007.wav,4200,177,180
4629,4632,Aegithalos caudatus,Long-tailed Tit,0.9970,248D9B016488729F_20260411_175500.WAV,14,0.0,1.0,0.25,BirdNET_GLOBAL_6K_V2.4_Model_FP32.tflite,248D9B016488729F_20260411_175500_chunk_007.wav,4200,429,432
4632,4635,Aegithalos caudatus,Long-tailed Tit,0.9843,248D9B016488729F_20260411_175500.WAV,14,0.0,1.0,0.25,BirdNET_GLOBAL_6K_V2.4_Model_FP32.tflite,248D9B016488729F_20260411_175500_chunk_007.wav,4200,432,435
4635,4638,Aegithalos caudatus,Long-tailed Tit,0.9978,248D9B016488729F_20260411_175500.WAV,14,0.0,1.0,0.25,BirdNET_GLOBAL_6K_V2.4_Model_FP32.tflite,248D9B016488729F_20260411_175500_chunk_007.wav,4200,435,438
4638,4641,Aegithalos caudatus,Long-tailed Tit,0.9614,248D9B016488729F_20260411_175500.WAV,14,0.0,1.0,0.25,BirdNET_GLOBAL_6K_V2.4_Model_FP32.tflite,248D9B016488729F_20260411_175500_chunk_007.wav,4200,438,441
4641,4644,Aegithalos caudatus,Long-tailed Tit,0.9870,248D9B016488729F_20260411_175500.WAV,14,0.0,1.0,0.25,BirdNET_GLOBAL_6K_V2.4_Model_FP32.tflite,248D9B016488729F_20260411_175500_chunk_007.wav,4200,441,444
4644,4647,Aegithalos caudatus,Long-tailed Tit,0.9778,248D9B016488729F_20260411_175500.WAV,14,0.0,1.0,0.25,BirdNET_GLOBAL_6K_V2.4_Model_FP32.tflite,248D9B016488729F_20260411_175500_chunk_007.wav,4200,444,447
4647,4650,Aegithalos caudatus,Long-tailed Tit,0.9957,248D9B016488729F_20260411_175500.WAV,14,0.0,1.0,0.25,BirdNET_GLOBAL_6K_V2.4_Model_FP32.tflite,248D9B016488729F_20260411_175500_chunk_007.wav,4200,447,450
4650,4653,Aegithalos caudatus,Long-tailed Tit,0.9959,248D9B016488729F_20260411_175500.WAV,14,0.0,1.0,0.25,BirdNET_GLOBAL_6K_V2.4_Model_FP32.tflite,248D9B016488729F_20260411_175500_chunk_007.wav,4200,450,453
4656,4659,Aegithalos caudatus,Long-tailed Tit,0.9928,248D9B016488729F_20260411_175500.WAV,14,0.0,1.0,0.25,BirdNET_GLOBAL_6K_V2.4_Model_FP32.tflite,248D9B016488729F_20260411_175500_chunk_007.wav,4200,456,459
4659,4662,Aegithalos caudatus,Long-tailed Tit,0.9938,248D9B016488729F_20260411_175500.WAV,14,0.0,1.0,0.25,BirdNET_GLOBAL_6K_V2.4_Model_FP32.tflite,248D9B016488729F_20260411_175500_chunk_007.wav,4200,459,462
4662,4665,Aegithalos caudatus,Long-tailed Tit,0.9949,248D9B016488729F_20260411_175500.WAV,14,0.0,1.0,0.25,BirdNET_GLOBAL_6K_V2.4_Model_FP32.tflite,248D9B016488729F_20260411_175500_chunk_007.wav,4200,462,465
4665,4668,Aegithalos caudatus,Long-tailed Tit,0.9205,248D9B016488729F_20260411_175500.WAV,14,0.0,1.0,0.25,BirdNET_GLOBAL_6K_V2.4_Model_FP32.tflite,248D9B016488729F_20260411_175500_chunk_007.wav,4200,465,468
4668,4671,Aegithalos caudatus,Long-tailed Tit,0.9380,248D9B016488729F_20260411_175500.WAV,14,0.0,1.0,0.25,BirdNET_GLOBAL_6K_V2.4_Model_FP32.tflite,248D9B016488729F_20260411_175500_chunk_007.wav,4200,468,471
4671,4674,Aegithalos caudatus,Long-tailed Tit,0.9832,248D9B016488729F_20260411_175500.WAV,14,0.0,1.0,0.25,BirdNET_GLOBAL_6K_V2.4_Model_FP32.tflite,248D9B016488729F_20260411_175500_chunk_007.wav,4200,471,474
4677,4680,Aegithalos caudatus,Long-tailed Tit,0.9944,248D9B016488729F_20260411_175500.WAV,14,0.0,1.0,0.25,BirdNET_GLOBAL_6K_V2.4_Model_FP32.tflite,248D9B016488729F_20260411_175500_chunk_007.wav,4200,477,480
4680,4683,Aegithalos caudatus,Long-tailed Tit,0.9946,248D9B016488729F_20260411_175500.WAV,14,0.0,1.0,0.25,BirdNET_GLOBAL_6K_V2.4_Model_FP32.tflite,248D9B016488729F_20260411_175500_chunk_007.wav,4200,480,483
4683,4686,Phylloscopus collybita,Common Chiffchaff,0.9143,248D9B016488729F_20260411_175500.WAV,14,0.0,1.0,0.25,BirdNET_GLOBAL_6K_V2.4_Model_FP32.tflite,248D9B016488729F_20260411_175500_chunk_007.wav,4200,483,486
4686,4689,Phylloscopus collybita,Common Chiffchaff,0.9721,248D9B016488729F_20260411_175500.WAV,14,0.0,1.0,0.25,BirdNET_GLOBAL_6K_V2.4_Model_FP32.tflite,248D9B016488729F_20260411_175500_chunk_007.wav,4200,486,489
4692,4695,Aegithalos caudatus,Long-tailed Tit,0.7512,248D9B016488729F_20260411_175500.WAV,14,0.0,1.0,0.25,BirdNET_GLOBAL_6K_V2.4_Model_FP32.tflite,248D9B016488729F_20260411_175500_chunk_007.wav,4200,492,495
4698,4701,Phylloscopus collybita,Common Chiffchaff,0.9648,248D9B016488729F_20260411_175500.WAV,14,0.0,1.0,0.25,BirdNET_GLOBAL_6K_V2.4_Model_FP32.tflite,248D9B016488729F_20260411_175500_chunk_007.wav,4200,498,501
4701,4704,Phylloscopus collybita,Common Chiffchaff,0.9011,248D9B016488729F_20260411_175500.WAV,14,0.0,1.0,0.25,BirdNET_GLOBAL_6K_V2.4_Model_FP32.tflite,248D9B016488729F_20260411_175500_chunk_007.wav,4200,501,504
4707,4710,Phylloscopus collybita,Common Chiffchaff,0.9847,248D9B016488729F_20260411_175500.WAV,14,0.0,1.0,0.25,BirdNET_GLOBAL_6K_V2.4_Model_FP32.tflite,248D9B016488729F_20260411_175500_chunk_007.wav,4200,507,510
4710,4713,Phylloscopus collybita,Common Chiffchaff,0.9895,248D9B016488729F_20260411_175500.WAV,14,0.0,1.0,0.25,BirdNET_GLOBAL_6K_V2.4_Model_FP32.tflite,248D9B016488729F_20260411_175500_chunk_007.wav,4200,510,513
4719,4722,Phylloscopus collybita,Common Chiffchaff,0.9938,248D9B016488729F_20260411_175500.WAV,14,0.0,1.0,0.25,BirdNET_GLOBAL_6K_V2.4_Model_FP32.tflite,248D9B016488729F_20260411_175500_chunk_007.wav,4200,519,522
4722,4725,Phylloscopus collybita,Common Chiffchaff,0.9174,248D9B016488729F_20260411_175500.WAV,14,0.0,1.0,0.25,BirdNET_GLOBAL_6K_V2.4_Model_FP32.tflite,248D9B016488729F_20260411_175500_chunk_007.wav,4200,522,525
4737,4740,Phylloscopus collybita,Common Chiffchaff,0.7985,248D9B016488729F_20260411_175500.WAV,14,0.0,1.0,0.25,BirdNET_GLOBAL_6K_V2.4_Model_FP32.tflite,248D9B016488729F_20260411_175500_chunk_007.wav,4200,537,540
4740,4743,Phylloscopus collybita,Common Chiffchaff,0.9390,248D9B016488729F_20260411_175500.WAV,14,0.0,1.0,0.25,BirdNET_GLOBAL_6K_V2.4_Model_FP32.tflite,248D9B016488729F_20260411_175500_chunk_007.wav,4200,540,543
4752,4755,Phylloscopus collybita,Common Chiffchaff,0.8944,248D9B016488729F_20260411_175500.WAV,14,0.0,1.0,0.25,BirdNET_GLOBAL_6K_V2.4_Model_FP32.tflite,248D9B016488729F_20260411_175500_chunk_007.wav,4200,552,555
4755,4758,Phylloscopus collybita,Common Chiffchaff,0.6125,248D9B016488729F_20260411_175500.WAV,14,0.0,1.0,0.25,BirdNET_GLOBAL_6K_V2.4_Model_FP32.tflite,248D9B016488729F_20260411_175500_chunk_007.wav,4200,555,558
4767,4770,Phylloscopus collybita,Common Chiffchaff,0.9069,248D9B016488729F_20260411_175500.WAV,14,0.0,1.0,0.25,BirdNET_GLOBAL_6K_V2.4_Model_FP32.tflite,248D9B016488729F_20260411_175500_chunk_007.wav,4200,567,570
4797,4799.98,Phylloscopus collybita,Common Chiffchaff,0.8050,248D9B016488729F_20260411_175500.WAV,14,0.0,1.0,0.25,BirdNET_GLOBAL_6K_V2.4_Model_FP32.tflite,248D9B016488729F_20260411_175500_chunk_007.wav,4200,597,599.98
4800,4803,Phylloscopus collybita,Common Chiffchaff,0.8231,248D9B016488729F_20260411_175500.WAV,14,0.0,1.0,0.25,BirdNET_GLOBAL_6K_V2.4_Model_FP32.tflite,248D9B016488729F_20260411_175500_chunk_008.wav,4800,0,3
4839,4842,Pica pica,Eurasian Magpie,0.3682,248D9B016488729F_20260411_175500.WAV,14,0.0,1.0,0.25,BirdNET_GLOBAL_6K_V2.4_Model_FP32.tflite,248D9B016488729F_20260411_175500_chunk_008.wav,4800,39,42
4845,4848,Pica pica,Eurasian Magpie,0.7518,248D9B016488729F_20260411_175500.WAV,14,0.0,1.0,0.25,BirdNET_GLOBAL_6K_V2.4_Model_FP32.tflite,248D9B016488729F_20260411_175500_chunk_008.wav,4800,45,48
4848,4851,Pica pica,Eurasian Magpie,0.9479,248D9B016488729F_20260411_175500.WAV,14,0.0,1.0,0.25,BirdNET_GLOBAL_6K_V2.4_Model_FP32.tflite,248D9B016488729F_20260411_175500_chunk_008.wav,4800,48,51
4851,4854,Pica pica,Eurasian Magpie,0.6200,248D9B016488729F_20260411_175500.WAV,14,0.0,1.0,0.25,BirdNET_GLOBAL_6K_V2.4_Model_FP32.tflite,248D9B016488729F_20260411_175500_chunk_008.wav,4800,51,54
4854,4857,Pica pica,Eurasian Magpie,0.5779,248D9B016488729F_20260411_175500.WAV,14,0.0,1.0,0.25,BirdNET_GLOBAL_6K_V2.4_Model_FP32.tflite,248D9B016488729F_20260411_175500_chunk_008.wav,4800,54,57
4857,4860,Pica pica,Eurasian Magpie,0.6159,248D9B016488729F_20260411_175500.WAV,14,0.0,1.0,0.25,BirdNET_GLOBAL_6K_V2.4_Model_FP32.tflite,248D9B016488729F_20260411_175500_chunk_008.wav,4800,57,60
4860,4863,Pica pica,Eurasian Magpie,0.4247,248D9B016488729F_20260411_175500.WAV,14,0.0,1.0,0.25,BirdNET_GLOBAL_6K_V2.4_Model_FP32.tflite,248D9B016488729F_20260411_175500_chunk_008.wav,4800,60,63
4866,4869,Pica pica,Eurasian Magpie,0.9059,248D9B016488729F_20260411_175500.WAV,14,0.0,1.0,0.25,BirdNET_GLOBAL_6K_V2.4_Model_FP32.tflite,248D9B016488729F_20260411_175500_chunk_008.wav,4800,66,69
4869,4872,Troglodytes troglodytes,Eurasian Wren,0.7877,248D9B016488729F_20260411_175500.WAV,14,0.0,1.0,0.25,BirdNET_GLOBAL_6K_V2.4_Model_FP32.tflite,248D9B016488729F_20260411_175500_chunk_008.wav,4800,69,72
4887,4890,Aegithalos caudatus,Long-tailed Tit,0.7949,248D9B016488729F_20260411_175500.WAV,14,0.0,1.0,0.25,BirdNET_GLOBAL_6K_V2.4_Model_FP32.tflite,248D9B016488729F_20260411_175500_chunk_008.wav,4800,87,90
4890,4893,Aegithalos caudatus,Long-tailed Tit,0.4882,248D9B016488729F_20260411_175500.WAV,14,0.0,1.0,0.25,BirdNET_GLOBAL_6K_V2.4_Model_FP32.tflite,248D9B016488729F_20260411_175500_chunk_008.wav,4800,90,93
4932,4935,Pica pica,Eurasian Magpie,0.5992,248D9B016488729F_20260411_175500.WAV,14,0.0,1.0,0.25,BirdNET_GLOBAL_6K_V2.4_Model_FP32.tflite,248D9B016488729F_20260411_175500_chunk_008.wav,4800,132,135
4935,4938,Aegithalos caudatus,Long-tailed Tit,0.6845,248D9B016488729F_20260411_175500.WAV,14,0.0,1.0,0.25,BirdNET_GLOBAL_6K_V2.4_Model_FP32.tflite,248D9B016488729F_20260411_175500_chunk_008.wav,4800,135,138
4938,4941,Aegithalos caudatus,Long-tailed Tit,0.4414,248D9B016488729F_20260411_175500.WAV,14,0.0,1.0,0.25,BirdNET_GLOBAL_6K_V2.4_Model_FP32.tflite,248D9B016488729F_20260411_175500_chunk_008.wav,4800,138,141
4965,4968,Pica pica,Eurasian Magpie,0.3269,248D9B016488729F_20260411_175500.WAV,14,0.0,1.0,0.25,BirdNET_GLOBAL_6K_V2.4_Model_FP32.tflite,248D9B016488729F_20260411_175500_chunk_008.wav,4800,165,168
4968,4971,Aegithalos caudatus,Long-tailed Tit,0.7285,248D9B016488729F_20260411_175500.WAV,14,0.0,1.0,0.25,BirdNET_GLOBAL_6K_V2.4_Model_FP32.tflite,248D9B016488729F_20260411_175500_chunk_008.wav,4800,168,171
4971,4974,Aegithalos caudatus,Long-tailed Tit,0.5220,248D9B016488729F_20260411_175500.WAV,14,0.0,1.0,0.25,BirdNET_GLOBAL_6K_V2.4_Model_FP32.tflite,248D9B016488729F_20260411_175500_chunk_008.wav,4800,171,174
4974,4977,Aegithalos caudatus,Long-tailed Tit,0.9871,248D9B016488729F_20260411_175500.WAV,14,0.0,1.0,0.25,BirdNET_GLOBAL_6K_V2.4_Model_FP32.tflite,248D9B016488729F_20260411_175500_chunk_008.wav,4800,174,177
4980,4983,Aegithalos caudatus,Long-tailed Tit,0.7700,248D9B016488729F_20260411_175500.WAV,14,0.0,1.0,0.25,BirdNET_GLOBAL_6K_V2.4_Model_FP32.tflite,248D9B016488729F_20260411_175500_chunk_008.wav,4800,180,183
4983,4986,Aegithalos caudatus,Long-tailed Tit,0.9372,248D9B016488729F_20260411_175500.WAV,14,0.0,1.0,0.25,BirdNET_GLOBAL_6K_V2.4_Model_FP32.tflite,248D9B016488729F_20260411_175500_chunk_008.wav,4800,183,186
4995,4998,Aegithalos caudatus,Long-tailed Tit,0.9936,248D9B016488729F_20260411_175500.WAV,14,0.0,1.0,0.25,BirdNET_GLOBAL_6K_V2.4_Model_FP32.tflite,248D9B016488729F_20260411_175500_chunk_008.wav,4800,195,198
5007,5010,Cyanistes caeruleus,Eurasian Blue Tit,0.3519,248D9B016488729F_20260411_175500.WAV,14,0.0,1.0,0.25,BirdNET_GLOBAL_6K_V2.4_Model_FP32.tflite,248D9B016488729F_20260411_175500_chunk_008.wav,4800,207,210
5019,5022,Aegithalos caudatus,Long-tailed Tit,0.8038,248D9B016488729F_20260411_175500.WAV,14,0.0,1.0,0.25,BirdNET_GLOBAL_6K_V2.4_Model_FP32.tflite,248D9B016488729F_20260411_175500_chunk_008.wav,4800,219,222
5022,5025,Cyanistes caeruleus,Eurasian Blue Tit,0.7001,248D9B016488729F_20260411_175500.WAV,14,0.0,1.0,0.25,BirdNET_GLOBAL_6K_V2.4_Model_FP32.tflite,248D9B016488729F_20260411_175500_chunk_008.wav,4800,222,225
5031,5034,Aegithalos caudatus,Long-tailed Tit,0.2947,248D9B016488729F_20260411_175500.WAV,14,0.0,1.0,0.25,BirdNET_GLOBAL_6K_V2.4_Model_FP32.tflite,248D9B016488729F_20260411_175500_chunk_008.wav,4800,231,234
5040,5043,Pica pica,Eurasian Magpie,0.4484,248D9B016488729F_20260411_175500.WAV,14,0.0,1.0,0.25,BirdNET_GLOBAL_6K_V2.4_Model_FP32.tflite,248D9B016488729F_20260411_175500_chunk_008.wav,4800,240,243
5043,5046,Phylloscopus collybita,Common Chiffchaff,0.8745,248D9B016488729F_20260411_175500.WAV,14,0.0,1.0,0.25,BirdNET_GLOBAL_6K_V2.4_Model_FP32.tflite,248D9B016488729F_20260411_175500_chunk_008.wav,4800,243,246
5043,5046,Pica pica,Eurasian Magpie,0.4608,248D9B016488729F_20260411_175500.WAV,14,0.0,1.0,0.25,BirdNET_GLOBAL_6K_V2.4_Model_FP32.tflite,248D9B016488729F_20260411_175500_chunk_008.wav,4800,243,246
5052,5055,Aegithalos caudatus,Long-tailed Tit,0.8022,248D9B016488729F_20260411_175500.WAV,14,0.0,1.0,0.25,BirdNET_GLOBAL_6K_V2.4_Model_FP32.tflite,248D9B016488729F_20260411_175500_chunk_008.wav,4800,252,255
5061,5064,Pica pica,Eurasian Magpie,0.7943,248D9B016488729F_20260411_175500.WAV,14,0.0,1.0,0.25,BirdNET_GLOBAL_6K_V2.4_Model_FP32.tflite,248D9B016488729F_20260411_175500_chunk_008.wav,4800,261,264
5064,5067,Pica pica,Eurasian Magpie,0.8946,248D9B016488729F_20260411_175500.WAV,14,0.0,1.0,0.25,BirdNET_GLOBAL_6K_V2.4_Model_FP32.tflite,248D9B016488729F_20260411_175500_chunk_008.wav,4800,264,267
5067,5070,Chloris chloris,European Greenfinch,0.6237,248D9B016488729F_20260411_175500.WAV,14,0.0,1.0,0.25,BirdNET_GLOBAL_6K_V2.4_Model_FP32.tflite,248D9B016488729F_20260411_175500_chunk_008.wav,4800,267,270
5067,5070,Pica pica,Eurasian Magpie,0.2906,248D9B016488729F_20260411_175500.WAV,14,0.0,1.0,0.25,BirdNET_GLOBAL_6K_V2.4_Model_FP32.tflite,248D9B016488729F_20260411_175500_chunk_008.wav,4800,267,270
5070,5073,Phylloscopus collybita,Common Chiffchaff,0.6460,248D9B016488729F_20260411_175500.WAV,14,0.0,1.0,0.25,BirdNET_GLOBAL_6K_V2.4_Model_FP32.tflite,248D9B016488729F_20260411_175500_chunk_008.wav,4800,270,273
5073,5076,Phylloscopus collybita,Common Chiffchaff,0.6412,248D9B016488729F_20260411_175500.WAV,14,0.0,1.0,0.25,BirdNET_GLOBAL_6K_V2.4_Model_FP32.tflite,248D9B016488729F_20260411_175500_chunk_008.wav,4800,273,276
5076,5079,Chloris chloris,European Greenfinch,0.2819,248D9B016488729F_20260411_175500.WAV,14,0.0,1.0,0.25,BirdNET_GLOBAL_6K_V2.4_Model_FP32.tflite,248D9B016488729F_20260411_175500_chunk_008.wav,4800,276,279
5079,5082,Pica pica,Eurasian Magpie,0.3018,248D9B016488729F_20260411_175500.WAV,14,0.0,1.0,0.25,BirdNET_GLOBAL_6K_V2.4_Model_FP32.tflite,248D9B016488729F_20260411_175500_chunk_008.wav,4800,279,282
5082,5085,Aegithalos caudatus,Long-tailed Tit,0.2547,248D9B016488729F_20260411_175500.WAV,14,0.0,1.0,0.25,BirdNET_GLOBAL_6K_V2.4_Model_FP32.tflite,248D9B016488729F_20260411_175500_chunk_008.wav,4800,282,285
5085,5088,Pica pica,Eurasian Magpie,0.9834,248D9B016488729F_20260411_175500.WAV,14,0.0,1.0,0.25,BirdNET_GLOBAL_6K_V2.4_Model_FP32.tflite,248D9B016488729F_20260411_175500_chunk_008.wav,4800,285,288
5088,5091,Pica pica,Eurasian Magpie,0.8266,248D9B016488729F_20260411_175500.WAV,14,0.0,1.0,0.25,BirdNET_GLOBAL_6K_V2.4_Model_FP32.tflite,248D9B016488729F_20260411_175500_chunk_008.wav,4800,288,291
5088,5091,Phylloscopus collybita,Common Chiffchaff,0.8256,248D9B016488729F_20260411_175500.WAV,14,0.0,1.0,0.25,BirdNET_GLOBAL_6K_V2.4_Model_FP32.tflite,248D9B016488729F_20260411_175500_chunk_008.wav,4800,288,291
5091,5094,Pica pica,Eurasian Magpie,0.4473,248D9B016488729F_20260411_175500.WAV,14,0.0,1.0,0.25,BirdNET_GLOBAL_6K_V2.4_Model_FP32.tflite,248D9B016488729F_20260411_175500_chunk_008.wav,4800,291,294
5091,5094,Phylloscopus collybita,Common Chiffchaff,0.3923,248D9B016488729F_20260411_175500.WAV,14,0.0,1.0,0.25,BirdNET_GLOBAL_6K_V2.4_Model_FP32.tflite,248D9B016488729F_20260411_175500_chunk_008.wav,4800,291,294
5094,5097,Chloris chloris,European Greenfinch,0.5338,248D9B016488729F_20260411_175500.WAV,14,0.0,1.0,0.25,BirdNET_GLOBAL_6K_V2.4_Model_FP32.tflite,248D9B016488729F_20260411_175500_chunk_008.wav,4800,294,297
5103,5106,Pica pica,Eurasian Magpie,0.8373,248D9B016488729F_20260411_175500.WAV,14,0.0,1.0,0.25,BirdNET_GLOBAL_6K_V2.4_Model_FP32.tflite,248D9B016488729F_20260411_175500_chunk_008.wav,4800,303,306
5106,5109,Pica pica,Eurasian Magpie,0.6134,248D9B016488729F_20260411_175500.WAV,14,0.0,1.0,0.25,BirdNET_GLOBAL_6K_V2.4_Model_FP32.tflite,248D9B016488729F_20260411_175500_chunk_008.wav,4800,306,309
5109,5112,Phylloscopus collybita,Common Chiffchaff,0.8755,248D9B016488729F_20260411_175500.WAV,14,0.0,1.0,0.25,BirdNET_GLOBAL_6K_V2.4_Model_FP32.tflite,248D9B016488729F_20260411_175500_chunk_008.wav,4800,309,312
5112,5115,Phylloscopus collybita,Common Chiffchaff,0.4603,248D9B016488729F_20260411_175500.WAV,14,0.0,1.0,0.25,BirdNET_GLOBAL_6K_V2.4_Model_FP32.tflite,248D9B016488729F_20260411_175500_chunk_008.wav,4800,312,315
5133,5136,Phylloscopus collybita,Common Chiffchaff,0.8107,248D9B016488729F_20260411_175500.WAV,14,0.0,1.0,0.25,BirdNET_GLOBAL_6K_V2.4_Model_FP32.tflite,248D9B016488729F_20260411_175500_chunk_008.wav,4800,333,336
5133,5136,Larus argentatus,Herring Gull,0.2747,248D9B016488729F_20260411_175500.WAV,14,0.0,1.0,0.25,BirdNET_GLOBAL_6K_V2.4_Model_FP32.tflite,248D9B016488729F_20260411_175500_chunk_008.wav,4800,333,336
5142,5145,Phylloscopus collybita,Common Chiffchaff,0.9925,248D9B016488729F_20260411_175500.WAV,14,0.0,1.0,0.25,BirdNET_GLOBAL_6K_V2.4_Model_FP32.tflite,248D9B016488729F_20260411_175500_chunk_008.wav,4800,342,345
5151,5154,Phylloscopus collybita,Common Chiffchaff,0.8369,248D9B016488729F_20260411_175500.WAV,14,0.0,1.0,0.25,BirdNET_GLOBAL_6K_V2.4_Model_FP32.tflite,248D9B016488729F_20260411_175500_chunk_008.wav,4800,351,354
5154,5157,Phylloscopus collybita,Common Chiffchaff,0.6946,248D9B016488729F_20260411_175500.WAV,14,0.0,1.0,0.25,BirdNET_GLOBAL_6K_V2.4_Model_FP32.tflite,248D9B016488729F_20260411_175500_chunk_008.wav,4800,354,357
5157,5160,Chloris chloris,European Greenfinch,0.3621,248D9B016488729F_20260411_175500.WAV,14,0.0,1.0,0.25,BirdNET_GLOBAL_6K_V2.4_Model_FP32.tflite,248D9B016488729F_20260411_175500_chunk_008.wav,4800,357,360
5160,5163,Phylloscopus collybita,Common Chiffchaff,0.8506,248D9B016488729F_20260411_175500.WAV,14,0.0,1.0,0.25,BirdNET_GLOBAL_6K_V2.4_Model_FP32.tflite,248D9B016488729F_20260411_175500_chunk_008.wav,4800,360,363
5163,5166,Phylloscopus collybita,Common Chiffchaff,0.9541,248D9B016488729F_20260411_175500.WAV,14,0.0,1.0,0.25,BirdNET_GLOBAL_6K_V2.4_Model_FP32.tflite,248D9B016488729F_20260411_175500_chunk_008.wav,4800,363,366
5181,5184,Phylloscopus collybita,Common Chiffchaff,0.6634,248D9B016488729F_20260411_175500.WAV,14,0.0,1.0,0.25,BirdNET_GLOBAL_6K_V2.4_Model_FP32.tflite,248D9B016488729F_20260411_175500_chunk_008.wav,4800,381,384
5199,5202,Chloris chloris,European Greenfinch,0.3273,248D9B016488729F_20260411_175500.WAV,14,0.0,1.0,0.25,BirdNET_GLOBAL_6K_V2.4_Model_FP32.tflite,248D9B016488729F_20260411_175500_chunk_008.wav,4800,399,402
5205,5208,Phylloscopus collybita,Common Chiffchaff,0.4491,248D9B016488729F_20260411_175500.WAV,14,0.0,1.0,0.25,BirdNET_GLOBAL_6K_V2.4_Model_FP32.tflite,248D9B016488729F_20260411_175500_chunk_008.wav,4800,405,408
5208,5211,Aegithalos caudatus,Long-tailed Tit,0.7677,248D9B016488729F_20260411_175500.WAV,14,0.0,1.0,0.25,BirdNET_GLOBAL_6K_V2.4_Model_FP32.tflite,248D9B016488729F_20260411_175500_chunk_008.wav,4800,408,411
5217,5220,Cyanistes caeruleus,Eurasian Blue Tit,0.4293,248D9B016488729F_20260411_175500.WAV,14,0.0,1.0,0.25,BirdNET_GLOBAL_6K_V2.4_Model_FP32.tflite,248D9B016488729F_20260411_175500_chunk_008.wav,4800,417,420
5223,5226,Chloris chloris,European Greenfinch,0.7411,248D9B016488729F_20260411_175500.WAV,14,0.0,1.0,0.25,BirdNET_GLOBAL_6K_V2.4_Model_FP32.tflite,248D9B016488729F_20260411_175500_chunk_008.wav,4800,423,426
5226,5229,Aegithalos caudatus,Long-tailed Tit,0.4452,248D9B016488729F_20260411_175500.WAV,14,0.0,1.0,0.25,BirdNET_GLOBAL_6K_V2.4_Model_FP32.tflite,248D9B016488729F_20260411_175500_chunk_008.wav,4800,426,429
5247,5250,Aegithalos caudatus,Long-tailed Tit,0.3878,248D9B016488729F_20260411_175500.WAV,14,0.0,1.0,0.25,BirdNET_GLOBAL_6K_V2.4_Model_FP32.tflite,248D9B016488729F_20260411_175500_chunk_008.wav,4800,447,450
5250,5253,Aegithalos caudatus,Long-tailed Tit,0.3210,248D9B016488729F_20260411_175500.WAV,14,0.0,1.0,0.25,BirdNET_GLOBAL_6K_V2.4_Model_FP32.tflite,248D9B016488729F_20260411_175500_chunk_008.wav,4800,450,453
5253,5256,Aegithalos caudatus,Long-tailed Tit,0.2652,248D9B016488729F_20260411_175500.WAV,14,0.0,1.0,0.25,BirdNET_GLOBAL_6K_V2.4_Model_FP32.tflite,248D9B016488729F_20260411_175500_chunk_008.wav,4800,453,456
5256,5259,Aegithalos caudatus,Long-tailed Tit,0.3106,248D9B016488729F_20260411_175500.WAV,14,0.0,1.0,0.25,BirdNET_GLOBAL_6K_V2.4_Model_FP32.tflite,248D9B016488729F_20260411_175500_chunk_008.wav,4800,456,459
5310,5313,Aegithalos caudatus,Long-tailed Tit,0.6074,248D9B016488729F_20260411_175500.WAV,14,0.0,1.0,0.25,BirdNET_GLOBAL_6K_V2.4_Model_FP32.tflite,248D9B016488729F_20260411_175500_chunk_008.wav,4800,510,513
5325,5328,Aegithalos caudatus,Long-tailed Tit,0.9429,248D9B016488729F_20260411_175500.WAV,14,0.0,1.0,0.25,BirdNET_GLOBAL_6K_V2.4_Model_FP32.tflite,248D9B016488729F_20260411_175500_chunk_008.wav,4800,525,528
5334,5337,Aegithalos caudatus,Long-tailed Tit,0.2677,248D9B016488729F_20260411_175500.WAV,14,0.0,1.0,0.25,BirdNET_GLOBAL_6K_V2.4_Model_FP32.tflite,248D9B016488729F_20260411_175500_chunk_008.wav,4800,534,537
5337,5340,Turdus iliacus,Redwing,0.3356,248D9B016488729F_20260411_175500.WAV,14,0.0,1.0,0.25,BirdNET_GLOBAL_6K_V2.4_Model_FP32.tflite,248D9B016488729F_20260411_175500_chunk_008.wav,4800,537,540
5379,5382,Cyanistes caeruleus,Eurasian Blue Tit,0.9434,248D9B016488729F_20260411_175500.WAV,14,0.0,1.0,0.25,BirdNET_GLOBAL_6K_V2.4_Model_FP32.tflite,248D9B016488729F_20260411_175500_chunk_008.wav,4800,579,582
5406,5409,Larus argentatus,Herring Gull,0.3610,248D9B016488729F_20260411_175500.WAV,14,0.0,1.0,0.25,BirdNET_GLOBAL_6K_V2.4_Model_FP32.tflite,248D9B016488729F_20260411_175500_chunk_009.wav,5400,6,9
5409,5412,Larus argentatus,Herring Gull,0.7923,248D9B016488729F_20260411_175500.WAV,14,0.0,1.0,0.25,BirdNET_GLOBAL_6K_V2.4_Model_FP32.tflite,248D9B016488729F_20260411_175500_chunk_009.wav,5400,9,12
5427,5430,Erithacus rubecula,European Robin,0.6542,248D9B016488729F_20260411_175500.WAV,14,0.0,1.0,0.25,BirdNET_GLOBAL_6K_V2.4_Model_FP32.tflite,248D9B016488729F_20260411_175500_chunk_009.wav,5400,27,30
5433,5436,Prunella modularis,Dunnock,0.5716,248D9B016488729F_20260411_175500.WAV,14,0.0,1.0,0.25,BirdNET_GLOBAL_6K_V2.4_Model_FP32.tflite,248D9B016488729F_20260411_175500_chunk_009.wav,5400,33,36
5436,5439,Erithacus rubecula,European Robin,0.2936,248D9B016488729F_20260411_175500.WAV,14,0.0,1.0,0.25,BirdNET_GLOBAL_6K_V2.4_Model_FP32.tflite,248D9B016488729F_20260411_175500_chunk_009.wav,5400,36,39
5439,5442,Erithacus rubecula,European Robin,0.6970,248D9B016488729F_20260411_175500.WAV,14,0.0,1.0,0.25,BirdNET_GLOBAL_6K_V2.4_Model_FP32.tflite,248D9B016488729F_20260411_175500_chunk_009.wav,5400,39,42
5451,5454,Erithacus rubecula,European Robin,0.5388,248D9B016488729F_20260411_175500.WAV,14,0.0,1.0,0.25,BirdNET_GLOBAL_6K_V2.4_Model_FP32.tflite,248D9B016488729F_20260411_175500_chunk_009.wav,5400,51,54
5460,5463,Erithacus rubecula,European Robin,0.7810,248D9B016488729F_20260411_175500.WAV,14,0.0,1.0,0.25,BirdNET_GLOBAL_6K_V2.4_Model_FP32.tflite,248D9B016488729F_20260411_175500_chunk_009.wav,5400,60,63
5484,5487,Phylloscopus collybita,Common Chiffchaff,0.3001,248D9B016488729F_20260411_175500.WAV,14,0.0,1.0,0.25,BirdNET_GLOBAL_6K_V2.4_Model_FP32.tflite,248D9B016488729F_20260411_175500_chunk_009.wav,5400,84,87
5493,5496,Erithacus rubecula,European Robin,0.7193,248D9B016488729F_20260411_175500.WAV,14,0.0,1.0,0.25,BirdNET_GLOBAL_6K_V2.4_Model_FP32.tflite,248D9B016488729F_20260411_175500_chunk_009.wav,5400,93,96
5505,5508,Erithacus rubecula,European Robin,0.8233,248D9B016488729F_20260411_175500.WAV,14,0.0,1.0,0.25,BirdNET_GLOBAL_6K_V2.4_Model_FP32.tflite,248D9B016488729F_20260411_175500_chunk_009.wav,5400,105,108
5511,5514,Spinus spinus,Eurasian Siskin,0.3321,248D9B016488729F_20260411_175500.WAV,14,0.0,1.0,0.25,BirdNET_GLOBAL_6K_V2.4_Model_FP32.tflite,248D9B016488729F_20260411_175500_chunk_009.wav,5400,111,114
5523,5526,Erithacus rubecula,European Robin,0.8326,248D9B016488729F_20260411_175500.WAV,14,0.0,1.0,0.25,BirdNET_GLOBAL_6K_V2.4_Model_FP32.tflite,248D9B016488729F_20260411_175500_chunk_009.wav,5400,123,126
5535,5538,Erithacus rubecula,European Robin,0.9022,248D9B016488729F_20260411_175500.WAV,14,0.0,1.0,0.25,BirdNET_GLOBAL_6K_V2.4_Model_FP32.tflite,248D9B016488729F_20260411_175500_chunk_009.wav,5400,135,138
5541,5544,Erithacus rubecula,European Robin,0.2686,248D9B016488729F_20260411_175500.WAV,14,0.0,1.0,0.25,BirdNET_GLOBAL_6K_V2.4_Model_FP32.tflite,248D9B016488729F_20260411_175500_chunk_009.wav,5400,141,144
5544,5547,Phylloscopus collybita,Common Chiffchaff,0.2875,248D9B016488729F_20260411_175500.WAV,14,0.0,1.0,0.25,BirdNET_GLOBAL_6K_V2.4_Model_FP32.tflite,248D9B016488729F_20260411_175500_chunk_009.wav,5400,144,147
5553,5556,Cyanistes caeruleus,Eurasian Blue Tit,0.3250,248D9B016488729F_20260411_175500.WAV,14,0.0,1.0,0.25,BirdNET_GLOBAL_6K_V2.4_Model_FP32.tflite,248D9B016488729F_20260411_175500_chunk_009.wav,5400,153,156
5559,5562,Erithacus rubecula,European Robin,0.7465,248D9B016488729F_20260411_175500.WAV,14,0.0,1.0,0.25,BirdNET_GLOBAL_6K_V2.4_Model_FP32.tflite,248D9B016488729F_20260411_175500_chunk_009.wav,5400,159,162
5565,5568,Phylloscopus collybita,Common Chiffchaff,0.6273,248D9B016488729F_20260411_175500.WAV,14,0.0,1.0,0.25,BirdNET_GLOBAL_6K_V2.4_Model_FP32.tflite,248D9B016488729F_20260411_175500_chunk_009.wav,5400,165,168
5589,5592,Aegithalos caudatus,Long-tailed Tit,0.8320,248D9B016488729F_20260411_175500.WAV,14,0.0,1.0,0.25,BirdNET_GLOBAL_6K_V2.4_Model_FP32.tflite,248D9B016488729F_20260411_175500_chunk_009.wav,5400,189,192
5598,5601,Aegithalos caudatus,Long-tailed Tit,0.4493,248D9B016488729F_20260411_175500.WAV,14,0.0,1.0,0.25,BirdNET_GLOBAL_6K_V2.4_Model_FP32.tflite,248D9B016488729F_20260411_175500_chunk_009.wav,5400,198,201
5601,5604,Corvus monedula,Eurasian Jackdaw,0.3210,248D9B016488729F_20260411_175500.WAV,14,0.0,1.0,0.25,BirdNET_GLOBAL_6K_V2.4_Model_FP32.tflite,248D9B016488729F_20260411_175500_chunk_009.wav,5400,201,204
5679,5682,Aegithalos caudatus,Long-tailed Tit,0.9361,248D9B016488729F_20260411_175500.WAV,14,0.0,1.0,0.25,BirdNET_GLOBAL_6K_V2.4_Model_FP32.tflite,248D9B016488729F_20260411_175500_chunk_009.wav,5400,279,282
5682,5685,Aegithalos caudatus,Long-tailed Tit,0.9743,248D9B016488729F_20260411_175500.WAV,14,0.0,1.0,0.25,BirdNET_GLOBAL_6K_V2.4_Model_FP32.tflite,248D9B016488729F_20260411_175500_chunk_009.wav,5400,282,285
5685,5688,Aegithalos caudatus,Long-tailed Tit,0.9933,248D9B016488729F_20260411_175500.WAV,14,0.0,1.0,0.25,BirdNET_GLOBAL_6K_V2.4_Model_FP32.tflite,248D9B016488729F_20260411_175500_chunk_009.wav,5400,285,288
5709,5712,Aegithalos caudatus,Long-tailed Tit,0.9609,248D9B016488729F_20260411_175500.WAV,14,0.0,1.0,0.25,BirdNET_GLOBAL_6K_V2.4_Model_FP32.tflite,248D9B016488729F_20260411_175500_chunk_009.wav,5400,309,312
5712,5715,Aegithalos caudatus,Long-tailed Tit,0.4714,248D9B016488729F_20260411_175500.WAV,14,0.0,1.0,0.25,BirdNET_GLOBAL_6K_V2.4_Model_FP32.tflite,248D9B016488729F_20260411_175500_chunk_009.wav,5400,312,315
5715,5718,Aegithalos caudatus,Long-tailed Tit,0.9714,248D9B016488729F_20260411_175500.WAV,14,0.0,1.0,0.25,BirdNET_GLOBAL_6K_V2.4_Model_FP32.tflite,248D9B016488729F_20260411_175500_chunk_009.wav,5400,315,318
5718,5721,Aegithalos caudatus,Long-tailed Tit,0.2640,248D9B016488729F_20260411_175500.WAV,14,0.0,1.0,0.25,BirdNET_GLOBAL_6K_V2.4_Model_FP32.tflite,248D9B016488729F_20260411_175500_chunk_009.wav,5400,318,321
5721,5724,Aegithalos caudatus,Long-tailed Tit,0.9073,248D9B016488729F_20260411_175500.WAV,14,0.0,1.0,0.25,BirdNET_GLOBAL_6K_V2.4_Model_FP32.tflite,248D9B016488729F_20260411_175500_chunk_009.wav,5400,321,324
5727,5730,Aegithalos caudatus,Long-tailed Tit,0.9593,248D9B016488729F_20260411_175500.WAV,14,0.0,1.0,0.25,BirdNET_GLOBAL_6K_V2.4_Model_FP32.tflite,248D9B016488729F_20260411_175500_chunk_009.wav,5400,327,330
5730,5733,Aegithalos caudatus,Long-tailed Tit,0.9921,248D9B016488729F_20260411_175500.WAV,14,0.0,1.0,0.25,BirdNET_GLOBAL_6K_V2.4_Model_FP32.tflite,248D9B016488729F_20260411_175500_chunk_009.wav,5400,330,333
5745,5748,Passer domesticus,House Sparrow,0.4964,248D9B016488729F_20260411_175500.WAV,14,0.0,1.0,0.25,BirdNET_GLOBAL_6K_V2.4_Model_FP32.tflite,248D9B016488729F_20260411_175500_chunk_009.wav,5400,345,348
5754,5757,Dendrocopos major,Great Spotted Woodpecker,0.3595,248D9B016488729F_20260411_175500.WAV,14,0.0,1.0,0.25,BirdNET_GLOBAL_6K_V2.4_Model_FP32.tflite,248D9B016488729F_20260411_175500_chunk_009.wav,5400,354,357
5796,5799,Phylloscopus collybita,Common Chiffchaff,0.4596,248D9B016488729F_20260411_175500.WAV,14,0.0,1.0,0.25,BirdNET_GLOBAL_6K_V2.4_Model_FP32.tflite,248D9B016488729F_20260411_175500_chunk_009.wav,5400,396,399
5886,5889,Turdus philomelos,Song Thrush,0.2781,248D9B016488729F_20260411_175500.WAV,14,0.0,1.0,0.25,BirdNET_GLOBAL_6K_V2.4_Model_FP32.tflite,248D9B016488729F_20260411_175500_chunk_009.wav,5400,486,489
6147,6150,Fulica atra,Eurasian Coot,0.2848,248D9B016488729F_20260411_175500.WAV,14,0.0,1.0,0.25,BirdNET_GLOBAL_6K_V2.4_Model_FP32.tflite,248D9B016488729F_20260411_175500_chunk_010.wav,6000,147,150
6147,6150,Gallinula chloropus,Eurasian Moorhen,0.2614,248D9B016488729F_20260411_175500.WAV,14,0.0,1.0,0.25,BirdNET_GLOBAL_6K_V2.4_Model_FP32.tflite,248D9B016488729F_20260411_175500_chunk_010.wav,6000,147,150
6159,6162,Corvus monedula,Eurasian Jackdaw,0.3289,248D9B016488729F_20260411_175500.WAV,14,0.0,1.0,0.25,BirdNET_GLOBAL_6K_V2.4_Model_FP32.tflite,248D9B016488729F_20260411_175500_chunk_010.wav,6000,159,162
6171,6174,Chloris chloris,European Greenfinch,0.8319,248D9B016488729F_20260411_175500.WAV,14,0.0,1.0,0.25,BirdNET_GLOBAL_6K_V2.4_Model_FP32.tflite,248D9B016488729F_20260411_175500_chunk_010.wav,6000,171,174
6174,6177,Chloris chloris,European Greenfinch,0.4687,248D9B016488729F_20260411_175500.WAV,14,0.0,1.0,0.25,BirdNET_GLOBAL_6K_V2.4_Model_FP32.tflite,248D9B016488729F_20260411_175500_chunk_010.wav,6000,174,177
6207,6210,Chloris chloris,European Greenfinch,0.3184,248D9B016488729F_20260411_175500.WAV,14,0.0,1.0,0.25,BirdNET_GLOBAL_6K_V2.4_Model_FP32.tflite,248D9B016488729F_20260411_175500_chunk_010.wav,6000,207,210
6210,6213,Columba livia,Rock Pigeon,0.7190,248D9B016488729F_20260411_175500.WAV,14,0.0,1.0,0.25,BirdNET_GLOBAL_6K_V2.4_Model_FP32.tflite,248D9B016488729F_20260411_175500_chunk_010.wav,6000,210,213
6216,6219,Chloris chloris,European Greenfinch,0.6764,248D9B016488729F_20260411_175500.WAV,14,0.0,1.0,0.25,BirdNET_GLOBAL_6K_V2.4_Model_FP32.tflite,248D9B016488729F_20260411_175500_chunk_010.wav,6000,216,219
6219,6222,Chloris chloris,European Greenfinch,0.3082,248D9B016488729F_20260411_175500.WAV,14,0.0,1.0,0.25,BirdNET_GLOBAL_6K_V2.4_Model_FP32.tflite,248D9B016488729F_20260411_175500_chunk_010.wav,6000,219,222
6222,6225,Chloris chloris,European Greenfinch,0.5960,248D9B016488729F_20260411_175500.WAV,14,0.0,1.0,0.25,BirdNET_GLOBAL_6K_V2.4_Model_FP32.tflite,248D9B016488729F_20260411_175500_chunk_010.wav,6000,222,225
6228,6231,Chloris chloris,European Greenfinch,0.5084,248D9B016488729F_20260411_175500.WAV,14,0.0,1.0,0.25,BirdNET_GLOBAL_6K_V2.4_Model_FP32.tflite,248D9B016488729F_20260411_175500_chunk_010.wav,6000,228,231
6240,6243,Chloris chloris,European Greenfinch,0.6879,248D9B016488729F_20260411_175500.WAV,14,0.0,1.0,0.25,BirdNET_GLOBAL_6K_V2.4_Model_FP32.tflite,248D9B016488729F_20260411_175500_chunk_010.wav,6000,240,243
6243,6246,Chloris chloris,European Greenfinch,0.2973,248D9B016488729F_20260411_175500.WAV,14,0.0,1.0,0.25,BirdNET_GLOBAL_6K_V2.4_Model_FP32.tflite,248D9B016488729F_20260411_175500_chunk_010.wav,6000,243,246
6249,6252,Chloris chloris,European Greenfinch,0.3888,248D9B016488729F_20260411_175500.WAV,14,0.0,1.0,0.25,BirdNET_GLOBAL_6K_V2.4_Model_FP32.tflite,248D9B016488729F_20260411_175500_chunk_010.wav,6000,249,252
6252,6255,Chloris chloris,European Greenfinch,0.6555,248D9B016488729F_20260411_175500.WAV,14,0.0,1.0,0.25,BirdNET_GLOBAL_6K_V2.4_Model_FP32.tflite,248D9B016488729F_20260411_175500_chunk_010.wav,6000,252,255
6276,6279,Chloris chloris,European Greenfinch,0.8485,248D9B016488729F_20260411_175500.WAV,14,0.0,1.0,0.25,BirdNET_GLOBAL_6K_V2.4_Model_FP32.tflite,248D9B016488729F_20260411_175500_chunk_010.wav,6000,276,279
6285,6288,Regulus regulus,Goldcrest,0.4651,248D9B016488729F_20260411_175500.WAV,14,0.0,1.0,0.25,BirdNET_GLOBAL_6K_V2.4_Model_FP32.tflite,248D9B016488729F_20260411_175500_chunk_010.wav,6000,285,288
6288,6291,Chloris chloris,European Greenfinch,0.6340,248D9B016488729F_20260411_175500.WAV,14,0.0,1.0,0.25,BirdNET_GLOBAL_6K_V2.4_Model_FP32.tflite,248D9B016488729F_20260411_175500_chunk_010.wav,6000,288,291
6300,6303,Chloris chloris,European Greenfinch,0.8729,248D9B016488729F_20260411_175500.WAV,14,0.0,1.0,0.25,BirdNET_GLOBAL_6K_V2.4_Model_FP32.tflite,248D9B016488729F_20260411_175500_chunk_010.wav,6000,300,303
6306,6309,Chloris chloris,European Greenfinch,0.3909,248D9B016488729F_20260411_175500.WAV,14,0.0,1.0,0.25,BirdNET_GLOBAL_6K_V2.4_Model_FP32.tflite,248D9B016488729F_20260411_175500_chunk_010.wav,6000,306,309
6312,6315,Chloris chloris,European Greenfinch,0.9462,248D9B016488729F_20260411_175500.WAV,14,0.0,1.0,0.25,BirdNET_GLOBAL_6K_V2.4_Model_FP32.tflite,248D9B016488729F_20260411_175500_chunk_010.wav,6000,312,315
6330,6333,Columba palumbus,Common Wood-Pigeon,0.5527,248D9B016488729F_20260411_175500.WAV,14,0.0,1.0,0.25,BirdNET_GLOBAL_6K_V2.4_Model_FP32.tflite,248D9B016488729F_20260411_175500_chunk_010.wav,6000,330,333
6339,6342,Phylloscopus collybita,Common Chiffchaff,0.7830,248D9B016488729F_20260411_175500.WAV,14,0.0,1.0,0.25,BirdNET_GLOBAL_6K_V2.4_Model_FP32.tflite,248D9B016488729F_20260411_175500_chunk_010.wav,6000,339,342
6369,6372,Phylloscopus collybita,Common Chiffchaff,0.4067,248D9B016488729F_20260411_175500.WAV,14,0.0,1.0,0.25,BirdNET_GLOBAL_6K_V2.4_Model_FP32.tflite,248D9B016488729F_20260411_175500_chunk_010.wav,6000,369,372
6375,6378,Chloris chloris,European Greenfinch,0.8542,248D9B016488729F_20260411_175500.WAV,14,0.0,1.0,0.25,BirdNET_GLOBAL_6K_V2.4_Model_FP32.tflite,248D9B016488729F_20260411_175500_chunk_010.wav,6000,375,378
6384,6387,Phylloscopus collybita,Common Chiffchaff,0.4594,248D9B016488729F_20260411_175500.WAV,14,0.0,1.0,0.25,BirdNET_GLOBAL_6K_V2.4_Model_FP32.tflite,248D9B016488729F_20260411_175500_chunk_010.wav,6000,384,387
6405,6408,Phylloscopus collybita,Common Chiffchaff,0.5632,248D9B016488729F_20260411_175500.WAV,14,0.0,1.0,0.25,BirdNET_GLOBAL_6K_V2.4_Model_FP32.tflite,248D9B016488729F_20260411_175500_chunk_010.wav,6000,405,408
6519,6522,Phylloscopus collybita,Common Chiffchaff,0.3508,248D9B016488729F_20260411_175500.WAV,14,0.0,1.0,0.25,BirdNET_GLOBAL_6K_V2.4_Model_FP32.tflite,248D9B016488729F_20260411_175500_chunk_010.wav,6000,519,522
6558,6561,Chloris chloris,European Greenfinch,0.5295,248D9B016488729F_20260411_175500.WAV,14,0.0,1.0,0.25,BirdNET_GLOBAL_6K_V2.4_Model_FP32.tflite,248D9B016488729F_20260411_175500_chunk_010.wav,6000,558,561
6561,6564,Chloris chloris,European Greenfinch,0.9519,248D9B016488729F_20260411_175500.WAV,14,0.0,1.0,0.25,BirdNET_GLOBAL_6K_V2.4_Model_FP32.tflite,248D9B016488729F_20260411_175500_chunk_010.wav,6000,561,564
6564,6567,Chloris chloris,European Greenfinch,0.9286,248D9B016488729F_20260411_175500.WAV,14,0.0,1.0,0.25,BirdNET_GLOBAL_6K_V2.4_Model_FP32.tflite,248D9B016488729F_20260411_175500_chunk_010.wav,6000,564,567
6567,6570,Chloris chloris,European Greenfinch,0.9731,248D9B016488729F_20260411_175500.WAV,14,0.0,1.0,0.25,BirdNET_GLOBAL_6K_V2.4_Model_FP32.tflite,248D9B016488729F_20260411_175500_chunk_010.wav,6000,567,570
6570,6573,Chloris chloris,European Greenfinch,0.9581,248D9B016488729F_20260411_175500.WAV,14,0.0,1.0,0.25,BirdNET_GLOBAL_6K_V2.4_Model_FP32.tflite,248D9B016488729F_20260411_175500_chunk_010.wav,6000,570,573
6576,6579,Phylloscopus collybita,Common Chiffchaff,0.3823,248D9B016488729F_20260411_175500.WAV,14,0.0,1.0,0.25,BirdNET_GLOBAL_6K_V2.4_Model_FP32.tflite,248D9B016488729F_20260411_175500_chunk_010.wav,6000,576,579
6576,6579,Pica pica,Eurasian Magpie,0.3324,248D9B016488729F_20260411_175500.WAV,14,0.0,1.0,0.25,BirdNET_GLOBAL_6K_V2.4_Model_FP32.tflite,248D9B016488729F_20260411_175500_chunk_010.wav,6000,576,579
6579,6582,Phylloscopus collybita,Common Chiffchaff,0.6770,248D9B016488729F_20260411_175500.WAV,14,0.0,1.0,0.25,BirdNET_GLOBAL_6K_V2.4_Model_FP32.tflite,248D9B016488729F_20260411_175500_chunk_010.wav,6000,579,582
6591,6594,Phylloscopus collybita,Common Chiffchaff,0.3899,248D9B016488729F_20260411_175500.WAV,14,0.0,1.0,0.25,BirdNET_GLOBAL_6K_V2.4_Model_FP32.tflite,248D9B016488729F_20260411_175500_chunk_010.wav,6000,591,594
6600,6603,Corvus monedula,Eurasian Jackdaw,0.3531,248D9B016488729F_20260411_175500.WAV,14,0.0,1.0,0.25,BirdNET_GLOBAL_6K_V2.4_Model_FP32.tflite,248D9B016488729F_20260411_175500_chunk_011.wav,6600,0,3
6624,6627,Phylloscopus collybita,Common Chiffchaff,0.6510,248D9B016488729F_20260411_175500.WAV,14,0.0,1.0,0.25,BirdNET_GLOBAL_6K_V2.4_Model_FP32.tflite,248D9B016488729F_20260411_175500_chunk_011.wav,6600,24,27
6627,6630,Phylloscopus collybita,Common Chiffchaff,0.3586,248D9B016488729F_20260411_175500.WAV,14,0.0,1.0,0.25,BirdNET_GLOBAL_6K_V2.4_Model_FP32.tflite,248D9B016488729F_20260411_175500_chunk_011.wav,6600,27,30
6642,6645,Phylloscopus collybita,Common Chiffchaff,0.5789,248D9B016488729F_20260411_175500.WAV,14,0.0,1.0,0.25,BirdNET_GLOBAL_6K_V2.4_Model_FP32.tflite,248D9B016488729F_20260411_175500_chunk_011.wav,6600,42,45
6792,6795,Corvus monedula,Eurasian Jackdaw,0.2747,248D9B016488729F_20260411_175500.WAV,14,0.0,1.0,0.25,BirdNET_GLOBAL_6K_V2.4_Model_FP32.tflite,248D9B016488729F_20260411_175500_chunk_011.wav,6600,192,195
6795,6798,Corvus monedula,Eurasian Jackdaw,0.3269,248D9B016488729F_20260411_175500.WAV,14,0.0,1.0,0.25,BirdNET_GLOBAL_6K_V2.4_Model_FP32.tflite,248D9B016488729F_20260411_175500_chunk_011.wav,6600,195,198
6846,6849,Corvus monedula,Eurasian Jackdaw,0.5664,248D9B016488729F_20260411_175500.WAV,14,0.0,1.0,0.25,BirdNET_GLOBAL_6K_V2.4_Model_FP32.tflite,248D9B016488729F_20260411_175500_chunk_011.wav,6600,246,249
6855,6858,Corvus monedula,Eurasian Jackdaw,0.6485,248D9B016488729F_20260411_175500.WAV,14,0.0,1.0,0.25,BirdNET_GLOBAL_6K_V2.4_Model_FP32.tflite,248D9B016488729F_20260411_175500_chunk_011.wav,6600,255,258
6963,6966,Carduelis carduelis,European Goldfinch,0.2640,248D9B016488729F_20260411_175500.WAV,14,0.0,1.0,0.25,BirdNET_GLOBAL_6K_V2.4_Model_FP32.tflite,248D9B016488729F_20260411_175500_chunk_011.wav,6600,363,366
7092,7095,Phylloscopus collybita,Common Chiffchaff,0.5751,248D9B016488729F_20260411_175500.WAV,14,0.0,1.0,0.25,BirdNET_GLOBAL_6K_V2.4_Model_FP32.tflite,248D9B016488729F_20260411_175500_chunk_011.wav,6600,492,495
7158,7161,Chloris chloris,European Greenfinch,0.5138,248D9B016488729F_20260411_175500.WAV,14,0.0,1.0,0.25,BirdNET_GLOBAL_6K_V2.4_Model_FP32.tflite,248D9B016488729F_20260411_175500_chunk_011.wav,6600,558,561
7170,7173,Chloris chloris,European Greenfinch,0.3532,248D9B016488729F_20260411_175500.WAV,14,0.0,1.0,0.25,BirdNET_GLOBAL_6K_V2.4_Model_FP32.tflite,248D9B016488729F_20260411_175500_chunk_011.wav,6600,570,573
7176,7179,Chloris chloris,European Greenfinch,0.5487,248D9B016488729F_20260411_175500.WAV,14,0.0,1.0,0.25,BirdNET_GLOBAL_6K_V2.4_Model_FP32.tflite,248D9B016488729F_20260411_175500_chunk_011.wav,6600,576,579
7209,7212,Chloris chloris,European Greenfinch,0.4211,248D9B016488729F_20260411_175500.WAV,14,0.0,1.0,0.25,BirdNET_GLOBAL_6K_V2.4_Model_FP32.tflite,248D9B016488729F_20260411_175500_chunk_012.wav,7200,9,12
7215,7218,Chloris chloris,European Greenfinch,0.7136,248D9B016488729F_20260411_175500.WAV,14,0.0,1.0,0.25,BirdNET_GLOBAL_6K_V2.4_Model_FP32.tflite,248D9B016488729F_20260411_175500_chunk_012.wav,7200,15,18
7227,7230,Chloris chloris,European Greenfinch,0.6200,248D9B016488729F_20260411_175500.WAV,14,0.0,1.0,0.25,BirdNET_GLOBAL_6K_V2.4_Model_FP32.tflite,248D9B016488729F_20260411_175500_chunk_012.wav,7200,27,30
7230,7233,Corvus monedula,Eurasian Jackdaw,0.2531,248D9B016488729F_20260411_175500.WAV,14,0.0,1.0,0.25,BirdNET_GLOBAL_6K_V2.4_Model_FP32.tflite,248D9B016488729F_20260411_175500_chunk_012.wav,7200,30,33
7233,7236,Chloris chloris,European Greenfinch,0.6549,248D9B016488729F_20260411_175500.WAV,14,0.0,1.0,0.25,BirdNET_GLOBAL_6K_V2.4_Model_FP32.tflite,248D9B016488729F_20260411_175500_chunk_012.wav,7200,33,36
7242,7245,Chloris chloris,European Greenfinch,0.5740,248D9B016488729F_20260411_175500.WAV,14,0.0,1.0,0.25,BirdNET_GLOBAL_6K_V2.4_Model_FP32.tflite,248D9B016488729F_20260411_175500_chunk_012.wav,7200,42,45
7248,7251,Chloris chloris,European Greenfinch,0.7621,248D9B016488729F_20260411_175500.WAV,14,0.0,1.0,0.25,BirdNET_GLOBAL_6K_V2.4_Model_FP32.tflite,248D9B016488729F_20260411_175500_chunk_012.wav,7200,48,51
7281,7284,Calidris alpina,Dunlin,0.6269,248D9B016488729F_20260411_175500.WAV,14,0.0,1.0,0.25,BirdNET_GLOBAL_6K_V2.4_Model_FP32.tflite,248D9B016488729F_20260411_175500_chunk_012.wav,7200,81,84
7287,7290,Chloris chloris,European Greenfinch,0.6914,248D9B016488729F_20260411_175500.WAV,14,0.0,1.0,0.25,BirdNET_GLOBAL_6K_V2.4_Model_FP32.tflite,248D9B016488729F_20260411_175500_chunk_012.wav,7200,87,90
7299,7302,Chloris chloris,European Greenfinch,0.5225,248D9B016488729F_20260411_175500.WAV,14,0.0,1.0,0.25,BirdNET_GLOBAL_6K_V2.4_Model_FP32.tflite,248D9B016488729F_20260411_175500_chunk_012.wav,7200,99,102
7305,7308,Troglodytes troglodytes,Eurasian Wren,0.2861,248D9B016488729F_20260411_175500.WAV,14,0.0,1.0,0.25,BirdNET_GLOBAL_6K_V2.4_Model_FP32.tflite,248D9B016488729F_20260411_175500_chunk_012.wav,7200,105,108
7323,7326,Turdus iliacus,Redwing,0.4098,248D9B016488729F_20260411_175500.WAV,14,0.0,1.0,0.25,BirdNET_GLOBAL_6K_V2.4_Model_FP32.tflite,248D9B016488729F_20260411_175500_chunk_012.wav,7200,123,126
7389,7392,Chloris chloris,European Greenfinch,0.2724,248D9B016488729F_20260411_175500.WAV,14,0.0,1.0,0.25,BirdNET_GLOBAL_6K_V2.4_Model_FP32.tflite,248D9B016488729F_20260411_175500_chunk_012.wav,7200,189,192
7392,7395,Chloris chloris,European Greenfinch,0.5176,248D9B016488729F_20260411_175500.WAV,14,0.0,1.0,0.25,BirdNET_GLOBAL_6K_V2.4_Model_FP32.tflite,248D9B016488729F_20260411_175500_chunk_012.wav,7200,192,195
7401,7404,Chloris chloris,European Greenfinch,0.6775,248D9B016488729F_20260411_175500.WAV,14,0.0,1.0,0.25,BirdNET_GLOBAL_6K_V2.4_Model_FP32.tflite,248D9B016488729F_20260411_175500_chunk_012.wav,7200,201,204
7407,7410,Chloris chloris,European Greenfinch,0.8168,248D9B016488729F_20260411_175500.WAV,14,0.0,1.0,0.25,BirdNET_GLOBAL_6K_V2.4_Model_FP32.tflite,248D9B016488729F_20260411_175500_chunk_012.wav,7200,207,210
7419,7422,Chloris chloris,European Greenfinch,0.5063,248D9B016488729F_20260411_175500.WAV,14,0.0,1.0,0.25,BirdNET_GLOBAL_6K_V2.4_Model_FP32.tflite,248D9B016488729F_20260411_175500_chunk_012.wav,7200,219,222
7434,7437,Chloris chloris,European Greenfinch,0.7796,248D9B016488729F_20260411_175500.WAV,14,0.0,1.0,0.25,BirdNET_GLOBAL_6K_V2.4_Model_FP32.tflite,248D9B016488729F_20260411_175500_chunk_012.wav,7200,234,237
7449,7452,Chloris chloris,European Greenfinch,0.2865,248D9B016488729F_20260411_175500.WAV,14,0.0,1.0,0.25,BirdNET_GLOBAL_6K_V2.4_Model_FP32.tflite,248D9B016488729F_20260411_175500_chunk_012.wav,7200,249,252
7458,7461,Chloris chloris,European Greenfinch,0.3209,248D9B016488729F_20260411_175500.WAV,14,0.0,1.0,0.25,BirdNET_GLOBAL_6K_V2.4_Model_FP32.tflite,248D9B016488729F_20260411_175500_chunk_012.wav,7200,258,261
7470,7473,Chloris chloris,European Greenfinch,0.6049,248D9B016488729F_20260411_175500.WAV,14,0.0,1.0,0.25,BirdNET_GLOBAL_6K_V2.4_Model_FP32.tflite,248D9B016488729F_20260411_175500_chunk_012.wav,7200,270,273
7551,7554,Passer domesticus,House Sparrow,0.3316,248D9B016488729F_20260411_175500.WAV,14,0.0,1.0,0.25,BirdNET_GLOBAL_6K_V2.4_Model_FP32.tflite,248D9B016488729F_20260411_175500_chunk_012.wav,7200,351,354
7617,7620,Pica pica,Eurasian Magpie,0.4870,248D9B016488729F_20260411_175500.WAV,14,0.0,1.0,0.25,BirdNET_GLOBAL_6K_V2.4_Model_FP32.tflite,248D9B016488729F_20260411_175500_chunk_012.wav,7200,417,420
7713,7716,Turdus philomelos,Song Thrush,0.5432,248D9B016488729F_20260411_175500.WAV,14,0.0,1.0,0.25,BirdNET_GLOBAL_6K_V2.4_Model_FP32.tflite,248D9B016488729F_20260411_175500_chunk_012.wav,7200,513,516
7794,7797,Turdus philomelos,Song Thrush,0.3082,248D9B016488729F_20260411_175500.WAV,14,0.0,1.0,0.25,BirdNET_GLOBAL_6K_V2.4_Model_FP32.tflite,248D9B016488729F_20260411_175500_chunk_012.wav,7200,594,597
7806,7809,Turdus philomelos,Song Thrush,0.8428,248D9B016488729F_20260411_175500.WAV,14,0.0,1.0,0.25,BirdNET_GLOBAL_6K_V2.4_Model_FP32.tflite,248D9B016488729F_20260411_175500_chunk_013.wav,7800,6,9
7827,7830,Erithacus rubecula,European Robin,0.2897,248D9B016488729F_20260411_175500.WAV,14,0.0,1.0,0.25,BirdNET_GLOBAL_6K_V2.4_Model_FP32.tflite,248D9B016488729F_20260411_175500_chunk_013.wav,7800,27,30
7851,7854,Turdus philomelos,Song Thrush,0.3456,248D9B016488729F_20260411_175500.WAV,14,0.0,1.0,0.25,BirdNET_GLOBAL_6K_V2.4_Model_FP32.tflite,248D9B016488729F_20260411_175500_chunk_013.wav,7800,51,54
7854,7857,Turdus philomelos,Song Thrush,0.8353,248D9B016488729F_20260411_175500.WAV,14,0.0,1.0,0.25,BirdNET_GLOBAL_6K_V2.4_Model_FP32.tflite,248D9B016488729F_20260411_175500_chunk_013.wav,7800,54,57
7899,7902,Turdus philomelos,Song Thrush,0.4718,248D9B016488729F_20260411_175500.WAV,14,0.0,1.0,0.25,BirdNET_GLOBAL_6K_V2.4_Model_FP32.tflite,248D9B016488729F_20260411_175500_chunk_013.wav,7800,99,102
7935,7938,Phylloscopus collybita,Common Chiffchaff,0.5043,248D9B016488729F_20260411_175500.WAV,14,0.0,1.0,0.25,BirdNET_GLOBAL_6K_V2.4_Model_FP32.tflite,248D9B016488729F_20260411_175500_chunk_013.wav,7800,135,138
7944,7947,Phylloscopus collybita,Common Chiffchaff,0.2705,248D9B016488729F_20260411_175500.WAV,14,0.0,1.0,0.25,BirdNET_GLOBAL_6K_V2.4_Model_FP32.tflite,248D9B016488729F_20260411_175500_chunk_013.wav,7800,144,147
7953,7956,Passer domesticus,House Sparrow,0.2692,248D9B016488729F_20260411_175500.WAV,14,0.0,1.0,0.25,BirdNET_GLOBAL_6K_V2.4_Model_FP32.tflite,248D9B016488729F_20260411_175500_chunk_013.wav,7800,153,156
7992,7995,Passer domesticus,House Sparrow,0.2744,248D9B016488729F_20260411_175500.WAV,14,0.0,1.0,0.25,BirdNET_GLOBAL_6K_V2.4_Model_FP32.tflite,248D9B016488729F_20260411_175500_chunk_013.wav,7800,192,195
7998,8001,Larus argentatus,Herring Gull,0.8617,248D9B016488729F_20260411_175500.WAV,14,0.0,1.0,0.25,BirdNET_GLOBAL_6K_V2.4_Model_FP32.tflite,248D9B016488729F_20260411_175500_chunk_013.wav,7800,198,201
8052,8055,Passer domesticus,House Sparrow,0.3730,248D9B016488729F_20260411_175500.WAV,14,0.0,1.0,0.25,BirdNET_GLOBAL_6K_V2.4_Model_FP32.tflite,248D9B016488729F_20260411_175500_chunk_013.wav,7800,252,255
8070,8073,Passer domesticus,House Sparrow,0.3951,248D9B016488729F_20260411_175500.WAV,14,0.0,1.0,0.25,BirdNET_GLOBAL_6K_V2.4_Model_FP32.tflite,248D9B016488729F_20260411_175500_chunk_013.wav,7800,270,273
8079,8082,Phylloscopus collybita,Common Chiffchaff,0.2564,248D9B016488729F_20260411_175500.WAV,14,0.0,1.0,0.25,BirdNET_GLOBAL_6K_V2.4_Model_FP32.tflite,248D9B016488729F_20260411_175500_chunk_013.wav,7800,279,282
8100,8103,Phylloscopus collybita,Common Chiffchaff,0.9165,248D9B016488729F_20260411_175500.WAV,14,0.0,1.0,0.25,BirdNET_GLOBAL_6K_V2.4_Model_FP32.tflite,248D9B016488729F_20260411_175500_chunk_013.wav,7800,300,303
8103,8106,Phylloscopus collybita,Common Chiffchaff,0.2589,248D9B016488729F_20260411_175500.WAV,14,0.0,1.0,0.25,BirdNET_GLOBAL_6K_V2.4_Model_FP32.tflite,248D9B016488729F_20260411_175500_chunk_013.wav,7800,303,306
8109,8112,Phylloscopus collybita,Common Chiffchaff,0.3511,248D9B016488729F_20260411_175500.WAV,14,0.0,1.0,0.25,BirdNET_GLOBAL_6K_V2.4_Model_FP32.tflite,248D9B016488729F_20260411_175500_chunk_013.wav,7800,309,312
8118,8121,Phylloscopus collybita,Common Chiffchaff,0.3927,248D9B016488729F_20260411_175500.WAV,14,0.0,1.0,0.25,BirdNET_GLOBAL_6K_V2.4_Model_FP32.tflite,248D9B016488729F_20260411_175500_chunk_013.wav,7800,318,321
8121,8124,Phylloscopus collybita,Common Chiffchaff,0.9123,248D9B016488729F_20260411_175500.WAV,14,0.0,1.0,0.25,BirdNET_GLOBAL_6K_V2.4_Model_FP32.tflite,248D9B016488729F_20260411_175500_chunk_013.wav,7800,321,324
8124,8127,Passer domesticus,House Sparrow,0.3602,248D9B016488729F_20260411_175500.WAV,14,0.0,1.0,0.25,BirdNET_GLOBAL_6K_V2.4_Model_FP32.tflite,248D9B016488729F_20260411_175500_chunk_013.wav,7800,324,327
8127,8130,Phylloscopus collybita,Common Chiffchaff,0.8804,248D9B016488729F_20260411_175500.WAV,14,0.0,1.0,0.25,BirdNET_GLOBAL_6K_V2.4_Model_FP32.tflite,248D9B016488729F_20260411_175500_chunk_013.wav,7800,327,330
8130,8133,Phylloscopus collybita,Common Chiffchaff,0.4528,248D9B016488729F_20260411_175500.WAV,14,0.0,1.0,0.25,BirdNET_GLOBAL_6K_V2.4_Model_FP32.tflite,248D9B016488729F_20260411_175500_chunk_013.wav,7800,330,333
8133,8136,Phylloscopus collybita,Common Chiffchaff,0.8336,248D9B016488729F_20260411_175500.WAV,14,0.0,1.0,0.25,BirdNET_GLOBAL_6K_V2.4_Model_FP32.tflite,248D9B016488729F_20260411_175500_chunk_013.wav,7800,333,336
8136,8139,Phylloscopus collybita,Common Chiffchaff,0.4053,248D9B016488729F_20260411_175500.WAV,14,0.0,1.0,0.25,BirdNET_GLOBAL_6K_V2.4_Model_FP32.tflite,248D9B016488729F_20260411_175500_chunk_013.wav,7800,336,339
8208,8211,Passer domesticus,House Sparrow,0.4322,248D9B016488729F_20260411_175500.WAV,14,0.0,1.0,0.25,BirdNET_GLOBAL_6K_V2.4_Model_FP32.tflite,248D9B016488729F_20260411_175500_chunk_013.wav,7800,408,411
8211,8214,Turdus philomelos,Song Thrush,0.6162,248D9B016488729F_20260411_175500.WAV,14,0.0,1.0,0.25,BirdNET_GLOBAL_6K_V2.4_Model_FP32.tflite,248D9B016488729F_20260411_175500_chunk_013.wav,7800,411,414
8226,8229,Turdus philomelos,Song Thrush,0.5569,248D9B016488729F_20260411_175500.WAV,14,0.0,1.0,0.25,BirdNET_GLOBAL_6K_V2.4_Model_FP32.tflite,248D9B016488729F_20260411_175500_chunk_013.wav,7800,426,429
8226,8229,Erithacus rubecula,European Robin,0.4463,248D9B016488729F_20260411_175500.WAV,14,0.0,1.0,0.25,BirdNET_GLOBAL_6K_V2.4_Model_FP32.tflite,248D9B016488729F_20260411_175500_chunk_013.wav,7800,426,429
8244,8247,Turdus philomelos,Song Thrush,0.8978,248D9B016488729F_20260411_175500.WAV,14,0.0,1.0,0.25,BirdNET_GLOBAL_6K_V2.4_Model_FP32.tflite,248D9B016488729F_20260411_175500_chunk_013.wav,7800,444,447
8400,8403,Pluvialis apricaria,European Golden-Plover,0.3542,248D9B016488729F_20260411_175500.WAV,14,0.0,1.0,0.25,BirdNET_GLOBAL_6K_V2.4_Model_FP32.tflite,248D9B016488729F_20260411_175500_chunk_014.wav,8400,0,3
8487,8490,Erithacus rubecula,European Robin,0.3056,248D9B016488729F_20260411_175500.WAV,14,0.0,1.0,0.25,BirdNET_GLOBAL_6K_V2.4_Model_FP32.tflite,248D9B016488729F_20260411_175500_chunk_014.wav,8400,87,90
8541,8544,Pica pica,Eurasian Magpie,0.6733,248D9B016488729F_20260411_175500.WAV,14,0.0,1.0,0.25,BirdNET_GLOBAL_6K_V2.4_Model_FP32.tflite,248D9B016488729F_20260411_175500_chunk_014.wav,8400,141,144
8550,8553,Erithacus rubecula,European Robin,0.4198,248D9B016488729F_20260411_175500.WAV,14,0.0,1.0,0.25,BirdNET_GLOBAL_6K_V2.4_Model_FP32.tflite,248D9B016488729F_20260411_175500_chunk_014.wav,8400,150,153
8559,8562,Pica pica,Eurasian Magpie,0.8327,248D9B016488729F_20260411_175500.WAV,14,0.0,1.0,0.25,BirdNET_GLOBAL_6K_V2.4_Model_FP32.tflite,248D9B016488729F_20260411_175500_chunk_014.wav,8400,159,162
8610,8613,Pica pica,Eurasian Magpie,0.8885,248D9B016488729F_20260411_175500.WAV,14,0.0,1.0,0.25,BirdNET_GLOBAL_6K_V2.4_Model_FP32.tflite,248D9B016488729F_20260411_175500_chunk_014.wav,8400,210,213
8613,8616,Pica pica,Eurasian Magpie,0.8347,248D9B016488729F_20260411_175500.WAV,14,0.0,1.0,0.25,BirdNET_GLOBAL_6K_V2.4_Model_FP32.tflite,248D9B016488729F_20260411_175500_chunk_014.wav,8400,213,216
8622,8625,Pica pica,Eurasian Magpie,0.9347,248D9B016488729F_20260411_175500.WAV,14,0.0,1.0,0.25,BirdNET_GLOBAL_6K_V2.4_Model_FP32.tflite,248D9B016488729F_20260411_175500_chunk_014.wav,8400,222,225
8634,8637,Pica pica,Eurasian Magpie,0.9615,248D9B016488729F_20260411_175500.WAV,14,0.0,1.0,0.25,BirdNET_GLOBAL_6K_V2.4_Model_FP32.tflite,248D9B016488729F_20260411_175500_chunk_014.wav,8400,234,237
8649,8652,Pluvialis apricaria,European Golden-Plover,0.2964,248D9B016488729F_20260411_175500.WAV,14,0.0,1.0,0.25,BirdNET_GLOBAL_6K_V2.4_Model_FP32.tflite,248D9B016488729F_20260411_175500_chunk_014.wav,8400,249,252
8823,8826,Gallinula chloropus,Eurasian Moorhen,0.4317,248D9B016488729F_20260411_175500.WAV,14,0.0,1.0,0.25,BirdNET_GLOBAL_6K_V2.4_Model_FP32.tflite,248D9B016488729F_20260411_175500_chunk_014.wav,8400,423,426
8946,8949,Turdus iliacus,Redwing,0.8255,248D9B016488729F_20260411_175500.WAV,14,0.0,1.0,0.25,BirdNET_GLOBAL_6K_V2.4_Model_FP32.tflite,248D9B016488729F_20260411_175500_chunk_014.wav,8400,546,549
8994,8997,Turdus iliacus,Redwing,0.3747,248D9B016488729F_20260411_175500.WAV,14,0.0,1.0,0.25,BirdNET_GLOBAL_6K_V2.4_Model_FP32.tflite,248D9B016488729F_20260411_175500_chunk_014.wav,8400,594,597
9018,9021,Erithacus rubecula,European Robin,0.2897,248D9B016488729F_20260411_175500.WAV,14,0.0,1.0,0.25,BirdNET_GLOBAL_6K_V2.4_Model_FP32.tflite,248D9B016488729F_20260411_175500_chunk_015.wav,9000,18,21
9042,9045,Turdus iliacus,Redwing,0.6934,248D9B016488729F_20260411_175500.WAV,14,0.0,1.0,0.25,BirdNET_GLOBAL_6K_V2.4_Model_FP32.tflite,248D9B016488729F_20260411_175500_chunk_015.wav,9000,42,45
9075,9078,Turdus iliacus,Redwing,0.2773,248D9B016488729F_20260411_175500.WAV,14,0.0,1.0,0.25,BirdNET_GLOBAL_6K_V2.4_Model_FP32.tflite,248D9B016488729F_20260411_175500_chunk_015.wav,9000,75,78
9090,9093,Turdus iliacus,Redwing,0.7217,248D9B016488729F_20260411_175500.WAV,14,0.0,1.0,0.25,BirdNET_GLOBAL_6K_V2.4_Model_FP32.tflite,248D9B016488729F_20260411_175500_chunk_015.wav,9000,90,93
9093,9096,Erithacus rubecula,European Robin,0.3222,248D9B016488729F_20260411_175500.WAV,14,0.0,1.0,0.25,BirdNET_GLOBAL_6K_V2.4_Model_FP32.tflite,248D9B016488729F_20260411_175500_chunk_015.wav,9000,93,96
9093,9096,Turdus iliacus,Redwing,0.3091,248D9B016488729F_20260411_175500.WAV,14,0.0,1.0,0.25,BirdNET_GLOBAL_6K_V2.4_Model_FP32.tflite,248D9B016488729F_20260411_175500_chunk_015.wav,9000,93,96
9111,9114,Larus argentatus,Herring Gull,0.7141,248D9B016488729F_20260411_175500.WAV,14,0.0,1.0,0.25,BirdNET_GLOBAL_6K_V2.4_Model_FP32.tflite,248D9B016488729F_20260411_175500_chunk_015.wav,9000,111,114
9117,9120,Larus argentatus,Herring Gull,0.8471,248D9B016488729F_20260411_175500.WAV,14,0.0,1.0,0.25,BirdNET_GLOBAL_6K_V2.4_Model_FP32.tflite,248D9B016488729F_20260411_175500_chunk_015.wav,9000,117,120
9120,9123,Larus argentatus,Herring Gull,0.3983,248D9B016488729F_20260411_175500.WAV,14,0.0,1.0,0.25,BirdNET_GLOBAL_6K_V2.4_Model_FP32.tflite,248D9B016488729F_20260411_175500_chunk_015.wav,9000,120,123
9123,9126,Larus argentatus,Herring Gull,0.5525,248D9B016488729F_20260411_175500.WAV,14,0.0,1.0,0.25,BirdNET_GLOBAL_6K_V2.4_Model_FP32.tflite,248D9B016488729F_20260411_175500_chunk_015.wav,9000,123,126
9324,9327,Turdus merula,Eurasian Blackbird,0.4119,248D9B016488729F_20260411_175500.WAV,14,0.0,1.0,0.25,BirdNET_GLOBAL_6K_V2.4_Model_FP32.tflite,248D9B016488729F_20260411_175500_chunk_015.wav,9000,324,327
9372,9375,Corvus corone,Carrion Crow,0.3911,248D9B016488729F_20260411_175500.WAV,14,0.0,1.0,0.25,BirdNET_GLOBAL_6K_V2.4_Model_FP32.tflite,248D9B016488729F_20260411_175500_chunk_015.wav,9000,372,375
9576,9579,Branta canadensis,Canada Goose,0.9251,248D9B016488729F_20260411_175500.WAV,14,0.0,1.0,0.25,BirdNET_GLOBAL_6K_V2.4_Model_FP32.tflite,248D9B016488729F_20260411_175500_chunk_015.wav,9000,576,579
9579,9582,Branta canadensis,Canada Goose,0.8063,248D9B016488729F_20260411_175500.WAV,14,0.0,1.0,0.25,BirdNET_GLOBAL_6K_V2.4_Model_FP32.tflite,248D9B016488729F_20260411_175500_chunk_015.wav,9000,579,582
9582,9585,Branta canadensis,Canada Goose,0.3391,248D9B016488729F_20260411_175500.WAV,14,0.0,1.0,0.25,BirdNET_GLOBAL_6K_V2.4_Model_FP32.tflite,248D9B016488729F_20260411_175500_chunk_015.wav,9000,582,585
9672,9675,Pluvialis apricaria,European Golden-Plover,0.3021,248D9B016488729F_20260411_175500.WAV,14,0.0,1.0,0.25,BirdNET_GLOBAL_6K_V2.4_Model_FP32.tflite,248D9B016488729F_20260411_175500_chunk_016.wav,9600,72,75
9693,9696,Pluvialis apricaria,European Golden-Plover,0.4984,248D9B016488729F_20260411_175500.WAV,14,0.0,1.0,0.25,BirdNET_GLOBAL_6K_V2.4_Model_FP32.tflite,248D9B016488729F_20260411_175500_chunk_016.wav,9600,93,96
9756,9759,Pyrrhula pyrrhula,Eurasian Bullfinch,0.7272,248D9B016488729F_20260411_175500.WAV,14,0.0,1.0,0.25,BirdNET_GLOBAL_6K_V2.4_Model_FP32.tflite,248D9B016488729F_20260411_175500_chunk_016.wav,9600,156,159
9831,9834,Cyanistes caeruleus,Eurasian Blue Tit,0.4354,248D9B016488729F_20260411_175500.WAV,14,0.0,1.0,0.25,BirdNET_GLOBAL_6K_V2.4_Model_FP32.tflite,248D9B016488729F_20260411_175500_chunk_016.wav,9600,231,234
9831,9834,Emberiza citrinella,Yellowhammer,0.3894,248D9B016488729F_20260411_175500.WAV,14,0.0,1.0,0.25,BirdNET_GLOBAL_6K_V2.4_Model_FP32.tflite,248D9B016488729F_20260411_175500_chunk_016.wav,9600,231,234
9849,9852,Turdus merula,Eurasian Blackbird,0.8274,248D9B016488729F_20260411_175500.WAV,14,0.0,1.0,0.25,BirdNET_GLOBAL_6K_V2.4_Model_FP32.tflite,248D9B016488729F_20260411_175500_chunk_016.wav,9600,249,252
9939,9942,Prunella modularis,Dunnock,0.4123,248D9B016488729F_20260411_175500.WAV,14,0.0,1.0,0.25,BirdNET_GLOBAL_6K_V2.4_Model_FP32.tflite,248D9B016488729F_20260411_175500_chunk_016.wav,9600,339,342
10053,10056,Corvus corone,Carrion Crow,0.3009,248D9B016488729F_20260411_175500.WAV,14,0.0,1.0,0.25,BirdNET_GLOBAL_6K_V2.4_Model_FP32.tflite,248D9B016488729F_20260411_175500_chunk_016.wav,9600,453,456
10329,10332,Fulica atra,Eurasian Coot,0.3230,248D9B016488729F_20260411_175500.WAV,14,0.0,1.0,0.25,BirdNET_GLOBAL_6K_V2.4_Model_FP32.tflite,248D9B016488729F_20260411_175500_chunk_017.wav,10200,129,132
10743,10746,Erithacus rubecula,European Robin,0.4065,248D9B016488729F_20260411_175500.WAV,14,0.0,1.0,0.25,BirdNET_GLOBAL_6K_V2.4_Model_FP32.tflite,248D9B016488729F_20260411_175500_chunk_017.wav,10200,543,546
10995,10998,Haematopus ostralegus,Eurasian Oystercatcher,0.4026,248D9B016488729F_20260411_175500.WAV,14,0.0,1.0,0.25,BirdNET_GLOBAL_6K_V2.4_Model_FP32.tflite,248D9B016488729F_20260411_175500_chunk_018.wav,10800,195,198
10995,10998,Pyrrhula pyrrhula,Eurasian Bullfinch,0.3312,248D9B016488729F_20260411_175500.WAV,14,0.0,1.0,0.25,BirdNET_GLOBAL_6K_V2.4_Model_FP32.tflite,248D9B016488729F_20260411_175500_chunk_018.wav,10800,195,198
11556,11559,Turdus philomelos,Song Thrush,0.8446,248D9B016488729F_20260411_175500.WAV,14,0.0,1.0,0.25,BirdNET_GLOBAL_6K_V2.4_Model_FP32.tflite,248D9B016488729F_20260411_175500_chunk_019.wav,11400,156,159
11556,11559,Erithacus rubecula,European Robin,0.3102,248D9B016488729F_20260411_175500.WAV,14,0.0,1.0,0.25,BirdNET_GLOBAL_6K_V2.4_Model_FP32.tflite,248D9B016488729F_20260411_175500_chunk_019.wav,11400,156,159
11982,11985,Erithacus rubecula,European Robin,0.2846,248D9B016488729F_20260411_175500.WAV,14,0.0,1.0,0.25,BirdNET_GLOBAL_6K_V2.4_Model_FP32.tflite,248D9B016488729F_20260411_175500_chunk_019.wav,11400,582,585
13539,13542,Prunella modularis,Dunnock,0.5262,248D9B016488729F_20260411_175500.WAV,14,0.0,1.0,0.25,BirdNET_GLOBAL_6K_V2.4_Model_FP32.tflite,248D9B016488729F_20260411_175500_chunk_022.wav,13200,339,342
13587,13590,Anas crecca,Green-winged Teal,0.3497,248D9B016488729F_20260411_175500.WAV,14,0.0,1.0,0.25,BirdNET_GLOBAL_6K_V2.4_Model_FP32.tflite,248D9B016488729F_20260411_175500_chunk_022.wav,13200,387,390
13770,13773,Prunella modularis,Dunnock,0.2944,248D9B016488729F_20260411_175500.WAV,14,0.0,1.0,0.25,BirdNET_GLOBAL_6K_V2.4_Model_FP32.tflite,248D9B016488729F_20260411_175500_chunk_022.wav,13200,570,573
13827,13830,Turdus philomelos,Song Thrush,0.6316,248D9B016488729F_20260411_175500.WAV,14,0.0,1.0,0.25,BirdNET_GLOBAL_6K_V2.4_Model_FP32.tflite,248D9B016488729F_20260411_175500_chunk_023.wav,13800,27,30
14451,14454,Pyrrhula pyrrhula,Eurasian Bullfinch,0.2837,248D9B016488729F_20260411_175500.WAV,14,0.0,1.0,0.25,BirdNET_GLOBAL_6K_V2.4_Model_FP32.tflite,248D9B016488729F_20260411_175500_chunk_024.wav,14400,51,54
14799,14802,Corvus corone,Carrion Crow,0.3254,248D9B016488729F_20260411_175500.WAV,14,0.0,1.0,0.25,BirdNET_GLOBAL_6K_V2.4_Model_FP32.tflite,248D9B016488729F_20260411_175500_chunk_024.wav,14400,399,402
15126,15129,Fulica atra,Eurasian Coot,0.3389,248D9B016488729F_20260411_175500.WAV,14,0.0,1.0,0.25,BirdNET_GLOBAL_6K_V2.4_Model_FP32.tflite,248D9B016488729F_20260411_175500_chunk_025.wav,15000,126,129
15186,15189,Fulica atra,Eurasian Coot,0.5551,248D9B016488729F_20260411_175500.WAV,14,0.0,1.0,0.25,BirdNET_GLOBAL_6K_V2.4_Model_FP32.tflite,248D9B016488729F_20260411_175500_chunk_025.wav,15000,186,189
16515,16518,Corvus corone,Carrion Crow,0.4460,248D9B016488729F_20260411_175500.WAV,14,0.0,1.0,0.25,BirdNET_GLOBAL_6K_V2.4_Model_FP32.tflite,248D9B016488729F_20260411_175500_chunk_027.wav,16200,315,318
17523,17526,Columba livia,Rock Pigeon,0.5803,248D9B016488729F_20260411_175500.WAV,14,0.0,1.0,0.25,BirdNET_GLOBAL_6K_V2.4_Model_FP32.tflite,248D9B016488729F_20260411_175500_chunk_029.wav,17400,123,126
