Start (s),End (s),Scientific name,Common name,Confidence,File,week,overlap,sensitivity,min_conf,model,Chunk file,Chunk offset (s),Chunk local start (s),Chunk local end (s)
39,42,Anser albifrons,Greater White-fronted Goose,0.5760,243B1F02648873F9_20260412_031500.WAV,14,0.0,1.0,0.25,BirdNET_GLOBAL_6K_V2.4_Model_FP32.tflite,243B1F02648873F9_20260412_031500_chunk_000.wav,0,39,42
84,87,Numenius arquata,Eurasian Curlew,0.4368,243B1F02648873F9_20260412_031500.WAV,14,0.0,1.0,0.25,BirdNET_GLOBAL_6K_V2.4_Model_FP32.tflite,243B1F02648873F9_20260412_031500_chunk_000.wav,0,84,87
150,153,Erithacus rubecula,European Robin,0.3045,243B1F02648873F9_20260412_031500.WAV,14,0.0,1.0,0.25,BirdNET_GLOBAL_6K_V2.4_Model_FP32.tflite,243B1F02648873F9_20260412_031500_chunk_000.wav,0,150,153
156,159,Erithacus rubecula,European Robin,0.6156,243B1F02648873F9_20260412_031500.WAV,14,0.0,1.0,0.25,BirdNET_GLOBAL_6K_V2.4_Model_FP32.tflite,243B1F02648873F9_20260412_031500_chunk_000.wav,0,156,159
159,162,Erithacus rubecula,European Robin,0.4340,243B1F02648873F9_20260412_031500.WAV,14,0.0,1.0,0.25,BirdNET_GLOBAL_6K_V2.4_Model_FP32.tflite,243B1F02648873F9_20260412_031500_chunk_000.wav,0,159,162
168,171,Erithacus rubecula,European Robin,0.3356,243B1F02648873F9_20260412_031500.WAV,14,0.0,1.0,0.25,BirdNET_GLOBAL_6K_V2.4_Model_FP32.tflite,243B1F02648873F9_20260412_031500_chunk_000.wav,0,168,171
174,177,Erithacus rubecula,European Robin,0.4660,243B1F02648873F9_20260412_031500.WAV,14,0.0,1.0,0.25,BirdNET_GLOBAL_6K_V2.4_Model_FP32.tflite,243B1F02648873F9_20260412_031500_chunk_000.wav,0,174,177
180,183,Erithacus rubecula,European Robin,0.8649,243B1F02648873F9_20260412_031500.WAV,14,0.0,1.0,0.25,BirdNET_GLOBAL_6K_V2.4_Model_FP32.tflite,243B1F02648873F9_20260412_031500_chunk_000.wav,0,180,183
183,186,Erithacus rubecula,European Robin,0.9193,243B1F02648873F9_20260412_031500.WAV,14,0.0,1.0,0.25,BirdNET_GLOBAL_6K_V2.4_Model_FP32.tflite,243B1F02648873F9_20260412_031500_chunk_000.wav,0,183,186
189,192,Erithacus rubecula,European Robin,0.8217,243B1F02648873F9_20260412_031500.WAV,14,0.0,1.0,0.25,BirdNET_GLOBAL_6K_V2.4_Model_FP32.tflite,243B1F02648873F9_20260412_031500_chunk_000.wav,0,189,192
192,195,Erithacus rubecula,European Robin,0.9204,243B1F02648873F9_20260412_031500.WAV,14,0.0,1.0,0.25,BirdNET_GLOBAL_6K_V2.4_Model_FP32.tflite,243B1F02648873F9_20260412_031500_chunk_000.wav,0,192,195
195,198,Erithacus rubecula,European Robin,0.8646,243B1F02648873F9_20260412_031500.WAV,14,0.0,1.0,0.25,BirdNET_GLOBAL_6K_V2.4_Model_FP32.tflite,243B1F02648873F9_20260412_031500_chunk_000.wav,0,195,198
201,204,Erithacus rubecula,European Robin,0.9065,243B1F02648873F9_20260412_031500.WAV,14,0.0,1.0,0.25,BirdNET_GLOBAL_6K_V2.4_Model_FP32.tflite,243B1F02648873F9_20260412_031500_chunk_000.wav,0,201,204
207,210,Erithacus rubecula,European Robin,0.9497,243B1F02648873F9_20260412_031500.WAV,14,0.0,1.0,0.25,BirdNET_GLOBAL_6K_V2.4_Model_FP32.tflite,243B1F02648873F9_20260412_031500_chunk_000.wav,0,207,210
210,213,Erithacus rubecula,European Robin,0.8797,243B1F02648873F9_20260412_031500.WAV,14,0.0,1.0,0.25,BirdNET_GLOBAL_6K_V2.4_Model_FP32.tflite,243B1F02648873F9_20260412_031500_chunk_000.wav,0,210,213
216,219,Erithacus rubecula,European Robin,0.5261,243B1F02648873F9_20260412_031500.WAV,14,0.0,1.0,0.25,BirdNET_GLOBAL_6K_V2.4_Model_FP32.tflite,243B1F02648873F9_20260412_031500_chunk_000.wav,0,216,219
219,222,Turdus iliacus,Redwing,0.2537,243B1F02648873F9_20260412_031500.WAV,14,0.0,1.0,0.25,BirdNET_GLOBAL_6K_V2.4_Model_FP32.tflite,243B1F02648873F9_20260412_031500_chunk_000.wav,0,219,222
222,225,Erithacus rubecula,European Robin,0.9116,243B1F02648873F9_20260412_031500.WAV,14,0.0,1.0,0.25,BirdNET_GLOBAL_6K_V2.4_Model_FP32.tflite,243B1F02648873F9_20260412_031500_chunk_000.wav,0,222,225
225,228,Erithacus rubecula,European Robin,0.4132,243B1F02648873F9_20260412_031500.WAV,14,0.0,1.0,0.25,BirdNET_GLOBAL_6K_V2.4_Model_FP32.tflite,243B1F02648873F9_20260412_031500_chunk_000.wav,0,225,228
228,231,Erithacus rubecula,European Robin,0.3145,243B1F02648873F9_20260412_031500.WAV,14,0.0,1.0,0.25,BirdNET_GLOBAL_6K_V2.4_Model_FP32.tflite,243B1F02648873F9_20260412_031500_chunk_000.wav,0,228,231
231,234,Erithacus rubecula,European Robin,0.8818,243B1F02648873F9_20260412_031500.WAV,14,0.0,1.0,0.25,BirdNET_GLOBAL_6K_V2.4_Model_FP32.tflite,243B1F02648873F9_20260412_031500_chunk_000.wav,0,231,234
237,240,Erithacus rubecula,European Robin,0.8089,243B1F02648873F9_20260412_031500.WAV,14,0.0,1.0,0.25,BirdNET_GLOBAL_6K_V2.4_Model_FP32.tflite,243B1F02648873F9_20260412_031500_chunk_000.wav,0,237,240
276,279,Gallinula chloropus,Eurasian Moorhen,0.2654,243B1F02648873F9_20260412_031500.WAV,14,0.0,1.0,0.25,BirdNET_GLOBAL_6K_V2.4_Model_FP32.tflite,243B1F02648873F9_20260412_031500_chunk_000.wav,0,276,279
342,345,Gallinula chloropus,Eurasian Moorhen,0.2511,243B1F02648873F9_20260412_031500.WAV,14,0.0,1.0,0.25,BirdNET_GLOBAL_6K_V2.4_Model_FP32.tflite,243B1F02648873F9_20260412_031500_chunk_000.wav,0,342,345
525,528,Troglodytes troglodytes,Eurasian Wren,0.5916,243B1F02648873F9_20260412_031500.WAV,14,0.0,1.0,0.25,BirdNET_GLOBAL_6K_V2.4_Model_FP32.tflite,243B1F02648873F9_20260412_031500_chunk_000.wav,0,525,528
528,531,Troglodytes troglodytes,Eurasian Wren,0.3766,243B1F02648873F9_20260412_031500.WAV,14,0.0,1.0,0.25,BirdNET_GLOBAL_6K_V2.4_Model_FP32.tflite,243B1F02648873F9_20260412_031500_chunk_000.wav,0,528,531
546,549,Larus argentatus,Herring Gull,0.5358,243B1F02648873F9_20260412_031500.WAV,14,0.0,1.0,0.25,BirdNET_GLOBAL_6K_V2.4_Model_FP32.tflite,243B1F02648873F9_20260412_031500_chunk_000.wav,0,546,549
549,552,Larus argentatus,Herring Gull,0.8133,243B1F02648873F9_20260412_031500.WAV,14,0.0,1.0,0.25,BirdNET_GLOBAL_6K_V2.4_Model_FP32.tflite,243B1F02648873F9_20260412_031500_chunk_000.wav,0,549,552
582,585,Troglodytes troglodytes,Eurasian Wren,0.3810,243B1F02648873F9_20260412_031500.WAV,14,0.0,1.0,0.25,BirdNET_GLOBAL_6K_V2.4_Model_FP32.tflite,243B1F02648873F9_20260412_031500_chunk_000.wav,0,582,585
585,588,Troglodytes troglodytes,Eurasian Wren,0.5446,243B1F02648873F9_20260412_031500.WAV,14,0.0,1.0,0.25,BirdNET_GLOBAL_6K_V2.4_Model_FP32.tflite,243B1F02648873F9_20260412_031500_chunk_000.wav,0,585,588
588,591,Troglodytes troglodytes,Eurasian Wren,0.6209,243B1F02648873F9_20260412_031500.WAV,14,0.0,1.0,0.25,BirdNET_GLOBAL_6K_V2.4_Model_FP32.tflite,243B1F02648873F9_20260412_031500_chunk_000.wav,0,588,591
609,612,Troglodytes troglodytes,Eurasian Wren,0.6489,243B1F02648873F9_20260412_031500.WAV,14,0.0,1.0,0.25,BirdNET_GLOBAL_6K_V2.4_Model_FP32.tflite,243B1F02648873F9_20260412_031500_chunk_001.wav,600,9,12
636,639,Gallinula chloropus,Eurasian Moorhen,0.9055,243B1F02648873F9_20260412_031500.WAV,14,0.0,1.0,0.25,BirdNET_GLOBAL_6K_V2.4_Model_FP32.tflite,243B1F02648873F9_20260412_031500_chunk_001.wav,600,36,39
639,642,Troglodytes troglodytes,Eurasian Wren,0.2700,243B1F02648873F9_20260412_031500.WAV,14,0.0,1.0,0.25,BirdNET_GLOBAL_6K_V2.4_Model_FP32.tflite,243B1F02648873F9_20260412_031500_chunk_001.wav,600,39,42
642,645,Troglodytes troglodytes,Eurasian Wren,0.8485,243B1F02648873F9_20260412_031500.WAV,14,0.0,1.0,0.25,BirdNET_GLOBAL_6K_V2.4_Model_FP32.tflite,243B1F02648873F9_20260412_031500_chunk_001.wav,600,42,45
648,651,Gallinula chloropus,Eurasian Moorhen,0.3025,243B1F02648873F9_20260412_031500.WAV,14,0.0,1.0,0.25,BirdNET_GLOBAL_6K_V2.4_Model_FP32.tflite,243B1F02648873F9_20260412_031500_chunk_001.wav,600,48,51
648,651,Fulica atra,Eurasian Coot,0.2662,243B1F02648873F9_20260412_031500.WAV,14,0.0,1.0,0.25,BirdNET_GLOBAL_6K_V2.4_Model_FP32.tflite,243B1F02648873F9_20260412_031500_chunk_001.wav,600,48,51
663,666,Troglodytes troglodytes,Eurasian Wren,0.4516,243B1F02648873F9_20260412_031500.WAV,14,0.0,1.0,0.25,BirdNET_GLOBAL_6K_V2.4_Model_FP32.tflite,243B1F02648873F9_20260412_031500_chunk_001.wav,600,63,66
666,669,Troglodytes troglodytes,Eurasian Wren,0.7829,243B1F02648873F9_20260412_031500.WAV,14,0.0,1.0,0.25,BirdNET_GLOBAL_6K_V2.4_Model_FP32.tflite,243B1F02648873F9_20260412_031500_chunk_001.wav,600,66,69
669,672,Troglodytes troglodytes,Eurasian Wren,0.5190,243B1F02648873F9_20260412_031500.WAV,14,0.0,1.0,0.25,BirdNET_GLOBAL_6K_V2.4_Model_FP32.tflite,243B1F02648873F9_20260412_031500_chunk_001.wav,600,69,72
684,687,Troglodytes troglodytes,Eurasian Wren,0.3353,243B1F02648873F9_20260412_031500.WAV,14,0.0,1.0,0.25,BirdNET_GLOBAL_6K_V2.4_Model_FP32.tflite,243B1F02648873F9_20260412_031500_chunk_001.wav,600,84,87
687,690,Gallinula chloropus,Eurasian Moorhen,0.7859,243B1F02648873F9_20260412_031500.WAV,14,0.0,1.0,0.25,BirdNET_GLOBAL_6K_V2.4_Model_FP32.tflite,243B1F02648873F9_20260412_031500_chunk_001.wav,600,87,90
687,690,Troglodytes troglodytes,Eurasian Wren,0.3178,243B1F02648873F9_20260412_031500.WAV,14,0.0,1.0,0.25,BirdNET_GLOBAL_6K_V2.4_Model_FP32.tflite,243B1F02648873F9_20260412_031500_chunk_001.wav,600,87,90
690,693,Troglodytes troglodytes,Eurasian Wren,0.7708,243B1F02648873F9_20260412_031500.WAV,14,0.0,1.0,0.25,BirdNET_GLOBAL_6K_V2.4_Model_FP32.tflite,243B1F02648873F9_20260412_031500_chunk_001.wav,600,90,93
717,720,Troglodytes troglodytes,Eurasian Wren,0.3433,243B1F02648873F9_20260412_031500.WAV,14,0.0,1.0,0.25,BirdNET_GLOBAL_6K_V2.4_Model_FP32.tflite,243B1F02648873F9_20260412_031500_chunk_001.wav,600,117,120
720,723,Troglodytes troglodytes,Eurasian Wren,0.7775,243B1F02648873F9_20260412_031500.WAV,14,0.0,1.0,0.25,BirdNET_GLOBAL_6K_V2.4_Model_FP32.tflite,243B1F02648873F9_20260412_031500_chunk_001.wav,600,120,123
759,762,Gallinula chloropus,Eurasian Moorhen,0.7642,243B1F02648873F9_20260412_031500.WAV,14,0.0,1.0,0.25,BirdNET_GLOBAL_6K_V2.4_Model_FP32.tflite,243B1F02648873F9_20260412_031500_chunk_001.wav,600,159,162
762,765,Gallinula chloropus,Eurasian Moorhen,0.3277,243B1F02648873F9_20260412_031500.WAV,14,0.0,1.0,0.25,BirdNET_GLOBAL_6K_V2.4_Model_FP32.tflite,243B1F02648873F9_20260412_031500_chunk_001.wav,600,162,165
771,774,Troglodytes troglodytes,Eurasian Wren,0.6846,243B1F02648873F9_20260412_031500.WAV,14,0.0,1.0,0.25,BirdNET_GLOBAL_6K_V2.4_Model_FP32.tflite,243B1F02648873F9_20260412_031500_chunk_001.wav,600,171,174
774,777,Troglodytes troglodytes,Eurasian Wren,0.7662,243B1F02648873F9_20260412_031500.WAV,14,0.0,1.0,0.25,BirdNET_GLOBAL_6K_V2.4_Model_FP32.tflite,243B1F02648873F9_20260412_031500_chunk_001.wav,600,174,177
777,780,Troglodytes troglodytes,Eurasian Wren,0.8860,243B1F02648873F9_20260412_031500.WAV,14,0.0,1.0,0.25,BirdNET_GLOBAL_6K_V2.4_Model_FP32.tflite,243B1F02648873F9_20260412_031500_chunk_001.wav,600,177,180
795,798,Troglodytes troglodytes,Eurasian Wren,0.4344,243B1F02648873F9_20260412_031500.WAV,14,0.0,1.0,0.25,BirdNET_GLOBAL_6K_V2.4_Model_FP32.tflite,243B1F02648873F9_20260412_031500_chunk_001.wav,600,195,198
804,807,Larus argentatus,Herring Gull,0.2603,243B1F02648873F9_20260412_031500.WAV,14,0.0,1.0,0.25,BirdNET_GLOBAL_6K_V2.4_Model_FP32.tflite,243B1F02648873F9_20260412_031500_chunk_001.wav,600,204,207
810,813,Troglodytes troglodytes,Eurasian Wren,0.5489,243B1F02648873F9_20260412_031500.WAV,14,0.0,1.0,0.25,BirdNET_GLOBAL_6K_V2.4_Model_FP32.tflite,243B1F02648873F9_20260412_031500_chunk_001.wav,600,210,213
813,816,Troglodytes troglodytes,Eurasian Wren,0.4922,243B1F02648873F9_20260412_031500.WAV,14,0.0,1.0,0.25,BirdNET_GLOBAL_6K_V2.4_Model_FP32.tflite,243B1F02648873F9_20260412_031500_chunk_001.wav,600,213,216
816,819,Troglodytes troglodytes,Eurasian Wren,0.7991,243B1F02648873F9_20260412_031500.WAV,14,0.0,1.0,0.25,BirdNET_GLOBAL_6K_V2.4_Model_FP32.tflite,243B1F02648873F9_20260412_031500_chunk_001.wav,600,216,219
831,834,Troglodytes troglodytes,Eurasian Wren,0.5894,243B1F02648873F9_20260412_031500.WAV,14,0.0,1.0,0.25,BirdNET_GLOBAL_6K_V2.4_Model_FP32.tflite,243B1F02648873F9_20260412_031500_chunk_001.wav,600,231,234
837,840,Troglodytes troglodytes,Eurasian Wren,0.5761,243B1F02648873F9_20260412_031500.WAV,14,0.0,1.0,0.25,BirdNET_GLOBAL_6K_V2.4_Model_FP32.tflite,243B1F02648873F9_20260412_031500_chunk_001.wav,600,237,240
840,843,Troglodytes troglodytes,Eurasian Wren,0.2683,243B1F02648873F9_20260412_031500.WAV,14,0.0,1.0,0.25,BirdNET_GLOBAL_6K_V2.4_Model_FP32.tflite,243B1F02648873F9_20260412_031500_chunk_001.wav,600,240,243
855,858,Chroicocephalus ridibundus,Black-headed Gull,0.3625,243B1F02648873F9_20260412_031500.WAV,14,0.0,1.0,0.25,BirdNET_GLOBAL_6K_V2.4_Model_FP32.tflite,243B1F02648873F9_20260412_031500_chunk_001.wav,600,255,258
888,891,Anas crecca,Green-winged Teal,0.2538,243B1F02648873F9_20260412_031500.WAV,14,0.0,1.0,0.25,BirdNET_GLOBAL_6K_V2.4_Model_FP32.tflite,243B1F02648873F9_20260412_031500_chunk_001.wav,600,288,291
939,942,Troglodytes troglodytes,Eurasian Wren,0.2959,243B1F02648873F9_20260412_031500.WAV,14,0.0,1.0,0.25,BirdNET_GLOBAL_6K_V2.4_Model_FP32.tflite,243B1F02648873F9_20260412_031500_chunk_001.wav,600,339,342
942,945,Troglodytes troglodytes,Eurasian Wren,0.4873,243B1F02648873F9_20260412_031500.WAV,14,0.0,1.0,0.25,BirdNET_GLOBAL_6K_V2.4_Model_FP32.tflite,243B1F02648873F9_20260412_031500_chunk_001.wav,600,342,345
945,948,Troglodytes troglodytes,Eurasian Wren,0.3043,243B1F02648873F9_20260412_031500.WAV,14,0.0,1.0,0.25,BirdNET_GLOBAL_6K_V2.4_Model_FP32.tflite,243B1F02648873F9_20260412_031500_chunk_001.wav,600,345,348
948,951,Troglodytes troglodytes,Eurasian Wren,0.4270,243B1F02648873F9_20260412_031500.WAV,14,0.0,1.0,0.25,BirdNET_GLOBAL_6K_V2.4_Model_FP32.tflite,243B1F02648873F9_20260412_031500_chunk_001.wav,600,348,351
993,996,Troglodytes troglodytes,Eurasian Wren,0.5495,243B1F02648873F9_20260412_031500.WAV,14,0.0,1.0,0.25,BirdNET_GLOBAL_6K_V2.4_Model_FP32.tflite,243B1F02648873F9_20260412_031500_chunk_001.wav,600,393,396
996,999,Troglodytes troglodytes,Eurasian Wren,0.8560,243B1F02648873F9_20260412_031500.WAV,14,0.0,1.0,0.25,BirdNET_GLOBAL_6K_V2.4_Model_FP32.tflite,243B1F02648873F9_20260412_031500_chunk_001.wav,600,396,399
999,1002,Troglodytes troglodytes,Eurasian Wren,0.4736,243B1F02648873F9_20260412_031500.WAV,14,0.0,1.0,0.25,BirdNET_GLOBAL_6K_V2.4_Model_FP32.tflite,243B1F02648873F9_20260412_031500_chunk_001.wav,600,399,402
1008,1011,Troglodytes troglodytes,Eurasian Wren,0.6353,243B1F02648873F9_20260412_031500.WAV,14,0.0,1.0,0.25,BirdNET_GLOBAL_6K_V2.4_Model_FP32.tflite,243B1F02648873F9_20260412_031500_chunk_001.wav,600,408,411
1011,1014,Troglodytes troglodytes,Eurasian Wren,0.6984,243B1F02648873F9_20260412_031500.WAV,14,0.0,1.0,0.25,BirdNET_GLOBAL_6K_V2.4_Model_FP32.tflite,243B1F02648873F9_20260412_031500_chunk_001.wav,600,411,414
1014,1017,Troglodytes troglodytes,Eurasian Wren,0.3806,243B1F02648873F9_20260412_031500.WAV,14,0.0,1.0,0.25,BirdNET_GLOBAL_6K_V2.4_Model_FP32.tflite,243B1F02648873F9_20260412_031500_chunk_001.wav,600,414,417
1029,1032,Troglodytes troglodytes,Eurasian Wren,0.7331,243B1F02648873F9_20260412_031500.WAV,14,0.0,1.0,0.25,BirdNET_GLOBAL_6K_V2.4_Model_FP32.tflite,243B1F02648873F9_20260412_031500_chunk_001.wav,600,429,432
1032,1035,Troglodytes troglodytes,Eurasian Wren,0.5274,243B1F02648873F9_20260412_031500.WAV,14,0.0,1.0,0.25,BirdNET_GLOBAL_6K_V2.4_Model_FP32.tflite,243B1F02648873F9_20260412_031500_chunk_001.wav,600,432,435
1050,1053,Troglodytes troglodytes,Eurasian Wren,0.5929,243B1F02648873F9_20260412_031500.WAV,14,0.0,1.0,0.25,BirdNET_GLOBAL_6K_V2.4_Model_FP32.tflite,243B1F02648873F9_20260412_031500_chunk_001.wav,600,450,453
1053,1056,Troglodytes troglodytes,Eurasian Wren,0.6754,243B1F02648873F9_20260412_031500.WAV,14,0.0,1.0,0.25,BirdNET_GLOBAL_6K_V2.4_Model_FP32.tflite,243B1F02648873F9_20260412_031500_chunk_001.wav,600,453,456
1077,1080,Troglodytes troglodytes,Eurasian Wren,0.4699,243B1F02648873F9_20260412_031500.WAV,14,0.0,1.0,0.25,BirdNET_GLOBAL_6K_V2.4_Model_FP32.tflite,243B1F02648873F9_20260412_031500_chunk_001.wav,600,477,480
1080,1083,Troglodytes troglodytes,Eurasian Wren,0.4252,243B1F02648873F9_20260412_031500.WAV,14,0.0,1.0,0.25,BirdNET_GLOBAL_6K_V2.4_Model_FP32.tflite,243B1F02648873F9_20260412_031500_chunk_001.wav,600,480,483
1089,1092,Troglodytes troglodytes,Eurasian Wren,0.4930,243B1F02648873F9_20260412_031500.WAV,14,0.0,1.0,0.25,BirdNET_GLOBAL_6K_V2.4_Model_FP32.tflite,243B1F02648873F9_20260412_031500_chunk_001.wav,600,489,492
1092,1095,Troglodytes troglodytes,Eurasian Wren,0.7977,243B1F02648873F9_20260412_031500.WAV,14,0.0,1.0,0.25,BirdNET_GLOBAL_6K_V2.4_Model_FP32.tflite,243B1F02648873F9_20260412_031500_chunk_001.wav,600,492,495
1095,1098,Troglodytes troglodytes,Eurasian Wren,0.8346,243B1F02648873F9_20260412_031500.WAV,14,0.0,1.0,0.25,BirdNET_GLOBAL_6K_V2.4_Model_FP32.tflite,243B1F02648873F9_20260412_031500_chunk_001.wav,600,495,498
1098,1101,Troglodytes troglodytes,Eurasian Wren,0.3295,243B1F02648873F9_20260412_031500.WAV,14,0.0,1.0,0.25,BirdNET_GLOBAL_6K_V2.4_Model_FP32.tflite,243B1F02648873F9_20260412_031500_chunk_001.wav,600,498,501
1155,1158,Troglodytes troglodytes,Eurasian Wren,0.3919,243B1F02648873F9_20260412_031500.WAV,14,0.0,1.0,0.25,BirdNET_GLOBAL_6K_V2.4_Model_FP32.tflite,243B1F02648873F9_20260412_031500_chunk_001.wav,600,555,558
1158,1161,Troglodytes troglodytes,Eurasian Wren,0.5232,243B1F02648873F9_20260412_031500.WAV,14,0.0,1.0,0.25,BirdNET_GLOBAL_6K_V2.4_Model_FP32.tflite,243B1F02648873F9_20260412_031500_chunk_001.wav,600,558,561
1161,1164,Troglodytes troglodytes,Eurasian Wren,0.7258,243B1F02648873F9_20260412_031500.WAV,14,0.0,1.0,0.25,BirdNET_GLOBAL_6K_V2.4_Model_FP32.tflite,243B1F02648873F9_20260412_031500_chunk_001.wav,600,561,564
1164,1167,Troglodytes troglodytes,Eurasian Wren,0.3869,243B1F02648873F9_20260412_031500.WAV,14,0.0,1.0,0.25,BirdNET_GLOBAL_6K_V2.4_Model_FP32.tflite,243B1F02648873F9_20260412_031500_chunk_001.wav,600,564,567
1182,1185,Troglodytes troglodytes,Eurasian Wren,0.6851,243B1F02648873F9_20260412_031500.WAV,14,0.0,1.0,0.25,BirdNET_GLOBAL_6K_V2.4_Model_FP32.tflite,243B1F02648873F9_20260412_031500_chunk_001.wav,600,582,585
1185,1188,Troglodytes troglodytes,Eurasian Wren,0.7909,243B1F02648873F9_20260412_031500.WAV,14,0.0,1.0,0.25,BirdNET_GLOBAL_6K_V2.4_Model_FP32.tflite,243B1F02648873F9_20260412_031500_chunk_001.wav,600,585,588
1188,1191,Troglodytes troglodytes,Eurasian Wren,0.5945,243B1F02648873F9_20260412_031500.WAV,14,0.0,1.0,0.25,BirdNET_GLOBAL_6K_V2.4_Model_FP32.tflite,243B1F02648873F9_20260412_031500_chunk_001.wav,600,588,591
1200,1203,Troglodytes troglodytes,Eurasian Wren,0.4934,243B1F02648873F9_20260412_031500.WAV,14,0.0,1.0,0.25,BirdNET_GLOBAL_6K_V2.4_Model_FP32.tflite,243B1F02648873F9_20260412_031500_chunk_002.wav,1200,0,3
1203,1206,Troglodytes troglodytes,Eurasian Wren,0.2989,243B1F02648873F9_20260412_031500.WAV,14,0.0,1.0,0.25,BirdNET_GLOBAL_6K_V2.4_Model_FP32.tflite,243B1F02648873F9_20260412_031500_chunk_002.wav,1200,3,6
1206,1209,Troglodytes troglodytes,Eurasian Wren,0.5494,243B1F02648873F9_20260412_031500.WAV,14,0.0,1.0,0.25,BirdNET_GLOBAL_6K_V2.4_Model_FP32.tflite,243B1F02648873F9_20260412_031500_chunk_002.wav,1200,6,9
1218,1221,Troglodytes troglodytes,Eurasian Wren,0.7637,243B1F02648873F9_20260412_031500.WAV,14,0.0,1.0,0.25,BirdNET_GLOBAL_6K_V2.4_Model_FP32.tflite,243B1F02648873F9_20260412_031500_chunk_002.wav,1200,18,21
1230,1233,Troglodytes troglodytes,Eurasian Wren,0.6598,243B1F02648873F9_20260412_031500.WAV,14,0.0,1.0,0.25,BirdNET_GLOBAL_6K_V2.4_Model_FP32.tflite,243B1F02648873F9_20260412_031500_chunk_002.wav,1200,30,33
1233,1236,Troglodytes troglodytes,Eurasian Wren,0.3046,243B1F02648873F9_20260412_031500.WAV,14,0.0,1.0,0.25,BirdNET_GLOBAL_6K_V2.4_Model_FP32.tflite,243B1F02648873F9_20260412_031500_chunk_002.wav,1200,33,36
1245,1248,Turdus merula,Eurasian Blackbird,0.4061,243B1F02648873F9_20260412_031500.WAV,14,0.0,1.0,0.25,BirdNET_GLOBAL_6K_V2.4_Model_FP32.tflite,243B1F02648873F9_20260412_031500_chunk_002.wav,1200,45,48
1248,1251,Troglodytes troglodytes,Eurasian Wren,0.7711,243B1F02648873F9_20260412_031500.WAV,14,0.0,1.0,0.25,BirdNET_GLOBAL_6K_V2.4_Model_FP32.tflite,243B1F02648873F9_20260412_031500_chunk_002.wav,1200,48,51
1251,1254,Troglodytes troglodytes,Eurasian Wren,0.5841,243B1F02648873F9_20260412_031500.WAV,14,0.0,1.0,0.25,BirdNET_GLOBAL_6K_V2.4_Model_FP32.tflite,243B1F02648873F9_20260412_031500_chunk_002.wav,1200,51,54
1254,1257,Troglodytes troglodytes,Eurasian Wren,0.7321,243B1F02648873F9_20260412_031500.WAV,14,0.0,1.0,0.25,BirdNET_GLOBAL_6K_V2.4_Model_FP32.tflite,243B1F02648873F9_20260412_031500_chunk_002.wav,1200,54,57
1257,1260,Troglodytes troglodytes,Eurasian Wren,0.5216,243B1F02648873F9_20260412_031500.WAV,14,0.0,1.0,0.25,BirdNET_GLOBAL_6K_V2.4_Model_FP32.tflite,243B1F02648873F9_20260412_031500_chunk_002.wav,1200,57,60
1269,1272,Troglodytes troglodytes,Eurasian Wren,0.3608,243B1F02648873F9_20260412_031500.WAV,14,0.0,1.0,0.25,BirdNET_GLOBAL_6K_V2.4_Model_FP32.tflite,243B1F02648873F9_20260412_031500_chunk_002.wav,1200,69,72
1272,1275,Troglodytes troglodytes,Eurasian Wren,0.3527,243B1F02648873F9_20260412_031500.WAV,14,0.0,1.0,0.25,BirdNET_GLOBAL_6K_V2.4_Model_FP32.tflite,243B1F02648873F9_20260412_031500_chunk_002.wav,1200,72,75
1278,1281,Troglodytes troglodytes,Eurasian Wren,0.8355,243B1F02648873F9_20260412_031500.WAV,14,0.0,1.0,0.25,BirdNET_GLOBAL_6K_V2.4_Model_FP32.tflite,243B1F02648873F9_20260412_031500_chunk_002.wav,1200,78,81
1281,1284,Troglodytes troglodytes,Eurasian Wren,0.6230,243B1F02648873F9_20260412_031500.WAV,14,0.0,1.0,0.25,BirdNET_GLOBAL_6K_V2.4_Model_FP32.tflite,243B1F02648873F9_20260412_031500_chunk_002.wav,1200,81,84
1284,1287,Turdus merula,Eurasian Blackbird,0.3940,243B1F02648873F9_20260412_031500.WAV,14,0.0,1.0,0.25,BirdNET_GLOBAL_6K_V2.4_Model_FP32.tflite,243B1F02648873F9_20260412_031500_chunk_002.wav,1200,84,87
1290,1293,Troglodytes troglodytes,Eurasian Wren,0.4038,243B1F02648873F9_20260412_031500.WAV,14,0.0,1.0,0.25,BirdNET_GLOBAL_6K_V2.4_Model_FP32.tflite,243B1F02648873F9_20260412_031500_chunk_002.wav,1200,90,93
1293,1296,Troglodytes troglodytes,Eurasian Wren,0.3429,243B1F02648873F9_20260412_031500.WAV,14,0.0,1.0,0.25,BirdNET_GLOBAL_6K_V2.4_Model_FP32.tflite,243B1F02648873F9_20260412_031500_chunk_002.wav,1200,93,96
1296,1299,Turdus merula,Eurasian Blackbird,0.4061,243B1F02648873F9_20260412_031500.WAV,14,0.0,1.0,0.25,BirdNET_GLOBAL_6K_V2.4_Model_FP32.tflite,243B1F02648873F9_20260412_031500_chunk_002.wav,1200,96,99
1317,1320,Troglodytes troglodytes,Eurasian Wren,0.2633,243B1F02648873F9_20260412_031500.WAV,14,0.0,1.0,0.25,BirdNET_GLOBAL_6K_V2.4_Model_FP32.tflite,243B1F02648873F9_20260412_031500_chunk_002.wav,1200,117,120
1320,1323,Troglodytes troglodytes,Eurasian Wren,0.3166,243B1F02648873F9_20260412_031500.WAV,14,0.0,1.0,0.25,BirdNET_GLOBAL_6K_V2.4_Model_FP32.tflite,243B1F02648873F9_20260412_031500_chunk_002.wav,1200,120,123
1323,1326,Troglodytes troglodytes,Eurasian Wren,0.3167,243B1F02648873F9_20260412_031500.WAV,14,0.0,1.0,0.25,BirdNET_GLOBAL_6K_V2.4_Model_FP32.tflite,243B1F02648873F9_20260412_031500_chunk_002.wav,1200,123,126
1326,1329,Turdus viscivorus,Mistle Thrush,0.2796,243B1F02648873F9_20260412_031500.WAV,14,0.0,1.0,0.25,BirdNET_GLOBAL_6K_V2.4_Model_FP32.tflite,243B1F02648873F9_20260412_031500_chunk_002.wav,1200,126,129
1332,1335,Troglodytes troglodytes,Eurasian Wren,0.5658,243B1F02648873F9_20260412_031500.WAV,14,0.0,1.0,0.25,BirdNET_GLOBAL_6K_V2.4_Model_FP32.tflite,243B1F02648873F9_20260412_031500_chunk_002.wav,1200,132,135
1344,1347,Troglodytes troglodytes,Eurasian Wren,0.3802,243B1F02648873F9_20260412_031500.WAV,14,0.0,1.0,0.25,BirdNET_GLOBAL_6K_V2.4_Model_FP32.tflite,243B1F02648873F9_20260412_031500_chunk_002.wav,1200,144,147
1356,1359,Troglodytes troglodytes,Eurasian Wren,0.7246,243B1F02648873F9_20260412_031500.WAV,14,0.0,1.0,0.25,BirdNET_GLOBAL_6K_V2.4_Model_FP32.tflite,243B1F02648873F9_20260412_031500_chunk_002.wav,1200,156,159
1359,1362,Troglodytes troglodytes,Eurasian Wren,0.4423,243B1F02648873F9_20260412_031500.WAV,14,0.0,1.0,0.25,BirdNET_GLOBAL_6K_V2.4_Model_FP32.tflite,243B1F02648873F9_20260412_031500_chunk_002.wav,1200,159,162
1365,1368,Troglodytes troglodytes,Eurasian Wren,0.3743,243B1F02648873F9_20260412_031500.WAV,14,0.0,1.0,0.25,BirdNET_GLOBAL_6K_V2.4_Model_FP32.tflite,243B1F02648873F9_20260412_031500_chunk_002.wav,1200,165,168
1374,1377,Turdus merula,Eurasian Blackbird,0.5653,243B1F02648873F9_20260412_031500.WAV,14,0.0,1.0,0.25,BirdNET_GLOBAL_6K_V2.4_Model_FP32.tflite,243B1F02648873F9_20260412_031500_chunk_002.wav,1200,174,177
1377,1380,Turdus merula,Eurasian Blackbird,0.5968,243B1F02648873F9_20260412_031500.WAV,14,0.0,1.0,0.25,BirdNET_GLOBAL_6K_V2.4_Model_FP32.tflite,243B1F02648873F9_20260412_031500_chunk_002.wav,1200,177,180
1380,1383,Troglodytes troglodytes,Eurasian Wren,0.4887,243B1F02648873F9_20260412_031500.WAV,14,0.0,1.0,0.25,BirdNET_GLOBAL_6K_V2.4_Model_FP32.tflite,243B1F02648873F9_20260412_031500_chunk_002.wav,1200,180,183
1383,1386,Troglodytes troglodytes,Eurasian Wren,0.6190,243B1F02648873F9_20260412_031500.WAV,14,0.0,1.0,0.25,BirdNET_GLOBAL_6K_V2.4_Model_FP32.tflite,243B1F02648873F9_20260412_031500_chunk_002.wav,1200,183,186
1392,1395,Turdus merula,Eurasian Blackbird,0.5682,243B1F02648873F9_20260412_031500.WAV,14,0.0,1.0,0.25,BirdNET_GLOBAL_6K_V2.4_Model_FP32.tflite,243B1F02648873F9_20260412_031500_chunk_002.wav,1200,192,195
1395,1398,Troglodytes troglodytes,Eurasian Wren,0.3255,243B1F02648873F9_20260412_031500.WAV,14,0.0,1.0,0.25,BirdNET_GLOBAL_6K_V2.4_Model_FP32.tflite,243B1F02648873F9_20260412_031500_chunk_002.wav,1200,195,198
1398,1401,Troglodytes troglodytes,Eurasian Wren,0.6386,243B1F02648873F9_20260412_031500.WAV,14,0.0,1.0,0.25,BirdNET_GLOBAL_6K_V2.4_Model_FP32.tflite,243B1F02648873F9_20260412_031500_chunk_002.wav,1200,198,201
1401,1404,Turdus merula,Eurasian Blackbird,0.3613,243B1F02648873F9_20260412_031500.WAV,14,0.0,1.0,0.25,BirdNET_GLOBAL_6K_V2.4_Model_FP32.tflite,243B1F02648873F9_20260412_031500_chunk_002.wav,1200,201,204
1407,1410,Troglodytes troglodytes,Eurasian Wren,0.7992,243B1F02648873F9_20260412_031500.WAV,14,0.0,1.0,0.25,BirdNET_GLOBAL_6K_V2.4_Model_FP32.tflite,243B1F02648873F9_20260412_031500_chunk_002.wav,1200,207,210
1410,1413,Troglodytes troglodytes,Eurasian Wren,0.5375,243B1F02648873F9_20260412_031500.WAV,14,0.0,1.0,0.25,BirdNET_GLOBAL_6K_V2.4_Model_FP32.tflite,243B1F02648873F9_20260412_031500_chunk_002.wav,1200,210,213
1413,1416,Troglodytes troglodytes,Eurasian Wren,0.5254,243B1F02648873F9_20260412_031500.WAV,14,0.0,1.0,0.25,BirdNET_GLOBAL_6K_V2.4_Model_FP32.tflite,243B1F02648873F9_20260412_031500_chunk_002.wav,1200,213,216
1425,1428,Turdus merula,Eurasian Blackbird,0.2704,243B1F02648873F9_20260412_031500.WAV,14,0.0,1.0,0.25,BirdNET_GLOBAL_6K_V2.4_Model_FP32.tflite,243B1F02648873F9_20260412_031500_chunk_002.wav,1200,225,228
1428,1431,Turdus merula,Eurasian Blackbird,0.5431,243B1F02648873F9_20260412_031500.WAV,14,0.0,1.0,0.25,BirdNET_GLOBAL_6K_V2.4_Model_FP32.tflite,243B1F02648873F9_20260412_031500_chunk_002.wav,1200,228,231
1434,1437,Turdus merula,Eurasian Blackbird,0.7483,243B1F02648873F9_20260412_031500.WAV,14,0.0,1.0,0.25,BirdNET_GLOBAL_6K_V2.4_Model_FP32.tflite,243B1F02648873F9_20260412_031500_chunk_002.wav,1200,234,237
1440,1443,Turdus merula,Eurasian Blackbird,0.4927,243B1F02648873F9_20260412_031500.WAV,14,0.0,1.0,0.25,BirdNET_GLOBAL_6K_V2.4_Model_FP32.tflite,243B1F02648873F9_20260412_031500_chunk_002.wav,1200,240,243
1452,1455,Troglodytes troglodytes,Eurasian Wren,0.7369,243B1F02648873F9_20260412_031500.WAV,14,0.0,1.0,0.25,BirdNET_GLOBAL_6K_V2.4_Model_FP32.tflite,243B1F02648873F9_20260412_031500_chunk_002.wav,1200,252,255
1455,1458,Troglodytes troglodytes,Eurasian Wren,0.3234,243B1F02648873F9_20260412_031500.WAV,14,0.0,1.0,0.25,BirdNET_GLOBAL_6K_V2.4_Model_FP32.tflite,243B1F02648873F9_20260412_031500_chunk_002.wav,1200,255,258
1458,1461,Troglodytes troglodytes,Eurasian Wren,0.4344,243B1F02648873F9_20260412_031500.WAV,14,0.0,1.0,0.25,BirdNET_GLOBAL_6K_V2.4_Model_FP32.tflite,243B1F02648873F9_20260412_031500_chunk_002.wav,1200,258,261
1461,1464,Turdus merula,Eurasian Blackbird,0.7405,243B1F02648873F9_20260412_031500.WAV,14,0.0,1.0,0.25,BirdNET_GLOBAL_6K_V2.4_Model_FP32.tflite,243B1F02648873F9_20260412_031500_chunk_002.wav,1200,261,264
1467,1470,Troglodytes troglodytes,Eurasian Wren,0.3274,243B1F02648873F9_20260412_031500.WAV,14,0.0,1.0,0.25,BirdNET_GLOBAL_6K_V2.4_Model_FP32.tflite,243B1F02648873F9_20260412_031500_chunk_002.wav,1200,267,270
1470,1473,Troglodytes troglodytes,Eurasian Wren,0.6022,243B1F02648873F9_20260412_031500.WAV,14,0.0,1.0,0.25,BirdNET_GLOBAL_6K_V2.4_Model_FP32.tflite,243B1F02648873F9_20260412_031500_chunk_002.wav,1200,270,273
1479,1482,Troglodytes troglodytes,Eurasian Wren,0.5414,243B1F02648873F9_20260412_031500.WAV,14,0.0,1.0,0.25,BirdNET_GLOBAL_6K_V2.4_Model_FP32.tflite,243B1F02648873F9_20260412_031500_chunk_002.wav,1200,279,282
1482,1485,Troglodytes troglodytes,Eurasian Wren,0.3317,243B1F02648873F9_20260412_031500.WAV,14,0.0,1.0,0.25,BirdNET_GLOBAL_6K_V2.4_Model_FP32.tflite,243B1F02648873F9_20260412_031500_chunk_002.wav,1200,282,285
1485,1488,Troglodytes troglodytes,Eurasian Wren,0.6584,243B1F02648873F9_20260412_031500.WAV,14,0.0,1.0,0.25,BirdNET_GLOBAL_6K_V2.4_Model_FP32.tflite,243B1F02648873F9_20260412_031500_chunk_002.wav,1200,285,288
1488,1491,Troglodytes troglodytes,Eurasian Wren,0.3494,243B1F02648873F9_20260412_031500.WAV,14,0.0,1.0,0.25,BirdNET_GLOBAL_6K_V2.4_Model_FP32.tflite,243B1F02648873F9_20260412_031500_chunk_002.wav,1200,288,291
1491,1494,Turdus viscivorus,Mistle Thrush,0.6020,243B1F02648873F9_20260412_031500.WAV,14,0.0,1.0,0.25,BirdNET_GLOBAL_6K_V2.4_Model_FP32.tflite,243B1F02648873F9_20260412_031500_chunk_002.wav,1200,291,294
1503,1506,Troglodytes troglodytes,Eurasian Wren,0.8102,243B1F02648873F9_20260412_031500.WAV,14,0.0,1.0,0.25,BirdNET_GLOBAL_6K_V2.4_Model_FP32.tflite,243B1F02648873F9_20260412_031500_chunk_002.wav,1200,303,306
1506,1509,Troglodytes troglodytes,Eurasian Wren,0.5369,243B1F02648873F9_20260412_031500.WAV,14,0.0,1.0,0.25,BirdNET_GLOBAL_6K_V2.4_Model_FP32.tflite,243B1F02648873F9_20260412_031500_chunk_002.wav,1200,306,309
1530,1533,Turdus merula,Eurasian Blackbird,0.3848,243B1F02648873F9_20260412_031500.WAV,14,0.0,1.0,0.25,BirdNET_GLOBAL_6K_V2.4_Model_FP32.tflite,243B1F02648873F9_20260412_031500_chunk_002.wav,1200,330,333
1536,1539,Turdus merula,Eurasian Blackbird,0.5615,243B1F02648873F9_20260412_031500.WAV,14,0.0,1.0,0.25,BirdNET_GLOBAL_6K_V2.4_Model_FP32.tflite,243B1F02648873F9_20260412_031500_chunk_002.wav,1200,336,339
1542,1545,Turdus merula,Eurasian Blackbird,0.2879,243B1F02648873F9_20260412_031500.WAV,14,0.0,1.0,0.25,BirdNET_GLOBAL_6K_V2.4_Model_FP32.tflite,243B1F02648873F9_20260412_031500_chunk_002.wav,1200,342,345
1545,1548,Turdus merula,Eurasian Blackbird,0.3446,243B1F02648873F9_20260412_031500.WAV,14,0.0,1.0,0.25,BirdNET_GLOBAL_6K_V2.4_Model_FP32.tflite,243B1F02648873F9_20260412_031500_chunk_002.wav,1200,345,348
1560,1563,Turdus merula,Eurasian Blackbird,0.4767,243B1F02648873F9_20260412_031500.WAV,14,0.0,1.0,0.25,BirdNET_GLOBAL_6K_V2.4_Model_FP32.tflite,243B1F02648873F9_20260412_031500_chunk_002.wav,1200,360,363
1566,1569,Turdus merula,Eurasian Blackbird,0.6164,243B1F02648873F9_20260412_031500.WAV,14,0.0,1.0,0.25,BirdNET_GLOBAL_6K_V2.4_Model_FP32.tflite,243B1F02648873F9_20260412_031500_chunk_002.wav,1200,366,369
1569,1572,Turdus merula,Eurasian Blackbird,0.4938,243B1F02648873F9_20260412_031500.WAV,14,0.0,1.0,0.25,BirdNET_GLOBAL_6K_V2.4_Model_FP32.tflite,243B1F02648873F9_20260412_031500_chunk_002.wav,1200,369,372
1584,1587,Turdus merula,Eurasian Blackbird,0.4686,243B1F02648873F9_20260412_031500.WAV,14,0.0,1.0,0.25,BirdNET_GLOBAL_6K_V2.4_Model_FP32.tflite,243B1F02648873F9_20260412_031500_chunk_002.wav,1200,384,387
1590,1593,Troglodytes troglodytes,Eurasian Wren,0.3714,243B1F02648873F9_20260412_031500.WAV,14,0.0,1.0,0.25,BirdNET_GLOBAL_6K_V2.4_Model_FP32.tflite,243B1F02648873F9_20260412_031500_chunk_002.wav,1200,390,393
1593,1596,Troglodytes troglodytes,Eurasian Wren,0.6355,243B1F02648873F9_20260412_031500.WAV,14,0.0,1.0,0.25,BirdNET_GLOBAL_6K_V2.4_Model_FP32.tflite,243B1F02648873F9_20260412_031500_chunk_002.wav,1200,393,396
1602,1605,Troglodytes troglodytes,Eurasian Wren,0.7664,243B1F02648873F9_20260412_031500.WAV,14,0.0,1.0,0.25,BirdNET_GLOBAL_6K_V2.4_Model_FP32.tflite,243B1F02648873F9_20260412_031500_chunk_002.wav,1200,402,405
1605,1608,Troglodytes troglodytes,Eurasian Wren,0.6864,243B1F02648873F9_20260412_031500.WAV,14,0.0,1.0,0.25,BirdNET_GLOBAL_6K_V2.4_Model_FP32.tflite,243B1F02648873F9_20260412_031500_chunk_002.wav,1200,405,408
1608,1611,Troglodytes troglodytes,Eurasian Wren,0.4941,243B1F02648873F9_20260412_031500.WAV,14,0.0,1.0,0.25,BirdNET_GLOBAL_6K_V2.4_Model_FP32.tflite,243B1F02648873F9_20260412_031500_chunk_002.wav,1200,408,411
1617,1620,Troglodytes troglodytes,Eurasian Wren,0.9105,243B1F02648873F9_20260412_031500.WAV,14,0.0,1.0,0.25,BirdNET_GLOBAL_6K_V2.4_Model_FP32.tflite,243B1F02648873F9_20260412_031500_chunk_002.wav,1200,417,420
1620,1623,Troglodytes troglodytes,Eurasian Wren,0.5069,243B1F02648873F9_20260412_031500.WAV,14,0.0,1.0,0.25,BirdNET_GLOBAL_6K_V2.4_Model_FP32.tflite,243B1F02648873F9_20260412_031500_chunk_002.wav,1200,420,423
1626,1629,Turdus merula,Eurasian Blackbird,0.4194,243B1F02648873F9_20260412_031500.WAV,14,0.0,1.0,0.25,BirdNET_GLOBAL_6K_V2.4_Model_FP32.tflite,243B1F02648873F9_20260412_031500_chunk_002.wav,1200,426,429
1629,1632,Troglodytes troglodytes,Eurasian Wren,0.5468,243B1F02648873F9_20260412_031500.WAV,14,0.0,1.0,0.25,BirdNET_GLOBAL_6K_V2.4_Model_FP32.tflite,243B1F02648873F9_20260412_031500_chunk_002.wav,1200,429,432
1632,1635,Troglodytes troglodytes,Eurasian Wren,0.6490,243B1F02648873F9_20260412_031500.WAV,14,0.0,1.0,0.25,BirdNET_GLOBAL_6K_V2.4_Model_FP32.tflite,243B1F02648873F9_20260412_031500_chunk_002.wav,1200,432,435
1641,1644,Turdus merula,Eurasian Blackbird,0.4337,243B1F02648873F9_20260412_031500.WAV,14,0.0,1.0,0.25,BirdNET_GLOBAL_6K_V2.4_Model_FP32.tflite,243B1F02648873F9_20260412_031500_chunk_002.wav,1200,441,444
1650,1653,Troglodytes troglodytes,Eurasian Wren,0.6109,243B1F02648873F9_20260412_031500.WAV,14,0.0,1.0,0.25,BirdNET_GLOBAL_6K_V2.4_Model_FP32.tflite,243B1F02648873F9_20260412_031500_chunk_002.wav,1200,450,453
1653,1656,Troglodytes troglodytes,Eurasian Wren,0.3636,243B1F02648873F9_20260412_031500.WAV,14,0.0,1.0,0.25,BirdNET_GLOBAL_6K_V2.4_Model_FP32.tflite,243B1F02648873F9_20260412_031500_chunk_002.wav,1200,453,456
1659,1662,Turdus merula,Eurasian Blackbird,0.4152,243B1F02648873F9_20260412_031500.WAV,14,0.0,1.0,0.25,BirdNET_GLOBAL_6K_V2.4_Model_FP32.tflite,243B1F02648873F9_20260412_031500_chunk_002.wav,1200,459,462
1662,1665,Troglodytes troglodytes,Eurasian Wren,0.3582,243B1F02648873F9_20260412_031500.WAV,14,0.0,1.0,0.25,BirdNET_GLOBAL_6K_V2.4_Model_FP32.tflite,243B1F02648873F9_20260412_031500_chunk_002.wav,1200,462,465
1677,1680,Troglodytes troglodytes,Eurasian Wren,0.7230,243B1F02648873F9_20260412_031500.WAV,14,0.0,1.0,0.25,BirdNET_GLOBAL_6K_V2.4_Model_FP32.tflite,243B1F02648873F9_20260412_031500_chunk_002.wav,1200,477,480
1680,1683,Troglodytes troglodytes,Eurasian Wren,0.3540,243B1F02648873F9_20260412_031500.WAV,14,0.0,1.0,0.25,BirdNET_GLOBAL_6K_V2.4_Model_FP32.tflite,243B1F02648873F9_20260412_031500_chunk_002.wav,1200,480,483
1686,1689,Turdus merula,Eurasian Blackbird,0.5111,243B1F02648873F9_20260412_031500.WAV,14,0.0,1.0,0.25,BirdNET_GLOBAL_6K_V2.4_Model_FP32.tflite,243B1F02648873F9_20260412_031500_chunk_002.wav,1200,486,489
1692,1695,Turdus merula,Eurasian Blackbird,0.2924,243B1F02648873F9_20260412_031500.WAV,14,0.0,1.0,0.25,BirdNET_GLOBAL_6K_V2.4_Model_FP32.tflite,243B1F02648873F9_20260412_031500_chunk_002.wav,1200,492,495
1695,1698,Turdus merula,Eurasian Blackbird,0.2504,243B1F02648873F9_20260412_031500.WAV,14,0.0,1.0,0.25,BirdNET_GLOBAL_6K_V2.4_Model_FP32.tflite,243B1F02648873F9_20260412_031500_chunk_002.wav,1200,495,498
1701,1704,Turdus merula,Eurasian Blackbird,0.7478,243B1F02648873F9_20260412_031500.WAV,14,0.0,1.0,0.25,BirdNET_GLOBAL_6K_V2.4_Model_FP32.tflite,243B1F02648873F9_20260412_031500_chunk_002.wav,1200,501,504
1725,1728,Turdus merula,Eurasian Blackbird,0.2927,243B1F02648873F9_20260412_031500.WAV,14,0.0,1.0,0.25,BirdNET_GLOBAL_6K_V2.4_Model_FP32.tflite,243B1F02648873F9_20260412_031500_chunk_002.wav,1200,525,528
1731,1734,Turdus merula,Eurasian Blackbird,0.3193,243B1F02648873F9_20260412_031500.WAV,14,0.0,1.0,0.25,BirdNET_GLOBAL_6K_V2.4_Model_FP32.tflite,243B1F02648873F9_20260412_031500_chunk_002.wav,1200,531,534
1737,1740,Turdus merula,Eurasian Blackbird,0.2708,243B1F02648873F9_20260412_031500.WAV,14,0.0,1.0,0.25,BirdNET_GLOBAL_6K_V2.4_Model_FP32.tflite,243B1F02648873F9_20260412_031500_chunk_002.wav,1200,537,540
1743,1746,Turdus merula,Eurasian Blackbird,0.6979,243B1F02648873F9_20260412_031500.WAV,14,0.0,1.0,0.25,BirdNET_GLOBAL_6K_V2.4_Model_FP32.tflite,243B1F02648873F9_20260412_031500_chunk_002.wav,1200,543,546
1746,1749,Turdus merula,Eurasian Blackbird,0.2507,243B1F02648873F9_20260412_031500.WAV,14,0.0,1.0,0.25,BirdNET_GLOBAL_6K_V2.4_Model_FP32.tflite,243B1F02648873F9_20260412_031500_chunk_002.wav,1200,546,549
1749,1752,Troglodytes troglodytes,Eurasian Wren,0.8147,243B1F02648873F9_20260412_031500.WAV,14,0.0,1.0,0.25,BirdNET_GLOBAL_6K_V2.4_Model_FP32.tflite,243B1F02648873F9_20260412_031500_chunk_002.wav,1200,549,552
1752,1755,Troglodytes troglodytes,Eurasian Wren,0.3651,243B1F02648873F9_20260412_031500.WAV,14,0.0,1.0,0.25,BirdNET_GLOBAL_6K_V2.4_Model_FP32.tflite,243B1F02648873F9_20260412_031500_chunk_002.wav,1200,552,555
1758,1761,Turdus merula,Eurasian Blackbird,0.5989,243B1F02648873F9_20260412_031500.WAV,14,0.0,1.0,0.25,BirdNET_GLOBAL_6K_V2.4_Model_FP32.tflite,243B1F02648873F9_20260412_031500_chunk_002.wav,1200,558,561
1764,1767,Troglodytes troglodytes,Eurasian Wren,0.2895,243B1F02648873F9_20260412_031500.WAV,14,0.0,1.0,0.25,BirdNET_GLOBAL_6K_V2.4_Model_FP32.tflite,243B1F02648873F9_20260412_031500_chunk_002.wav,1200,564,567
1767,1770,Troglodytes troglodytes,Eurasian Wren,0.9594,243B1F02648873F9_20260412_031500.WAV,14,0.0,1.0,0.25,BirdNET_GLOBAL_6K_V2.4_Model_FP32.tflite,243B1F02648873F9_20260412_031500_chunk_002.wav,1200,567,570
1770,1773,Troglodytes troglodytes,Eurasian Wren,0.4512,243B1F02648873F9_20260412_031500.WAV,14,0.0,1.0,0.25,BirdNET_GLOBAL_6K_V2.4_Model_FP32.tflite,243B1F02648873F9_20260412_031500_chunk_002.wav,1200,570,573
1776,1779,Turdus merula,Eurasian Blackbird,0.3520,243B1F02648873F9_20260412_031500.WAV,14,0.0,1.0,0.25,BirdNET_GLOBAL_6K_V2.4_Model_FP32.tflite,243B1F02648873F9_20260412_031500_chunk_002.wav,1200,576,579
1782,1785,Troglodytes troglodytes,Eurasian Wren,0.7817,243B1F02648873F9_20260412_031500.WAV,14,0.0,1.0,0.25,BirdNET_GLOBAL_6K_V2.4_Model_FP32.tflite,243B1F02648873F9_20260412_031500_chunk_002.wav,1200,582,585
1785,1788,Troglodytes troglodytes,Eurasian Wren,0.7017,243B1F02648873F9_20260412_031500.WAV,14,0.0,1.0,0.25,BirdNET_GLOBAL_6K_V2.4_Model_FP32.tflite,243B1F02648873F9_20260412_031500_chunk_002.wav,1200,585,588
1788,1791,Troglodytes troglodytes,Eurasian Wren,0.3605,243B1F02648873F9_20260412_031500.WAV,14,0.0,1.0,0.25,BirdNET_GLOBAL_6K_V2.4_Model_FP32.tflite,243B1F02648873F9_20260412_031500_chunk_002.wav,1200,588,591
1791,1794,Erithacus rubecula,European Robin,0.7279,243B1F02648873F9_20260412_031500.WAV,14,0.0,1.0,0.25,BirdNET_GLOBAL_6K_V2.4_Model_FP32.tflite,243B1F02648873F9_20260412_031500_chunk_002.wav,1200,591,594
1797,1799.98,Troglodytes troglodytes,Eurasian Wren,0.8507,243B1F02648873F9_20260412_031500.WAV,14,0.0,1.0,0.25,BirdNET_GLOBAL_6K_V2.4_Model_FP32.tflite,243B1F02648873F9_20260412_031500_chunk_002.wav,1200,597,599.98
1800,1803,Troglodytes troglodytes,Eurasian Wren,0.6136,243B1F02648873F9_20260412_031500.WAV,14,0.0,1.0,0.25,BirdNET_GLOBAL_6K_V2.4_Model_FP32.tflite,243B1F02648873F9_20260412_031500_chunk_003.wav,1800,0,3
1812,1815,Troglodytes troglodytes,Eurasian Wren,0.8977,243B1F02648873F9_20260412_031500.WAV,14,0.0,1.0,0.25,BirdNET_GLOBAL_6K_V2.4_Model_FP32.tflite,243B1F02648873F9_20260412_031500_chunk_003.wav,1800,12,15
1815,1818,Troglodytes troglodytes,Eurasian Wren,0.6633,243B1F02648873F9_20260412_031500.WAV,14,0.0,1.0,0.25,BirdNET_GLOBAL_6K_V2.4_Model_FP32.tflite,243B1F02648873F9_20260412_031500_chunk_003.wav,1800,15,18
1827,1830,Troglodytes troglodytes,Eurasian Wren,0.9343,243B1F02648873F9_20260412_031500.WAV,14,0.0,1.0,0.25,BirdNET_GLOBAL_6K_V2.4_Model_FP32.tflite,243B1F02648873F9_20260412_031500_chunk_003.wav,1800,27,30
1830,1833,Troglodytes troglodytes,Eurasian Wren,0.6380,243B1F02648873F9_20260412_031500.WAV,14,0.0,1.0,0.25,BirdNET_GLOBAL_6K_V2.4_Model_FP32.tflite,243B1F02648873F9_20260412_031500_chunk_003.wav,1800,30,33
1842,1845,Troglodytes troglodytes,Eurasian Wren,0.9437,243B1F02648873F9_20260412_031500.WAV,14,0.0,1.0,0.25,BirdNET_GLOBAL_6K_V2.4_Model_FP32.tflite,243B1F02648873F9_20260412_031500_chunk_003.wav,1800,42,45
1845,1848,Troglodytes troglodytes,Eurasian Wren,0.8220,243B1F02648873F9_20260412_031500.WAV,14,0.0,1.0,0.25,BirdNET_GLOBAL_6K_V2.4_Model_FP32.tflite,243B1F02648873F9_20260412_031500_chunk_003.wav,1800,45,48
1851,1854,Erithacus rubecula,European Robin,0.3366,243B1F02648873F9_20260412_031500.WAV,14,0.0,1.0,0.25,BirdNET_GLOBAL_6K_V2.4_Model_FP32.tflite,243B1F02648873F9_20260412_031500_chunk_003.wav,1800,51,54
1857,1860,Troglodytes troglodytes,Eurasian Wren,0.9836,243B1F02648873F9_20260412_031500.WAV,14,0.0,1.0,0.25,BirdNET_GLOBAL_6K_V2.4_Model_FP32.tflite,243B1F02648873F9_20260412_031500_chunk_003.wav,1800,57,60
1860,1863,Troglodytes troglodytes,Eurasian Wren,0.6118,243B1F02648873F9_20260412_031500.WAV,14,0.0,1.0,0.25,BirdNET_GLOBAL_6K_V2.4_Model_FP32.tflite,243B1F02648873F9_20260412_031500_chunk_003.wav,1800,60,63
1863,1866,Troglodytes troglodytes,Eurasian Wren,0.5568,243B1F02648873F9_20260412_031500.WAV,14,0.0,1.0,0.25,BirdNET_GLOBAL_6K_V2.4_Model_FP32.tflite,243B1F02648873F9_20260412_031500_chunk_003.wav,1800,63,66
1869,1872,Turdus merula,Eurasian Blackbird,0.5658,243B1F02648873F9_20260412_031500.WAV,14,0.0,1.0,0.25,BirdNET_GLOBAL_6K_V2.4_Model_FP32.tflite,243B1F02648873F9_20260412_031500_chunk_003.wav,1800,69,72
1875,1878,Troglodytes troglodytes,Eurasian Wren,0.8352,243B1F02648873F9_20260412_031500.WAV,14,0.0,1.0,0.25,BirdNET_GLOBAL_6K_V2.4_Model_FP32.tflite,243B1F02648873F9_20260412_031500_chunk_003.wav,1800,75,78
1878,1881,Troglodytes troglodytes,Eurasian Wren,0.7913,243B1F02648873F9_20260412_031500.WAV,14,0.0,1.0,0.25,BirdNET_GLOBAL_6K_V2.4_Model_FP32.tflite,243B1F02648873F9_20260412_031500_chunk_003.wav,1800,78,81
1881,1884,Troglodytes troglodytes,Eurasian Wren,0.5867,243B1F02648873F9_20260412_031500.WAV,14,0.0,1.0,0.25,BirdNET_GLOBAL_6K_V2.4_Model_FP32.tflite,243B1F02648873F9_20260412_031500_chunk_003.wav,1800,81,84
1899,1902,Troglodytes troglodytes,Eurasian Wren,0.9586,243B1F02648873F9_20260412_031500.WAV,14,0.0,1.0,0.25,BirdNET_GLOBAL_6K_V2.4_Model_FP32.tflite,243B1F02648873F9_20260412_031500_chunk_003.wav,1800,99,102
1902,1905,Troglodytes troglodytes,Eurasian Wren,0.9000,243B1F02648873F9_20260412_031500.WAV,14,0.0,1.0,0.25,BirdNET_GLOBAL_6K_V2.4_Model_FP32.tflite,243B1F02648873F9_20260412_031500_chunk_003.wav,1800,102,105
1905,1908,Turdus merula,Eurasian Blackbird,0.3417,243B1F02648873F9_20260412_031500.WAV,14,0.0,1.0,0.25,BirdNET_GLOBAL_6K_V2.4_Model_FP32.tflite,243B1F02648873F9_20260412_031500_chunk_003.wav,1800,105,108
1917,1920,Turdus merula,Eurasian Blackbird,0.3378,243B1F02648873F9_20260412_031500.WAV,14,0.0,1.0,0.25,BirdNET_GLOBAL_6K_V2.4_Model_FP32.tflite,243B1F02648873F9_20260412_031500_chunk_003.wav,1800,117,120
1929,1932,Erithacus rubecula,European Robin,0.6611,243B1F02648873F9_20260412_031500.WAV,14,0.0,1.0,0.25,BirdNET_GLOBAL_6K_V2.4_Model_FP32.tflite,243B1F02648873F9_20260412_031500_chunk_003.wav,1800,129,132
1944,1947,Troglodytes troglodytes,Eurasian Wren,0.4437,243B1F02648873F9_20260412_031500.WAV,14,0.0,1.0,0.25,BirdNET_GLOBAL_6K_V2.4_Model_FP32.tflite,243B1F02648873F9_20260412_031500_chunk_003.wav,1800,144,147
1947,1950,Troglodytes troglodytes,Eurasian Wren,0.9401,243B1F02648873F9_20260412_031500.WAV,14,0.0,1.0,0.25,BirdNET_GLOBAL_6K_V2.4_Model_FP32.tflite,243B1F02648873F9_20260412_031500_chunk_003.wav,1800,147,150
1950,1953,Troglodytes troglodytes,Eurasian Wren,0.6102,243B1F02648873F9_20260412_031500.WAV,14,0.0,1.0,0.25,BirdNET_GLOBAL_6K_V2.4_Model_FP32.tflite,243B1F02648873F9_20260412_031500_chunk_003.wav,1800,150,153
1953,1956,Troglodytes troglodytes,Eurasian Wren,0.5413,243B1F02648873F9_20260412_031500.WAV,14,0.0,1.0,0.25,BirdNET_GLOBAL_6K_V2.4_Model_FP32.tflite,243B1F02648873F9_20260412_031500_chunk_003.wav,1800,153,156
1962,1965,Erithacus rubecula,European Robin,0.5282,243B1F02648873F9_20260412_031500.WAV,14,0.0,1.0,0.25,BirdNET_GLOBAL_6K_V2.4_Model_FP32.tflite,243B1F02648873F9_20260412_031500_chunk_003.wav,1800,162,165
1965,1968,Turdus merula,Eurasian Blackbird,0.4273,243B1F02648873F9_20260412_031500.WAV,14,0.0,1.0,0.25,BirdNET_GLOBAL_6K_V2.4_Model_FP32.tflite,243B1F02648873F9_20260412_031500_chunk_003.wav,1800,165,168
1968,1971,Erithacus rubecula,European Robin,0.4384,243B1F02648873F9_20260412_031500.WAV,14,0.0,1.0,0.25,BirdNET_GLOBAL_6K_V2.4_Model_FP32.tflite,243B1F02648873F9_20260412_031500_chunk_003.wav,1800,168,171
1971,1974,Turdus merula,Eurasian Blackbird,0.4180,243B1F02648873F9_20260412_031500.WAV,14,0.0,1.0,0.25,BirdNET_GLOBAL_6K_V2.4_Model_FP32.tflite,243B1F02648873F9_20260412_031500_chunk_003.wav,1800,171,174
1974,1977,Turdus merula,Eurasian Blackbird,0.3012,243B1F02648873F9_20260412_031500.WAV,14,0.0,1.0,0.25,BirdNET_GLOBAL_6K_V2.4_Model_FP32.tflite,243B1F02648873F9_20260412_031500_chunk_003.wav,1800,174,177
1980,1983,Turdus merula,Eurasian Blackbird,0.6103,243B1F02648873F9_20260412_031500.WAV,14,0.0,1.0,0.25,BirdNET_GLOBAL_6K_V2.4_Model_FP32.tflite,243B1F02648873F9_20260412_031500_chunk_003.wav,1800,180,183
1983,1986,Turdus merula,Eurasian Blackbird,0.4069,243B1F02648873F9_20260412_031500.WAV,14,0.0,1.0,0.25,BirdNET_GLOBAL_6K_V2.4_Model_FP32.tflite,243B1F02648873F9_20260412_031500_chunk_003.wav,1800,183,186
1989,1992,Turdus merula,Eurasian Blackbird,0.6097,243B1F02648873F9_20260412_031500.WAV,14,0.0,1.0,0.25,BirdNET_GLOBAL_6K_V2.4_Model_FP32.tflite,243B1F02648873F9_20260412_031500_chunk_003.wav,1800,189,192
1995,1998,Turdus merula,Eurasian Blackbird,0.3209,243B1F02648873F9_20260412_031500.WAV,14,0.0,1.0,0.25,BirdNET_GLOBAL_6K_V2.4_Model_FP32.tflite,243B1F02648873F9_20260412_031500_chunk_003.wav,1800,195,198
1995,1998,Erithacus rubecula,European Robin,0.2776,243B1F02648873F9_20260412_031500.WAV,14,0.0,1.0,0.25,BirdNET_GLOBAL_6K_V2.4_Model_FP32.tflite,243B1F02648873F9_20260412_031500_chunk_003.wav,1800,195,198
1998,2001,Turdus merula,Eurasian Blackbird,0.7022,243B1F02648873F9_20260412_031500.WAV,14,0.0,1.0,0.25,BirdNET_GLOBAL_6K_V2.4_Model_FP32.tflite,243B1F02648873F9_20260412_031500_chunk_003.wav,1800,198,201
2001,2004,Turdus merula,Eurasian Blackbird,0.4851,243B1F02648873F9_20260412_031500.WAV,14,0.0,1.0,0.25,BirdNET_GLOBAL_6K_V2.4_Model_FP32.tflite,243B1F02648873F9_20260412_031500_chunk_003.wav,1800,201,204
2007,2010,Turdus merula,Eurasian Blackbird,0.3686,243B1F02648873F9_20260412_031500.WAV,14,0.0,1.0,0.25,BirdNET_GLOBAL_6K_V2.4_Model_FP32.tflite,243B1F02648873F9_20260412_031500_chunk_003.wav,1800,207,210
2025,2028,Turdus merula,Eurasian Blackbird,0.6829,243B1F02648873F9_20260412_031500.WAV,14,0.0,1.0,0.25,BirdNET_GLOBAL_6K_V2.4_Model_FP32.tflite,243B1F02648873F9_20260412_031500_chunk_003.wav,1800,225,228
2028,2031,Turdus merula,Eurasian Blackbird,0.5119,243B1F02648873F9_20260412_031500.WAV,14,0.0,1.0,0.25,BirdNET_GLOBAL_6K_V2.4_Model_FP32.tflite,243B1F02648873F9_20260412_031500_chunk_003.wav,1800,228,231
2031,2034,Turdus merula,Eurasian Blackbird,0.4430,243B1F02648873F9_20260412_031500.WAV,14,0.0,1.0,0.25,BirdNET_GLOBAL_6K_V2.4_Model_FP32.tflite,243B1F02648873F9_20260412_031500_chunk_003.wav,1800,231,234
2049,2052,Turdus merula,Eurasian Blackbird,0.5484,243B1F02648873F9_20260412_031500.WAV,14,0.0,1.0,0.25,BirdNET_GLOBAL_6K_V2.4_Model_FP32.tflite,243B1F02648873F9_20260412_031500_chunk_003.wav,1800,249,252
2052,2055,Tyto alba,Barn Owl,0.2647,243B1F02648873F9_20260412_031500.WAV,14,0.0,1.0,0.25,BirdNET_GLOBAL_6K_V2.4_Model_FP32.tflite,243B1F02648873F9_20260412_031500_chunk_003.wav,1800,252,255
2058,2061,Turdus merula,Eurasian Blackbird,0.2932,243B1F02648873F9_20260412_031500.WAV,14,0.0,1.0,0.25,BirdNET_GLOBAL_6K_V2.4_Model_FP32.tflite,243B1F02648873F9_20260412_031500_chunk_003.wav,1800,258,261
2061,2064,Turdus merula,Eurasian Blackbird,0.4803,243B1F02648873F9_20260412_031500.WAV,14,0.0,1.0,0.25,BirdNET_GLOBAL_6K_V2.4_Model_FP32.tflite,243B1F02648873F9_20260412_031500_chunk_003.wav,1800,261,264
2064,2067,Turdus merula,Eurasian Blackbird,0.2574,243B1F02648873F9_20260412_031500.WAV,14,0.0,1.0,0.25,BirdNET_GLOBAL_6K_V2.4_Model_FP32.tflite,243B1F02648873F9_20260412_031500_chunk_003.wav,1800,264,267
2082,2085,Erithacus rubecula,European Robin,0.5991,243B1F02648873F9_20260412_031500.WAV,14,0.0,1.0,0.25,BirdNET_GLOBAL_6K_V2.4_Model_FP32.tflite,243B1F02648873F9_20260412_031500_chunk_003.wav,1800,282,285
2088,2091,Turdus merula,Eurasian Blackbird,0.4047,243B1F02648873F9_20260412_031500.WAV,14,0.0,1.0,0.25,BirdNET_GLOBAL_6K_V2.4_Model_FP32.tflite,243B1F02648873F9_20260412_031500_chunk_003.wav,1800,288,291
2091,2094,Erithacus rubecula,European Robin,0.4843,243B1F02648873F9_20260412_031500.WAV,14,0.0,1.0,0.25,BirdNET_GLOBAL_6K_V2.4_Model_FP32.tflite,243B1F02648873F9_20260412_031500_chunk_003.wav,1800,291,294
2097,2100,Turdus merula,Eurasian Blackbird,0.3298,243B1F02648873F9_20260412_031500.WAV,14,0.0,1.0,0.25,BirdNET_GLOBAL_6K_V2.4_Model_FP32.tflite,243B1F02648873F9_20260412_031500_chunk_003.wav,1800,297,300
2100,2103,Erithacus rubecula,European Robin,0.4390,243B1F02648873F9_20260412_031500.WAV,14,0.0,1.0,0.25,BirdNET_GLOBAL_6K_V2.4_Model_FP32.tflite,243B1F02648873F9_20260412_031500_chunk_003.wav,1800,300,303
2106,2109,Turdus merula,Eurasian Blackbird,0.3363,243B1F02648873F9_20260412_031500.WAV,14,0.0,1.0,0.25,BirdNET_GLOBAL_6K_V2.4_Model_FP32.tflite,243B1F02648873F9_20260412_031500_chunk_003.wav,1800,306,309
2112,2115,Troglodytes troglodytes,Eurasian Wren,0.7287,243B1F02648873F9_20260412_031500.WAV,14,0.0,1.0,0.25,BirdNET_GLOBAL_6K_V2.4_Model_FP32.tflite,243B1F02648873F9_20260412_031500_chunk_003.wav,1800,312,315
2115,2118,Troglodytes troglodytes,Eurasian Wren,0.9709,243B1F02648873F9_20260412_031500.WAV,14,0.0,1.0,0.25,BirdNET_GLOBAL_6K_V2.4_Model_FP32.tflite,243B1F02648873F9_20260412_031500_chunk_003.wav,1800,315,318
2121,2124,Erithacus rubecula,European Robin,0.4384,243B1F02648873F9_20260412_031500.WAV,14,0.0,1.0,0.25,BirdNET_GLOBAL_6K_V2.4_Model_FP32.tflite,243B1F02648873F9_20260412_031500_chunk_003.wav,1800,321,324
2130,2133,Troglodytes troglodytes,Eurasian Wren,0.8717,243B1F02648873F9_20260412_031500.WAV,14,0.0,1.0,0.25,BirdNET_GLOBAL_6K_V2.4_Model_FP32.tflite,243B1F02648873F9_20260412_031500_chunk_003.wav,1800,330,333
2133,2136,Troglodytes troglodytes,Eurasian Wren,0.9571,243B1F02648873F9_20260412_031500.WAV,14,0.0,1.0,0.25,BirdNET_GLOBAL_6K_V2.4_Model_FP32.tflite,243B1F02648873F9_20260412_031500_chunk_003.wav,1800,333,336
2136,2139,Troglodytes troglodytes,Eurasian Wren,0.4574,243B1F02648873F9_20260412_031500.WAV,14,0.0,1.0,0.25,BirdNET_GLOBAL_6K_V2.4_Model_FP32.tflite,243B1F02648873F9_20260412_031500_chunk_003.wav,1800,336,339
2142,2145,Turdus merula,Eurasian Blackbird,0.4299,243B1F02648873F9_20260412_031500.WAV,14,0.0,1.0,0.25,BirdNET_GLOBAL_6K_V2.4_Model_FP32.tflite,243B1F02648873F9_20260412_031500_chunk_003.wav,1800,342,345
2154,2157,Turdus merula,Eurasian Blackbird,0.4162,243B1F02648873F9_20260412_031500.WAV,14,0.0,1.0,0.25,BirdNET_GLOBAL_6K_V2.4_Model_FP32.tflite,243B1F02648873F9_20260412_031500_chunk_003.wav,1800,354,357
2160,2163,Turdus merula,Eurasian Blackbird,0.4429,243B1F02648873F9_20260412_031500.WAV,14,0.0,1.0,0.25,BirdNET_GLOBAL_6K_V2.4_Model_FP32.tflite,243B1F02648873F9_20260412_031500_chunk_003.wav,1800,360,363
2166,2169,Turdus merula,Eurasian Blackbird,0.4461,243B1F02648873F9_20260412_031500.WAV,14,0.0,1.0,0.25,BirdNET_GLOBAL_6K_V2.4_Model_FP32.tflite,243B1F02648873F9_20260412_031500_chunk_003.wav,1800,366,369
2169,2172,Turdus merula,Eurasian Blackbird,0.3354,243B1F02648873F9_20260412_031500.WAV,14,0.0,1.0,0.25,BirdNET_GLOBAL_6K_V2.4_Model_FP32.tflite,243B1F02648873F9_20260412_031500_chunk_003.wav,1800,369,372
2172,2175,Turdus merula,Eurasian Blackbird,0.3974,243B1F02648873F9_20260412_031500.WAV,14,0.0,1.0,0.25,BirdNET_GLOBAL_6K_V2.4_Model_FP32.tflite,243B1F02648873F9_20260412_031500_chunk_003.wav,1800,372,375
2175,2178,Turdus merula,Eurasian Blackbird,0.4617,243B1F02648873F9_20260412_031500.WAV,14,0.0,1.0,0.25,BirdNET_GLOBAL_6K_V2.4_Model_FP32.tflite,243B1F02648873F9_20260412_031500_chunk_003.wav,1800,375,378
2178,2181,Erithacus rubecula,European Robin,0.3961,243B1F02648873F9_20260412_031500.WAV,14,0.0,1.0,0.25,BirdNET_GLOBAL_6K_V2.4_Model_FP32.tflite,243B1F02648873F9_20260412_031500_chunk_003.wav,1800,378,381
2184,2187,Turdus merula,Eurasian Blackbird,0.2828,243B1F02648873F9_20260412_031500.WAV,14,0.0,1.0,0.25,BirdNET_GLOBAL_6K_V2.4_Model_FP32.tflite,243B1F02648873F9_20260412_031500_chunk_003.wav,1800,384,387
2187,2190,Turdus merula,Eurasian Blackbird,0.4233,243B1F02648873F9_20260412_031500.WAV,14,0.0,1.0,0.25,BirdNET_GLOBAL_6K_V2.4_Model_FP32.tflite,243B1F02648873F9_20260412_031500_chunk_003.wav,1800,387,390
2190,2193,Erithacus rubecula,European Robin,0.5807,243B1F02648873F9_20260412_031500.WAV,14,0.0,1.0,0.25,BirdNET_GLOBAL_6K_V2.4_Model_FP32.tflite,243B1F02648873F9_20260412_031500_chunk_003.wav,1800,390,393
2196,2199,Turdus merula,Eurasian Blackbird,0.5240,243B1F02648873F9_20260412_031500.WAV,14,0.0,1.0,0.25,BirdNET_GLOBAL_6K_V2.4_Model_FP32.tflite,243B1F02648873F9_20260412_031500_chunk_003.wav,1800,396,399
2208,2211,Turdus merula,Eurasian Blackbird,0.2950,243B1F02648873F9_20260412_031500.WAV,14,0.0,1.0,0.25,BirdNET_GLOBAL_6K_V2.4_Model_FP32.tflite,243B1F02648873F9_20260412_031500_chunk_003.wav,1800,408,411
2214,2217,Turdus merula,Eurasian Blackbird,0.4824,243B1F02648873F9_20260412_031500.WAV,14,0.0,1.0,0.25,BirdNET_GLOBAL_6K_V2.4_Model_FP32.tflite,243B1F02648873F9_20260412_031500_chunk_003.wav,1800,414,417
2214,2217,Erithacus rubecula,European Robin,0.4431,243B1F02648873F9_20260412_031500.WAV,14,0.0,1.0,0.25,BirdNET_GLOBAL_6K_V2.4_Model_FP32.tflite,243B1F02648873F9_20260412_031500_chunk_003.wav,1800,414,417
2217,2220,Troglodytes troglodytes,Eurasian Wren,0.2696,243B1F02648873F9_20260412_031500.WAV,14,0.0,1.0,0.25,BirdNET_GLOBAL_6K_V2.4_Model_FP32.tflite,243B1F02648873F9_20260412_031500_chunk_003.wav,1800,417,420
2220,2223,Troglodytes troglodytes,Eurasian Wren,0.6008,243B1F02648873F9_20260412_031500.WAV,14,0.0,1.0,0.25,BirdNET_GLOBAL_6K_V2.4_Model_FP32.tflite,243B1F02648873F9_20260412_031500_chunk_003.wav,1800,420,423
2223,2226,Troglodytes troglodytes,Eurasian Wren,0.8042,243B1F02648873F9_20260412_031500.WAV,14,0.0,1.0,0.25,BirdNET_GLOBAL_6K_V2.4_Model_FP32.tflite,243B1F02648873F9_20260412_031500_chunk_003.wav,1800,423,426
2226,2229,Erithacus rubecula,European Robin,0.2500,243B1F02648873F9_20260412_031500.WAV,14,0.0,1.0,0.25,BirdNET_GLOBAL_6K_V2.4_Model_FP32.tflite,243B1F02648873F9_20260412_031500_chunk_003.wav,1800,426,429
2229,2232,Erithacus rubecula,European Robin,0.7691,243B1F02648873F9_20260412_031500.WAV,14,0.0,1.0,0.25,BirdNET_GLOBAL_6K_V2.4_Model_FP32.tflite,243B1F02648873F9_20260412_031500_chunk_003.wav,1800,429,432
2232,2235,Erithacus rubecula,European Robin,0.8809,243B1F02648873F9_20260412_031500.WAV,14,0.0,1.0,0.25,BirdNET_GLOBAL_6K_V2.4_Model_FP32.tflite,243B1F02648873F9_20260412_031500_chunk_003.wav,1800,432,435
2235,2238,Erithacus rubecula,European Robin,0.5328,243B1F02648873F9_20260412_031500.WAV,14,0.0,1.0,0.25,BirdNET_GLOBAL_6K_V2.4_Model_FP32.tflite,243B1F02648873F9_20260412_031500_chunk_003.wav,1800,435,438
2238,2241,Erithacus rubecula,European Robin,0.4249,243B1F02648873F9_20260412_031500.WAV,14,0.0,1.0,0.25,BirdNET_GLOBAL_6K_V2.4_Model_FP32.tflite,243B1F02648873F9_20260412_031500_chunk_003.wav,1800,438,441
2241,2244,Erithacus rubecula,European Robin,0.3091,243B1F02648873F9_20260412_031500.WAV,14,0.0,1.0,0.25,BirdNET_GLOBAL_6K_V2.4_Model_FP32.tflite,243B1F02648873F9_20260412_031500_chunk_003.wav,1800,441,444
2244,2247,Erithacus rubecula,European Robin,0.6090,243B1F02648873F9_20260412_031500.WAV,14,0.0,1.0,0.25,BirdNET_GLOBAL_6K_V2.4_Model_FP32.tflite,243B1F02648873F9_20260412_031500_chunk_003.wav,1800,444,447
2247,2250,Erithacus rubecula,European Robin,0.5164,243B1F02648873F9_20260412_031500.WAV,14,0.0,1.0,0.25,BirdNET_GLOBAL_6K_V2.4_Model_FP32.tflite,243B1F02648873F9_20260412_031500_chunk_003.wav,1800,447,450
2250,2253,Erithacus rubecula,European Robin,0.2624,243B1F02648873F9_20260412_031500.WAV,14,0.0,1.0,0.25,BirdNET_GLOBAL_6K_V2.4_Model_FP32.tflite,243B1F02648873F9_20260412_031500_chunk_003.wav,1800,450,453
2253,2256,Erithacus rubecula,European Robin,0.6981,243B1F02648873F9_20260412_031500.WAV,14,0.0,1.0,0.25,BirdNET_GLOBAL_6K_V2.4_Model_FP32.tflite,243B1F02648873F9_20260412_031500_chunk_003.wav,1800,453,456
2256,2259,Erithacus rubecula,European Robin,0.4566,243B1F02648873F9_20260412_031500.WAV,14,0.0,1.0,0.25,BirdNET_GLOBAL_6K_V2.4_Model_FP32.tflite,243B1F02648873F9_20260412_031500_chunk_003.wav,1800,456,459
2259,2262,Erithacus rubecula,European Robin,0.4361,243B1F02648873F9_20260412_031500.WAV,14,0.0,1.0,0.25,BirdNET_GLOBAL_6K_V2.4_Model_FP32.tflite,243B1F02648873F9_20260412_031500_chunk_003.wav,1800,459,462
2259,2262,Turdus merula,Eurasian Blackbird,0.2777,243B1F02648873F9_20260412_031500.WAV,14,0.0,1.0,0.25,BirdNET_GLOBAL_6K_V2.4_Model_FP32.tflite,243B1F02648873F9_20260412_031500_chunk_003.wav,1800,459,462
2262,2265,Erithacus rubecula,European Robin,0.7744,243B1F02648873F9_20260412_031500.WAV,14,0.0,1.0,0.25,BirdNET_GLOBAL_6K_V2.4_Model_FP32.tflite,243B1F02648873F9_20260412_031500_chunk_003.wav,1800,462,465
2265,2268,Erithacus rubecula,European Robin,0.2933,243B1F02648873F9_20260412_031500.WAV,14,0.0,1.0,0.25,BirdNET_GLOBAL_6K_V2.4_Model_FP32.tflite,243B1F02648873F9_20260412_031500_chunk_003.wav,1800,465,468
2268,2271,Erithacus rubecula,European Robin,0.9265,243B1F02648873F9_20260412_031500.WAV,14,0.0,1.0,0.25,BirdNET_GLOBAL_6K_V2.4_Model_FP32.tflite,243B1F02648873F9_20260412_031500_chunk_003.wav,1800,468,471
2271,2274,Erithacus rubecula,European Robin,0.5959,243B1F02648873F9_20260412_031500.WAV,14,0.0,1.0,0.25,BirdNET_GLOBAL_6K_V2.4_Model_FP32.tflite,243B1F02648873F9_20260412_031500_chunk_003.wav,1800,471,474
2274,2277,Erithacus rubecula,European Robin,0.7254,243B1F02648873F9_20260412_031500.WAV,14,0.0,1.0,0.25,BirdNET_GLOBAL_6K_V2.4_Model_FP32.tflite,243B1F02648873F9_20260412_031500_chunk_003.wav,1800,474,477
2277,2280,Erithacus rubecula,European Robin,0.6282,243B1F02648873F9_20260412_031500.WAV,14,0.0,1.0,0.25,BirdNET_GLOBAL_6K_V2.4_Model_FP32.tflite,243B1F02648873F9_20260412_031500_chunk_003.wav,1800,477,480
2280,2283,Erithacus rubecula,European Robin,0.4766,243B1F02648873F9_20260412_031500.WAV,14,0.0,1.0,0.25,BirdNET_GLOBAL_6K_V2.4_Model_FP32.tflite,243B1F02648873F9_20260412_031500_chunk_003.wav,1800,480,483
2283,2286,Troglodytes troglodytes,Eurasian Wren,0.6429,243B1F02648873F9_20260412_031500.WAV,14,0.0,1.0,0.25,BirdNET_GLOBAL_6K_V2.4_Model_FP32.tflite,243B1F02648873F9_20260412_031500_chunk_003.wav,1800,483,486
2283,2286,Erithacus rubecula,European Robin,0.3406,243B1F02648873F9_20260412_031500.WAV,14,0.0,1.0,0.25,BirdNET_GLOBAL_6K_V2.4_Model_FP32.tflite,243B1F02648873F9_20260412_031500_chunk_003.wav,1800,483,486
2286,2289,Troglodytes troglodytes,Eurasian Wren,0.9271,243B1F02648873F9_20260412_031500.WAV,14,0.0,1.0,0.25,BirdNET_GLOBAL_6K_V2.4_Model_FP32.tflite,243B1F02648873F9_20260412_031500_chunk_003.wav,1800,486,489
2289,2292,Troglodytes troglodytes,Eurasian Wren,0.9328,243B1F02648873F9_20260412_031500.WAV,14,0.0,1.0,0.25,BirdNET_GLOBAL_6K_V2.4_Model_FP32.tflite,243B1F02648873F9_20260412_031500_chunk_003.wav,1800,489,492
2292,2295,Erithacus rubecula,European Robin,0.6621,243B1F02648873F9_20260412_031500.WAV,14,0.0,1.0,0.25,BirdNET_GLOBAL_6K_V2.4_Model_FP32.tflite,243B1F02648873F9_20260412_031500_chunk_003.wav,1800,492,495
2295,2298,Erithacus rubecula,European Robin,0.6722,243B1F02648873F9_20260412_031500.WAV,14,0.0,1.0,0.25,BirdNET_GLOBAL_6K_V2.4_Model_FP32.tflite,243B1F02648873F9_20260412_031500_chunk_003.wav,1800,495,498
2298,2301,Erithacus rubecula,European Robin,0.4210,243B1F02648873F9_20260412_031500.WAV,14,0.0,1.0,0.25,BirdNET_GLOBAL_6K_V2.4_Model_FP32.tflite,243B1F02648873F9_20260412_031500_chunk_003.wav,1800,498,501
2304,2307,Erithacus rubecula,European Robin,0.6045,243B1F02648873F9_20260412_031500.WAV,14,0.0,1.0,0.25,BirdNET_GLOBAL_6K_V2.4_Model_FP32.tflite,243B1F02648873F9_20260412_031500_chunk_003.wav,1800,504,507
2307,2310,Erithacus rubecula,European Robin,0.8137,243B1F02648873F9_20260412_031500.WAV,14,0.0,1.0,0.25,BirdNET_GLOBAL_6K_V2.4_Model_FP32.tflite,243B1F02648873F9_20260412_031500_chunk_003.wav,1800,507,510
2310,2313,Erithacus rubecula,European Robin,0.8512,243B1F02648873F9_20260412_031500.WAV,14,0.0,1.0,0.25,BirdNET_GLOBAL_6K_V2.4_Model_FP32.tflite,243B1F02648873F9_20260412_031500_chunk_003.wav,1800,510,513
2316,2319,Erithacus rubecula,European Robin,0.4576,243B1F02648873F9_20260412_031500.WAV,14,0.0,1.0,0.25,BirdNET_GLOBAL_6K_V2.4_Model_FP32.tflite,243B1F02648873F9_20260412_031500_chunk_003.wav,1800,516,519
2319,2322,Erithacus rubecula,European Robin,0.2901,243B1F02648873F9_20260412_031500.WAV,14,0.0,1.0,0.25,BirdNET_GLOBAL_6K_V2.4_Model_FP32.tflite,243B1F02648873F9_20260412_031500_chunk_003.wav,1800,519,522
2322,2325,Erithacus rubecula,European Robin,0.8336,243B1F02648873F9_20260412_031500.WAV,14,0.0,1.0,0.25,BirdNET_GLOBAL_6K_V2.4_Model_FP32.tflite,243B1F02648873F9_20260412_031500_chunk_003.wav,1800,522,525
2325,2328,Turdus viscivorus,Mistle Thrush,0.3289,243B1F02648873F9_20260412_031500.WAV,14,0.0,1.0,0.25,BirdNET_GLOBAL_6K_V2.4_Model_FP32.tflite,243B1F02648873F9_20260412_031500_chunk_003.wav,1800,525,528
2325,2328,Erithacus rubecula,European Robin,0.2772,243B1F02648873F9_20260412_031500.WAV,14,0.0,1.0,0.25,BirdNET_GLOBAL_6K_V2.4_Model_FP32.tflite,243B1F02648873F9_20260412_031500_chunk_003.wav,1800,525,528
2328,2331,Erithacus rubecula,European Robin,0.6818,243B1F02648873F9_20260412_031500.WAV,14,0.0,1.0,0.25,BirdNET_GLOBAL_6K_V2.4_Model_FP32.tflite,243B1F02648873F9_20260412_031500_chunk_003.wav,1800,528,531
2334,2337,Erithacus rubecula,European Robin,0.5817,243B1F02648873F9_20260412_031500.WAV,14,0.0,1.0,0.25,BirdNET_GLOBAL_6K_V2.4_Model_FP32.tflite,243B1F02648873F9_20260412_031500_chunk_003.wav,1800,534,537
2340,2343,Troglodytes troglodytes,Eurasian Wren,0.4958,243B1F02648873F9_20260412_031500.WAV,14,0.0,1.0,0.25,BirdNET_GLOBAL_6K_V2.4_Model_FP32.tflite,243B1F02648873F9_20260412_031500_chunk_003.wav,1800,540,543
2343,2346,Troglodytes troglodytes,Eurasian Wren,0.9455,243B1F02648873F9_20260412_031500.WAV,14,0.0,1.0,0.25,BirdNET_GLOBAL_6K_V2.4_Model_FP32.tflite,243B1F02648873F9_20260412_031500_chunk_003.wav,1800,543,546
2346,2349,Troglodytes troglodytes,Eurasian Wren,0.8568,243B1F02648873F9_20260412_031500.WAV,14,0.0,1.0,0.25,BirdNET_GLOBAL_6K_V2.4_Model_FP32.tflite,243B1F02648873F9_20260412_031500_chunk_003.wav,1800,546,549
2349,2352,Erithacus rubecula,European Robin,0.7151,243B1F02648873F9_20260412_031500.WAV,14,0.0,1.0,0.25,BirdNET_GLOBAL_6K_V2.4_Model_FP32.tflite,243B1F02648873F9_20260412_031500_chunk_003.wav,1800,549,552
2352,2355,Erithacus rubecula,European Robin,0.7118,243B1F02648873F9_20260412_031500.WAV,14,0.0,1.0,0.25,BirdNET_GLOBAL_6K_V2.4_Model_FP32.tflite,243B1F02648873F9_20260412_031500_chunk_003.wav,1800,552,555
2355,2358,Erithacus rubecula,European Robin,0.2690,243B1F02648873F9_20260412_031500.WAV,14,0.0,1.0,0.25,BirdNET_GLOBAL_6K_V2.4_Model_FP32.tflite,243B1F02648873F9_20260412_031500_chunk_003.wav,1800,555,558
2358,2361,Erithacus rubecula,European Robin,0.3099,243B1F02648873F9_20260412_031500.WAV,14,0.0,1.0,0.25,BirdNET_GLOBAL_6K_V2.4_Model_FP32.tflite,243B1F02648873F9_20260412_031500_chunk_003.wav,1800,558,561
2358,2361,Turdus viscivorus,Mistle Thrush,0.3087,243B1F02648873F9_20260412_031500.WAV,14,0.0,1.0,0.25,BirdNET_GLOBAL_6K_V2.4_Model_FP32.tflite,243B1F02648873F9_20260412_031500_chunk_003.wav,1800,558,561
2364,2367,Turdus viscivorus,Mistle Thrush,0.4808,243B1F02648873F9_20260412_031500.WAV,14,0.0,1.0,0.25,BirdNET_GLOBAL_6K_V2.4_Model_FP32.tflite,243B1F02648873F9_20260412_031500_chunk_003.wav,1800,564,567
2382,2385,Turdus merula,Eurasian Blackbird,0.4156,243B1F02648873F9_20260412_031500.WAV,14,0.0,1.0,0.25,BirdNET_GLOBAL_6K_V2.4_Model_FP32.tflite,243B1F02648873F9_20260412_031500_chunk_003.wav,1800,582,585
2394,2397,Turdus merula,Eurasian Blackbird,0.3406,243B1F02648873F9_20260412_031500.WAV,14,0.0,1.0,0.25,BirdNET_GLOBAL_6K_V2.4_Model_FP32.tflite,243B1F02648873F9_20260412_031500_chunk_003.wav,1800,594,597
2397,2399.98,Turdus viscivorus,Mistle Thrush,0.3787,243B1F02648873F9_20260412_031500.WAV,14,0.0,1.0,0.25,BirdNET_GLOBAL_6K_V2.4_Model_FP32.tflite,243B1F02648873F9_20260412_031500_chunk_003.wav,1800,597,599.98
2403,2406,Turdus viscivorus,Mistle Thrush,0.4869,243B1F02648873F9_20260412_031500.WAV,14,0.0,1.0,0.25,BirdNET_GLOBAL_6K_V2.4_Model_FP32.tflite,243B1F02648873F9_20260412_031500_chunk_004.wav,2400,3,6
2409,2412,Troglodytes troglodytes,Eurasian Wren,0.6559,243B1F02648873F9_20260412_031500.WAV,14,0.0,1.0,0.25,BirdNET_GLOBAL_6K_V2.4_Model_FP32.tflite,243B1F02648873F9_20260412_031500_chunk_004.wav,2400,9,12
2412,2415,Troglodytes troglodytes,Eurasian Wren,0.9003,243B1F02648873F9_20260412_031500.WAV,14,0.0,1.0,0.25,BirdNET_GLOBAL_6K_V2.4_Model_FP32.tflite,243B1F02648873F9_20260412_031500_chunk_004.wav,2400,12,15
2415,2418,Troglodytes troglodytes,Eurasian Wren,0.3663,243B1F02648873F9_20260412_031500.WAV,14,0.0,1.0,0.25,BirdNET_GLOBAL_6K_V2.4_Model_FP32.tflite,243B1F02648873F9_20260412_031500_chunk_004.wav,2400,15,18
2421,2424,Erithacus rubecula,European Robin,0.4998,243B1F02648873F9_20260412_031500.WAV,14,0.0,1.0,0.25,BirdNET_GLOBAL_6K_V2.4_Model_FP32.tflite,243B1F02648873F9_20260412_031500_chunk_004.wav,2400,21,24
2469,2472,Turdus merula,Eurasian Blackbird,0.5995,243B1F02648873F9_20260412_031500.WAV,14,0.0,1.0,0.25,BirdNET_GLOBAL_6K_V2.4_Model_FP32.tflite,243B1F02648873F9_20260412_031500_chunk_004.wav,2400,69,72
2472,2475,Turdus merula,Eurasian Blackbird,0.3397,243B1F02648873F9_20260412_031500.WAV,14,0.0,1.0,0.25,BirdNET_GLOBAL_6K_V2.4_Model_FP32.tflite,243B1F02648873F9_20260412_031500_chunk_004.wav,2400,72,75
2478,2481,Turdus merula,Eurasian Blackbird,0.6617,243B1F02648873F9_20260412_031500.WAV,14,0.0,1.0,0.25,BirdNET_GLOBAL_6K_V2.4_Model_FP32.tflite,243B1F02648873F9_20260412_031500_chunk_004.wav,2400,78,81
2481,2484,Turdus merula,Eurasian Blackbird,0.4127,243B1F02648873F9_20260412_031500.WAV,14,0.0,1.0,0.25,BirdNET_GLOBAL_6K_V2.4_Model_FP32.tflite,243B1F02648873F9_20260412_031500_chunk_004.wav,2400,81,84
2496,2499,Turdus merula,Eurasian Blackbird,0.3025,243B1F02648873F9_20260412_031500.WAV,14,0.0,1.0,0.25,BirdNET_GLOBAL_6K_V2.4_Model_FP32.tflite,243B1F02648873F9_20260412_031500_chunk_004.wav,2400,96,99
2499,2502,Turdus merula,Eurasian Blackbird,0.3261,243B1F02648873F9_20260412_031500.WAV,14,0.0,1.0,0.25,BirdNET_GLOBAL_6K_V2.4_Model_FP32.tflite,243B1F02648873F9_20260412_031500_chunk_004.wav,2400,99,102
2505,2508,Turdus merula,Eurasian Blackbird,0.2605,243B1F02648873F9_20260412_031500.WAV,14,0.0,1.0,0.25,BirdNET_GLOBAL_6K_V2.4_Model_FP32.tflite,243B1F02648873F9_20260412_031500_chunk_004.wav,2400,105,108
2508,2511,Erithacus rubecula,European Robin,0.4988,243B1F02648873F9_20260412_031500.WAV,14,0.0,1.0,0.25,BirdNET_GLOBAL_6K_V2.4_Model_FP32.tflite,243B1F02648873F9_20260412_031500_chunk_004.wav,2400,108,111
2514,2517,Turdus merula,Eurasian Blackbird,0.4756,243B1F02648873F9_20260412_031500.WAV,14,0.0,1.0,0.25,BirdNET_GLOBAL_6K_V2.4_Model_FP32.tflite,243B1F02648873F9_20260412_031500_chunk_004.wav,2400,114,117
2523,2526,Erithacus rubecula,European Robin,0.3825,243B1F02648873F9_20260412_031500.WAV,14,0.0,1.0,0.25,BirdNET_GLOBAL_6K_V2.4_Model_FP32.tflite,243B1F02648873F9_20260412_031500_chunk_004.wav,2400,123,126
2529,2532,Erithacus rubecula,European Robin,0.2823,243B1F02648873F9_20260412_031500.WAV,14,0.0,1.0,0.25,BirdNET_GLOBAL_6K_V2.4_Model_FP32.tflite,243B1F02648873F9_20260412_031500_chunk_004.wav,2400,129,132
2538,2541,Erithacus rubecula,European Robin,0.3244,243B1F02648873F9_20260412_031500.WAV,14,0.0,1.0,0.25,BirdNET_GLOBAL_6K_V2.4_Model_FP32.tflite,243B1F02648873F9_20260412_031500_chunk_004.wav,2400,138,141
2541,2544,Erithacus rubecula,European Robin,0.6643,243B1F02648873F9_20260412_031500.WAV,14,0.0,1.0,0.25,BirdNET_GLOBAL_6K_V2.4_Model_FP32.tflite,243B1F02648873F9_20260412_031500_chunk_004.wav,2400,141,144
2544,2547,Troglodytes troglodytes,Eurasian Wren,0.3668,243B1F02648873F9_20260412_031500.WAV,14,0.0,1.0,0.25,BirdNET_GLOBAL_6K_V2.4_Model_FP32.tflite,243B1F02648873F9_20260412_031500_chunk_004.wav,2400,144,147
2547,2550,Troglodytes troglodytes,Eurasian Wren,0.9537,243B1F02648873F9_20260412_031500.WAV,14,0.0,1.0,0.25,BirdNET_GLOBAL_6K_V2.4_Model_FP32.tflite,243B1F02648873F9_20260412_031500_chunk_004.wav,2400,147,150
2550,2553,Troglodytes troglodytes,Eurasian Wren,0.3016,243B1F02648873F9_20260412_031500.WAV,14,0.0,1.0,0.25,BirdNET_GLOBAL_6K_V2.4_Model_FP32.tflite,243B1F02648873F9_20260412_031500_chunk_004.wav,2400,150,153
2553,2556,Erithacus rubecula,European Robin,0.9211,243B1F02648873F9_20260412_031500.WAV,14,0.0,1.0,0.25,BirdNET_GLOBAL_6K_V2.4_Model_FP32.tflite,243B1F02648873F9_20260412_031500_chunk_004.wav,2400,153,156
2556,2559,Turdus merula,Eurasian Blackbird,0.4076,243B1F02648873F9_20260412_031500.WAV,14,0.0,1.0,0.25,BirdNET_GLOBAL_6K_V2.4_Model_FP32.tflite,243B1F02648873F9_20260412_031500_chunk_004.wav,2400,156,159
2571,2574,Erithacus rubecula,European Robin,0.3490,243B1F02648873F9_20260412_031500.WAV,14,0.0,1.0,0.25,BirdNET_GLOBAL_6K_V2.4_Model_FP32.tflite,243B1F02648873F9_20260412_031500_chunk_004.wav,2400,171,174
2574,2577,Troglodytes troglodytes,Eurasian Wren,0.9442,243B1F02648873F9_20260412_031500.WAV,14,0.0,1.0,0.25,BirdNET_GLOBAL_6K_V2.4_Model_FP32.tflite,243B1F02648873F9_20260412_031500_chunk_004.wav,2400,174,177
2577,2580,Troglodytes troglodytes,Eurasian Wren,0.7966,243B1F02648873F9_20260412_031500.WAV,14,0.0,1.0,0.25,BirdNET_GLOBAL_6K_V2.4_Model_FP32.tflite,243B1F02648873F9_20260412_031500_chunk_004.wav,2400,177,180
2580,2583,Erithacus rubecula,European Robin,0.8355,243B1F02648873F9_20260412_031500.WAV,14,0.0,1.0,0.25,BirdNET_GLOBAL_6K_V2.4_Model_FP32.tflite,243B1F02648873F9_20260412_031500_chunk_004.wav,2400,180,183
2583,2586,Gallinula chloropus,Eurasian Moorhen,0.5280,243B1F02648873F9_20260412_031500.WAV,14,0.0,1.0,0.25,BirdNET_GLOBAL_6K_V2.4_Model_FP32.tflite,243B1F02648873F9_20260412_031500_chunk_004.wav,2400,183,186
2586,2589,Erithacus rubecula,European Robin,0.5744,243B1F02648873F9_20260412_031500.WAV,14,0.0,1.0,0.25,BirdNET_GLOBAL_6K_V2.4_Model_FP32.tflite,243B1F02648873F9_20260412_031500_chunk_004.wav,2400,186,189
2589,2592,Erithacus rubecula,European Robin,0.3796,243B1F02648873F9_20260412_031500.WAV,14,0.0,1.0,0.25,BirdNET_GLOBAL_6K_V2.4_Model_FP32.tflite,243B1F02648873F9_20260412_031500_chunk_004.wav,2400,189,192
2595,2598,Erithacus rubecula,European Robin,0.7985,243B1F02648873F9_20260412_031500.WAV,14,0.0,1.0,0.25,BirdNET_GLOBAL_6K_V2.4_Model_FP32.tflite,243B1F02648873F9_20260412_031500_chunk_004.wav,2400,195,198
2601,2604,Troglodytes troglodytes,Eurasian Wren,0.9636,243B1F02648873F9_20260412_031500.WAV,14,0.0,1.0,0.25,BirdNET_GLOBAL_6K_V2.4_Model_FP32.tflite,243B1F02648873F9_20260412_031500_chunk_004.wav,2400,201,204
2613,2616,Turdus merula,Eurasian Blackbird,0.2923,243B1F02648873F9_20260412_031500.WAV,14,0.0,1.0,0.25,BirdNET_GLOBAL_6K_V2.4_Model_FP32.tflite,243B1F02648873F9_20260412_031500_chunk_004.wav,2400,213,216
2616,2619,Turdus merula,Eurasian Blackbird,0.5462,243B1F02648873F9_20260412_031500.WAV,14,0.0,1.0,0.25,BirdNET_GLOBAL_6K_V2.4_Model_FP32.tflite,243B1F02648873F9_20260412_031500_chunk_004.wav,2400,216,219
2622,2625,Turdus merula,Eurasian Blackbird,0.3330,243B1F02648873F9_20260412_031500.WAV,14,0.0,1.0,0.25,BirdNET_GLOBAL_6K_V2.4_Model_FP32.tflite,243B1F02648873F9_20260412_031500_chunk_004.wav,2400,222,225
2634,2637,Turdus merula,Eurasian Blackbird,0.4650,243B1F02648873F9_20260412_031500.WAV,14,0.0,1.0,0.25,BirdNET_GLOBAL_6K_V2.4_Model_FP32.tflite,243B1F02648873F9_20260412_031500_chunk_004.wav,2400,234,237
2637,2640,Tyto alba,Barn Owl,0.3651,243B1F02648873F9_20260412_031500.WAV,14,0.0,1.0,0.25,BirdNET_GLOBAL_6K_V2.4_Model_FP32.tflite,243B1F02648873F9_20260412_031500_chunk_004.wav,2400,237,240
2649,2652,Turdus merula,Eurasian Blackbird,0.8516,243B1F02648873F9_20260412_031500.WAV,14,0.0,1.0,0.25,BirdNET_GLOBAL_6K_V2.4_Model_FP32.tflite,243B1F02648873F9_20260412_031500_chunk_004.wav,2400,249,252
2658,2661,Turdus merula,Eurasian Blackbird,0.6961,243B1F02648873F9_20260412_031500.WAV,14,0.0,1.0,0.25,BirdNET_GLOBAL_6K_V2.4_Model_FP32.tflite,243B1F02648873F9_20260412_031500_chunk_004.wav,2400,258,261
2664,2667,Turdus merula,Eurasian Blackbird,0.3938,243B1F02648873F9_20260412_031500.WAV,14,0.0,1.0,0.25,BirdNET_GLOBAL_6K_V2.4_Model_FP32.tflite,243B1F02648873F9_20260412_031500_chunk_004.wav,2400,264,267
2667,2670,Turdus merula,Eurasian Blackbird,0.6623,243B1F02648873F9_20260412_031500.WAV,14,0.0,1.0,0.25,BirdNET_GLOBAL_6K_V2.4_Model_FP32.tflite,243B1F02648873F9_20260412_031500_chunk_004.wav,2400,267,270
2676,2679,Turdus merula,Eurasian Blackbird,0.7886,243B1F02648873F9_20260412_031500.WAV,14,0.0,1.0,0.25,BirdNET_GLOBAL_6K_V2.4_Model_FP32.tflite,243B1F02648873F9_20260412_031500_chunk_004.wav,2400,276,279
2679,2682,Turdus merula,Eurasian Blackbird,0.3465,243B1F02648873F9_20260412_031500.WAV,14,0.0,1.0,0.25,BirdNET_GLOBAL_6K_V2.4_Model_FP32.tflite,243B1F02648873F9_20260412_031500_chunk_004.wav,2400,279,282
2688,2691,Turdus merula,Eurasian Blackbird,0.5090,243B1F02648873F9_20260412_031500.WAV,14,0.0,1.0,0.25,BirdNET_GLOBAL_6K_V2.4_Model_FP32.tflite,243B1F02648873F9_20260412_031500_chunk_004.wav,2400,288,291
2700,2703,Troglodytes troglodytes,Eurasian Wren,0.6413,243B1F02648873F9_20260412_031500.WAV,14,0.0,1.0,0.25,BirdNET_GLOBAL_6K_V2.4_Model_FP32.tflite,243B1F02648873F9_20260412_031500_chunk_004.wav,2400,300,303
2703,2706,Troglodytes troglodytes,Eurasian Wren,0.9598,243B1F02648873F9_20260412_031500.WAV,14,0.0,1.0,0.25,BirdNET_GLOBAL_6K_V2.4_Model_FP32.tflite,243B1F02648873F9_20260412_031500_chunk_004.wav,2400,303,306
2706,2709,Troglodytes troglodytes,Eurasian Wren,0.9093,243B1F02648873F9_20260412_031500.WAV,14,0.0,1.0,0.25,BirdNET_GLOBAL_6K_V2.4_Model_FP32.tflite,243B1F02648873F9_20260412_031500_chunk_004.wav,2400,306,309
2709,2712,Troglodytes troglodytes,Eurasian Wren,0.4851,243B1F02648873F9_20260412_031500.WAV,14,0.0,1.0,0.25,BirdNET_GLOBAL_6K_V2.4_Model_FP32.tflite,243B1F02648873F9_20260412_031500_chunk_004.wav,2400,309,312
2709,2712,Certhia familiaris,Eurasian Treecreeper,0.2917,243B1F02648873F9_20260412_031500.WAV,14,0.0,1.0,0.25,BirdNET_GLOBAL_6K_V2.4_Model_FP32.tflite,243B1F02648873F9_20260412_031500_chunk_004.wav,2400,309,312
2715,2718,Erithacus rubecula,European Robin,0.5709,243B1F02648873F9_20260412_031500.WAV,14,0.0,1.0,0.25,BirdNET_GLOBAL_6K_V2.4_Model_FP32.tflite,243B1F02648873F9_20260412_031500_chunk_004.wav,2400,315,318
2718,2721,Erithacus rubecula,European Robin,0.3255,243B1F02648873F9_20260412_031500.WAV,14,0.0,1.0,0.25,BirdNET_GLOBAL_6K_V2.4_Model_FP32.tflite,243B1F02648873F9_20260412_031500_chunk_004.wav,2400,318,321
2721,2724,Erithacus rubecula,European Robin,0.5051,243B1F02648873F9_20260412_031500.WAV,14,0.0,1.0,0.25,BirdNET_GLOBAL_6K_V2.4_Model_FP32.tflite,243B1F02648873F9_20260412_031500_chunk_004.wav,2400,321,324
2724,2727,Erithacus rubecula,European Robin,0.7421,243B1F02648873F9_20260412_031500.WAV,14,0.0,1.0,0.25,BirdNET_GLOBAL_6K_V2.4_Model_FP32.tflite,243B1F02648873F9_20260412_031500_chunk_004.wav,2400,324,327
2727,2730,Erithacus rubecula,European Robin,0.2550,243B1F02648873F9_20260412_031500.WAV,14,0.0,1.0,0.25,BirdNET_GLOBAL_6K_V2.4_Model_FP32.tflite,243B1F02648873F9_20260412_031500_chunk_004.wav,2400,327,330
2730,2733,Erithacus rubecula,European Robin,0.5003,243B1F02648873F9_20260412_031500.WAV,14,0.0,1.0,0.25,BirdNET_GLOBAL_6K_V2.4_Model_FP32.tflite,243B1F02648873F9_20260412_031500_chunk_004.wav,2400,330,333
2733,2736,Turdus merula,Eurasian Blackbird,0.3065,243B1F02648873F9_20260412_031500.WAV,14,0.0,1.0,0.25,BirdNET_GLOBAL_6K_V2.4_Model_FP32.tflite,243B1F02648873F9_20260412_031500_chunk_004.wav,2400,333,336
2736,2739,Erithacus rubecula,European Robin,0.3509,243B1F02648873F9_20260412_031500.WAV,14,0.0,1.0,0.25,BirdNET_GLOBAL_6K_V2.4_Model_FP32.tflite,243B1F02648873F9_20260412_031500_chunk_004.wav,2400,336,339
2739,2742,Erithacus rubecula,European Robin,0.6294,243B1F02648873F9_20260412_031500.WAV,14,0.0,1.0,0.25,BirdNET_GLOBAL_6K_V2.4_Model_FP32.tflite,243B1F02648873F9_20260412_031500_chunk_004.wav,2400,339,342
2739,2742,Turdus merula,Eurasian Blackbird,0.2932,243B1F02648873F9_20260412_031500.WAV,14,0.0,1.0,0.25,BirdNET_GLOBAL_6K_V2.4_Model_FP32.tflite,243B1F02648873F9_20260412_031500_chunk_004.wav,2400,339,342
2742,2745,Erithacus rubecula,European Robin,0.6638,243B1F02648873F9_20260412_031500.WAV,14,0.0,1.0,0.25,BirdNET_GLOBAL_6K_V2.4_Model_FP32.tflite,243B1F02648873F9_20260412_031500_chunk_004.wav,2400,342,345
2748,2751,Erithacus rubecula,European Robin,0.8170,243B1F02648873F9_20260412_031500.WAV,14,0.0,1.0,0.25,BirdNET_GLOBAL_6K_V2.4_Model_FP32.tflite,243B1F02648873F9_20260412_031500_chunk_004.wav,2400,348,351
2751,2754,Erithacus rubecula,European Robin,0.8444,243B1F02648873F9_20260412_031500.WAV,14,0.0,1.0,0.25,BirdNET_GLOBAL_6K_V2.4_Model_FP32.tflite,243B1F02648873F9_20260412_031500_chunk_004.wav,2400,351,354
2754,2757,Erithacus rubecula,European Robin,0.5523,243B1F02648873F9_20260412_031500.WAV,14,0.0,1.0,0.25,BirdNET_GLOBAL_6K_V2.4_Model_FP32.tflite,243B1F02648873F9_20260412_031500_chunk_004.wav,2400,354,357
2760,2763,Erithacus rubecula,European Robin,0.5780,243B1F02648873F9_20260412_031500.WAV,14,0.0,1.0,0.25,BirdNET_GLOBAL_6K_V2.4_Model_FP32.tflite,243B1F02648873F9_20260412_031500_chunk_004.wav,2400,360,363
2763,2766,Turdus merula,Eurasian Blackbird,0.3088,243B1F02648873F9_20260412_031500.WAV,14,0.0,1.0,0.25,BirdNET_GLOBAL_6K_V2.4_Model_FP32.tflite,243B1F02648873F9_20260412_031500_chunk_004.wav,2400,363,366
2778,2781,Turdus viscivorus,Mistle Thrush,0.3826,243B1F02648873F9_20260412_031500.WAV,14,0.0,1.0,0.25,BirdNET_GLOBAL_6K_V2.4_Model_FP32.tflite,243B1F02648873F9_20260412_031500_chunk_004.wav,2400,378,381
2781,2784,Turdus merula,Eurasian Blackbird,0.2903,243B1F02648873F9_20260412_031500.WAV,14,0.0,1.0,0.25,BirdNET_GLOBAL_6K_V2.4_Model_FP32.tflite,243B1F02648873F9_20260412_031500_chunk_004.wav,2400,381,384
2796,2799,Turdus merula,Eurasian Blackbird,0.5561,243B1F02648873F9_20260412_031500.WAV,14,0.0,1.0,0.25,BirdNET_GLOBAL_6K_V2.4_Model_FP32.tflite,243B1F02648873F9_20260412_031500_chunk_004.wav,2400,396,399
2802,2805,Turdus merula,Eurasian Blackbird,0.4155,243B1F02648873F9_20260412_031500.WAV,14,0.0,1.0,0.25,BirdNET_GLOBAL_6K_V2.4_Model_FP32.tflite,243B1F02648873F9_20260412_031500_chunk_004.wav,2400,402,405
2808,2811,Turdus merula,Eurasian Blackbird,0.6185,243B1F02648873F9_20260412_031500.WAV,14,0.0,1.0,0.25,BirdNET_GLOBAL_6K_V2.4_Model_FP32.tflite,243B1F02648873F9_20260412_031500_chunk_004.wav,2400,408,411
2811,2814,Turdus merula,Eurasian Blackbird,0.4682,243B1F02648873F9_20260412_031500.WAV,14,0.0,1.0,0.25,BirdNET_GLOBAL_6K_V2.4_Model_FP32.tflite,243B1F02648873F9_20260412_031500_chunk_004.wav,2400,411,414
2817,2820,Turdus merula,Eurasian Blackbird,0.2821,243B1F02648873F9_20260412_031500.WAV,14,0.0,1.0,0.25,BirdNET_GLOBAL_6K_V2.4_Model_FP32.tflite,243B1F02648873F9_20260412_031500_chunk_004.wav,2400,417,420
2820,2823,Turdus merula,Eurasian Blackbird,0.3457,243B1F02648873F9_20260412_031500.WAV,14,0.0,1.0,0.25,BirdNET_GLOBAL_6K_V2.4_Model_FP32.tflite,243B1F02648873F9_20260412_031500_chunk_004.wav,2400,420,423
2826,2829,Turdus merula,Eurasian Blackbird,0.5133,243B1F02648873F9_20260412_031500.WAV,14,0.0,1.0,0.25,BirdNET_GLOBAL_6K_V2.4_Model_FP32.tflite,243B1F02648873F9_20260412_031500_chunk_004.wav,2400,426,429
2835,2838,Turdus merula,Eurasian Blackbird,0.4574,243B1F02648873F9_20260412_031500.WAV,14,0.0,1.0,0.25,BirdNET_GLOBAL_6K_V2.4_Model_FP32.tflite,243B1F02648873F9_20260412_031500_chunk_004.wav,2400,435,438
2844,2847,Turdus merula,Eurasian Blackbird,0.5821,243B1F02648873F9_20260412_031500.WAV,14,0.0,1.0,0.25,BirdNET_GLOBAL_6K_V2.4_Model_FP32.tflite,243B1F02648873F9_20260412_031500_chunk_004.wav,2400,444,447
2856,2859,Turdus merula,Eurasian Blackbird,0.6028,243B1F02648873F9_20260412_031500.WAV,14,0.0,1.0,0.25,BirdNET_GLOBAL_6K_V2.4_Model_FP32.tflite,243B1F02648873F9_20260412_031500_chunk_004.wav,2400,456,459
2877,2880,Turdus merula,Eurasian Blackbird,0.2822,243B1F02648873F9_20260412_031500.WAV,14,0.0,1.0,0.25,BirdNET_GLOBAL_6K_V2.4_Model_FP32.tflite,243B1F02648873F9_20260412_031500_chunk_004.wav,2400,477,480
2892,2895,Turdus merula,Eurasian Blackbird,0.5586,243B1F02648873F9_20260412_031500.WAV,14,0.0,1.0,0.25,BirdNET_GLOBAL_6K_V2.4_Model_FP32.tflite,243B1F02648873F9_20260412_031500_chunk_004.wav,2400,492,495
2898,2901,Turdus merula,Eurasian Blackbird,0.3916,243B1F02648873F9_20260412_031500.WAV,14,0.0,1.0,0.25,BirdNET_GLOBAL_6K_V2.4_Model_FP32.tflite,243B1F02648873F9_20260412_031500_chunk_004.wav,2400,498,501
2904,2907,Troglodytes troglodytes,Eurasian Wren,0.6976,243B1F02648873F9_20260412_031500.WAV,14,0.0,1.0,0.25,BirdNET_GLOBAL_6K_V2.4_Model_FP32.tflite,243B1F02648873F9_20260412_031500_chunk_004.wav,2400,504,507
2907,2910,Troglodytes troglodytes,Eurasian Wren,0.5572,243B1F02648873F9_20260412_031500.WAV,14,0.0,1.0,0.25,BirdNET_GLOBAL_6K_V2.4_Model_FP32.tflite,243B1F02648873F9_20260412_031500_chunk_004.wav,2400,507,510
2910,2913,Troglodytes troglodytes,Eurasian Wren,0.3530,243B1F02648873F9_20260412_031500.WAV,14,0.0,1.0,0.25,BirdNET_GLOBAL_6K_V2.4_Model_FP32.tflite,243B1F02648873F9_20260412_031500_chunk_004.wav,2400,510,513
2916,2919,Turdus merula,Eurasian Blackbird,0.4565,243B1F02648873F9_20260412_031500.WAV,14,0.0,1.0,0.25,BirdNET_GLOBAL_6K_V2.4_Model_FP32.tflite,243B1F02648873F9_20260412_031500_chunk_004.wav,2400,516,519
2919,2922,Troglodytes troglodytes,Eurasian Wren,0.6585,243B1F02648873F9_20260412_031500.WAV,14,0.0,1.0,0.25,BirdNET_GLOBAL_6K_V2.4_Model_FP32.tflite,243B1F02648873F9_20260412_031500_chunk_004.wav,2400,519,522
2922,2925,Troglodytes troglodytes,Eurasian Wren,0.4485,243B1F02648873F9_20260412_031500.WAV,14,0.0,1.0,0.25,BirdNET_GLOBAL_6K_V2.4_Model_FP32.tflite,243B1F02648873F9_20260412_031500_chunk_004.wav,2400,522,525
2925,2928,Troglodytes troglodytes,Eurasian Wren,0.6898,243B1F02648873F9_20260412_031500.WAV,14,0.0,1.0,0.25,BirdNET_GLOBAL_6K_V2.4_Model_FP32.tflite,243B1F02648873F9_20260412_031500_chunk_004.wav,2400,525,528
2928,2931,Turdus merula,Eurasian Blackbird,0.5326,243B1F02648873F9_20260412_031500.WAV,14,0.0,1.0,0.25,BirdNET_GLOBAL_6K_V2.4_Model_FP32.tflite,243B1F02648873F9_20260412_031500_chunk_004.wav,2400,528,531
2931,2934,Turdus merula,Eurasian Blackbird,0.5047,243B1F02648873F9_20260412_031500.WAV,14,0.0,1.0,0.25,BirdNET_GLOBAL_6K_V2.4_Model_FP32.tflite,243B1F02648873F9_20260412_031500_chunk_004.wav,2400,531,534
2949,2952,Troglodytes troglodytes,Eurasian Wren,0.7861,243B1F02648873F9_20260412_031500.WAV,14,0.0,1.0,0.25,BirdNET_GLOBAL_6K_V2.4_Model_FP32.tflite,243B1F02648873F9_20260412_031500_chunk_004.wav,2400,549,552
2952,2955,Troglodytes troglodytes,Eurasian Wren,0.4732,243B1F02648873F9_20260412_031500.WAV,14,0.0,1.0,0.25,BirdNET_GLOBAL_6K_V2.4_Model_FP32.tflite,243B1F02648873F9_20260412_031500_chunk_004.wav,2400,552,555
2958,2961,Turdus merula,Eurasian Blackbird,0.7623,243B1F02648873F9_20260412_031500.WAV,14,0.0,1.0,0.25,BirdNET_GLOBAL_6K_V2.4_Model_FP32.tflite,243B1F02648873F9_20260412_031500_chunk_004.wav,2400,558,561
2961,2964,Turdus merula,Eurasian Blackbird,0.5783,243B1F02648873F9_20260412_031500.WAV,14,0.0,1.0,0.25,BirdNET_GLOBAL_6K_V2.4_Model_FP32.tflite,243B1F02648873F9_20260412_031500_chunk_004.wav,2400,561,564
2970,2973,Troglodytes troglodytes,Eurasian Wren,0.4622,243B1F02648873F9_20260412_031500.WAV,14,0.0,1.0,0.25,BirdNET_GLOBAL_6K_V2.4_Model_FP32.tflite,243B1F02648873F9_20260412_031500_chunk_004.wav,2400,570,573
2973,2976,Troglodytes troglodytes,Eurasian Wren,0.3395,243B1F02648873F9_20260412_031500.WAV,14,0.0,1.0,0.25,BirdNET_GLOBAL_6K_V2.4_Model_FP32.tflite,243B1F02648873F9_20260412_031500_chunk_004.wav,2400,573,576
2994,2997,Turdus merula,Eurasian Blackbird,0.4348,243B1F02648873F9_20260412_031500.WAV,14,0.0,1.0,0.25,BirdNET_GLOBAL_6K_V2.4_Model_FP32.tflite,243B1F02648873F9_20260412_031500_chunk_004.wav,2400,594,597
3000,3003,Turdus merula,Eurasian Blackbird,0.5117,243B1F02648873F9_20260412_031500.WAV,14,0.0,1.0,0.25,BirdNET_GLOBAL_6K_V2.4_Model_FP32.tflite,243B1F02648873F9_20260412_031500_chunk_005.wav,3000,0,3
3009,3012,Turdus merula,Eurasian Blackbird,0.6249,243B1F02648873F9_20260412_031500.WAV,14,0.0,1.0,0.25,BirdNET_GLOBAL_6K_V2.4_Model_FP32.tflite,243B1F02648873F9_20260412_031500_chunk_005.wav,3000,9,12
3015,3018,Turdus merula,Eurasian Blackbird,0.3259,243B1F02648873F9_20260412_031500.WAV,14,0.0,1.0,0.25,BirdNET_GLOBAL_6K_V2.4_Model_FP32.tflite,243B1F02648873F9_20260412_031500_chunk_005.wav,3000,15,18
3018,3021,Turdus merula,Eurasian Blackbird,0.8502,243B1F02648873F9_20260412_031500.WAV,14,0.0,1.0,0.25,BirdNET_GLOBAL_6K_V2.4_Model_FP32.tflite,243B1F02648873F9_20260412_031500_chunk_005.wav,3000,18,21
3021,3024,Turdus merula,Eurasian Blackbird,0.2988,243B1F02648873F9_20260412_031500.WAV,14,0.0,1.0,0.25,BirdNET_GLOBAL_6K_V2.4_Model_FP32.tflite,243B1F02648873F9_20260412_031500_chunk_005.wav,3000,21,24
3027,3030,Turdus merula,Eurasian Blackbird,0.4960,243B1F02648873F9_20260412_031500.WAV,14,0.0,1.0,0.25,BirdNET_GLOBAL_6K_V2.4_Model_FP32.tflite,243B1F02648873F9_20260412_031500_chunk_005.wav,3000,27,30
3036,3039,Fulica atra,Eurasian Coot,0.2585,243B1F02648873F9_20260412_031500.WAV,14,0.0,1.0,0.25,BirdNET_GLOBAL_6K_V2.4_Model_FP32.tflite,243B1F02648873F9_20260412_031500_chunk_005.wav,3000,36,39
3042,3045,Tyto alba,Barn Owl,0.3213,243B1F02648873F9_20260412_031500.WAV,14,0.0,1.0,0.25,BirdNET_GLOBAL_6K_V2.4_Model_FP32.tflite,243B1F02648873F9_20260412_031500_chunk_005.wav,3000,42,45
3045,3048,Turdus merula,Eurasian Blackbird,0.2521,243B1F02648873F9_20260412_031500.WAV,14,0.0,1.0,0.25,BirdNET_GLOBAL_6K_V2.4_Model_FP32.tflite,243B1F02648873F9_20260412_031500_chunk_005.wav,3000,45,48
3051,3054,Turdus merula,Eurasian Blackbird,0.5884,243B1F02648873F9_20260412_031500.WAV,14,0.0,1.0,0.25,BirdNET_GLOBAL_6K_V2.4_Model_FP32.tflite,243B1F02648873F9_20260412_031500_chunk_005.wav,3000,51,54
3060,3063,Turdus merula,Eurasian Blackbird,0.4671,243B1F02648873F9_20260412_031500.WAV,14,0.0,1.0,0.25,BirdNET_GLOBAL_6K_V2.4_Model_FP32.tflite,243B1F02648873F9_20260412_031500_chunk_005.wav,3000,60,63
3066,3069,Turdus merula,Eurasian Blackbird,0.5561,243B1F02648873F9_20260412_031500.WAV,14,0.0,1.0,0.25,BirdNET_GLOBAL_6K_V2.4_Model_FP32.tflite,243B1F02648873F9_20260412_031500_chunk_005.wav,3000,66,69
3069,3072,Troglodytes troglodytes,Eurasian Wren,0.4727,243B1F02648873F9_20260412_031500.WAV,14,0.0,1.0,0.25,BirdNET_GLOBAL_6K_V2.4_Model_FP32.tflite,243B1F02648873F9_20260412_031500_chunk_005.wav,3000,69,72
3072,3075,Troglodytes troglodytes,Eurasian Wren,0.7842,243B1F02648873F9_20260412_031500.WAV,14,0.0,1.0,0.25,BirdNET_GLOBAL_6K_V2.4_Model_FP32.tflite,243B1F02648873F9_20260412_031500_chunk_005.wav,3000,72,75
3075,3078,Turdus merula,Eurasian Blackbird,0.4281,243B1F02648873F9_20260412_031500.WAV,14,0.0,1.0,0.25,BirdNET_GLOBAL_6K_V2.4_Model_FP32.tflite,243B1F02648873F9_20260412_031500_chunk_005.wav,3000,75,78
3084,3087,Troglodytes troglodytes,Eurasian Wren,0.6320,243B1F02648873F9_20260412_031500.WAV,14,0.0,1.0,0.25,BirdNET_GLOBAL_6K_V2.4_Model_FP32.tflite,243B1F02648873F9_20260412_031500_chunk_005.wav,3000,84,87
3090,3093,Turdus merula,Eurasian Blackbird,0.5597,243B1F02648873F9_20260412_031500.WAV,14,0.0,1.0,0.25,BirdNET_GLOBAL_6K_V2.4_Model_FP32.tflite,243B1F02648873F9_20260412_031500_chunk_005.wav,3000,90,93
3096,3099,Troglodytes troglodytes,Eurasian Wren,0.5351,243B1F02648873F9_20260412_031500.WAV,14,0.0,1.0,0.25,BirdNET_GLOBAL_6K_V2.4_Model_FP32.tflite,243B1F02648873F9_20260412_031500_chunk_005.wav,3000,96,99
3108,3111,Troglodytes troglodytes,Eurasian Wren,0.4422,243B1F02648873F9_20260412_031500.WAV,14,0.0,1.0,0.25,BirdNET_GLOBAL_6K_V2.4_Model_FP32.tflite,243B1F02648873F9_20260412_031500_chunk_005.wav,3000,108,111
3111,3114,Troglodytes troglodytes,Eurasian Wren,0.4588,243B1F02648873F9_20260412_031500.WAV,14,0.0,1.0,0.25,BirdNET_GLOBAL_6K_V2.4_Model_FP32.tflite,243B1F02648873F9_20260412_031500_chunk_005.wav,3000,111,114
3120,3123,Numenius arquata,Eurasian Curlew,0.3455,243B1F02648873F9_20260412_031500.WAV,14,0.0,1.0,0.25,BirdNET_GLOBAL_6K_V2.4_Model_FP32.tflite,243B1F02648873F9_20260412_031500_chunk_005.wav,3000,120,123
3123,3126,Turdus merula,Eurasian Blackbird,0.8398,243B1F02648873F9_20260412_031500.WAV,14,0.0,1.0,0.25,BirdNET_GLOBAL_6K_V2.4_Model_FP32.tflite,243B1F02648873F9_20260412_031500_chunk_005.wav,3000,123,126
3129,3132,Turdus merula,Eurasian Blackbird,0.4724,243B1F02648873F9_20260412_031500.WAV,14,0.0,1.0,0.25,BirdNET_GLOBAL_6K_V2.4_Model_FP32.tflite,243B1F02648873F9_20260412_031500_chunk_005.wav,3000,129,132
3138,3141,Turdus merula,Eurasian Blackbird,0.3271,243B1F02648873F9_20260412_031500.WAV,14,0.0,1.0,0.25,BirdNET_GLOBAL_6K_V2.4_Model_FP32.tflite,243B1F02648873F9_20260412_031500_chunk_005.wav,3000,138,141
3144,3147,Turdus merula,Eurasian Blackbird,0.4731,243B1F02648873F9_20260412_031500.WAV,14,0.0,1.0,0.25,BirdNET_GLOBAL_6K_V2.4_Model_FP32.tflite,243B1F02648873F9_20260412_031500_chunk_005.wav,3000,144,147
3150,3153,Troglodytes troglodytes,Eurasian Wren,0.4060,243B1F02648873F9_20260412_031500.WAV,14,0.0,1.0,0.25,BirdNET_GLOBAL_6K_V2.4_Model_FP32.tflite,243B1F02648873F9_20260412_031500_chunk_005.wav,3000,150,153
3153,3156,Troglodytes troglodytes,Eurasian Wren,0.2881,243B1F02648873F9_20260412_031500.WAV,14,0.0,1.0,0.25,BirdNET_GLOBAL_6K_V2.4_Model_FP32.tflite,243B1F02648873F9_20260412_031500_chunk_005.wav,3000,153,156
3156,3159,Turdus merula,Eurasian Blackbird,0.2816,243B1F02648873F9_20260412_031500.WAV,14,0.0,1.0,0.25,BirdNET_GLOBAL_6K_V2.4_Model_FP32.tflite,243B1F02648873F9_20260412_031500_chunk_005.wav,3000,156,159
3165,3168,Turdus merula,Eurasian Blackbird,0.2698,243B1F02648873F9_20260412_031500.WAV,14,0.0,1.0,0.25,BirdNET_GLOBAL_6K_V2.4_Model_FP32.tflite,243B1F02648873F9_20260412_031500_chunk_005.wav,3000,165,168
3168,3171,Turdus merula,Eurasian Blackbird,0.5215,243B1F02648873F9_20260412_031500.WAV,14,0.0,1.0,0.25,BirdNET_GLOBAL_6K_V2.4_Model_FP32.tflite,243B1F02648873F9_20260412_031500_chunk_005.wav,3000,168,171
3174,3177,Turdus merula,Eurasian Blackbird,0.6659,243B1F02648873F9_20260412_031500.WAV,14,0.0,1.0,0.25,BirdNET_GLOBAL_6K_V2.4_Model_FP32.tflite,243B1F02648873F9_20260412_031500_chunk_005.wav,3000,174,177
3177,3180,Turdus merula,Eurasian Blackbird,0.2765,243B1F02648873F9_20260412_031500.WAV,14,0.0,1.0,0.25,BirdNET_GLOBAL_6K_V2.4_Model_FP32.tflite,243B1F02648873F9_20260412_031500_chunk_005.wav,3000,177,180
3180,3183,Turdus merula,Eurasian Blackbird,0.5244,243B1F02648873F9_20260412_031500.WAV,14,0.0,1.0,0.25,BirdNET_GLOBAL_6K_V2.4_Model_FP32.tflite,243B1F02648873F9_20260412_031500_chunk_005.wav,3000,180,183
3186,3189,Turdus merula,Eurasian Blackbird,0.4045,243B1F02648873F9_20260412_031500.WAV,14,0.0,1.0,0.25,BirdNET_GLOBAL_6K_V2.4_Model_FP32.tflite,243B1F02648873F9_20260412_031500_chunk_005.wav,3000,186,189
3192,3195,Turdus viscivorus,Mistle Thrush,0.2874,243B1F02648873F9_20260412_031500.WAV,14,0.0,1.0,0.25,BirdNET_GLOBAL_6K_V2.4_Model_FP32.tflite,243B1F02648873F9_20260412_031500_chunk_005.wav,3000,192,195
3210,3213,Troglodytes troglodytes,Eurasian Wren,0.5049,243B1F02648873F9_20260412_031500.WAV,14,0.0,1.0,0.25,BirdNET_GLOBAL_6K_V2.4_Model_FP32.tflite,243B1F02648873F9_20260412_031500_chunk_005.wav,3000,210,213
3213,3216,Troglodytes troglodytes,Eurasian Wren,0.4972,243B1F02648873F9_20260412_031500.WAV,14,0.0,1.0,0.25,BirdNET_GLOBAL_6K_V2.4_Model_FP32.tflite,243B1F02648873F9_20260412_031500_chunk_005.wav,3000,213,216
3222,3225,Columba oenas,Stock Dove,0.6756,243B1F02648873F9_20260412_031500.WAV,14,0.0,1.0,0.25,BirdNET_GLOBAL_6K_V2.4_Model_FP32.tflite,243B1F02648873F9_20260412_031500_chunk_005.wav,3000,222,225
3225,3228,Troglodytes troglodytes,Eurasian Wren,0.8403,243B1F02648873F9_20260412_031500.WAV,14,0.0,1.0,0.25,BirdNET_GLOBAL_6K_V2.4_Model_FP32.tflite,243B1F02648873F9_20260412_031500_chunk_005.wav,3000,225,228
3228,3231,Columba palumbus,Common Wood-Pigeon,0.3481,243B1F02648873F9_20260412_031500.WAV,14,0.0,1.0,0.25,BirdNET_GLOBAL_6K_V2.4_Model_FP32.tflite,243B1F02648873F9_20260412_031500_chunk_005.wav,3000,228,231
3228,3231,Columba oenas,Stock Dove,0.2731,243B1F02648873F9_20260412_031500.WAV,14,0.0,1.0,0.25,BirdNET_GLOBAL_6K_V2.4_Model_FP32.tflite,243B1F02648873F9_20260412_031500_chunk_005.wav,3000,228,231
3234,3237,Turdus merula,Eurasian Blackbird,0.3347,243B1F02648873F9_20260412_031500.WAV,14,0.0,1.0,0.25,BirdNET_GLOBAL_6K_V2.4_Model_FP32.tflite,243B1F02648873F9_20260412_031500_chunk_005.wav,3000,234,237
3237,3240,Columba palumbus,Common Wood-Pigeon,0.6499,243B1F02648873F9_20260412_031500.WAV,14,0.0,1.0,0.25,BirdNET_GLOBAL_6K_V2.4_Model_FP32.tflite,243B1F02648873F9_20260412_031500_chunk_005.wav,3000,237,240
3240,3243,Columba palumbus,Common Wood-Pigeon,0.8139,243B1F02648873F9_20260412_031500.WAV,14,0.0,1.0,0.25,BirdNET_GLOBAL_6K_V2.4_Model_FP32.tflite,243B1F02648873F9_20260412_031500_chunk_005.wav,3000,240,243
3243,3246,Columba palumbus,Common Wood-Pigeon,0.8153,243B1F02648873F9_20260412_031500.WAV,14,0.0,1.0,0.25,BirdNET_GLOBAL_6K_V2.4_Model_FP32.tflite,243B1F02648873F9_20260412_031500_chunk_005.wav,3000,243,246
3246,3249,Columba palumbus,Common Wood-Pigeon,0.6441,243B1F02648873F9_20260412_031500.WAV,14,0.0,1.0,0.25,BirdNET_GLOBAL_6K_V2.4_Model_FP32.tflite,243B1F02648873F9_20260412_031500_chunk_005.wav,3000,246,249
3246,3249,Columba livia,Rock Pigeon,0.3649,243B1F02648873F9_20260412_031500.WAV,14,0.0,1.0,0.25,BirdNET_GLOBAL_6K_V2.4_Model_FP32.tflite,243B1F02648873F9_20260412_031500_chunk_005.wav,3000,246,249
3252,3255,Columba palumbus,Common Wood-Pigeon,0.4710,243B1F02648873F9_20260412_031500.WAV,14,0.0,1.0,0.25,BirdNET_GLOBAL_6K_V2.4_Model_FP32.tflite,243B1F02648873F9_20260412_031500_chunk_005.wav,3000,252,255
3255,3258,Columba palumbus,Common Wood-Pigeon,0.6998,243B1F02648873F9_20260412_031500.WAV,14,0.0,1.0,0.25,BirdNET_GLOBAL_6K_V2.4_Model_FP32.tflite,243B1F02648873F9_20260412_031500_chunk_005.wav,3000,255,258
3258,3261,Columba oenas,Stock Dove,0.8883,243B1F02648873F9_20260412_031500.WAV,14,0.0,1.0,0.25,BirdNET_GLOBAL_6K_V2.4_Model_FP32.tflite,243B1F02648873F9_20260412_031500_chunk_005.wav,3000,258,261
3261,3264,Troglodytes troglodytes,Eurasian Wren,0.6307,243B1F02648873F9_20260412_031500.WAV,14,0.0,1.0,0.25,BirdNET_GLOBAL_6K_V2.4_Model_FP32.tflite,243B1F02648873F9_20260412_031500_chunk_005.wav,3000,261,264
3264,3267,Troglodytes troglodytes,Eurasian Wren,0.3957,243B1F02648873F9_20260412_031500.WAV,14,0.0,1.0,0.25,BirdNET_GLOBAL_6K_V2.4_Model_FP32.tflite,243B1F02648873F9_20260412_031500_chunk_005.wav,3000,264,267
3270,3273,Turdus merula,Eurasian Blackbird,0.4085,243B1F02648873F9_20260412_031500.WAV,14,0.0,1.0,0.25,BirdNET_GLOBAL_6K_V2.4_Model_FP32.tflite,243B1F02648873F9_20260412_031500_chunk_005.wav,3000,270,273
3273,3276,Troglodytes troglodytes,Eurasian Wren,0.2858,243B1F02648873F9_20260412_031500.WAV,14,0.0,1.0,0.25,BirdNET_GLOBAL_6K_V2.4_Model_FP32.tflite,243B1F02648873F9_20260412_031500_chunk_005.wav,3000,273,276
3279,3282,Columba palumbus,Common Wood-Pigeon,0.8025,243B1F02648873F9_20260412_031500.WAV,14,0.0,1.0,0.25,BirdNET_GLOBAL_6K_V2.4_Model_FP32.tflite,243B1F02648873F9_20260412_031500_chunk_005.wav,3000,279,282
3282,3285,Columba palumbus,Common Wood-Pigeon,0.5476,243B1F02648873F9_20260412_031500.WAV,14,0.0,1.0,0.25,BirdNET_GLOBAL_6K_V2.4_Model_FP32.tflite,243B1F02648873F9_20260412_031500_chunk_005.wav,3000,282,285
3285,3288,Columba palumbus,Common Wood-Pigeon,0.8499,243B1F02648873F9_20260412_031500.WAV,14,0.0,1.0,0.25,BirdNET_GLOBAL_6K_V2.4_Model_FP32.tflite,243B1F02648873F9_20260412_031500_chunk_005.wav,3000,285,288
3291,3294,Turdus merula,Eurasian Blackbird,0.4037,243B1F02648873F9_20260412_031500.WAV,14,0.0,1.0,0.25,BirdNET_GLOBAL_6K_V2.4_Model_FP32.tflite,243B1F02648873F9_20260412_031500_chunk_005.wav,3000,291,294
3297,3300,Troglodytes troglodytes,Eurasian Wren,0.6373,243B1F02648873F9_20260412_031500.WAV,14,0.0,1.0,0.25,BirdNET_GLOBAL_6K_V2.4_Model_FP32.tflite,243B1F02648873F9_20260412_031500_chunk_005.wav,3000,297,300
3300,3303,Columba palumbus,Common Wood-Pigeon,0.4347,243B1F02648873F9_20260412_031500.WAV,14,0.0,1.0,0.25,BirdNET_GLOBAL_6K_V2.4_Model_FP32.tflite,243B1F02648873F9_20260412_031500_chunk_005.wav,3000,300,303
3300,3303,Columba oenas,Stock Dove,0.2689,243B1F02648873F9_20260412_031500.WAV,14,0.0,1.0,0.25,BirdNET_GLOBAL_6K_V2.4_Model_FP32.tflite,243B1F02648873F9_20260412_031500_chunk_005.wav,3000,300,303
3303,3306,Columba palumbus,Common Wood-Pigeon,0.8838,243B1F02648873F9_20260412_031500.WAV,14,0.0,1.0,0.25,BirdNET_GLOBAL_6K_V2.4_Model_FP32.tflite,243B1F02648873F9_20260412_031500_chunk_005.wav,3000,303,306
3306,3309,Columba palumbus,Common Wood-Pigeon,0.7768,243B1F02648873F9_20260412_031500.WAV,14,0.0,1.0,0.25,BirdNET_GLOBAL_6K_V2.4_Model_FP32.tflite,243B1F02648873F9_20260412_031500_chunk_005.wav,3000,306,309
3309,3312,Columba palumbus,Common Wood-Pigeon,0.4656,243B1F02648873F9_20260412_031500.WAV,14,0.0,1.0,0.25,BirdNET_GLOBAL_6K_V2.4_Model_FP32.tflite,243B1F02648873F9_20260412_031500_chunk_005.wav,3000,309,312
3315,3318,Turdus merula,Eurasian Blackbird,0.3005,243B1F02648873F9_20260412_031500.WAV,14,0.0,1.0,0.25,BirdNET_GLOBAL_6K_V2.4_Model_FP32.tflite,243B1F02648873F9_20260412_031500_chunk_005.wav,3000,315,318
3324,3327,Troglodytes troglodytes,Eurasian Wren,0.4074,243B1F02648873F9_20260412_031500.WAV,14,0.0,1.0,0.25,BirdNET_GLOBAL_6K_V2.4_Model_FP32.tflite,243B1F02648873F9_20260412_031500_chunk_005.wav,3000,324,327
3327,3330,Troglodytes troglodytes,Eurasian Wren,0.6869,243B1F02648873F9_20260412_031500.WAV,14,0.0,1.0,0.25,BirdNET_GLOBAL_6K_V2.4_Model_FP32.tflite,243B1F02648873F9_20260412_031500_chunk_005.wav,3000,327,330
3330,3333,Columba palumbus,Common Wood-Pigeon,0.7725,243B1F02648873F9_20260412_031500.WAV,14,0.0,1.0,0.25,BirdNET_GLOBAL_6K_V2.4_Model_FP32.tflite,243B1F02648873F9_20260412_031500_chunk_005.wav,3000,330,333
3333,3336,Columba palumbus,Common Wood-Pigeon,0.9619,243B1F02648873F9_20260412_031500.WAV,14,0.0,1.0,0.25,BirdNET_GLOBAL_6K_V2.4_Model_FP32.tflite,243B1F02648873F9_20260412_031500_chunk_005.wav,3000,333,336
3336,3339,Columba palumbus,Common Wood-Pigeon,0.9511,243B1F02648873F9_20260412_031500.WAV,14,0.0,1.0,0.25,BirdNET_GLOBAL_6K_V2.4_Model_FP32.tflite,243B1F02648873F9_20260412_031500_chunk_005.wav,3000,336,339
3339,3342,Columba palumbus,Common Wood-Pigeon,0.9419,243B1F02648873F9_20260412_031500.WAV,14,0.0,1.0,0.25,BirdNET_GLOBAL_6K_V2.4_Model_FP32.tflite,243B1F02648873F9_20260412_031500_chunk_005.wav,3000,339,342
3342,3345,Columba palumbus,Common Wood-Pigeon,0.5986,243B1F02648873F9_20260412_031500.WAV,14,0.0,1.0,0.25,BirdNET_GLOBAL_6K_V2.4_Model_FP32.tflite,243B1F02648873F9_20260412_031500_chunk_005.wav,3000,342,345
3345,3348,Columba palumbus,Common Wood-Pigeon,0.9693,243B1F02648873F9_20260412_031500.WAV,14,0.0,1.0,0.25,BirdNET_GLOBAL_6K_V2.4_Model_FP32.tflite,243B1F02648873F9_20260412_031500_chunk_005.wav,3000,345,348
3354,3357,Columba palumbus,Common Wood-Pigeon,0.7642,243B1F02648873F9_20260412_031500.WAV,14,0.0,1.0,0.25,BirdNET_GLOBAL_6K_V2.4_Model_FP32.tflite,243B1F02648873F9_20260412_031500_chunk_005.wav,3000,354,357
3357,3360,Columba palumbus,Common Wood-Pigeon,0.9058,243B1F02648873F9_20260412_031500.WAV,14,0.0,1.0,0.25,BirdNET_GLOBAL_6K_V2.4_Model_FP32.tflite,243B1F02648873F9_20260412_031500_chunk_005.wav,3000,357,360
3360,3363,Columba palumbus,Common Wood-Pigeon,0.6590,243B1F02648873F9_20260412_031500.WAV,14,0.0,1.0,0.25,BirdNET_GLOBAL_6K_V2.4_Model_FP32.tflite,243B1F02648873F9_20260412_031500_chunk_005.wav,3000,360,363
3363,3366,Columba oenas,Stock Dove,0.4387,243B1F02648873F9_20260412_031500.WAV,14,0.0,1.0,0.25,BirdNET_GLOBAL_6K_V2.4_Model_FP32.tflite,243B1F02648873F9_20260412_031500_chunk_005.wav,3000,363,366
3363,3366,Columba palumbus,Common Wood-Pigeon,0.3821,243B1F02648873F9_20260412_031500.WAV,14,0.0,1.0,0.25,BirdNET_GLOBAL_6K_V2.4_Model_FP32.tflite,243B1F02648873F9_20260412_031500_chunk_005.wav,3000,363,366
3366,3369,Troglodytes troglodytes,Eurasian Wren,0.4835,243B1F02648873F9_20260412_031500.WAV,14,0.0,1.0,0.25,BirdNET_GLOBAL_6K_V2.4_Model_FP32.tflite,243B1F02648873F9_20260412_031500_chunk_005.wav,3000,366,369
3369,3372,Troglodytes troglodytes,Eurasian Wren,0.6978,243B1F02648873F9_20260412_031500.WAV,14,0.0,1.0,0.25,BirdNET_GLOBAL_6K_V2.4_Model_FP32.tflite,243B1F02648873F9_20260412_031500_chunk_005.wav,3000,369,372
3375,3378,Turdus merula,Eurasian Blackbird,0.4279,243B1F02648873F9_20260412_031500.WAV,14,0.0,1.0,0.25,BirdNET_GLOBAL_6K_V2.4_Model_FP32.tflite,243B1F02648873F9_20260412_031500_chunk_005.wav,3000,375,378
3393,3396,Troglodytes troglodytes,Eurasian Wren,0.6357,243B1F02648873F9_20260412_031500.WAV,14,0.0,1.0,0.25,BirdNET_GLOBAL_6K_V2.4_Model_FP32.tflite,243B1F02648873F9_20260412_031500_chunk_005.wav,3000,393,396
3402,3405,Columba palumbus,Common Wood-Pigeon,0.9422,243B1F02648873F9_20260412_031500.WAV,14,0.0,1.0,0.25,BirdNET_GLOBAL_6K_V2.4_Model_FP32.tflite,243B1F02648873F9_20260412_031500_chunk_005.wav,3000,402,405
3405,3408,Streptopelia decaocto,Eurasian Collared-Dove,0.7590,243B1F02648873F9_20260412_031500.WAV,14,0.0,1.0,0.25,BirdNET_GLOBAL_6K_V2.4_Model_FP32.tflite,243B1F02648873F9_20260412_031500_chunk_005.wav,3000,405,408
3405,3408,Columba palumbus,Common Wood-Pigeon,0.6910,243B1F02648873F9_20260412_031500.WAV,14,0.0,1.0,0.25,BirdNET_GLOBAL_6K_V2.4_Model_FP32.tflite,243B1F02648873F9_20260412_031500_chunk_005.wav,3000,405,408
3408,3411,Streptopelia decaocto,Eurasian Collared-Dove,0.7972,243B1F02648873F9_20260412_031500.WAV,14,0.0,1.0,0.25,BirdNET_GLOBAL_6K_V2.4_Model_FP32.tflite,243B1F02648873F9_20260412_031500_chunk_005.wav,3000,408,411
3408,3411,Columba palumbus,Common Wood-Pigeon,0.3627,243B1F02648873F9_20260412_031500.WAV,14,0.0,1.0,0.25,BirdNET_GLOBAL_6K_V2.4_Model_FP32.tflite,243B1F02648873F9_20260412_031500_chunk_005.wav,3000,408,411
3411,3414,Streptopelia decaocto,Eurasian Collared-Dove,0.4900,243B1F02648873F9_20260412_031500.WAV,14,0.0,1.0,0.25,BirdNET_GLOBAL_6K_V2.4_Model_FP32.tflite,243B1F02648873F9_20260412_031500_chunk_005.wav,3000,411,414
3411,3414,Columba palumbus,Common Wood-Pigeon,0.3262,243B1F02648873F9_20260412_031500.WAV,14,0.0,1.0,0.25,BirdNET_GLOBAL_6K_V2.4_Model_FP32.tflite,243B1F02648873F9_20260412_031500_chunk_005.wav,3000,411,414
3414,3417,Columba palumbus,Common Wood-Pigeon,0.6744,243B1F02648873F9_20260412_031500.WAV,14,0.0,1.0,0.25,BirdNET_GLOBAL_6K_V2.4_Model_FP32.tflite,243B1F02648873F9_20260412_031500_chunk_005.wav,3000,414,417
3420,3423,Columba palumbus,Common Wood-Pigeon,0.8957,243B1F02648873F9_20260412_031500.WAV,14,0.0,1.0,0.25,BirdNET_GLOBAL_6K_V2.4_Model_FP32.tflite,243B1F02648873F9_20260412_031500_chunk_005.wav,3000,420,423
3423,3426,Columba palumbus,Common Wood-Pigeon,0.9609,243B1F02648873F9_20260412_031500.WAV,14,0.0,1.0,0.25,BirdNET_GLOBAL_6K_V2.4_Model_FP32.tflite,243B1F02648873F9_20260412_031500_chunk_005.wav,3000,423,426
3426,3429,Columba palumbus,Common Wood-Pigeon,0.7258,243B1F02648873F9_20260412_031500.WAV,14,0.0,1.0,0.25,BirdNET_GLOBAL_6K_V2.4_Model_FP32.tflite,243B1F02648873F9_20260412_031500_chunk_005.wav,3000,426,429
3429,3432,Columba palumbus,Common Wood-Pigeon,0.9816,243B1F02648873F9_20260412_031500.WAV,14,0.0,1.0,0.25,BirdNET_GLOBAL_6K_V2.4_Model_FP32.tflite,243B1F02648873F9_20260412_031500_chunk_005.wav,3000,429,432
3432,3435,Columba palumbus,Common Wood-Pigeon,0.9453,243B1F02648873F9_20260412_031500.WAV,14,0.0,1.0,0.25,BirdNET_GLOBAL_6K_V2.4_Model_FP32.tflite,243B1F02648873F9_20260412_031500_chunk_005.wav,3000,432,435
3438,3441,Columba palumbus,Common Wood-Pigeon,0.6068,243B1F02648873F9_20260412_031500.WAV,14,0.0,1.0,0.25,BirdNET_GLOBAL_6K_V2.4_Model_FP32.tflite,243B1F02648873F9_20260412_031500_chunk_005.wav,3000,438,441
3438,3441,Columba livia,Rock Pigeon,0.2642,243B1F02648873F9_20260412_031500.WAV,14,0.0,1.0,0.25,BirdNET_GLOBAL_6K_V2.4_Model_FP32.tflite,243B1F02648873F9_20260412_031500_chunk_005.wav,3000,438,441
3441,3444,Columba palumbus,Common Wood-Pigeon,0.5679,243B1F02648873F9_20260412_031500.WAV,14,0.0,1.0,0.25,BirdNET_GLOBAL_6K_V2.4_Model_FP32.tflite,243B1F02648873F9_20260412_031500_chunk_005.wav,3000,441,444
3444,3447,Columba palumbus,Common Wood-Pigeon,0.8557,243B1F02648873F9_20260412_031500.WAV,14,0.0,1.0,0.25,BirdNET_GLOBAL_6K_V2.4_Model_FP32.tflite,243B1F02648873F9_20260412_031500_chunk_005.wav,3000,444,447
3447,3450,Turdus merula,Eurasian Blackbird,0.6032,243B1F02648873F9_20260412_031500.WAV,14,0.0,1.0,0.25,BirdNET_GLOBAL_6K_V2.4_Model_FP32.tflite,243B1F02648873F9_20260412_031500_chunk_005.wav,3000,447,450
3450,3453,Turdus merula,Eurasian Blackbird,0.3726,243B1F02648873F9_20260412_031500.WAV,14,0.0,1.0,0.25,BirdNET_GLOBAL_6K_V2.4_Model_FP32.tflite,243B1F02648873F9_20260412_031500_chunk_005.wav,3000,450,453
3453,3456,Turdus merula,Eurasian Blackbird,0.6182,243B1F02648873F9_20260412_031500.WAV,14,0.0,1.0,0.25,BirdNET_GLOBAL_6K_V2.4_Model_FP32.tflite,243B1F02648873F9_20260412_031500_chunk_005.wav,3000,453,456
3456,3459,Turdus merula,Eurasian Blackbird,0.2685,243B1F02648873F9_20260412_031500.WAV,14,0.0,1.0,0.25,BirdNET_GLOBAL_6K_V2.4_Model_FP32.tflite,243B1F02648873F9_20260412_031500_chunk_005.wav,3000,456,459
3462,3465,Turdus merula,Eurasian Blackbird,0.3618,243B1F02648873F9_20260412_031500.WAV,14,0.0,1.0,0.25,BirdNET_GLOBAL_6K_V2.4_Model_FP32.tflite,243B1F02648873F9_20260412_031500_chunk_005.wav,3000,462,465
3465,3468,Turdus merula,Eurasian Blackbird,0.3064,243B1F02648873F9_20260412_031500.WAV,14,0.0,1.0,0.25,BirdNET_GLOBAL_6K_V2.4_Model_FP32.tflite,243B1F02648873F9_20260412_031500_chunk_005.wav,3000,465,468
3468,3471,Turdus merula,Eurasian Blackbird,0.2935,243B1F02648873F9_20260412_031500.WAV,14,0.0,1.0,0.25,BirdNET_GLOBAL_6K_V2.4_Model_FP32.tflite,243B1F02648873F9_20260412_031500_chunk_005.wav,3000,468,471
3471,3474,Turdus merula,Eurasian Blackbird,0.3768,243B1F02648873F9_20260412_031500.WAV,14,0.0,1.0,0.25,BirdNET_GLOBAL_6K_V2.4_Model_FP32.tflite,243B1F02648873F9_20260412_031500_chunk_005.wav,3000,471,474
3477,3480,Turdus merula,Eurasian Blackbird,0.7538,243B1F02648873F9_20260412_031500.WAV,14,0.0,1.0,0.25,BirdNET_GLOBAL_6K_V2.4_Model_FP32.tflite,243B1F02648873F9_20260412_031500_chunk_005.wav,3000,477,480
3504,3507,Turdus merula,Eurasian Blackbird,0.4810,243B1F02648873F9_20260412_031500.WAV,14,0.0,1.0,0.25,BirdNET_GLOBAL_6K_V2.4_Model_FP32.tflite,243B1F02648873F9_20260412_031500_chunk_005.wav,3000,504,507
3513,3516,Turdus merula,Eurasian Blackbird,0.6684,243B1F02648873F9_20260412_031500.WAV,14,0.0,1.0,0.25,BirdNET_GLOBAL_6K_V2.4_Model_FP32.tflite,243B1F02648873F9_20260412_031500_chunk_005.wav,3000,513,516
3516,3519,Turdus merula,Eurasian Blackbird,0.4799,243B1F02648873F9_20260412_031500.WAV,14,0.0,1.0,0.25,BirdNET_GLOBAL_6K_V2.4_Model_FP32.tflite,243B1F02648873F9_20260412_031500_chunk_005.wav,3000,516,519
3519,3522,Turdus merula,Eurasian Blackbird,0.3277,243B1F02648873F9_20260412_031500.WAV,14,0.0,1.0,0.25,BirdNET_GLOBAL_6K_V2.4_Model_FP32.tflite,243B1F02648873F9_20260412_031500_chunk_005.wav,3000,519,522
3522,3525,Turdus merula,Eurasian Blackbird,0.3575,243B1F02648873F9_20260412_031500.WAV,14,0.0,1.0,0.25,BirdNET_GLOBAL_6K_V2.4_Model_FP32.tflite,243B1F02648873F9_20260412_031500_chunk_005.wav,3000,522,525
3528,3531,Turdus merula,Eurasian Blackbird,0.7055,243B1F02648873F9_20260412_031500.WAV,14,0.0,1.0,0.25,BirdNET_GLOBAL_6K_V2.4_Model_FP32.tflite,243B1F02648873F9_20260412_031500_chunk_005.wav,3000,528,531
3531,3534,Turdus merula,Eurasian Blackbird,0.6422,243B1F02648873F9_20260412_031500.WAV,14,0.0,1.0,0.25,BirdNET_GLOBAL_6K_V2.4_Model_FP32.tflite,243B1F02648873F9_20260412_031500_chunk_005.wav,3000,531,534
3534,3537,Turdus merula,Eurasian Blackbird,0.3935,243B1F02648873F9_20260412_031500.WAV,14,0.0,1.0,0.25,BirdNET_GLOBAL_6K_V2.4_Model_FP32.tflite,243B1F02648873F9_20260412_031500_chunk_005.wav,3000,534,537
3537,3540,Turdus merula,Eurasian Blackbird,0.3095,243B1F02648873F9_20260412_031500.WAV,14,0.0,1.0,0.25,BirdNET_GLOBAL_6K_V2.4_Model_FP32.tflite,243B1F02648873F9_20260412_031500_chunk_005.wav,3000,537,540
3546,3549,Turdus merula,Eurasian Blackbird,0.2917,243B1F02648873F9_20260412_031500.WAV,14,0.0,1.0,0.25,BirdNET_GLOBAL_6K_V2.4_Model_FP32.tflite,243B1F02648873F9_20260412_031500_chunk_005.wav,3000,546,549
3549,3552,Turdus merula,Eurasian Blackbird,0.5441,243B1F02648873F9_20260412_031500.WAV,14,0.0,1.0,0.25,BirdNET_GLOBAL_6K_V2.4_Model_FP32.tflite,243B1F02648873F9_20260412_031500_chunk_005.wav,3000,549,552
3555,3558,Turdus merula,Eurasian Blackbird,0.3479,243B1F02648873F9_20260412_031500.WAV,14,0.0,1.0,0.25,BirdNET_GLOBAL_6K_V2.4_Model_FP32.tflite,243B1F02648873F9_20260412_031500_chunk_005.wav,3000,555,558
3558,3561,Turdus merula,Eurasian Blackbird,0.6148,243B1F02648873F9_20260412_031500.WAV,14,0.0,1.0,0.25,BirdNET_GLOBAL_6K_V2.4_Model_FP32.tflite,243B1F02648873F9_20260412_031500_chunk_005.wav,3000,558,561
3561,3564,Turdus merula,Eurasian Blackbird,0.3927,243B1F02648873F9_20260412_031500.WAV,14,0.0,1.0,0.25,BirdNET_GLOBAL_6K_V2.4_Model_FP32.tflite,243B1F02648873F9_20260412_031500_chunk_005.wav,3000,561,564
3588,3591,Erithacus rubecula,European Robin,0.7230,243B1F02648873F9_20260412_031500.WAV,14,0.0,1.0,0.25,BirdNET_GLOBAL_6K_V2.4_Model_FP32.tflite,243B1F02648873F9_20260412_031500_chunk_005.wav,3000,588,591
3609,3612,Turdus merula,Eurasian Blackbird,0.5377,243B1F02648873F9_20260412_031500.WAV,14,0.0,1.0,0.25,BirdNET_GLOBAL_6K_V2.4_Model_FP32.tflite,243B1F02648873F9_20260412_031500_chunk_006.wav,3600,9,12
3612,3615,Erithacus rubecula,European Robin,0.5105,243B1F02648873F9_20260412_031500.WAV,14,0.0,1.0,0.25,BirdNET_GLOBAL_6K_V2.4_Model_FP32.tflite,243B1F02648873F9_20260412_031500_chunk_006.wav,3600,12,15
3612,3615,Turdus merula,Eurasian Blackbird,0.4103,243B1F02648873F9_20260412_031500.WAV,14,0.0,1.0,0.25,BirdNET_GLOBAL_6K_V2.4_Model_FP32.tflite,243B1F02648873F9_20260412_031500_chunk_006.wav,3600,12,15
3615,3618,Turdus merula,Eurasian Blackbird,0.3188,243B1F02648873F9_20260412_031500.WAV,14,0.0,1.0,0.25,BirdNET_GLOBAL_6K_V2.4_Model_FP32.tflite,243B1F02648873F9_20260412_031500_chunk_006.wav,3600,15,18
3627,3630,Erithacus rubecula,European Robin,0.6477,243B1F02648873F9_20260412_031500.WAV,14,0.0,1.0,0.25,BirdNET_GLOBAL_6K_V2.4_Model_FP32.tflite,243B1F02648873F9_20260412_031500_chunk_006.wav,3600,27,30
3648,3651,Troglodytes troglodytes,Eurasian Wren,0.6011,243B1F02648873F9_20260412_031500.WAV,14,0.0,1.0,0.25,BirdNET_GLOBAL_6K_V2.4_Model_FP32.tflite,243B1F02648873F9_20260412_031500_chunk_006.wav,3600,48,51
3651,3654,Troglodytes troglodytes,Eurasian Wren,0.5233,243B1F02648873F9_20260412_031500.WAV,14,0.0,1.0,0.25,BirdNET_GLOBAL_6K_V2.4_Model_FP32.tflite,243B1F02648873F9_20260412_031500_chunk_006.wav,3600,51,54
3654,3657,Troglodytes troglodytes,Eurasian Wren,0.9016,243B1F02648873F9_20260412_031500.WAV,14,0.0,1.0,0.25,BirdNET_GLOBAL_6K_V2.4_Model_FP32.tflite,243B1F02648873F9_20260412_031500_chunk_006.wav,3600,54,57
3657,3660,Troglodytes troglodytes,Eurasian Wren,0.7001,243B1F02648873F9_20260412_031500.WAV,14,0.0,1.0,0.25,BirdNET_GLOBAL_6K_V2.4_Model_FP32.tflite,243B1F02648873F9_20260412_031500_chunk_006.wav,3600,57,60
3660,3663,Erithacus rubecula,European Robin,0.5314,243B1F02648873F9_20260412_031500.WAV,14,0.0,1.0,0.25,BirdNET_GLOBAL_6K_V2.4_Model_FP32.tflite,243B1F02648873F9_20260412_031500_chunk_006.wav,3600,60,63
3663,3666,Turdus merula,Eurasian Blackbird,0.3914,243B1F02648873F9_20260412_031500.WAV,14,0.0,1.0,0.25,BirdNET_GLOBAL_6K_V2.4_Model_FP32.tflite,243B1F02648873F9_20260412_031500_chunk_006.wav,3600,63,66
3666,3669,Turdus merula,Eurasian Blackbird,0.3480,243B1F02648873F9_20260412_031500.WAV,14,0.0,1.0,0.25,BirdNET_GLOBAL_6K_V2.4_Model_FP32.tflite,243B1F02648873F9_20260412_031500_chunk_006.wav,3600,66,69
3669,3672,Erithacus rubecula,European Robin,0.5594,243B1F02648873F9_20260412_031500.WAV,14,0.0,1.0,0.25,BirdNET_GLOBAL_6K_V2.4_Model_FP32.tflite,243B1F02648873F9_20260412_031500_chunk_006.wav,3600,69,72
3672,3675,Turdus merula,Eurasian Blackbird,0.4704,243B1F02648873F9_20260412_031500.WAV,14,0.0,1.0,0.25,BirdNET_GLOBAL_6K_V2.4_Model_FP32.tflite,243B1F02648873F9_20260412_031500_chunk_006.wav,3600,72,75
3675,3678,Turdus merula,Eurasian Blackbird,0.6835,243B1F02648873F9_20260412_031500.WAV,14,0.0,1.0,0.25,BirdNET_GLOBAL_6K_V2.4_Model_FP32.tflite,243B1F02648873F9_20260412_031500_chunk_006.wav,3600,75,78
3678,3681,Turdus merula,Eurasian Blackbird,0.2911,243B1F02648873F9_20260412_031500.WAV,14,0.0,1.0,0.25,BirdNET_GLOBAL_6K_V2.4_Model_FP32.tflite,243B1F02648873F9_20260412_031500_chunk_006.wav,3600,78,81
3690,3693,Troglodytes troglodytes,Eurasian Wren,0.8911,243B1F02648873F9_20260412_031500.WAV,14,0.0,1.0,0.25,BirdNET_GLOBAL_6K_V2.4_Model_FP32.tflite,243B1F02648873F9_20260412_031500_chunk_006.wav,3600,90,93
3693,3696,Troglodytes troglodytes,Eurasian Wren,0.9276,243B1F02648873F9_20260412_031500.WAV,14,0.0,1.0,0.25,BirdNET_GLOBAL_6K_V2.4_Model_FP32.tflite,243B1F02648873F9_20260412_031500_chunk_006.wav,3600,93,96
3696,3699,Troglodytes troglodytes,Eurasian Wren,0.6407,243B1F02648873F9_20260412_031500.WAV,14,0.0,1.0,0.25,BirdNET_GLOBAL_6K_V2.4_Model_FP32.tflite,243B1F02648873F9_20260412_031500_chunk_006.wav,3600,96,99
3702,3705,Turdus merula,Eurasian Blackbird,0.2848,243B1F02648873F9_20260412_031500.WAV,14,0.0,1.0,0.25,BirdNET_GLOBAL_6K_V2.4_Model_FP32.tflite,243B1F02648873F9_20260412_031500_chunk_006.wav,3600,102,105
3705,3708,Erithacus rubecula,European Robin,0.4201,243B1F02648873F9_20260412_031500.WAV,14,0.0,1.0,0.25,BirdNET_GLOBAL_6K_V2.4_Model_FP32.tflite,243B1F02648873F9_20260412_031500_chunk_006.wav,3600,105,108
3717,3720,Turdus merula,Eurasian Blackbird,0.5711,243B1F02648873F9_20260412_031500.WAV,14,0.0,1.0,0.25,BirdNET_GLOBAL_6K_V2.4_Model_FP32.tflite,243B1F02648873F9_20260412_031500_chunk_006.wav,3600,117,120
3717,3720,Erithacus rubecula,European Robin,0.3767,243B1F02648873F9_20260412_031500.WAV,14,0.0,1.0,0.25,BirdNET_GLOBAL_6K_V2.4_Model_FP32.tflite,243B1F02648873F9_20260412_031500_chunk_006.wav,3600,117,120
3720,3723,Turdus merula,Eurasian Blackbird,0.2631,243B1F02648873F9_20260412_031500.WAV,14,0.0,1.0,0.25,BirdNET_GLOBAL_6K_V2.4_Model_FP32.tflite,243B1F02648873F9_20260412_031500_chunk_006.wav,3600,120,123
3723,3726,Erithacus rubecula,European Robin,0.3071,243B1F02648873F9_20260412_031500.WAV,14,0.0,1.0,0.25,BirdNET_GLOBAL_6K_V2.4_Model_FP32.tflite,243B1F02648873F9_20260412_031500_chunk_006.wav,3600,123,126
3726,3729,Erithacus rubecula,European Robin,0.5009,243B1F02648873F9_20260412_031500.WAV,14,0.0,1.0,0.25,BirdNET_GLOBAL_6K_V2.4_Model_FP32.tflite,243B1F02648873F9_20260412_031500_chunk_006.wav,3600,126,129
3735,3738,Erithacus rubecula,European Robin,0.3508,243B1F02648873F9_20260412_031500.WAV,14,0.0,1.0,0.25,BirdNET_GLOBAL_6K_V2.4_Model_FP32.tflite,243B1F02648873F9_20260412_031500_chunk_006.wav,3600,135,138
3750,3753,Turdus merula,Eurasian Blackbird,0.5460,243B1F02648873F9_20260412_031500.WAV,14,0.0,1.0,0.25,BirdNET_GLOBAL_6K_V2.4_Model_FP32.tflite,243B1F02648873F9_20260412_031500_chunk_006.wav,3600,150,153
3768,3771,Turdus merula,Eurasian Blackbird,0.2682,243B1F02648873F9_20260412_031500.WAV,14,0.0,1.0,0.25,BirdNET_GLOBAL_6K_V2.4_Model_FP32.tflite,243B1F02648873F9_20260412_031500_chunk_006.wav,3600,168,171
3774,3777,Turdus merula,Eurasian Blackbird,0.5229,243B1F02648873F9_20260412_031500.WAV,14,0.0,1.0,0.25,BirdNET_GLOBAL_6K_V2.4_Model_FP32.tflite,243B1F02648873F9_20260412_031500_chunk_006.wav,3600,174,177
3783,3786,Turdus merula,Eurasian Blackbird,0.3356,243B1F02648873F9_20260412_031500.WAV,14,0.0,1.0,0.25,BirdNET_GLOBAL_6K_V2.4_Model_FP32.tflite,243B1F02648873F9_20260412_031500_chunk_006.wav,3600,183,186
3786,3789,Turdus merula,Eurasian Blackbird,0.4958,243B1F02648873F9_20260412_031500.WAV,14,0.0,1.0,0.25,BirdNET_GLOBAL_6K_V2.4_Model_FP32.tflite,243B1F02648873F9_20260412_031500_chunk_006.wav,3600,186,189
3789,3792,Turdus merula,Eurasian Blackbird,0.6975,243B1F02648873F9_20260412_031500.WAV,14,0.0,1.0,0.25,BirdNET_GLOBAL_6K_V2.4_Model_FP32.tflite,243B1F02648873F9_20260412_031500_chunk_006.wav,3600,189,192
3801,3804,Turdus merula,Eurasian Blackbird,0.4125,243B1F02648873F9_20260412_031500.WAV,14,0.0,1.0,0.25,BirdNET_GLOBAL_6K_V2.4_Model_FP32.tflite,243B1F02648873F9_20260412_031500_chunk_006.wav,3600,201,204
3804,3807,Turdus merula,Eurasian Blackbird,0.6620,243B1F02648873F9_20260412_031500.WAV,14,0.0,1.0,0.25,BirdNET_GLOBAL_6K_V2.4_Model_FP32.tflite,243B1F02648873F9_20260412_031500_chunk_006.wav,3600,204,207
3813,3816,Turdus merula,Eurasian Blackbird,0.6055,243B1F02648873F9_20260412_031500.WAV,14,0.0,1.0,0.25,BirdNET_GLOBAL_6K_V2.4_Model_FP32.tflite,243B1F02648873F9_20260412_031500_chunk_006.wav,3600,213,216
3819,3822,Pluvialis apricaria,European Golden-Plover,0.2849,243B1F02648873F9_20260412_031500.WAV,14,0.0,1.0,0.25,BirdNET_GLOBAL_6K_V2.4_Model_FP32.tflite,243B1F02648873F9_20260412_031500_chunk_006.wav,3600,219,222
3822,3825,Turdus merula,Eurasian Blackbird,0.4113,243B1F02648873F9_20260412_031500.WAV,14,0.0,1.0,0.25,BirdNET_GLOBAL_6K_V2.4_Model_FP32.tflite,243B1F02648873F9_20260412_031500_chunk_006.wav,3600,222,225
3825,3828,Turdus merula,Eurasian Blackbird,0.2717,243B1F02648873F9_20260412_031500.WAV,14,0.0,1.0,0.25,BirdNET_GLOBAL_6K_V2.4_Model_FP32.tflite,243B1F02648873F9_20260412_031500_chunk_006.wav,3600,225,228
3828,3831,Turdus merula,Eurasian Blackbird,0.4653,243B1F02648873F9_20260412_031500.WAV,14,0.0,1.0,0.25,BirdNET_GLOBAL_6K_V2.4_Model_FP32.tflite,243B1F02648873F9_20260412_031500_chunk_006.wav,3600,228,231
3849,3852,Certhia familiaris,Eurasian Treecreeper,0.3664,243B1F02648873F9_20260412_031500.WAV,14,0.0,1.0,0.25,BirdNET_GLOBAL_6K_V2.4_Model_FP32.tflite,243B1F02648873F9_20260412_031500_chunk_006.wav,3600,249,252
3861,3864,Certhia familiaris,Eurasian Treecreeper,0.3101,243B1F02648873F9_20260412_031500.WAV,14,0.0,1.0,0.25,BirdNET_GLOBAL_6K_V2.4_Model_FP32.tflite,243B1F02648873F9_20260412_031500_chunk_006.wav,3600,261,264
3864,3867,Certhia familiaris,Eurasian Treecreeper,0.5405,243B1F02648873F9_20260412_031500.WAV,14,0.0,1.0,0.25,BirdNET_GLOBAL_6K_V2.4_Model_FP32.tflite,243B1F02648873F9_20260412_031500_chunk_006.wav,3600,264,267
3867,3870,Turdus merula,Eurasian Blackbird,0.4306,243B1F02648873F9_20260412_031500.WAV,14,0.0,1.0,0.25,BirdNET_GLOBAL_6K_V2.4_Model_FP32.tflite,243B1F02648873F9_20260412_031500_chunk_006.wav,3600,267,270
3870,3873,Certhia familiaris,Eurasian Treecreeper,0.3493,243B1F02648873F9_20260412_031500.WAV,14,0.0,1.0,0.25,BirdNET_GLOBAL_6K_V2.4_Model_FP32.tflite,243B1F02648873F9_20260412_031500_chunk_006.wav,3600,270,273
3873,3876,Certhia familiaris,Eurasian Treecreeper,0.4059,243B1F02648873F9_20260412_031500.WAV,14,0.0,1.0,0.25,BirdNET_GLOBAL_6K_V2.4_Model_FP32.tflite,243B1F02648873F9_20260412_031500_chunk_006.wav,3600,273,276
3882,3885,Turdus merula,Eurasian Blackbird,0.7190,243B1F02648873F9_20260412_031500.WAV,14,0.0,1.0,0.25,BirdNET_GLOBAL_6K_V2.4_Model_FP32.tflite,243B1F02648873F9_20260412_031500_chunk_006.wav,3600,282,285
3885,3888,Certhia familiaris,Eurasian Treecreeper,0.4303,243B1F02648873F9_20260412_031500.WAV,14,0.0,1.0,0.25,BirdNET_GLOBAL_6K_V2.4_Model_FP32.tflite,243B1F02648873F9_20260412_031500_chunk_006.wav,3600,285,288
3888,3891,Certhia familiaris,Eurasian Treecreeper,0.3386,243B1F02648873F9_20260412_031500.WAV,14,0.0,1.0,0.25,BirdNET_GLOBAL_6K_V2.4_Model_FP32.tflite,243B1F02648873F9_20260412_031500_chunk_006.wav,3600,288,291
3891,3894,Turdus merula,Eurasian Blackbird,0.3063,243B1F02648873F9_20260412_031500.WAV,14,0.0,1.0,0.25,BirdNET_GLOBAL_6K_V2.4_Model_FP32.tflite,243B1F02648873F9_20260412_031500_chunk_006.wav,3600,291,294
3894,3897,Turdus merula,Eurasian Blackbird,0.6198,243B1F02648873F9_20260412_031500.WAV,14,0.0,1.0,0.25,BirdNET_GLOBAL_6K_V2.4_Model_FP32.tflite,243B1F02648873F9_20260412_031500_chunk_006.wav,3600,294,297
3897,3900,Turdus merula,Eurasian Blackbird,0.3931,243B1F02648873F9_20260412_031500.WAV,14,0.0,1.0,0.25,BirdNET_GLOBAL_6K_V2.4_Model_FP32.tflite,243B1F02648873F9_20260412_031500_chunk_006.wav,3600,297,300
3900,3903,Turdus merula,Eurasian Blackbird,0.3122,243B1F02648873F9_20260412_031500.WAV,14,0.0,1.0,0.25,BirdNET_GLOBAL_6K_V2.4_Model_FP32.tflite,243B1F02648873F9_20260412_031500_chunk_006.wav,3600,300,303
3903,3906,Turdus merula,Eurasian Blackbird,0.3155,243B1F02648873F9_20260412_031500.WAV,14,0.0,1.0,0.25,BirdNET_GLOBAL_6K_V2.4_Model_FP32.tflite,243B1F02648873F9_20260412_031500_chunk_006.wav,3600,303,306
3906,3909,Turdus merula,Eurasian Blackbird,0.3429,243B1F02648873F9_20260412_031500.WAV,14,0.0,1.0,0.25,BirdNET_GLOBAL_6K_V2.4_Model_FP32.tflite,243B1F02648873F9_20260412_031500_chunk_006.wav,3600,306,309
3912,3915,Turdus merula,Eurasian Blackbird,0.3607,243B1F02648873F9_20260412_031500.WAV,14,0.0,1.0,0.25,BirdNET_GLOBAL_6K_V2.4_Model_FP32.tflite,243B1F02648873F9_20260412_031500_chunk_006.wav,3600,312,315
3924,3927,Turdus merula,Eurasian Blackbird,0.4296,243B1F02648873F9_20260412_031500.WAV,14,0.0,1.0,0.25,BirdNET_GLOBAL_6K_V2.4_Model_FP32.tflite,243B1F02648873F9_20260412_031500_chunk_006.wav,3600,324,327
3927,3930,Turdus merula,Eurasian Blackbird,0.3457,243B1F02648873F9_20260412_031500.WAV,14,0.0,1.0,0.25,BirdNET_GLOBAL_6K_V2.4_Model_FP32.tflite,243B1F02648873F9_20260412_031500_chunk_006.wav,3600,327,330
3939,3942,Turdus viscivorus,Mistle Thrush,0.2943,243B1F02648873F9_20260412_031500.WAV,14,0.0,1.0,0.25,BirdNET_GLOBAL_6K_V2.4_Model_FP32.tflite,243B1F02648873F9_20260412_031500_chunk_006.wav,3600,339,342
3948,3951,Turdus merula,Eurasian Blackbird,0.8957,243B1F02648873F9_20260412_031500.WAV,14,0.0,1.0,0.25,BirdNET_GLOBAL_6K_V2.4_Model_FP32.tflite,243B1F02648873F9_20260412_031500_chunk_006.wav,3600,348,351
3954,3957,Turdus merula,Eurasian Blackbird,0.4356,243B1F02648873F9_20260412_031500.WAV,14,0.0,1.0,0.25,BirdNET_GLOBAL_6K_V2.4_Model_FP32.tflite,243B1F02648873F9_20260412_031500_chunk_006.wav,3600,354,357
3957,3960,Certhia familiaris,Eurasian Treecreeper,0.2979,243B1F02648873F9_20260412_031500.WAV,14,0.0,1.0,0.25,BirdNET_GLOBAL_6K_V2.4_Model_FP32.tflite,243B1F02648873F9_20260412_031500_chunk_006.wav,3600,357,360
3966,3969,Turdus merula,Eurasian Blackbird,0.3646,243B1F02648873F9_20260412_031500.WAV,14,0.0,1.0,0.25,BirdNET_GLOBAL_6K_V2.4_Model_FP32.tflite,243B1F02648873F9_20260412_031500_chunk_006.wav,3600,366,369
3972,3975,Turdus merula,Eurasian Blackbird,0.3326,243B1F02648873F9_20260412_031500.WAV,14,0.0,1.0,0.25,BirdNET_GLOBAL_6K_V2.4_Model_FP32.tflite,243B1F02648873F9_20260412_031500_chunk_006.wav,3600,372,375
3996,3999,Turdus merula,Eurasian Blackbird,0.3420,243B1F02648873F9_20260412_031500.WAV,14,0.0,1.0,0.25,BirdNET_GLOBAL_6K_V2.4_Model_FP32.tflite,243B1F02648873F9_20260412_031500_chunk_006.wav,3600,396,399
3999,4002,Turdus merula,Eurasian Blackbird,0.2924,243B1F02648873F9_20260412_031500.WAV,14,0.0,1.0,0.25,BirdNET_GLOBAL_6K_V2.4_Model_FP32.tflite,243B1F02648873F9_20260412_031500_chunk_006.wav,3600,399,402
4008,4011,Turdus merula,Eurasian Blackbird,0.2641,243B1F02648873F9_20260412_031500.WAV,14,0.0,1.0,0.25,BirdNET_GLOBAL_6K_V2.4_Model_FP32.tflite,243B1F02648873F9_20260412_031500_chunk_006.wav,3600,408,411
4029,4032,Turdus viscivorus,Mistle Thrush,0.4243,243B1F02648873F9_20260412_031500.WAV,14,0.0,1.0,0.25,BirdNET_GLOBAL_6K_V2.4_Model_FP32.tflite,243B1F02648873F9_20260412_031500_chunk_006.wav,3600,429,432
4032,4035,Turdus merula,Eurasian Blackbird,0.4747,243B1F02648873F9_20260412_031500.WAV,14,0.0,1.0,0.25,BirdNET_GLOBAL_6K_V2.4_Model_FP32.tflite,243B1F02648873F9_20260412_031500_chunk_006.wav,3600,432,435
4038,4041,Turdus merula,Eurasian Blackbird,0.4400,243B1F02648873F9_20260412_031500.WAV,14,0.0,1.0,0.25,BirdNET_GLOBAL_6K_V2.4_Model_FP32.tflite,243B1F02648873F9_20260412_031500_chunk_006.wav,3600,438,441
4041,4044,Turdus merula,Eurasian Blackbird,0.4130,243B1F02648873F9_20260412_031500.WAV,14,0.0,1.0,0.25,BirdNET_GLOBAL_6K_V2.4_Model_FP32.tflite,243B1F02648873F9_20260412_031500_chunk_006.wav,3600,441,444
4047,4050,Turdus merula,Eurasian Blackbird,0.3660,243B1F02648873F9_20260412_031500.WAV,14,0.0,1.0,0.25,BirdNET_GLOBAL_6K_V2.4_Model_FP32.tflite,243B1F02648873F9_20260412_031500_chunk_006.wav,3600,447,450
4050,4053,Turdus merula,Eurasian Blackbird,0.3325,243B1F02648873F9_20260412_031500.WAV,14,0.0,1.0,0.25,BirdNET_GLOBAL_6K_V2.4_Model_FP32.tflite,243B1F02648873F9_20260412_031500_chunk_006.wav,3600,450,453
4053,4056,Turdus merula,Eurasian Blackbird,0.7721,243B1F02648873F9_20260412_031500.WAV,14,0.0,1.0,0.25,BirdNET_GLOBAL_6K_V2.4_Model_FP32.tflite,243B1F02648873F9_20260412_031500_chunk_006.wav,3600,453,456
4056,4059,Gallinula chloropus,Eurasian Moorhen,0.7061,243B1F02648873F9_20260412_031500.WAV,14,0.0,1.0,0.25,BirdNET_GLOBAL_6K_V2.4_Model_FP32.tflite,243B1F02648873F9_20260412_031500_chunk_006.wav,3600,456,459
4068,4071,Turdus merula,Eurasian Blackbird,0.3515,243B1F02648873F9_20260412_031500.WAV,14,0.0,1.0,0.25,BirdNET_GLOBAL_6K_V2.4_Model_FP32.tflite,243B1F02648873F9_20260412_031500_chunk_006.wav,3600,468,471
4074,4077,Turdus merula,Eurasian Blackbird,0.2780,243B1F02648873F9_20260412_031500.WAV,14,0.0,1.0,0.25,BirdNET_GLOBAL_6K_V2.4_Model_FP32.tflite,243B1F02648873F9_20260412_031500_chunk_006.wav,3600,474,477
4083,4086,Turdus merula,Eurasian Blackbird,0.5071,243B1F02648873F9_20260412_031500.WAV,14,0.0,1.0,0.25,BirdNET_GLOBAL_6K_V2.4_Model_FP32.tflite,243B1F02648873F9_20260412_031500_chunk_006.wav,3600,483,486
4089,4092,Turdus merula,Eurasian Blackbird,0.5766,243B1F02648873F9_20260412_031500.WAV,14,0.0,1.0,0.25,BirdNET_GLOBAL_6K_V2.4_Model_FP32.tflite,243B1F02648873F9_20260412_031500_chunk_006.wav,3600,489,492
4092,4095,Turdus merula,Eurasian Blackbird,0.2828,243B1F02648873F9_20260412_031500.WAV,14,0.0,1.0,0.25,BirdNET_GLOBAL_6K_V2.4_Model_FP32.tflite,243B1F02648873F9_20260412_031500_chunk_006.wav,3600,492,495
4098,4101,Turdus merula,Eurasian Blackbird,0.3707,243B1F02648873F9_20260412_031500.WAV,14,0.0,1.0,0.25,BirdNET_GLOBAL_6K_V2.4_Model_FP32.tflite,243B1F02648873F9_20260412_031500_chunk_006.wav,3600,498,501
4104,4107,Turdus merula,Eurasian Blackbird,0.7119,243B1F02648873F9_20260412_031500.WAV,14,0.0,1.0,0.25,BirdNET_GLOBAL_6K_V2.4_Model_FP32.tflite,243B1F02648873F9_20260412_031500_chunk_006.wav,3600,504,507
4107,4110,Turdus merula,Eurasian Blackbird,0.6677,243B1F02648873F9_20260412_031500.WAV,14,0.0,1.0,0.25,BirdNET_GLOBAL_6K_V2.4_Model_FP32.tflite,243B1F02648873F9_20260412_031500_chunk_006.wav,3600,507,510
4110,4113,Tyto alba,Barn Owl,0.3079,243B1F02648873F9_20260412_031500.WAV,14,0.0,1.0,0.25,BirdNET_GLOBAL_6K_V2.4_Model_FP32.tflite,243B1F02648873F9_20260412_031500_chunk_006.wav,3600,510,513
4113,4116,Turdus merula,Eurasian Blackbird,0.3747,243B1F02648873F9_20260412_031500.WAV,14,0.0,1.0,0.25,BirdNET_GLOBAL_6K_V2.4_Model_FP32.tflite,243B1F02648873F9_20260412_031500_chunk_006.wav,3600,513,516
4116,4119,Turdus merula,Eurasian Blackbird,0.3671,243B1F02648873F9_20260412_031500.WAV,14,0.0,1.0,0.25,BirdNET_GLOBAL_6K_V2.4_Model_FP32.tflite,243B1F02648873F9_20260412_031500_chunk_006.wav,3600,516,519
4122,4125,Turdus merula,Eurasian Blackbird,0.5149,243B1F02648873F9_20260412_031500.WAV,14,0.0,1.0,0.25,BirdNET_GLOBAL_6K_V2.4_Model_FP32.tflite,243B1F02648873F9_20260412_031500_chunk_006.wav,3600,522,525
4125,4128,Turdus merula,Eurasian Blackbird,0.3159,243B1F02648873F9_20260412_031500.WAV,14,0.0,1.0,0.25,BirdNET_GLOBAL_6K_V2.4_Model_FP32.tflite,243B1F02648873F9_20260412_031500_chunk_006.wav,3600,525,528
4131,4134,Turdus merula,Eurasian Blackbird,0.2545,243B1F02648873F9_20260412_031500.WAV,14,0.0,1.0,0.25,BirdNET_GLOBAL_6K_V2.4_Model_FP32.tflite,243B1F02648873F9_20260412_031500_chunk_006.wav,3600,531,534
4137,4140,Turdus merula,Eurasian Blackbird,0.4629,243B1F02648873F9_20260412_031500.WAV,14,0.0,1.0,0.25,BirdNET_GLOBAL_6K_V2.4_Model_FP32.tflite,243B1F02648873F9_20260412_031500_chunk_006.wav,3600,537,540
4140,4143,Turdus merula,Eurasian Blackbird,0.5018,243B1F02648873F9_20260412_031500.WAV,14,0.0,1.0,0.25,BirdNET_GLOBAL_6K_V2.4_Model_FP32.tflite,243B1F02648873F9_20260412_031500_chunk_006.wav,3600,540,543
4146,4149,Turdus merula,Eurasian Blackbird,0.5093,243B1F02648873F9_20260412_031500.WAV,14,0.0,1.0,0.25,BirdNET_GLOBAL_6K_V2.4_Model_FP32.tflite,243B1F02648873F9_20260412_031500_chunk_006.wav,3600,546,549
4149,4152,Turdus merula,Eurasian Blackbird,0.3867,243B1F02648873F9_20260412_031500.WAV,14,0.0,1.0,0.25,BirdNET_GLOBAL_6K_V2.4_Model_FP32.tflite,243B1F02648873F9_20260412_031500_chunk_006.wav,3600,549,552
4152,4155,Turdus merula,Eurasian Blackbird,0.4947,243B1F02648873F9_20260412_031500.WAV,14,0.0,1.0,0.25,BirdNET_GLOBAL_6K_V2.4_Model_FP32.tflite,243B1F02648873F9_20260412_031500_chunk_006.wav,3600,552,555
4155,4158,Turdus merula,Eurasian Blackbird,0.5332,243B1F02648873F9_20260412_031500.WAV,14,0.0,1.0,0.25,BirdNET_GLOBAL_6K_V2.4_Model_FP32.tflite,243B1F02648873F9_20260412_031500_chunk_006.wav,3600,555,558
4161,4164,Turdus merula,Eurasian Blackbird,0.5587,243B1F02648873F9_20260412_031500.WAV,14,0.0,1.0,0.25,BirdNET_GLOBAL_6K_V2.4_Model_FP32.tflite,243B1F02648873F9_20260412_031500_chunk_006.wav,3600,561,564
4164,4167,Turdus merula,Eurasian Blackbird,0.3388,243B1F02648873F9_20260412_031500.WAV,14,0.0,1.0,0.25,BirdNET_GLOBAL_6K_V2.4_Model_FP32.tflite,243B1F02648873F9_20260412_031500_chunk_006.wav,3600,564,567
4170,4173,Turdus merula,Eurasian Blackbird,0.7364,243B1F02648873F9_20260412_031500.WAV,14,0.0,1.0,0.25,BirdNET_GLOBAL_6K_V2.4_Model_FP32.tflite,243B1F02648873F9_20260412_031500_chunk_006.wav,3600,570,573
4173,4176,Turdus merula,Eurasian Blackbird,0.4282,243B1F02648873F9_20260412_031500.WAV,14,0.0,1.0,0.25,BirdNET_GLOBAL_6K_V2.4_Model_FP32.tflite,243B1F02648873F9_20260412_031500_chunk_006.wav,3600,573,576
4176,4179,Troglodytes troglodytes,Eurasian Wren,0.6031,243B1F02648873F9_20260412_031500.WAV,14,0.0,1.0,0.25,BirdNET_GLOBAL_6K_V2.4_Model_FP32.tflite,243B1F02648873F9_20260412_031500_chunk_006.wav,3600,576,579
4179,4182,Troglodytes troglodytes,Eurasian Wren,0.9461,243B1F02648873F9_20260412_031500.WAV,14,0.0,1.0,0.25,BirdNET_GLOBAL_6K_V2.4_Model_FP32.tflite,243B1F02648873F9_20260412_031500_chunk_006.wav,3600,579,582
4182,4185,Troglodytes troglodytes,Eurasian Wren,0.8788,243B1F02648873F9_20260412_031500.WAV,14,0.0,1.0,0.25,BirdNET_GLOBAL_6K_V2.4_Model_FP32.tflite,243B1F02648873F9_20260412_031500_chunk_006.wav,3600,582,585
4185,4188,Troglodytes troglodytes,Eurasian Wren,0.8254,243B1F02648873F9_20260412_031500.WAV,14,0.0,1.0,0.25,BirdNET_GLOBAL_6K_V2.4_Model_FP32.tflite,243B1F02648873F9_20260412_031500_chunk_006.wav,3600,585,588
4194,4197,Turdus merula,Eurasian Blackbird,0.4932,243B1F02648873F9_20260412_031500.WAV,14,0.0,1.0,0.25,BirdNET_GLOBAL_6K_V2.4_Model_FP32.tflite,243B1F02648873F9_20260412_031500_chunk_006.wav,3600,594,597
4197,4199.98,Turdus merula,Eurasian Blackbird,0.3306,243B1F02648873F9_20260412_031500.WAV,14,0.0,1.0,0.25,BirdNET_GLOBAL_6K_V2.4_Model_FP32.tflite,243B1F02648873F9_20260412_031500_chunk_006.wav,3600,597,599.98
4200,4203,Turdus merula,Eurasian Blackbird,0.4827,243B1F02648873F9_20260412_031500.WAV,14,0.0,1.0,0.25,BirdNET_GLOBAL_6K_V2.4_Model_FP32.tflite,243B1F02648873F9_20260412_031500_chunk_007.wav,4200,0,3
4203,4206,Turdus merula,Eurasian Blackbird,0.3779,243B1F02648873F9_20260412_031500.WAV,14,0.0,1.0,0.25,BirdNET_GLOBAL_6K_V2.4_Model_FP32.tflite,243B1F02648873F9_20260412_031500_chunk_007.wav,4200,3,6
4209,4212,Turdus merula,Eurasian Blackbird,0.6582,243B1F02648873F9_20260412_031500.WAV,14,0.0,1.0,0.25,BirdNET_GLOBAL_6K_V2.4_Model_FP32.tflite,243B1F02648873F9_20260412_031500_chunk_007.wav,4200,9,12
4224,4227,Erithacus rubecula,European Robin,0.4619,243B1F02648873F9_20260412_031500.WAV,14,0.0,1.0,0.25,BirdNET_GLOBAL_6K_V2.4_Model_FP32.tflite,243B1F02648873F9_20260412_031500_chunk_007.wav,4200,24,27
4239,4242,Turdus merula,Eurasian Blackbird,0.3597,243B1F02648873F9_20260412_031500.WAV,14,0.0,1.0,0.25,BirdNET_GLOBAL_6K_V2.4_Model_FP32.tflite,243B1F02648873F9_20260412_031500_chunk_007.wav,4200,39,42
4248,4251,Turdus merula,Eurasian Blackbird,0.7638,243B1F02648873F9_20260412_031500.WAV,14,0.0,1.0,0.25,BirdNET_GLOBAL_6K_V2.4_Model_FP32.tflite,243B1F02648873F9_20260412_031500_chunk_007.wav,4200,48,51
4254,4257,Turdus merula,Eurasian Blackbird,0.2539,243B1F02648873F9_20260412_031500.WAV,14,0.0,1.0,0.25,BirdNET_GLOBAL_6K_V2.4_Model_FP32.tflite,243B1F02648873F9_20260412_031500_chunk_007.wav,4200,54,57
4257,4260,Tyto alba,Barn Owl,0.4741,243B1F02648873F9_20260412_031500.WAV,14,0.0,1.0,0.25,BirdNET_GLOBAL_6K_V2.4_Model_FP32.tflite,243B1F02648873F9_20260412_031500_chunk_007.wav,4200,57,60
4269,4272,Turdus merula,Eurasian Blackbird,0.7090,243B1F02648873F9_20260412_031500.WAV,14,0.0,1.0,0.25,BirdNET_GLOBAL_6K_V2.4_Model_FP32.tflite,243B1F02648873F9_20260412_031500_chunk_007.wav,4200,69,72
4272,4275,Turdus viscivorus,Mistle Thrush,0.5663,243B1F02648873F9_20260412_031500.WAV,14,0.0,1.0,0.25,BirdNET_GLOBAL_6K_V2.4_Model_FP32.tflite,243B1F02648873F9_20260412_031500_chunk_007.wav,4200,72,75
4284,4287,Turdus merula,Eurasian Blackbird,0.4445,243B1F02648873F9_20260412_031500.WAV,14,0.0,1.0,0.25,BirdNET_GLOBAL_6K_V2.4_Model_FP32.tflite,243B1F02648873F9_20260412_031500_chunk_007.wav,4200,84,87
4293,4296,Turdus merula,Eurasian Blackbird,0.2969,243B1F02648873F9_20260412_031500.WAV,14,0.0,1.0,0.25,BirdNET_GLOBAL_6K_V2.4_Model_FP32.tflite,243B1F02648873F9_20260412_031500_chunk_007.wav,4200,93,96
4296,4299,Turdus merula,Eurasian Blackbird,0.4532,243B1F02648873F9_20260412_031500.WAV,14,0.0,1.0,0.25,BirdNET_GLOBAL_6K_V2.4_Model_FP32.tflite,243B1F02648873F9_20260412_031500_chunk_007.wav,4200,96,99
4302,4305,Troglodytes troglodytes,Eurasian Wren,0.3755,243B1F02648873F9_20260412_031500.WAV,14,0.0,1.0,0.25,BirdNET_GLOBAL_6K_V2.4_Model_FP32.tflite,243B1F02648873F9_20260412_031500_chunk_007.wav,4200,102,105
4305,4308,Troglodytes troglodytes,Eurasian Wren,0.6167,243B1F02648873F9_20260412_031500.WAV,14,0.0,1.0,0.25,BirdNET_GLOBAL_6K_V2.4_Model_FP32.tflite,243B1F02648873F9_20260412_031500_chunk_007.wav,4200,105,108
4314,4317,Turdus merula,Eurasian Blackbird,0.2549,243B1F02648873F9_20260412_031500.WAV,14,0.0,1.0,0.25,BirdNET_GLOBAL_6K_V2.4_Model_FP32.tflite,243B1F02648873F9_20260412_031500_chunk_007.wav,4200,114,117
4320,4323,Turdus merula,Eurasian Blackbird,0.4319,243B1F02648873F9_20260412_031500.WAV,14,0.0,1.0,0.25,BirdNET_GLOBAL_6K_V2.4_Model_FP32.tflite,243B1F02648873F9_20260412_031500_chunk_007.wav,4200,120,123
4323,4326,Turdus merula,Eurasian Blackbird,0.2959,243B1F02648873F9_20260412_031500.WAV,14,0.0,1.0,0.25,BirdNET_GLOBAL_6K_V2.4_Model_FP32.tflite,243B1F02648873F9_20260412_031500_chunk_007.wav,4200,123,126
4329,4332,Troglodytes troglodytes,Eurasian Wren,0.4921,243B1F02648873F9_20260412_031500.WAV,14,0.0,1.0,0.25,BirdNET_GLOBAL_6K_V2.4_Model_FP32.tflite,243B1F02648873F9_20260412_031500_chunk_007.wav,4200,129,132
4332,4335,Troglodytes troglodytes,Eurasian Wren,0.7586,243B1F02648873F9_20260412_031500.WAV,14,0.0,1.0,0.25,BirdNET_GLOBAL_6K_V2.4_Model_FP32.tflite,243B1F02648873F9_20260412_031500_chunk_007.wav,4200,132,135
4335,4338,Troglodytes troglodytes,Eurasian Wren,0.2931,243B1F02648873F9_20260412_031500.WAV,14,0.0,1.0,0.25,BirdNET_GLOBAL_6K_V2.4_Model_FP32.tflite,243B1F02648873F9_20260412_031500_chunk_007.wav,4200,135,138
4344,4347,Turdus merula,Eurasian Blackbird,0.3779,243B1F02648873F9_20260412_031500.WAV,14,0.0,1.0,0.25,BirdNET_GLOBAL_6K_V2.4_Model_FP32.tflite,243B1F02648873F9_20260412_031500_chunk_007.wav,4200,144,147
4353,4356,Turdus merula,Eurasian Blackbird,0.5678,243B1F02648873F9_20260412_031500.WAV,14,0.0,1.0,0.25,BirdNET_GLOBAL_6K_V2.4_Model_FP32.tflite,243B1F02648873F9_20260412_031500_chunk_007.wav,4200,153,156
4362,4365,Turdus merula,Eurasian Blackbird,0.3196,243B1F02648873F9_20260412_031500.WAV,14,0.0,1.0,0.25,BirdNET_GLOBAL_6K_V2.4_Model_FP32.tflite,243B1F02648873F9_20260412_031500_chunk_007.wav,4200,162,165
4368,4371,Turdus merula,Eurasian Blackbird,0.6328,243B1F02648873F9_20260412_031500.WAV,14,0.0,1.0,0.25,BirdNET_GLOBAL_6K_V2.4_Model_FP32.tflite,243B1F02648873F9_20260412_031500_chunk_007.wav,4200,168,171
4371,4374,Turdus merula,Eurasian Blackbird,0.5016,243B1F02648873F9_20260412_031500.WAV,14,0.0,1.0,0.25,BirdNET_GLOBAL_6K_V2.4_Model_FP32.tflite,243B1F02648873F9_20260412_031500_chunk_007.wav,4200,171,174
4374,4377,Turdus merula,Eurasian Blackbird,0.3187,243B1F02648873F9_20260412_031500.WAV,14,0.0,1.0,0.25,BirdNET_GLOBAL_6K_V2.4_Model_FP32.tflite,243B1F02648873F9_20260412_031500_chunk_007.wav,4200,174,177
4377,4380,Turdus merula,Eurasian Blackbird,0.2859,243B1F02648873F9_20260412_031500.WAV,14,0.0,1.0,0.25,BirdNET_GLOBAL_6K_V2.4_Model_FP32.tflite,243B1F02648873F9_20260412_031500_chunk_007.wav,4200,177,180
4380,4383,Turdus merula,Eurasian Blackbird,0.5491,243B1F02648873F9_20260412_031500.WAV,14,0.0,1.0,0.25,BirdNET_GLOBAL_6K_V2.4_Model_FP32.tflite,243B1F02648873F9_20260412_031500_chunk_007.wav,4200,180,183
4380,4383,Turdus philomelos,Song Thrush,0.4191,243B1F02648873F9_20260412_031500.WAV,14,0.0,1.0,0.25,BirdNET_GLOBAL_6K_V2.4_Model_FP32.tflite,243B1F02648873F9_20260412_031500_chunk_007.wav,4200,180,183
4383,4386,Turdus merula,Eurasian Blackbird,0.3249,243B1F02648873F9_20260412_031500.WAV,14,0.0,1.0,0.25,BirdNET_GLOBAL_6K_V2.4_Model_FP32.tflite,243B1F02648873F9_20260412_031500_chunk_007.wav,4200,183,186
4386,4389,Turdus merula,Eurasian Blackbird,0.5618,243B1F02648873F9_20260412_031500.WAV,14,0.0,1.0,0.25,BirdNET_GLOBAL_6K_V2.4_Model_FP32.tflite,243B1F02648873F9_20260412_031500_chunk_007.wav,4200,186,189
4392,4395,Turdus merula,Eurasian Blackbird,0.4380,243B1F02648873F9_20260412_031500.WAV,14,0.0,1.0,0.25,BirdNET_GLOBAL_6K_V2.4_Model_FP32.tflite,243B1F02648873F9_20260412_031500_chunk_007.wav,4200,192,195
4395,4398,Turdus merula,Eurasian Blackbird,0.4393,243B1F02648873F9_20260412_031500.WAV,14,0.0,1.0,0.25,BirdNET_GLOBAL_6K_V2.4_Model_FP32.tflite,243B1F02648873F9_20260412_031500_chunk_007.wav,4200,195,198
4398,4401,Turdus merula,Eurasian Blackbird,0.4313,243B1F02648873F9_20260412_031500.WAV,14,0.0,1.0,0.25,BirdNET_GLOBAL_6K_V2.4_Model_FP32.tflite,243B1F02648873F9_20260412_031500_chunk_007.wav,4200,198,201
4401,4404,Turdus merula,Eurasian Blackbird,0.6243,243B1F02648873F9_20260412_031500.WAV,14,0.0,1.0,0.25,BirdNET_GLOBAL_6K_V2.4_Model_FP32.tflite,243B1F02648873F9_20260412_031500_chunk_007.wav,4200,201,204
4407,4410,Turdus merula,Eurasian Blackbird,0.8136,243B1F02648873F9_20260412_031500.WAV,14,0.0,1.0,0.25,BirdNET_GLOBAL_6K_V2.4_Model_FP32.tflite,243B1F02648873F9_20260412_031500_chunk_007.wav,4200,207,210
4410,4413,Turdus merula,Eurasian Blackbird,0.5130,243B1F02648873F9_20260412_031500.WAV,14,0.0,1.0,0.25,BirdNET_GLOBAL_6K_V2.4_Model_FP32.tflite,243B1F02648873F9_20260412_031500_chunk_007.wav,4200,210,213
4416,4419,Turdus merula,Eurasian Blackbird,0.4068,243B1F02648873F9_20260412_031500.WAV,14,0.0,1.0,0.25,BirdNET_GLOBAL_6K_V2.4_Model_FP32.tflite,243B1F02648873F9_20260412_031500_chunk_007.wav,4200,216,219
4419,4422,Turdus philomelos,Song Thrush,0.5375,243B1F02648873F9_20260412_031500.WAV,14,0.0,1.0,0.25,BirdNET_GLOBAL_6K_V2.4_Model_FP32.tflite,243B1F02648873F9_20260412_031500_chunk_007.wav,4200,219,222
4422,4425,Troglodytes troglodytes,Eurasian Wren,0.3305,243B1F02648873F9_20260412_031500.WAV,14,0.0,1.0,0.25,BirdNET_GLOBAL_6K_V2.4_Model_FP32.tflite,243B1F02648873F9_20260412_031500_chunk_007.wav,4200,222,225
4425,4428,Troglodytes troglodytes,Eurasian Wren,0.9236,243B1F02648873F9_20260412_031500.WAV,14,0.0,1.0,0.25,BirdNET_GLOBAL_6K_V2.4_Model_FP32.tflite,243B1F02648873F9_20260412_031500_chunk_007.wav,4200,225,228
4428,4431,Troglodytes troglodytes,Eurasian Wren,0.5054,243B1F02648873F9_20260412_031500.WAV,14,0.0,1.0,0.25,BirdNET_GLOBAL_6K_V2.4_Model_FP32.tflite,243B1F02648873F9_20260412_031500_chunk_007.wav,4200,228,231
4431,4434,Turdus merula,Eurasian Blackbird,0.3154,243B1F02648873F9_20260412_031500.WAV,14,0.0,1.0,0.25,BirdNET_GLOBAL_6K_V2.4_Model_FP32.tflite,243B1F02648873F9_20260412_031500_chunk_007.wav,4200,231,234
4434,4437,Turdus merula,Eurasian Blackbird,0.5537,243B1F02648873F9_20260412_031500.WAV,14,0.0,1.0,0.25,BirdNET_GLOBAL_6K_V2.4_Model_FP32.tflite,243B1F02648873F9_20260412_031500_chunk_007.wav,4200,234,237
4443,4446,Turdus merula,Eurasian Blackbird,0.5618,243B1F02648873F9_20260412_031500.WAV,14,0.0,1.0,0.25,BirdNET_GLOBAL_6K_V2.4_Model_FP32.tflite,243B1F02648873F9_20260412_031500_chunk_007.wav,4200,243,246
4449,4452,Turdus merula,Eurasian Blackbird,0.3262,243B1F02648873F9_20260412_031500.WAV,14,0.0,1.0,0.25,BirdNET_GLOBAL_6K_V2.4_Model_FP32.tflite,243B1F02648873F9_20260412_031500_chunk_007.wav,4200,249,252
4452,4455,Turdus merula,Eurasian Blackbird,0.3964,243B1F02648873F9_20260412_031500.WAV,14,0.0,1.0,0.25,BirdNET_GLOBAL_6K_V2.4_Model_FP32.tflite,243B1F02648873F9_20260412_031500_chunk_007.wav,4200,252,255
4461,4464,Turdus merula,Eurasian Blackbird,0.3174,243B1F02648873F9_20260412_031500.WAV,14,0.0,1.0,0.25,BirdNET_GLOBAL_6K_V2.4_Model_FP32.tflite,243B1F02648873F9_20260412_031500_chunk_007.wav,4200,261,264
4464,4467,Turdus merula,Eurasian Blackbird,0.3091,243B1F02648873F9_20260412_031500.WAV,14,0.0,1.0,0.25,BirdNET_GLOBAL_6K_V2.4_Model_FP32.tflite,243B1F02648873F9_20260412_031500_chunk_007.wav,4200,264,267
4473,4476,Turdus merula,Eurasian Blackbird,0.4641,243B1F02648873F9_20260412_031500.WAV,14,0.0,1.0,0.25,BirdNET_GLOBAL_6K_V2.4_Model_FP32.tflite,243B1F02648873F9_20260412_031500_chunk_007.wav,4200,273,276
4479,4482,Turdus merula,Eurasian Blackbird,0.5812,243B1F02648873F9_20260412_031500.WAV,14,0.0,1.0,0.25,BirdNET_GLOBAL_6K_V2.4_Model_FP32.tflite,243B1F02648873F9_20260412_031500_chunk_007.wav,4200,279,282
4482,4485,Turdus merula,Eurasian Blackbird,0.6831,243B1F02648873F9_20260412_031500.WAV,14,0.0,1.0,0.25,BirdNET_GLOBAL_6K_V2.4_Model_FP32.tflite,243B1F02648873F9_20260412_031500_chunk_007.wav,4200,282,285
4485,4488,Turdus merula,Eurasian Blackbird,0.8052,243B1F02648873F9_20260412_031500.WAV,14,0.0,1.0,0.25,BirdNET_GLOBAL_6K_V2.4_Model_FP32.tflite,243B1F02648873F9_20260412_031500_chunk_007.wav,4200,285,288
4488,4491,Buteo buteo,Common Buzzard,0.2560,243B1F02648873F9_20260412_031500.WAV,14,0.0,1.0,0.25,BirdNET_GLOBAL_6K_V2.4_Model_FP32.tflite,243B1F02648873F9_20260412_031500_chunk_007.wav,4200,288,291
4491,4494,Turdus merula,Eurasian Blackbird,0.4538,243B1F02648873F9_20260412_031500.WAV,14,0.0,1.0,0.25,BirdNET_GLOBAL_6K_V2.4_Model_FP32.tflite,243B1F02648873F9_20260412_031500_chunk_007.wav,4200,291,294
4494,4497,Turdus merula,Eurasian Blackbird,0.8244,243B1F02648873F9_20260412_031500.WAV,14,0.0,1.0,0.25,BirdNET_GLOBAL_6K_V2.4_Model_FP32.tflite,243B1F02648873F9_20260412_031500_chunk_007.wav,4200,294,297
4500,4503,Turdus merula,Eurasian Blackbird,0.5202,243B1F02648873F9_20260412_031500.WAV,14,0.0,1.0,0.25,BirdNET_GLOBAL_6K_V2.4_Model_FP32.tflite,243B1F02648873F9_20260412_031500_chunk_007.wav,4200,300,303
4506,4509,Turdus viscivorus,Mistle Thrush,0.4003,243B1F02648873F9_20260412_031500.WAV,14,0.0,1.0,0.25,BirdNET_GLOBAL_6K_V2.4_Model_FP32.tflite,243B1F02648873F9_20260412_031500_chunk_007.wav,4200,306,309
4509,4512,Turdus merula,Eurasian Blackbird,0.2842,243B1F02648873F9_20260412_031500.WAV,14,0.0,1.0,0.25,BirdNET_GLOBAL_6K_V2.4_Model_FP32.tflite,243B1F02648873F9_20260412_031500_chunk_007.wav,4200,309,312
4515,4518,Turdus merula,Eurasian Blackbird,0.3389,243B1F02648873F9_20260412_031500.WAV,14,0.0,1.0,0.25,BirdNET_GLOBAL_6K_V2.4_Model_FP32.tflite,243B1F02648873F9_20260412_031500_chunk_007.wav,4200,315,318
4518,4521,Turdus merula,Eurasian Blackbird,0.6072,243B1F02648873F9_20260412_031500.WAV,14,0.0,1.0,0.25,BirdNET_GLOBAL_6K_V2.4_Model_FP32.tflite,243B1F02648873F9_20260412_031500_chunk_007.wav,4200,318,321
4521,4524,Turdus merula,Eurasian Blackbird,0.3280,243B1F02648873F9_20260412_031500.WAV,14,0.0,1.0,0.25,BirdNET_GLOBAL_6K_V2.4_Model_FP32.tflite,243B1F02648873F9_20260412_031500_chunk_007.wav,4200,321,324
4527,4530,Turdus merula,Eurasian Blackbird,0.7548,243B1F02648873F9_20260412_031500.WAV,14,0.0,1.0,0.25,BirdNET_GLOBAL_6K_V2.4_Model_FP32.tflite,243B1F02648873F9_20260412_031500_chunk_007.wav,4200,327,330
4536,4539,Turdus merula,Eurasian Blackbird,0.3692,243B1F02648873F9_20260412_031500.WAV,14,0.0,1.0,0.25,BirdNET_GLOBAL_6K_V2.4_Model_FP32.tflite,243B1F02648873F9_20260412_031500_chunk_007.wav,4200,336,339
4539,4542,Turdus merula,Eurasian Blackbird,0.3305,243B1F02648873F9_20260412_031500.WAV,14,0.0,1.0,0.25,BirdNET_GLOBAL_6K_V2.4_Model_FP32.tflite,243B1F02648873F9_20260412_031500_chunk_007.wav,4200,339,342
4542,4545,Turdus merula,Eurasian Blackbird,0.7573,243B1F02648873F9_20260412_031500.WAV,14,0.0,1.0,0.25,BirdNET_GLOBAL_6K_V2.4_Model_FP32.tflite,243B1F02648873F9_20260412_031500_chunk_007.wav,4200,342,345
4545,4548,Turdus merula,Eurasian Blackbird,0.2959,243B1F02648873F9_20260412_031500.WAV,14,0.0,1.0,0.25,BirdNET_GLOBAL_6K_V2.4_Model_FP32.tflite,243B1F02648873F9_20260412_031500_chunk_007.wav,4200,345,348
4554,4557,Turdus merula,Eurasian Blackbird,0.2697,243B1F02648873F9_20260412_031500.WAV,14,0.0,1.0,0.25,BirdNET_GLOBAL_6K_V2.4_Model_FP32.tflite,243B1F02648873F9_20260412_031500_chunk_007.wav,4200,354,357
4560,4563,Turdus merula,Eurasian Blackbird,0.5163,243B1F02648873F9_20260412_031500.WAV,14,0.0,1.0,0.25,BirdNET_GLOBAL_6K_V2.4_Model_FP32.tflite,243B1F02648873F9_20260412_031500_chunk_007.wav,4200,360,363
4569,4572,Turdus merula,Eurasian Blackbird,0.3960,243B1F02648873F9_20260412_031500.WAV,14,0.0,1.0,0.25,BirdNET_GLOBAL_6K_V2.4_Model_FP32.tflite,243B1F02648873F9_20260412_031500_chunk_007.wav,4200,369,372
4572,4575,Turdus merula,Eurasian Blackbird,0.7263,243B1F02648873F9_20260412_031500.WAV,14,0.0,1.0,0.25,BirdNET_GLOBAL_6K_V2.4_Model_FP32.tflite,243B1F02648873F9_20260412_031500_chunk_007.wav,4200,372,375
4575,4578,Turdus merula,Eurasian Blackbird,0.3234,243B1F02648873F9_20260412_031500.WAV,14,0.0,1.0,0.25,BirdNET_GLOBAL_6K_V2.4_Model_FP32.tflite,243B1F02648873F9_20260412_031500_chunk_007.wav,4200,375,378
4578,4581,Troglodytes troglodytes,Eurasian Wren,0.4282,243B1F02648873F9_20260412_031500.WAV,14,0.0,1.0,0.25,BirdNET_GLOBAL_6K_V2.4_Model_FP32.tflite,243B1F02648873F9_20260412_031500_chunk_007.wav,4200,378,381
4581,4584,Troglodytes troglodytes,Eurasian Wren,0.3638,243B1F02648873F9_20260412_031500.WAV,14,0.0,1.0,0.25,BirdNET_GLOBAL_6K_V2.4_Model_FP32.tflite,243B1F02648873F9_20260412_031500_chunk_007.wav,4200,381,384
4587,4590,Turdus merula,Eurasian Blackbird,0.2623,243B1F02648873F9_20260412_031500.WAV,14,0.0,1.0,0.25,BirdNET_GLOBAL_6K_V2.4_Model_FP32.tflite,243B1F02648873F9_20260412_031500_chunk_007.wav,4200,387,390
4602,4605,Troglodytes troglodytes,Eurasian Wren,0.3203,243B1F02648873F9_20260412_031500.WAV,14,0.0,1.0,0.25,BirdNET_GLOBAL_6K_V2.4_Model_FP32.tflite,243B1F02648873F9_20260412_031500_chunk_007.wav,4200,402,405
4605,4608,Troglodytes troglodytes,Eurasian Wren,0.4896,243B1F02648873F9_20260412_031500.WAV,14,0.0,1.0,0.25,BirdNET_GLOBAL_6K_V2.4_Model_FP32.tflite,243B1F02648873F9_20260412_031500_chunk_007.wav,4200,405,408
4608,4611,Erithacus rubecula,European Robin,0.2907,243B1F02648873F9_20260412_031500.WAV,14,0.0,1.0,0.25,BirdNET_GLOBAL_6K_V2.4_Model_FP32.tflite,243B1F02648873F9_20260412_031500_chunk_007.wav,4200,408,411
4614,4617,Troglodytes troglodytes,Eurasian Wren,0.2640,243B1F02648873F9_20260412_031500.WAV,14,0.0,1.0,0.25,BirdNET_GLOBAL_6K_V2.4_Model_FP32.tflite,243B1F02648873F9_20260412_031500_chunk_007.wav,4200,414,417
4617,4620,Troglodytes troglodytes,Eurasian Wren,0.4601,243B1F02648873F9_20260412_031500.WAV,14,0.0,1.0,0.25,BirdNET_GLOBAL_6K_V2.4_Model_FP32.tflite,243B1F02648873F9_20260412_031500_chunk_007.wav,4200,417,420
4620,4623,Troglodytes troglodytes,Eurasian Wren,0.7438,243B1F02648873F9_20260412_031500.WAV,14,0.0,1.0,0.25,BirdNET_GLOBAL_6K_V2.4_Model_FP32.tflite,243B1F02648873F9_20260412_031500_chunk_007.wav,4200,420,423
4623,4626,Erithacus rubecula,European Robin,0.3271,243B1F02648873F9_20260412_031500.WAV,14,0.0,1.0,0.25,BirdNET_GLOBAL_6K_V2.4_Model_FP32.tflite,243B1F02648873F9_20260412_031500_chunk_007.wav,4200,423,426
4629,4632,Erithacus rubecula,European Robin,0.5839,243B1F02648873F9_20260412_031500.WAV,14,0.0,1.0,0.25,BirdNET_GLOBAL_6K_V2.4_Model_FP32.tflite,243B1F02648873F9_20260412_031500_chunk_007.wav,4200,429,432
4632,4635,Erithacus rubecula,European Robin,0.8609,243B1F02648873F9_20260412_031500.WAV,14,0.0,1.0,0.25,BirdNET_GLOBAL_6K_V2.4_Model_FP32.tflite,243B1F02648873F9_20260412_031500_chunk_007.wav,4200,432,435
4635,4638,Erithacus rubecula,European Robin,0.5607,243B1F02648873F9_20260412_031500.WAV,14,0.0,1.0,0.25,BirdNET_GLOBAL_6K_V2.4_Model_FP32.tflite,243B1F02648873F9_20260412_031500_chunk_007.wav,4200,435,438
4638,4641,Erithacus rubecula,European Robin,0.8203,243B1F02648873F9_20260412_031500.WAV,14,0.0,1.0,0.25,BirdNET_GLOBAL_6K_V2.4_Model_FP32.tflite,243B1F02648873F9_20260412_031500_chunk_007.wav,4200,438,441
4647,4650,Troglodytes troglodytes,Eurasian Wren,0.3355,243B1F02648873F9_20260412_031500.WAV,14,0.0,1.0,0.25,BirdNET_GLOBAL_6K_V2.4_Model_FP32.tflite,243B1F02648873F9_20260412_031500_chunk_007.wav,4200,447,450
4650,4653,Troglodytes troglodytes,Eurasian Wren,0.3933,243B1F02648873F9_20260412_031500.WAV,14,0.0,1.0,0.25,BirdNET_GLOBAL_6K_V2.4_Model_FP32.tflite,243B1F02648873F9_20260412_031500_chunk_007.wav,4200,450,453
4659,4662,Turdus merula,Eurasian Blackbird,0.7496,243B1F02648873F9_20260412_031500.WAV,14,0.0,1.0,0.25,BirdNET_GLOBAL_6K_V2.4_Model_FP32.tflite,243B1F02648873F9_20260412_031500_chunk_007.wav,4200,459,462
4662,4665,Troglodytes troglodytes,Eurasian Wren,0.7304,243B1F02648873F9_20260412_031500.WAV,14,0.0,1.0,0.25,BirdNET_GLOBAL_6K_V2.4_Model_FP32.tflite,243B1F02648873F9_20260412_031500_chunk_007.wav,4200,462,465
4671,4674,Troglodytes troglodytes,Eurasian Wren,0.4698,243B1F02648873F9_20260412_031500.WAV,14,0.0,1.0,0.25,BirdNET_GLOBAL_6K_V2.4_Model_FP32.tflite,243B1F02648873F9_20260412_031500_chunk_007.wav,4200,471,474
4674,4677,Troglodytes troglodytes,Eurasian Wren,0.5677,243B1F02648873F9_20260412_031500.WAV,14,0.0,1.0,0.25,BirdNET_GLOBAL_6K_V2.4_Model_FP32.tflite,243B1F02648873F9_20260412_031500_chunk_007.wav,4200,474,477
4683,4686,Turdus merula,Eurasian Blackbird,0.3776,243B1F02648873F9_20260412_031500.WAV,14,0.0,1.0,0.25,BirdNET_GLOBAL_6K_V2.4_Model_FP32.tflite,243B1F02648873F9_20260412_031500_chunk_007.wav,4200,483,486
4683,4686,Certhia familiaris,Eurasian Treecreeper,0.3042,243B1F02648873F9_20260412_031500.WAV,14,0.0,1.0,0.25,BirdNET_GLOBAL_6K_V2.4_Model_FP32.tflite,243B1F02648873F9_20260412_031500_chunk_007.wav,4200,483,486
4692,4695,Troglodytes troglodytes,Eurasian Wren,0.6127,243B1F02648873F9_20260412_031500.WAV,14,0.0,1.0,0.25,BirdNET_GLOBAL_6K_V2.4_Model_FP32.tflite,243B1F02648873F9_20260412_031500_chunk_007.wav,4200,492,495
4695,4698,Troglodytes troglodytes,Eurasian Wren,0.2909,243B1F02648873F9_20260412_031500.WAV,14,0.0,1.0,0.25,BirdNET_GLOBAL_6K_V2.4_Model_FP32.tflite,243B1F02648873F9_20260412_031500_chunk_007.wav,4200,495,498
4695,4698,Certhia familiaris,Eurasian Treecreeper,0.2594,243B1F02648873F9_20260412_031500.WAV,14,0.0,1.0,0.25,BirdNET_GLOBAL_6K_V2.4_Model_FP32.tflite,243B1F02648873F9_20260412_031500_chunk_007.wav,4200,495,498
4698,4701,Certhia familiaris,Eurasian Treecreeper,0.6307,243B1F02648873F9_20260412_031500.WAV,14,0.0,1.0,0.25,BirdNET_GLOBAL_6K_V2.4_Model_FP32.tflite,243B1F02648873F9_20260412_031500_chunk_007.wav,4200,498,501
4701,4704,Turdus merula,Eurasian Blackbird,0.7512,243B1F02648873F9_20260412_031500.WAV,14,0.0,1.0,0.25,BirdNET_GLOBAL_6K_V2.4_Model_FP32.tflite,243B1F02648873F9_20260412_031500_chunk_007.wav,4200,501,504
4710,4713,Troglodytes troglodytes,Eurasian Wren,0.3561,243B1F02648873F9_20260412_031500.WAV,14,0.0,1.0,0.25,BirdNET_GLOBAL_6K_V2.4_Model_FP32.tflite,243B1F02648873F9_20260412_031500_chunk_007.wav,4200,510,513
4713,4716,Troglodytes troglodytes,Eurasian Wren,0.6050,243B1F02648873F9_20260412_031500.WAV,14,0.0,1.0,0.25,BirdNET_GLOBAL_6K_V2.4_Model_FP32.tflite,243B1F02648873F9_20260412_031500_chunk_007.wav,4200,513,516
4719,4722,Turdus merula,Eurasian Blackbird,0.3504,243B1F02648873F9_20260412_031500.WAV,14,0.0,1.0,0.25,BirdNET_GLOBAL_6K_V2.4_Model_FP32.tflite,243B1F02648873F9_20260412_031500_chunk_007.wav,4200,519,522
4725,4728,Turdus merula,Eurasian Blackbird,0.6233,243B1F02648873F9_20260412_031500.WAV,14,0.0,1.0,0.25,BirdNET_GLOBAL_6K_V2.4_Model_FP32.tflite,243B1F02648873F9_20260412_031500_chunk_007.wav,4200,525,528
4737,4740,Certhia familiaris,Eurasian Treecreeper,0.3023,243B1F02648873F9_20260412_031500.WAV,14,0.0,1.0,0.25,BirdNET_GLOBAL_6K_V2.4_Model_FP32.tflite,243B1F02648873F9_20260412_031500_chunk_007.wav,4200,537,540
4749,4752,Erithacus rubecula,European Robin,0.2559,243B1F02648873F9_20260412_031500.WAV,14,0.0,1.0,0.25,BirdNET_GLOBAL_6K_V2.4_Model_FP32.tflite,243B1F02648873F9_20260412_031500_chunk_007.wav,4200,549,552
4758,4761,Erithacus rubecula,European Robin,0.8363,243B1F02648873F9_20260412_031500.WAV,14,0.0,1.0,0.25,BirdNET_GLOBAL_6K_V2.4_Model_FP32.tflite,243B1F02648873F9_20260412_031500_chunk_007.wav,4200,558,561
4761,4764,Turdus merula,Eurasian Blackbird,0.3292,243B1F02648873F9_20260412_031500.WAV,14,0.0,1.0,0.25,BirdNET_GLOBAL_6K_V2.4_Model_FP32.tflite,243B1F02648873F9_20260412_031500_chunk_007.wav,4200,561,564
4764,4767,Turdus merula,Eurasian Blackbird,0.4427,243B1F02648873F9_20260412_031500.WAV,14,0.0,1.0,0.25,BirdNET_GLOBAL_6K_V2.4_Model_FP32.tflite,243B1F02648873F9_20260412_031500_chunk_007.wav,4200,564,567
4767,4770,Turdus merula,Eurasian Blackbird,0.4810,243B1F02648873F9_20260412_031500.WAV,14,0.0,1.0,0.25,BirdNET_GLOBAL_6K_V2.4_Model_FP32.tflite,243B1F02648873F9_20260412_031500_chunk_007.wav,4200,567,570
4767,4770,Erithacus rubecula,European Robin,0.3990,243B1F02648873F9_20260412_031500.WAV,14,0.0,1.0,0.25,BirdNET_GLOBAL_6K_V2.4_Model_FP32.tflite,243B1F02648873F9_20260412_031500_chunk_007.wav,4200,567,570
4773,4776,Turdus merula,Eurasian Blackbird,0.4363,243B1F02648873F9_20260412_031500.WAV,14,0.0,1.0,0.25,BirdNET_GLOBAL_6K_V2.4_Model_FP32.tflite,243B1F02648873F9_20260412_031500_chunk_007.wav,4200,573,576
4779,4782,Buteo buteo,Common Buzzard,0.7859,243B1F02648873F9_20260412_031500.WAV,14,0.0,1.0,0.25,BirdNET_GLOBAL_6K_V2.4_Model_FP32.tflite,243B1F02648873F9_20260412_031500_chunk_007.wav,4200,579,582
4782,4785,Turdus merula,Eurasian Blackbird,0.6393,243B1F02648873F9_20260412_031500.WAV,14,0.0,1.0,0.25,BirdNET_GLOBAL_6K_V2.4_Model_FP32.tflite,243B1F02648873F9_20260412_031500_chunk_007.wav,4200,582,585
4788,4791,Erithacus rubecula,European Robin,0.5016,243B1F02648873F9_20260412_031500.WAV,14,0.0,1.0,0.25,BirdNET_GLOBAL_6K_V2.4_Model_FP32.tflite,243B1F02648873F9_20260412_031500_chunk_007.wav,4200,588,591
4794,4797,Turdus merula,Eurasian Blackbird,0.2605,243B1F02648873F9_20260412_031500.WAV,14,0.0,1.0,0.25,BirdNET_GLOBAL_6K_V2.4_Model_FP32.tflite,243B1F02648873F9_20260412_031500_chunk_007.wav,4200,594,597
4803,4806,Turdus merula,Eurasian Blackbird,0.3027,243B1F02648873F9_20260412_031500.WAV,14,0.0,1.0,0.25,BirdNET_GLOBAL_6K_V2.4_Model_FP32.tflite,243B1F02648873F9_20260412_031500_chunk_008.wav,4800,3,6
4827,4830,Turdus merula,Eurasian Blackbird,0.3671,243B1F02648873F9_20260412_031500.WAV,14,0.0,1.0,0.25,BirdNET_GLOBAL_6K_V2.4_Model_FP32.tflite,243B1F02648873F9_20260412_031500_chunk_008.wav,4800,27,30
4830,4833,Turdus merula,Eurasian Blackbird,0.5252,243B1F02648873F9_20260412_031500.WAV,14,0.0,1.0,0.25,BirdNET_GLOBAL_6K_V2.4_Model_FP32.tflite,243B1F02648873F9_20260412_031500_chunk_008.wav,4800,30,33
4842,4845,Turdus merula,Eurasian Blackbird,0.5251,243B1F02648873F9_20260412_031500.WAV,14,0.0,1.0,0.25,BirdNET_GLOBAL_6K_V2.4_Model_FP32.tflite,243B1F02648873F9_20260412_031500_chunk_008.wav,4800,42,45
4848,4851,Turdus merula,Eurasian Blackbird,0.5311,243B1F02648873F9_20260412_031500.WAV,14,0.0,1.0,0.25,BirdNET_GLOBAL_6K_V2.4_Model_FP32.tflite,243B1F02648873F9_20260412_031500_chunk_008.wav,4800,48,51
4854,4857,Turdus merula,Eurasian Blackbird,0.5597,243B1F02648873F9_20260412_031500.WAV,14,0.0,1.0,0.25,BirdNET_GLOBAL_6K_V2.4_Model_FP32.tflite,243B1F02648873F9_20260412_031500_chunk_008.wav,4800,54,57
4857,4860,Turdus merula,Eurasian Blackbird,0.6268,243B1F02648873F9_20260412_031500.WAV,14,0.0,1.0,0.25,BirdNET_GLOBAL_6K_V2.4_Model_FP32.tflite,243B1F02648873F9_20260412_031500_chunk_008.wav,4800,57,60
4863,4866,Turdus merula,Eurasian Blackbird,0.2630,243B1F02648873F9_20260412_031500.WAV,14,0.0,1.0,0.25,BirdNET_GLOBAL_6K_V2.4_Model_FP32.tflite,243B1F02648873F9_20260412_031500_chunk_008.wav,4800,63,66
4869,4872,Turdus merula,Eurasian Blackbird,0.6256,243B1F02648873F9_20260412_031500.WAV,14,0.0,1.0,0.25,BirdNET_GLOBAL_6K_V2.4_Model_FP32.tflite,243B1F02648873F9_20260412_031500_chunk_008.wav,4800,69,72
4884,4887,Turdus merula,Eurasian Blackbird,0.2539,243B1F02648873F9_20260412_031500.WAV,14,0.0,1.0,0.25,BirdNET_GLOBAL_6K_V2.4_Model_FP32.tflite,243B1F02648873F9_20260412_031500_chunk_008.wav,4800,84,87
4887,4890,Turdus merula,Eurasian Blackbird,0.4337,243B1F02648873F9_20260412_031500.WAV,14,0.0,1.0,0.25,BirdNET_GLOBAL_6K_V2.4_Model_FP32.tflite,243B1F02648873F9_20260412_031500_chunk_008.wav,4800,87,90
4896,4899,Turdus merula,Eurasian Blackbird,0.3209,243B1F02648873F9_20260412_031500.WAV,14,0.0,1.0,0.25,BirdNET_GLOBAL_6K_V2.4_Model_FP32.tflite,243B1F02648873F9_20260412_031500_chunk_008.wav,4800,96,99
4902,4905,Turdus merula,Eurasian Blackbird,0.7385,243B1F02648873F9_20260412_031500.WAV,14,0.0,1.0,0.25,BirdNET_GLOBAL_6K_V2.4_Model_FP32.tflite,243B1F02648873F9_20260412_031500_chunk_008.wav,4800,102,105
4905,4908,Rallus aquaticus,Water Rail,0.3452,243B1F02648873F9_20260412_031500.WAV,14,0.0,1.0,0.25,BirdNET_GLOBAL_6K_V2.4_Model_FP32.tflite,243B1F02648873F9_20260412_031500_chunk_008.wav,4800,105,108
4914,4917,Turdus merula,Eurasian Blackbird,0.4341,243B1F02648873F9_20260412_031500.WAV,14,0.0,1.0,0.25,BirdNET_GLOBAL_6K_V2.4_Model_FP32.tflite,243B1F02648873F9_20260412_031500_chunk_008.wav,4800,114,117
4917,4920,Turdus merula,Eurasian Blackbird,0.4236,243B1F02648873F9_20260412_031500.WAV,14,0.0,1.0,0.25,BirdNET_GLOBAL_6K_V2.4_Model_FP32.tflite,243B1F02648873F9_20260412_031500_chunk_008.wav,4800,117,120
4920,4923,Turdus merula,Eurasian Blackbird,0.6543,243B1F02648873F9_20260412_031500.WAV,14,0.0,1.0,0.25,BirdNET_GLOBAL_6K_V2.4_Model_FP32.tflite,243B1F02648873F9_20260412_031500_chunk_008.wav,4800,120,123
4926,4929,Troglodytes troglodytes,Eurasian Wren,0.7127,243B1F02648873F9_20260412_031500.WAV,14,0.0,1.0,0.25,BirdNET_GLOBAL_6K_V2.4_Model_FP32.tflite,243B1F02648873F9_20260412_031500_chunk_008.wav,4800,126,129
4929,4932,Troglodytes troglodytes,Eurasian Wren,0.8264,243B1F02648873F9_20260412_031500.WAV,14,0.0,1.0,0.25,BirdNET_GLOBAL_6K_V2.4_Model_FP32.tflite,243B1F02648873F9_20260412_031500_chunk_008.wav,4800,129,132
4932,4935,Troglodytes troglodytes,Eurasian Wren,0.9714,243B1F02648873F9_20260412_031500.WAV,14,0.0,1.0,0.25,BirdNET_GLOBAL_6K_V2.4_Model_FP32.tflite,243B1F02648873F9_20260412_031500_chunk_008.wav,4800,132,135
4935,4938,Troglodytes troglodytes,Eurasian Wren,0.6846,243B1F02648873F9_20260412_031500.WAV,14,0.0,1.0,0.25,BirdNET_GLOBAL_6K_V2.4_Model_FP32.tflite,243B1F02648873F9_20260412_031500_chunk_008.wav,4800,135,138
4938,4941,Turdus merula,Eurasian Blackbird,0.4869,243B1F02648873F9_20260412_031500.WAV,14,0.0,1.0,0.25,BirdNET_GLOBAL_6K_V2.4_Model_FP32.tflite,243B1F02648873F9_20260412_031500_chunk_008.wav,4800,138,141
4941,4944,Turdus merula,Eurasian Blackbird,0.6040,243B1F02648873F9_20260412_031500.WAV,14,0.0,1.0,0.25,BirdNET_GLOBAL_6K_V2.4_Model_FP32.tflite,243B1F02648873F9_20260412_031500_chunk_008.wav,4800,141,144
4950,4953,Turdus merula,Eurasian Blackbird,0.2643,243B1F02648873F9_20260412_031500.WAV,14,0.0,1.0,0.25,BirdNET_GLOBAL_6K_V2.4_Model_FP32.tflite,243B1F02648873F9_20260412_031500_chunk_008.wav,4800,150,153
4956,4959,Turdus merula,Eurasian Blackbird,0.3174,243B1F02648873F9_20260412_031500.WAV,14,0.0,1.0,0.25,BirdNET_GLOBAL_6K_V2.4_Model_FP32.tflite,243B1F02648873F9_20260412_031500_chunk_008.wav,4800,156,159
4959,4962,Turdus merula,Eurasian Blackbird,0.7429,243B1F02648873F9_20260412_031500.WAV,14,0.0,1.0,0.25,BirdNET_GLOBAL_6K_V2.4_Model_FP32.tflite,243B1F02648873F9_20260412_031500_chunk_008.wav,4800,159,162
4962,4965,Turdus merula,Eurasian Blackbird,0.3311,243B1F02648873F9_20260412_031500.WAV,14,0.0,1.0,0.25,BirdNET_GLOBAL_6K_V2.4_Model_FP32.tflite,243B1F02648873F9_20260412_031500_chunk_008.wav,4800,162,165
4965,4968,Turdus merula,Eurasian Blackbird,0.3769,243B1F02648873F9_20260412_031500.WAV,14,0.0,1.0,0.25,BirdNET_GLOBAL_6K_V2.4_Model_FP32.tflite,243B1F02648873F9_20260412_031500_chunk_008.wav,4800,165,168
4968,4971,Turdus merula,Eurasian Blackbird,0.4401,243B1F02648873F9_20260412_031500.WAV,14,0.0,1.0,0.25,BirdNET_GLOBAL_6K_V2.4_Model_FP32.tflite,243B1F02648873F9_20260412_031500_chunk_008.wav,4800,168,171
4971,4974,Turdus merula,Eurasian Blackbird,0.2554,243B1F02648873F9_20260412_031500.WAV,14,0.0,1.0,0.25,BirdNET_GLOBAL_6K_V2.4_Model_FP32.tflite,243B1F02648873F9_20260412_031500_chunk_008.wav,4800,171,174
4977,4980,Turdus merula,Eurasian Blackbird,0.5507,243B1F02648873F9_20260412_031500.WAV,14,0.0,1.0,0.25,BirdNET_GLOBAL_6K_V2.4_Model_FP32.tflite,243B1F02648873F9_20260412_031500_chunk_008.wav,4800,177,180
4980,4983,Turdus merula,Eurasian Blackbird,0.5361,243B1F02648873F9_20260412_031500.WAV,14,0.0,1.0,0.25,BirdNET_GLOBAL_6K_V2.4_Model_FP32.tflite,243B1F02648873F9_20260412_031500_chunk_008.wav,4800,180,183
4992,4995,Turdus merula,Eurasian Blackbird,0.2553,243B1F02648873F9_20260412_031500.WAV,14,0.0,1.0,0.25,BirdNET_GLOBAL_6K_V2.4_Model_FP32.tflite,243B1F02648873F9_20260412_031500_chunk_008.wav,4800,192,195
5001,5004,Larus argentatus,Herring Gull,0.5578,243B1F02648873F9_20260412_031500.WAV,14,0.0,1.0,0.25,BirdNET_GLOBAL_6K_V2.4_Model_FP32.tflite,243B1F02648873F9_20260412_031500_chunk_008.wav,4800,201,204
5004,5007,Larus argentatus,Herring Gull,0.6357,243B1F02648873F9_20260412_031500.WAV,14,0.0,1.0,0.25,BirdNET_GLOBAL_6K_V2.4_Model_FP32.tflite,243B1F02648873F9_20260412_031500_chunk_008.wav,4800,204,207
5007,5010,Larus argentatus,Herring Gull,0.8987,243B1F02648873F9_20260412_031500.WAV,14,0.0,1.0,0.25,BirdNET_GLOBAL_6K_V2.4_Model_FP32.tflite,243B1F02648873F9_20260412_031500_chunk_008.wav,4800,207,210
5010,5013,Larus argentatus,Herring Gull,0.9437,243B1F02648873F9_20260412_031500.WAV,14,0.0,1.0,0.25,BirdNET_GLOBAL_6K_V2.4_Model_FP32.tflite,243B1F02648873F9_20260412_031500_chunk_008.wav,4800,210,213
5013,5016,Larus argentatus,Herring Gull,0.8375,243B1F02648873F9_20260412_031500.WAV,14,0.0,1.0,0.25,BirdNET_GLOBAL_6K_V2.4_Model_FP32.tflite,243B1F02648873F9_20260412_031500_chunk_008.wav,4800,213,216
5016,5019,Larus argentatus,Herring Gull,0.7756,243B1F02648873F9_20260412_031500.WAV,14,0.0,1.0,0.25,BirdNET_GLOBAL_6K_V2.4_Model_FP32.tflite,243B1F02648873F9_20260412_031500_chunk_008.wav,4800,216,219
5019,5022,Larus argentatus,Herring Gull,0.8841,243B1F02648873F9_20260412_031500.WAV,14,0.0,1.0,0.25,BirdNET_GLOBAL_6K_V2.4_Model_FP32.tflite,243B1F02648873F9_20260412_031500_chunk_008.wav,4800,219,222
5022,5025,Larus argentatus,Herring Gull,0.6777,243B1F02648873F9_20260412_031500.WAV,14,0.0,1.0,0.25,BirdNET_GLOBAL_6K_V2.4_Model_FP32.tflite,243B1F02648873F9_20260412_031500_chunk_008.wav,4800,222,225
5025,5028,Larus argentatus,Herring Gull,0.4317,243B1F02648873F9_20260412_031500.WAV,14,0.0,1.0,0.25,BirdNET_GLOBAL_6K_V2.4_Model_FP32.tflite,243B1F02648873F9_20260412_031500_chunk_008.wav,4800,225,228
5028,5031,Larus argentatus,Herring Gull,0.5077,243B1F02648873F9_20260412_031500.WAV,14,0.0,1.0,0.25,BirdNET_GLOBAL_6K_V2.4_Model_FP32.tflite,243B1F02648873F9_20260412_031500_chunk_008.wav,4800,228,231
5031,5034,Larus argentatus,Herring Gull,0.4245,243B1F02648873F9_20260412_031500.WAV,14,0.0,1.0,0.25,BirdNET_GLOBAL_6K_V2.4_Model_FP32.tflite,243B1F02648873F9_20260412_031500_chunk_008.wav,4800,231,234
5046,5049,Turdus merula,Eurasian Blackbird,0.4337,243B1F02648873F9_20260412_031500.WAV,14,0.0,1.0,0.25,BirdNET_GLOBAL_6K_V2.4_Model_FP32.tflite,243B1F02648873F9_20260412_031500_chunk_008.wav,4800,246,249
5049,5052,Turdus merula,Eurasian Blackbird,0.4057,243B1F02648873F9_20260412_031500.WAV,14,0.0,1.0,0.25,BirdNET_GLOBAL_6K_V2.4_Model_FP32.tflite,243B1F02648873F9_20260412_031500_chunk_008.wav,4800,249,252
5052,5055,Turdus merula,Eurasian Blackbird,0.3388,243B1F02648873F9_20260412_031500.WAV,14,0.0,1.0,0.25,BirdNET_GLOBAL_6K_V2.4_Model_FP32.tflite,243B1F02648873F9_20260412_031500_chunk_008.wav,4800,252,255
5055,5058,Turdus merula,Eurasian Blackbird,0.3077,243B1F02648873F9_20260412_031500.WAV,14,0.0,1.0,0.25,BirdNET_GLOBAL_6K_V2.4_Model_FP32.tflite,243B1F02648873F9_20260412_031500_chunk_008.wav,4800,255,258
5061,5064,Turdus merula,Eurasian Blackbird,0.5580,243B1F02648873F9_20260412_031500.WAV,14,0.0,1.0,0.25,BirdNET_GLOBAL_6K_V2.4_Model_FP32.tflite,243B1F02648873F9_20260412_031500_chunk_008.wav,4800,261,264
5064,5067,Turdus merula,Eurasian Blackbird,0.3050,243B1F02648873F9_20260412_031500.WAV,14,0.0,1.0,0.25,BirdNET_GLOBAL_6K_V2.4_Model_FP32.tflite,243B1F02648873F9_20260412_031500_chunk_008.wav,4800,264,267
5073,5076,Turdus merula,Eurasian Blackbird,0.4058,243B1F02648873F9_20260412_031500.WAV,14,0.0,1.0,0.25,BirdNET_GLOBAL_6K_V2.4_Model_FP32.tflite,243B1F02648873F9_20260412_031500_chunk_008.wav,4800,273,276
5076,5079,Turdus merula,Eurasian Blackbird,0.3761,243B1F02648873F9_20260412_031500.WAV,14,0.0,1.0,0.25,BirdNET_GLOBAL_6K_V2.4_Model_FP32.tflite,243B1F02648873F9_20260412_031500_chunk_008.wav,4800,276,279
5088,5091,Turdus merula,Eurasian Blackbird,0.2616,243B1F02648873F9_20260412_031500.WAV,14,0.0,1.0,0.25,BirdNET_GLOBAL_6K_V2.4_Model_FP32.tflite,243B1F02648873F9_20260412_031500_chunk_008.wav,4800,288,291
5091,5094,Turdus merula,Eurasian Blackbird,0.5001,243B1F02648873F9_20260412_031500.WAV,14,0.0,1.0,0.25,BirdNET_GLOBAL_6K_V2.4_Model_FP32.tflite,243B1F02648873F9_20260412_031500_chunk_008.wav,4800,291,294
5097,5100,Turdus merula,Eurasian Blackbird,0.5928,243B1F02648873F9_20260412_031500.WAV,14,0.0,1.0,0.25,BirdNET_GLOBAL_6K_V2.4_Model_FP32.tflite,243B1F02648873F9_20260412_031500_chunk_008.wav,4800,297,300
5097,5100,Cyanistes caeruleus,Eurasian Blue Tit,0.4351,243B1F02648873F9_20260412_031500.WAV,14,0.0,1.0,0.25,BirdNET_GLOBAL_6K_V2.4_Model_FP32.tflite,243B1F02648873F9_20260412_031500_chunk_008.wav,4800,297,300
5097,5100,Erithacus rubecula,European Robin,0.3746,243B1F02648873F9_20260412_031500.WAV,14,0.0,1.0,0.25,BirdNET_GLOBAL_6K_V2.4_Model_FP32.tflite,243B1F02648873F9_20260412_031500_chunk_008.wav,4800,297,300
5100,5103,Cyanistes caeruleus,Eurasian Blue Tit,0.4362,243B1F02648873F9_20260412_031500.WAV,14,0.0,1.0,0.25,BirdNET_GLOBAL_6K_V2.4_Model_FP32.tflite,243B1F02648873F9_20260412_031500_chunk_008.wav,4800,300,303
5103,5106,Cyanistes caeruleus,Eurasian Blue Tit,0.4391,243B1F02648873F9_20260412_031500.WAV,14,0.0,1.0,0.25,BirdNET_GLOBAL_6K_V2.4_Model_FP32.tflite,243B1F02648873F9_20260412_031500_chunk_008.wav,4800,303,306
5109,5112,Turdus merula,Eurasian Blackbird,0.4531,243B1F02648873F9_20260412_031500.WAV,14,0.0,1.0,0.25,BirdNET_GLOBAL_6K_V2.4_Model_FP32.tflite,243B1F02648873F9_20260412_031500_chunk_008.wav,4800,309,312
5112,5115,Cyanistes caeruleus,Eurasian Blue Tit,0.5656,243B1F02648873F9_20260412_031500.WAV,14,0.0,1.0,0.25,BirdNET_GLOBAL_6K_V2.4_Model_FP32.tflite,243B1F02648873F9_20260412_031500_chunk_008.wav,4800,312,315
5118,5121,Cyanistes caeruleus,Eurasian Blue Tit,0.6071,243B1F02648873F9_20260412_031500.WAV,14,0.0,1.0,0.25,BirdNET_GLOBAL_6K_V2.4_Model_FP32.tflite,243B1F02648873F9_20260412_031500_chunk_008.wav,4800,318,321
5121,5124,Cyanistes caeruleus,Eurasian Blue Tit,0.5206,243B1F02648873F9_20260412_031500.WAV,14,0.0,1.0,0.25,BirdNET_GLOBAL_6K_V2.4_Model_FP32.tflite,243B1F02648873F9_20260412_031500_chunk_008.wav,4800,321,324
5121,5124,Turdus merula,Eurasian Blackbird,0.4316,243B1F02648873F9_20260412_031500.WAV,14,0.0,1.0,0.25,BirdNET_GLOBAL_6K_V2.4_Model_FP32.tflite,243B1F02648873F9_20260412_031500_chunk_008.wav,4800,321,324
5127,5130,Turdus merula,Eurasian Blackbird,0.5291,243B1F02648873F9_20260412_031500.WAV,14,0.0,1.0,0.25,BirdNET_GLOBAL_6K_V2.4_Model_FP32.tflite,243B1F02648873F9_20260412_031500_chunk_008.wav,4800,327,330
5127,5130,Cyanistes caeruleus,Eurasian Blue Tit,0.4083,243B1F02648873F9_20260412_031500.WAV,14,0.0,1.0,0.25,BirdNET_GLOBAL_6K_V2.4_Model_FP32.tflite,243B1F02648873F9_20260412_031500_chunk_008.wav,4800,327,330
5130,5133,Turdus merula,Eurasian Blackbird,0.7993,243B1F02648873F9_20260412_031500.WAV,14,0.0,1.0,0.25,BirdNET_GLOBAL_6K_V2.4_Model_FP32.tflite,243B1F02648873F9_20260412_031500_chunk_008.wav,4800,330,333
5136,5139,Turdus merula,Eurasian Blackbird,0.2908,243B1F02648873F9_20260412_031500.WAV,14,0.0,1.0,0.25,BirdNET_GLOBAL_6K_V2.4_Model_FP32.tflite,243B1F02648873F9_20260412_031500_chunk_008.wav,4800,336,339
5136,5139,Numenius arquata,Eurasian Curlew,0.2879,243B1F02648873F9_20260412_031500.WAV,14,0.0,1.0,0.25,BirdNET_GLOBAL_6K_V2.4_Model_FP32.tflite,243B1F02648873F9_20260412_031500_chunk_008.wav,4800,336,339
5139,5142,Turdus merula,Eurasian Blackbird,0.4507,243B1F02648873F9_20260412_031500.WAV,14,0.0,1.0,0.25,BirdNET_GLOBAL_6K_V2.4_Model_FP32.tflite,243B1F02648873F9_20260412_031500_chunk_008.wav,4800,339,342
5142,5145,Turdus merula,Eurasian Blackbird,0.3008,243B1F02648873F9_20260412_031500.WAV,14,0.0,1.0,0.25,BirdNET_GLOBAL_6K_V2.4_Model_FP32.tflite,243B1F02648873F9_20260412_031500_chunk_008.wav,4800,342,345
5148,5151,Turdus merula,Eurasian Blackbird,0.5129,243B1F02648873F9_20260412_031500.WAV,14,0.0,1.0,0.25,BirdNET_GLOBAL_6K_V2.4_Model_FP32.tflite,243B1F02648873F9_20260412_031500_chunk_008.wav,4800,348,351
5151,5154,Turdus merula,Eurasian Blackbird,0.4468,243B1F02648873F9_20260412_031500.WAV,14,0.0,1.0,0.25,BirdNET_GLOBAL_6K_V2.4_Model_FP32.tflite,243B1F02648873F9_20260412_031500_chunk_008.wav,4800,351,354
5154,5157,Turdus merula,Eurasian Blackbird,0.5639,243B1F02648873F9_20260412_031500.WAV,14,0.0,1.0,0.25,BirdNET_GLOBAL_6K_V2.4_Model_FP32.tflite,243B1F02648873F9_20260412_031500_chunk_008.wav,4800,354,357
5157,5160,Turdus merula,Eurasian Blackbird,0.2777,243B1F02648873F9_20260412_031500.WAV,14,0.0,1.0,0.25,BirdNET_GLOBAL_6K_V2.4_Model_FP32.tflite,243B1F02648873F9_20260412_031500_chunk_008.wav,4800,357,360
5166,5169,Turdus merula,Eurasian Blackbird,0.2745,243B1F02648873F9_20260412_031500.WAV,14,0.0,1.0,0.25,BirdNET_GLOBAL_6K_V2.4_Model_FP32.tflite,243B1F02648873F9_20260412_031500_chunk_008.wav,4800,366,369
5172,5175,Turdus merula,Eurasian Blackbird,0.3535,243B1F02648873F9_20260412_031500.WAV,14,0.0,1.0,0.25,BirdNET_GLOBAL_6K_V2.4_Model_FP32.tflite,243B1F02648873F9_20260412_031500_chunk_008.wav,4800,372,375
5178,5181,Turdus merula,Eurasian Blackbird,0.3732,243B1F02648873F9_20260412_031500.WAV,14,0.0,1.0,0.25,BirdNET_GLOBAL_6K_V2.4_Model_FP32.tflite,243B1F02648873F9_20260412_031500_chunk_008.wav,4800,378,381
5184,5187,Turdus merula,Eurasian Blackbird,0.6087,243B1F02648873F9_20260412_031500.WAV,14,0.0,1.0,0.25,BirdNET_GLOBAL_6K_V2.4_Model_FP32.tflite,243B1F02648873F9_20260412_031500_chunk_008.wav,4800,384,387
5187,5190,Turdus merula,Eurasian Blackbird,0.3716,243B1F02648873F9_20260412_031500.WAV,14,0.0,1.0,0.25,BirdNET_GLOBAL_6K_V2.4_Model_FP32.tflite,243B1F02648873F9_20260412_031500_chunk_008.wav,4800,387,390
5193,5196,Turdus merula,Eurasian Blackbird,0.4561,243B1F02648873F9_20260412_031500.WAV,14,0.0,1.0,0.25,BirdNET_GLOBAL_6K_V2.4_Model_FP32.tflite,243B1F02648873F9_20260412_031500_chunk_008.wav,4800,393,396
5199,5202,Turdus merula,Eurasian Blackbird,0.4407,243B1F02648873F9_20260412_031500.WAV,14,0.0,1.0,0.25,BirdNET_GLOBAL_6K_V2.4_Model_FP32.tflite,243B1F02648873F9_20260412_031500_chunk_008.wav,4800,399,402
5202,5205,Turdus merula,Eurasian Blackbird,0.5220,243B1F02648873F9_20260412_031500.WAV,14,0.0,1.0,0.25,BirdNET_GLOBAL_6K_V2.4_Model_FP32.tflite,243B1F02648873F9_20260412_031500_chunk_008.wav,4800,402,405
5205,5208,Picus viridis,Eurasian Green Woodpecker,0.2821,243B1F02648873F9_20260412_031500.WAV,14,0.0,1.0,0.25,BirdNET_GLOBAL_6K_V2.4_Model_FP32.tflite,243B1F02648873F9_20260412_031500_chunk_008.wav,4800,405,408
5211,5214,Turdus merula,Eurasian Blackbird,0.3412,243B1F02648873F9_20260412_031500.WAV,14,0.0,1.0,0.25,BirdNET_GLOBAL_6K_V2.4_Model_FP32.tflite,243B1F02648873F9_20260412_031500_chunk_008.wav,4800,411,414
5214,5217,Turdus merula,Eurasian Blackbird,0.4951,243B1F02648873F9_20260412_031500.WAV,14,0.0,1.0,0.25,BirdNET_GLOBAL_6K_V2.4_Model_FP32.tflite,243B1F02648873F9_20260412_031500_chunk_008.wav,4800,414,417
5220,5223,Turdus merula,Eurasian Blackbird,0.5010,243B1F02648873F9_20260412_031500.WAV,14,0.0,1.0,0.25,BirdNET_GLOBAL_6K_V2.4_Model_FP32.tflite,243B1F02648873F9_20260412_031500_chunk_008.wav,4800,420,423
5229,5232,Turdus merula,Eurasian Blackbird,0.3676,243B1F02648873F9_20260412_031500.WAV,14,0.0,1.0,0.25,BirdNET_GLOBAL_6K_V2.4_Model_FP32.tflite,243B1F02648873F9_20260412_031500_chunk_008.wav,4800,429,432
5232,5235,Turdus merula,Eurasian Blackbird,0.2834,243B1F02648873F9_20260412_031500.WAV,14,0.0,1.0,0.25,BirdNET_GLOBAL_6K_V2.4_Model_FP32.tflite,243B1F02648873F9_20260412_031500_chunk_008.wav,4800,432,435
5238,5241,Turdus merula,Eurasian Blackbird,0.6027,243B1F02648873F9_20260412_031500.WAV,14,0.0,1.0,0.25,BirdNET_GLOBAL_6K_V2.4_Model_FP32.tflite,243B1F02648873F9_20260412_031500_chunk_008.wav,4800,438,441
5241,5244,Turdus merula,Eurasian Blackbird,0.4000,243B1F02648873F9_20260412_031500.WAV,14,0.0,1.0,0.25,BirdNET_GLOBAL_6K_V2.4_Model_FP32.tflite,243B1F02648873F9_20260412_031500_chunk_008.wav,4800,441,444
5244,5247,Turdus merula,Eurasian Blackbird,0.7252,243B1F02648873F9_20260412_031500.WAV,14,0.0,1.0,0.25,BirdNET_GLOBAL_6K_V2.4_Model_FP32.tflite,243B1F02648873F9_20260412_031500_chunk_008.wav,4800,444,447
5253,5256,Turdus merula,Eurasian Blackbird,0.3744,243B1F02648873F9_20260412_031500.WAV,14,0.0,1.0,0.25,BirdNET_GLOBAL_6K_V2.4_Model_FP32.tflite,243B1F02648873F9_20260412_031500_chunk_008.wav,4800,453,456
5256,5259,Turdus merula,Eurasian Blackbird,0.2809,243B1F02648873F9_20260412_031500.WAV,14,0.0,1.0,0.25,BirdNET_GLOBAL_6K_V2.4_Model_FP32.tflite,243B1F02648873F9_20260412_031500_chunk_008.wav,4800,456,459
5259,5262,Turdus merula,Eurasian Blackbird,0.3120,243B1F02648873F9_20260412_031500.WAV,14,0.0,1.0,0.25,BirdNET_GLOBAL_6K_V2.4_Model_FP32.tflite,243B1F02648873F9_20260412_031500_chunk_008.wav,4800,459,462
5268,5271,Turdus merula,Eurasian Blackbird,0.5786,243B1F02648873F9_20260412_031500.WAV,14,0.0,1.0,0.25,BirdNET_GLOBAL_6K_V2.4_Model_FP32.tflite,243B1F02648873F9_20260412_031500_chunk_008.wav,4800,468,471
5271,5274,Turdus merula,Eurasian Blackbird,0.2760,243B1F02648873F9_20260412_031500.WAV,14,0.0,1.0,0.25,BirdNET_GLOBAL_6K_V2.4_Model_FP32.tflite,243B1F02648873F9_20260412_031500_chunk_008.wav,4800,471,474
5274,5277,Turdus merula,Eurasian Blackbird,0.5692,243B1F02648873F9_20260412_031500.WAV,14,0.0,1.0,0.25,BirdNET_GLOBAL_6K_V2.4_Model_FP32.tflite,243B1F02648873F9_20260412_031500_chunk_008.wav,4800,474,477
5277,5280,Turdus merula,Eurasian Blackbird,0.4813,243B1F02648873F9_20260412_031500.WAV,14,0.0,1.0,0.25,BirdNET_GLOBAL_6K_V2.4_Model_FP32.tflite,243B1F02648873F9_20260412_031500_chunk_008.wav,4800,477,480
5280,5283,Turdus merula,Eurasian Blackbird,0.5256,243B1F02648873F9_20260412_031500.WAV,14,0.0,1.0,0.25,BirdNET_GLOBAL_6K_V2.4_Model_FP32.tflite,243B1F02648873F9_20260412_031500_chunk_008.wav,4800,480,483
5283,5286,Turdus merula,Eurasian Blackbird,0.4257,243B1F02648873F9_20260412_031500.WAV,14,0.0,1.0,0.25,BirdNET_GLOBAL_6K_V2.4_Model_FP32.tflite,243B1F02648873F9_20260412_031500_chunk_008.wav,4800,483,486
5298,5301,Turdus merula,Eurasian Blackbird,0.4205,243B1F02648873F9_20260412_031500.WAV,14,0.0,1.0,0.25,BirdNET_GLOBAL_6K_V2.4_Model_FP32.tflite,243B1F02648873F9_20260412_031500_chunk_008.wav,4800,498,501
5301,5304,Turdus merula,Eurasian Blackbird,0.2626,243B1F02648873F9_20260412_031500.WAV,14,0.0,1.0,0.25,BirdNET_GLOBAL_6K_V2.4_Model_FP32.tflite,243B1F02648873F9_20260412_031500_chunk_008.wav,4800,501,504
5304,5307,Turdus merula,Eurasian Blackbird,0.5358,243B1F02648873F9_20260412_031500.WAV,14,0.0,1.0,0.25,BirdNET_GLOBAL_6K_V2.4_Model_FP32.tflite,243B1F02648873F9_20260412_031500_chunk_008.wav,4800,504,507
5307,5310,Turdus merula,Eurasian Blackbird,0.5831,243B1F02648873F9_20260412_031500.WAV,14,0.0,1.0,0.25,BirdNET_GLOBAL_6K_V2.4_Model_FP32.tflite,243B1F02648873F9_20260412_031500_chunk_008.wav,4800,507,510
5328,5331,Turdus merula,Eurasian Blackbird,0.4684,243B1F02648873F9_20260412_031500.WAV,14,0.0,1.0,0.25,BirdNET_GLOBAL_6K_V2.4_Model_FP32.tflite,243B1F02648873F9_20260412_031500_chunk_008.wav,4800,528,531
5334,5337,Turdus merula,Eurasian Blackbird,0.4581,243B1F02648873F9_20260412_031500.WAV,14,0.0,1.0,0.25,BirdNET_GLOBAL_6K_V2.4_Model_FP32.tflite,243B1F02648873F9_20260412_031500_chunk_008.wav,4800,534,537
5337,5340,Turdus merula,Eurasian Blackbird,0.4558,243B1F02648873F9_20260412_031500.WAV,14,0.0,1.0,0.25,BirdNET_GLOBAL_6K_V2.4_Model_FP32.tflite,243B1F02648873F9_20260412_031500_chunk_008.wav,4800,537,540
5340,5343,Turdus merula,Eurasian Blackbird,0.7359,243B1F02648873F9_20260412_031500.WAV,14,0.0,1.0,0.25,BirdNET_GLOBAL_6K_V2.4_Model_FP32.tflite,243B1F02648873F9_20260412_031500_chunk_008.wav,4800,540,543
5346,5349,Turdus merula,Eurasian Blackbird,0.6018,243B1F02648873F9_20260412_031500.WAV,14,0.0,1.0,0.25,BirdNET_GLOBAL_6K_V2.4_Model_FP32.tflite,243B1F02648873F9_20260412_031500_chunk_008.wav,4800,546,549
5349,5352,Turdus merula,Eurasian Blackbird,0.5569,243B1F02648873F9_20260412_031500.WAV,14,0.0,1.0,0.25,BirdNET_GLOBAL_6K_V2.4_Model_FP32.tflite,243B1F02648873F9_20260412_031500_chunk_008.wav,4800,549,552
5355,5358,Turdus merula,Eurasian Blackbird,0.2734,243B1F02648873F9_20260412_031500.WAV,14,0.0,1.0,0.25,BirdNET_GLOBAL_6K_V2.4_Model_FP32.tflite,243B1F02648873F9_20260412_031500_chunk_008.wav,4800,555,558
5373,5376,Turdus merula,Eurasian Blackbird,0.3303,243B1F02648873F9_20260412_031500.WAV,14,0.0,1.0,0.25,BirdNET_GLOBAL_6K_V2.4_Model_FP32.tflite,243B1F02648873F9_20260412_031500_chunk_008.wav,4800,573,576
5376,5379,Turdus merula,Eurasian Blackbird,0.5116,243B1F02648873F9_20260412_031500.WAV,14,0.0,1.0,0.25,BirdNET_GLOBAL_6K_V2.4_Model_FP32.tflite,243B1F02648873F9_20260412_031500_chunk_008.wav,4800,576,579
5382,5385,Turdus merula,Eurasian Blackbird,0.3508,243B1F02648873F9_20260412_031500.WAV,14,0.0,1.0,0.25,BirdNET_GLOBAL_6K_V2.4_Model_FP32.tflite,243B1F02648873F9_20260412_031500_chunk_008.wav,4800,582,585
5385,5388,Gallinula chloropus,Eurasian Moorhen,0.3311,243B1F02648873F9_20260412_031500.WAV,14,0.0,1.0,0.25,BirdNET_GLOBAL_6K_V2.4_Model_FP32.tflite,243B1F02648873F9_20260412_031500_chunk_008.wav,4800,585,588
5391,5394,Turdus merula,Eurasian Blackbird,0.4471,243B1F02648873F9_20260412_031500.WAV,14,0.0,1.0,0.25,BirdNET_GLOBAL_6K_V2.4_Model_FP32.tflite,243B1F02648873F9_20260412_031500_chunk_008.wav,4800,591,594
5394,5397,Turdus merula,Eurasian Blackbird,0.4737,243B1F02648873F9_20260412_031500.WAV,14,0.0,1.0,0.25,BirdNET_GLOBAL_6K_V2.4_Model_FP32.tflite,243B1F02648873F9_20260412_031500_chunk_008.wav,4800,594,597
5397,5400,Turdus merula,Eurasian Blackbird,0.7182,243B1F02648873F9_20260412_031500.WAV,14,0.0,1.0,0.25,BirdNET_GLOBAL_6K_V2.4_Model_FP32.tflite,243B1F02648873F9_20260412_031500_chunk_008.wav,4800,597,600
5400,5403,Turdus merula,Eurasian Blackbird,0.3877,243B1F02648873F9_20260412_031500.WAV,14,0.0,1.0,0.25,BirdNET_GLOBAL_6K_V2.4_Model_FP32.tflite,243B1F02648873F9_20260412_031500_chunk_009.wav,5400,0,3
5406,5409,Turdus merula,Eurasian Blackbird,0.2654,243B1F02648873F9_20260412_031500.WAV,14,0.0,1.0,0.25,BirdNET_GLOBAL_6K_V2.4_Model_FP32.tflite,243B1F02648873F9_20260412_031500_chunk_009.wav,5400,6,9
5409,5412,Turdus merula,Eurasian Blackbird,0.6434,243B1F02648873F9_20260412_031500.WAV,14,0.0,1.0,0.25,BirdNET_GLOBAL_6K_V2.4_Model_FP32.tflite,243B1F02648873F9_20260412_031500_chunk_009.wav,5400,9,12
5412,5415,Turdus merula,Eurasian Blackbird,0.3683,243B1F02648873F9_20260412_031500.WAV,14,0.0,1.0,0.25,BirdNET_GLOBAL_6K_V2.4_Model_FP32.tflite,243B1F02648873F9_20260412_031500_chunk_009.wav,5400,12,15
5415,5418,Turdus merula,Eurasian Blackbird,0.7039,243B1F02648873F9_20260412_031500.WAV,14,0.0,1.0,0.25,BirdNET_GLOBAL_6K_V2.4_Model_FP32.tflite,243B1F02648873F9_20260412_031500_chunk_009.wav,5400,15,18
5424,5427,Turdus merula,Eurasian Blackbird,0.5482,243B1F02648873F9_20260412_031500.WAV,14,0.0,1.0,0.25,BirdNET_GLOBAL_6K_V2.4_Model_FP32.tflite,243B1F02648873F9_20260412_031500_chunk_009.wav,5400,24,27
5436,5439,Turdus merula,Eurasian Blackbird,0.5647,243B1F02648873F9_20260412_031500.WAV,14,0.0,1.0,0.25,BirdNET_GLOBAL_6K_V2.4_Model_FP32.tflite,243B1F02648873F9_20260412_031500_chunk_009.wav,5400,36,39
5439,5442,Turdus merula,Eurasian Blackbird,0.3932,243B1F02648873F9_20260412_031500.WAV,14,0.0,1.0,0.25,BirdNET_GLOBAL_6K_V2.4_Model_FP32.tflite,243B1F02648873F9_20260412_031500_chunk_009.wav,5400,39,42
5445,5448,Turdus merula,Eurasian Blackbird,0.3066,243B1F02648873F9_20260412_031500.WAV,14,0.0,1.0,0.25,BirdNET_GLOBAL_6K_V2.4_Model_FP32.tflite,243B1F02648873F9_20260412_031500_chunk_009.wav,5400,45,48
5451,5454,Turdus merula,Eurasian Blackbird,0.5937,243B1F02648873F9_20260412_031500.WAV,14,0.0,1.0,0.25,BirdNET_GLOBAL_6K_V2.4_Model_FP32.tflite,243B1F02648873F9_20260412_031500_chunk_009.wav,5400,51,54
5457,5460,Turdus merula,Eurasian Blackbird,0.2801,243B1F02648873F9_20260412_031500.WAV,14,0.0,1.0,0.25,BirdNET_GLOBAL_6K_V2.4_Model_FP32.tflite,243B1F02648873F9_20260412_031500_chunk_009.wav,5400,57,60
5460,5463,Turdus merula,Eurasian Blackbird,0.3532,243B1F02648873F9_20260412_031500.WAV,14,0.0,1.0,0.25,BirdNET_GLOBAL_6K_V2.4_Model_FP32.tflite,243B1F02648873F9_20260412_031500_chunk_009.wav,5400,60,63
5463,5466,Turdus merula,Eurasian Blackbird,0.2599,243B1F02648873F9_20260412_031500.WAV,14,0.0,1.0,0.25,BirdNET_GLOBAL_6K_V2.4_Model_FP32.tflite,243B1F02648873F9_20260412_031500_chunk_009.wav,5400,63,66
5469,5472,Troglodytes troglodytes,Eurasian Wren,0.7291,243B1F02648873F9_20260412_031500.WAV,14,0.0,1.0,0.25,BirdNET_GLOBAL_6K_V2.4_Model_FP32.tflite,243B1F02648873F9_20260412_031500_chunk_009.wav,5400,69,72
5472,5475,Troglodytes troglodytes,Eurasian Wren,0.9292,243B1F02648873F9_20260412_031500.WAV,14,0.0,1.0,0.25,BirdNET_GLOBAL_6K_V2.4_Model_FP32.tflite,243B1F02648873F9_20260412_031500_chunk_009.wav,5400,72,75
5478,5481,Turdus merula,Eurasian Blackbird,0.4934,243B1F02648873F9_20260412_031500.WAV,14,0.0,1.0,0.25,BirdNET_GLOBAL_6K_V2.4_Model_FP32.tflite,243B1F02648873F9_20260412_031500_chunk_009.wav,5400,78,81
5484,5487,Turdus merula,Eurasian Blackbird,0.2882,243B1F02648873F9_20260412_031500.WAV,14,0.0,1.0,0.25,BirdNET_GLOBAL_6K_V2.4_Model_FP32.tflite,243B1F02648873F9_20260412_031500_chunk_009.wav,5400,84,87
5508,5511,Troglodytes troglodytes,Eurasian Wren,0.8970,243B1F02648873F9_20260412_031500.WAV,14,0.0,1.0,0.25,BirdNET_GLOBAL_6K_V2.4_Model_FP32.tflite,243B1F02648873F9_20260412_031500_chunk_009.wav,5400,108,111
5511,5514,Troglodytes troglodytes,Eurasian Wren,0.9381,243B1F02648873F9_20260412_031500.WAV,14,0.0,1.0,0.25,BirdNET_GLOBAL_6K_V2.4_Model_FP32.tflite,243B1F02648873F9_20260412_031500_chunk_009.wav,5400,111,114
5520,5523,Troglodytes troglodytes,Eurasian Wren,0.9923,243B1F02648873F9_20260412_031500.WAV,14,0.0,1.0,0.25,BirdNET_GLOBAL_6K_V2.4_Model_FP32.tflite,243B1F02648873F9_20260412_031500_chunk_009.wav,5400,120,123
5523,5526,Troglodytes troglodytes,Eurasian Wren,0.8343,243B1F02648873F9_20260412_031500.WAV,14,0.0,1.0,0.25,BirdNET_GLOBAL_6K_V2.4_Model_FP32.tflite,243B1F02648873F9_20260412_031500_chunk_009.wav,5400,123,126
5529,5532,Turdus merula,Eurasian Blackbird,0.4877,243B1F02648873F9_20260412_031500.WAV,14,0.0,1.0,0.25,BirdNET_GLOBAL_6K_V2.4_Model_FP32.tflite,243B1F02648873F9_20260412_031500_chunk_009.wav,5400,129,132
5535,5538,Troglodytes troglodytes,Eurasian Wren,0.8332,243B1F02648873F9_20260412_031500.WAV,14,0.0,1.0,0.25,BirdNET_GLOBAL_6K_V2.4_Model_FP32.tflite,243B1F02648873F9_20260412_031500_chunk_009.wav,5400,135,138
5538,5541,Troglodytes troglodytes,Eurasian Wren,0.9167,243B1F02648873F9_20260412_031500.WAV,14,0.0,1.0,0.25,BirdNET_GLOBAL_6K_V2.4_Model_FP32.tflite,243B1F02648873F9_20260412_031500_chunk_009.wav,5400,138,141
5556,5559,Turdus merula,Eurasian Blackbird,0.5535,243B1F02648873F9_20260412_031500.WAV,14,0.0,1.0,0.25,BirdNET_GLOBAL_6K_V2.4_Model_FP32.tflite,243B1F02648873F9_20260412_031500_chunk_009.wav,5400,156,159
5565,5568,Turdus merula,Eurasian Blackbird,0.5624,243B1F02648873F9_20260412_031500.WAV,14,0.0,1.0,0.25,BirdNET_GLOBAL_6K_V2.4_Model_FP32.tflite,243B1F02648873F9_20260412_031500_chunk_009.wav,5400,165,168
5583,5586,Erithacus rubecula,European Robin,0.5317,243B1F02648873F9_20260412_031500.WAV,14,0.0,1.0,0.25,BirdNET_GLOBAL_6K_V2.4_Model_FP32.tflite,243B1F02648873F9_20260412_031500_chunk_009.wav,5400,183,186
5589,5592,Turdus merula,Eurasian Blackbird,0.4092,243B1F02648873F9_20260412_031500.WAV,14,0.0,1.0,0.25,BirdNET_GLOBAL_6K_V2.4_Model_FP32.tflite,243B1F02648873F9_20260412_031500_chunk_009.wav,5400,189,192
5592,5595,Turdus merula,Eurasian Blackbird,0.5560,243B1F02648873F9_20260412_031500.WAV,14,0.0,1.0,0.25,BirdNET_GLOBAL_6K_V2.4_Model_FP32.tflite,243B1F02648873F9_20260412_031500_chunk_009.wav,5400,192,195
5604,5607,Turdus merula,Eurasian Blackbird,0.5237,243B1F02648873F9_20260412_031500.WAV,14,0.0,1.0,0.25,BirdNET_GLOBAL_6K_V2.4_Model_FP32.tflite,243B1F02648873F9_20260412_031500_chunk_009.wav,5400,204,207
5619,5622,Erithacus rubecula,European Robin,0.4098,243B1F02648873F9_20260412_031500.WAV,14,0.0,1.0,0.25,BirdNET_GLOBAL_6K_V2.4_Model_FP32.tflite,243B1F02648873F9_20260412_031500_chunk_009.wav,5400,219,222
5652,5655,Erithacus rubecula,European Robin,0.3896,243B1F02648873F9_20260412_031500.WAV,14,0.0,1.0,0.25,BirdNET_GLOBAL_6K_V2.4_Model_FP32.tflite,243B1F02648873F9_20260412_031500_chunk_009.wav,5400,252,255
5655,5658,Erithacus rubecula,European Robin,0.2806,243B1F02648873F9_20260412_031500.WAV,14,0.0,1.0,0.25,BirdNET_GLOBAL_6K_V2.4_Model_FP32.tflite,243B1F02648873F9_20260412_031500_chunk_009.wav,5400,255,258
5664,5667,Turdus merula,Eurasian Blackbird,0.4708,243B1F02648873F9_20260412_031500.WAV,14,0.0,1.0,0.25,BirdNET_GLOBAL_6K_V2.4_Model_FP32.tflite,243B1F02648873F9_20260412_031500_chunk_009.wav,5400,264,267
5667,5670,Erithacus rubecula,European Robin,0.6715,243B1F02648873F9_20260412_031500.WAV,14,0.0,1.0,0.25,BirdNET_GLOBAL_6K_V2.4_Model_FP32.tflite,243B1F02648873F9_20260412_031500_chunk_009.wav,5400,267,270
5679,5682,Erithacus rubecula,European Robin,0.2834,243B1F02648873F9_20260412_031500.WAV,14,0.0,1.0,0.25,BirdNET_GLOBAL_6K_V2.4_Model_FP32.tflite,243B1F02648873F9_20260412_031500_chunk_009.wav,5400,279,282
5691,5694,Turdus iliacus,Redwing,0.9272,243B1F02648873F9_20260412_031500.WAV,14,0.0,1.0,0.25,BirdNET_GLOBAL_6K_V2.4_Model_FP32.tflite,243B1F02648873F9_20260412_031500_chunk_009.wav,5400,291,294
5700,5703,Larus argentatus,Herring Gull,0.2768,243B1F02648873F9_20260412_031500.WAV,14,0.0,1.0,0.25,BirdNET_GLOBAL_6K_V2.4_Model_FP32.tflite,243B1F02648873F9_20260412_031500_chunk_009.wav,5400,300,303
5712,5715,Parus major,Great Tit,0.3176,243B1F02648873F9_20260412_031500.WAV,14,0.0,1.0,0.25,BirdNET_GLOBAL_6K_V2.4_Model_FP32.tflite,243B1F02648873F9_20260412_031500_chunk_009.wav,5400,312,315
5730,5733,Turdus merula,Eurasian Blackbird,0.8524,243B1F02648873F9_20260412_031500.WAV,14,0.0,1.0,0.25,BirdNET_GLOBAL_6K_V2.4_Model_FP32.tflite,243B1F02648873F9_20260412_031500_chunk_009.wav,5400,330,333
5733,5736,Turdus merula,Eurasian Blackbird,0.9129,243B1F02648873F9_20260412_031500.WAV,14,0.0,1.0,0.25,BirdNET_GLOBAL_6K_V2.4_Model_FP32.tflite,243B1F02648873F9_20260412_031500_chunk_009.wav,5400,333,336
5739,5742,Turdus merula,Eurasian Blackbird,0.9563,243B1F02648873F9_20260412_031500.WAV,14,0.0,1.0,0.25,BirdNET_GLOBAL_6K_V2.4_Model_FP32.tflite,243B1F02648873F9_20260412_031500_chunk_009.wav,5400,339,342
5742,5745,Turdus merula,Eurasian Blackbird,0.4854,243B1F02648873F9_20260412_031500.WAV,14,0.0,1.0,0.25,BirdNET_GLOBAL_6K_V2.4_Model_FP32.tflite,243B1F02648873F9_20260412_031500_chunk_009.wav,5400,342,345
5748,5751,Turdus merula,Eurasian Blackbird,0.9956,243B1F02648873F9_20260412_031500.WAV,14,0.0,1.0,0.25,BirdNET_GLOBAL_6K_V2.4_Model_FP32.tflite,243B1F02648873F9_20260412_031500_chunk_009.wav,5400,348,351
5751,5754,Troglodytes troglodytes,Eurasian Wren,0.4687,243B1F02648873F9_20260412_031500.WAV,14,0.0,1.0,0.25,BirdNET_GLOBAL_6K_V2.4_Model_FP32.tflite,243B1F02648873F9_20260412_031500_chunk_009.wav,5400,351,354
5754,5757,Troglodytes troglodytes,Eurasian Wren,0.3613,243B1F02648873F9_20260412_031500.WAV,14,0.0,1.0,0.25,BirdNET_GLOBAL_6K_V2.4_Model_FP32.tflite,243B1F02648873F9_20260412_031500_chunk_009.wav,5400,354,357
5760,5763,Turdus merula,Eurasian Blackbird,0.5625,243B1F02648873F9_20260412_031500.WAV,14,0.0,1.0,0.25,BirdNET_GLOBAL_6K_V2.4_Model_FP32.tflite,243B1F02648873F9_20260412_031500_chunk_009.wav,5400,360,363
5772,5775,Turdus merula,Eurasian Blackbird,0.3078,243B1F02648873F9_20260412_031500.WAV,14,0.0,1.0,0.25,BirdNET_GLOBAL_6K_V2.4_Model_FP32.tflite,243B1F02648873F9_20260412_031500_chunk_009.wav,5400,372,375
5784,5787,Erithacus rubecula,European Robin,0.4361,243B1F02648873F9_20260412_031500.WAV,14,0.0,1.0,0.25,BirdNET_GLOBAL_6K_V2.4_Model_FP32.tflite,243B1F02648873F9_20260412_031500_chunk_009.wav,5400,384,387
5790,5793,Erithacus rubecula,European Robin,0.2504,243B1F02648873F9_20260412_031500.WAV,14,0.0,1.0,0.25,BirdNET_GLOBAL_6K_V2.4_Model_FP32.tflite,243B1F02648873F9_20260412_031500_chunk_009.wav,5400,390,393
5814,5817,Erithacus rubecula,European Robin,0.3437,243B1F02648873F9_20260412_031500.WAV,14,0.0,1.0,0.25,BirdNET_GLOBAL_6K_V2.4_Model_FP32.tflite,243B1F02648873F9_20260412_031500_chunk_009.wav,5400,414,417
5820,5823,Troglodytes troglodytes,Eurasian Wren,0.7905,243B1F02648873F9_20260412_031500.WAV,14,0.0,1.0,0.25,BirdNET_GLOBAL_6K_V2.4_Model_FP32.tflite,243B1F02648873F9_20260412_031500_chunk_009.wav,5400,420,423
5823,5826,Troglodytes troglodytes,Eurasian Wren,0.7329,243B1F02648873F9_20260412_031500.WAV,14,0.0,1.0,0.25,BirdNET_GLOBAL_6K_V2.4_Model_FP32.tflite,243B1F02648873F9_20260412_031500_chunk_009.wav,5400,423,426
5829,5832,Troglodytes troglodytes,Eurasian Wren,0.4577,243B1F02648873F9_20260412_031500.WAV,14,0.0,1.0,0.25,BirdNET_GLOBAL_6K_V2.4_Model_FP32.tflite,243B1F02648873F9_20260412_031500_chunk_009.wav,5400,429,432
5835,5838,Troglodytes troglodytes,Eurasian Wren,0.3818,243B1F02648873F9_20260412_031500.WAV,14,0.0,1.0,0.25,BirdNET_GLOBAL_6K_V2.4_Model_FP32.tflite,243B1F02648873F9_20260412_031500_chunk_009.wav,5400,435,438
5841,5844,Erithacus rubecula,European Robin,0.4598,243B1F02648873F9_20260412_031500.WAV,14,0.0,1.0,0.25,BirdNET_GLOBAL_6K_V2.4_Model_FP32.tflite,243B1F02648873F9_20260412_031500_chunk_009.wav,5400,441,444
5844,5847,Cyanistes caeruleus,Eurasian Blue Tit,0.3695,243B1F02648873F9_20260412_031500.WAV,14,0.0,1.0,0.25,BirdNET_GLOBAL_6K_V2.4_Model_FP32.tflite,243B1F02648873F9_20260412_031500_chunk_009.wav,5400,444,447
5856,5859,Troglodytes troglodytes,Eurasian Wren,0.6170,243B1F02648873F9_20260412_031500.WAV,14,0.0,1.0,0.25,BirdNET_GLOBAL_6K_V2.4_Model_FP32.tflite,243B1F02648873F9_20260412_031500_chunk_009.wav,5400,456,459
5859,5862,Turdus merula,Eurasian Blackbird,0.2972,243B1F02648873F9_20260412_031500.WAV,14,0.0,1.0,0.25,BirdNET_GLOBAL_6K_V2.4_Model_FP32.tflite,243B1F02648873F9_20260412_031500_chunk_009.wav,5400,459,462
5862,5865,Troglodytes troglodytes,Eurasian Wren,0.2516,243B1F02648873F9_20260412_031500.WAV,14,0.0,1.0,0.25,BirdNET_GLOBAL_6K_V2.4_Model_FP32.tflite,243B1F02648873F9_20260412_031500_chunk_009.wav,5400,462,465
5871,5874,Parus major,Great Tit,0.9140,243B1F02648873F9_20260412_031500.WAV,14,0.0,1.0,0.25,BirdNET_GLOBAL_6K_V2.4_Model_FP32.tflite,243B1F02648873F9_20260412_031500_chunk_009.wav,5400,471,474
5880,5883,Cyanistes caeruleus,Eurasian Blue Tit,0.5952,243B1F02648873F9_20260412_031500.WAV,14,0.0,1.0,0.25,BirdNET_GLOBAL_6K_V2.4_Model_FP32.tflite,243B1F02648873F9_20260412_031500_chunk_009.wav,5400,480,483
5883,5886,Parus major,Great Tit,0.8031,243B1F02648873F9_20260412_031500.WAV,14,0.0,1.0,0.25,BirdNET_GLOBAL_6K_V2.4_Model_FP32.tflite,243B1F02648873F9_20260412_031500_chunk_009.wav,5400,483,486
5886,5889,Parus major,Great Tit,0.8473,243B1F02648873F9_20260412_031500.WAV,14,0.0,1.0,0.25,BirdNET_GLOBAL_6K_V2.4_Model_FP32.tflite,243B1F02648873F9_20260412_031500_chunk_009.wav,5400,486,489
5889,5892,Parus major,Great Tit,0.7542,243B1F02648873F9_20260412_031500.WAV,14,0.0,1.0,0.25,BirdNET_GLOBAL_6K_V2.4_Model_FP32.tflite,243B1F02648873F9_20260412_031500_chunk_009.wav,5400,489,492
5892,5895,Parus major,Great Tit,0.5750,243B1F02648873F9_20260412_031500.WAV,14,0.0,1.0,0.25,BirdNET_GLOBAL_6K_V2.4_Model_FP32.tflite,243B1F02648873F9_20260412_031500_chunk_009.wav,5400,492,495
5895,5898,Parus major,Great Tit,0.5825,243B1F02648873F9_20260412_031500.WAV,14,0.0,1.0,0.25,BirdNET_GLOBAL_6K_V2.4_Model_FP32.tflite,243B1F02648873F9_20260412_031500_chunk_009.wav,5400,495,498
5898,5901,Parus major,Great Tit,0.3039,243B1F02648873F9_20260412_031500.WAV,14,0.0,1.0,0.25,BirdNET_GLOBAL_6K_V2.4_Model_FP32.tflite,243B1F02648873F9_20260412_031500_chunk_009.wav,5400,498,501
5901,5904,Parus major,Great Tit,0.4032,243B1F02648873F9_20260412_031500.WAV,14,0.0,1.0,0.25,BirdNET_GLOBAL_6K_V2.4_Model_FP32.tflite,243B1F02648873F9_20260412_031500_chunk_009.wav,5400,501,504
5907,5910,Parus major,Great Tit,0.4633,243B1F02648873F9_20260412_031500.WAV,14,0.0,1.0,0.25,BirdNET_GLOBAL_6K_V2.4_Model_FP32.tflite,243B1F02648873F9_20260412_031500_chunk_009.wav,5400,507,510
5910,5913,Parus major,Great Tit,0.4713,243B1F02648873F9_20260412_031500.WAV,14,0.0,1.0,0.25,BirdNET_GLOBAL_6K_V2.4_Model_FP32.tflite,243B1F02648873F9_20260412_031500_chunk_009.wav,5400,510,513
5913,5916,Parus major,Great Tit,0.3356,243B1F02648873F9_20260412_031500.WAV,14,0.0,1.0,0.25,BirdNET_GLOBAL_6K_V2.4_Model_FP32.tflite,243B1F02648873F9_20260412_031500_chunk_009.wav,5400,513,516
5916,5919,Parus major,Great Tit,0.4904,243B1F02648873F9_20260412_031500.WAV,14,0.0,1.0,0.25,BirdNET_GLOBAL_6K_V2.4_Model_FP32.tflite,243B1F02648873F9_20260412_031500_chunk_009.wav,5400,516,519
5919,5922,Parus major,Great Tit,0.2889,243B1F02648873F9_20260412_031500.WAV,14,0.0,1.0,0.25,BirdNET_GLOBAL_6K_V2.4_Model_FP32.tflite,243B1F02648873F9_20260412_031500_chunk_009.wav,5400,519,522
5922,5925,Parus major,Great Tit,0.3094,243B1F02648873F9_20260412_031500.WAV,14,0.0,1.0,0.25,BirdNET_GLOBAL_6K_V2.4_Model_FP32.tflite,243B1F02648873F9_20260412_031500_chunk_009.wav,5400,522,525
5925,5928,Parus major,Great Tit,0.2960,243B1F02648873F9_20260412_031500.WAV,14,0.0,1.0,0.25,BirdNET_GLOBAL_6K_V2.4_Model_FP32.tflite,243B1F02648873F9_20260412_031500_chunk_009.wav,5400,525,528
5928,5931,Parus major,Great Tit,0.7421,243B1F02648873F9_20260412_031500.WAV,14,0.0,1.0,0.25,BirdNET_GLOBAL_6K_V2.4_Model_FP32.tflite,243B1F02648873F9_20260412_031500_chunk_009.wav,5400,528,531
5931,5934,Parus major,Great Tit,0.5024,243B1F02648873F9_20260412_031500.WAV,14,0.0,1.0,0.25,BirdNET_GLOBAL_6K_V2.4_Model_FP32.tflite,243B1F02648873F9_20260412_031500_chunk_009.wav,5400,531,534
5934,5937,Parus major,Great Tit,0.6560,243B1F02648873F9_20260412_031500.WAV,14,0.0,1.0,0.25,BirdNET_GLOBAL_6K_V2.4_Model_FP32.tflite,243B1F02648873F9_20260412_031500_chunk_009.wav,5400,534,537
5937,5940,Parus major,Great Tit,0.3896,243B1F02648873F9_20260412_031500.WAV,14,0.0,1.0,0.25,BirdNET_GLOBAL_6K_V2.4_Model_FP32.tflite,243B1F02648873F9_20260412_031500_chunk_009.wav,5400,537,540
5940,5943,Parus major,Great Tit,0.6780,243B1F02648873F9_20260412_031500.WAV,14,0.0,1.0,0.25,BirdNET_GLOBAL_6K_V2.4_Model_FP32.tflite,243B1F02648873F9_20260412_031500_chunk_009.wav,5400,540,543
5943,5946,Parus major,Great Tit,0.7670,243B1F02648873F9_20260412_031500.WAV,14,0.0,1.0,0.25,BirdNET_GLOBAL_6K_V2.4_Model_FP32.tflite,243B1F02648873F9_20260412_031500_chunk_009.wav,5400,543,546
5946,5949,Parus major,Great Tit,0.6353,243B1F02648873F9_20260412_031500.WAV,14,0.0,1.0,0.25,BirdNET_GLOBAL_6K_V2.4_Model_FP32.tflite,243B1F02648873F9_20260412_031500_chunk_009.wav,5400,546,549
5949,5952,Parus major,Great Tit,0.4472,243B1F02648873F9_20260412_031500.WAV,14,0.0,1.0,0.25,BirdNET_GLOBAL_6K_V2.4_Model_FP32.tflite,243B1F02648873F9_20260412_031500_chunk_009.wav,5400,549,552
5958,5961,Parus major,Great Tit,0.3303,243B1F02648873F9_20260412_031500.WAV,14,0.0,1.0,0.25,BirdNET_GLOBAL_6K_V2.4_Model_FP32.tflite,243B1F02648873F9_20260412_031500_chunk_009.wav,5400,558,561
5961,5964,Parus major,Great Tit,0.2627,243B1F02648873F9_20260412_031500.WAV,14,0.0,1.0,0.25,BirdNET_GLOBAL_6K_V2.4_Model_FP32.tflite,243B1F02648873F9_20260412_031500_chunk_009.wav,5400,561,564
5967,5970,Parus major,Great Tit,0.6499,243B1F02648873F9_20260412_031500.WAV,14,0.0,1.0,0.25,BirdNET_GLOBAL_6K_V2.4_Model_FP32.tflite,243B1F02648873F9_20260412_031500_chunk_009.wav,5400,567,570
5973,5976,Parus major,Great Tit,0.4474,243B1F02648873F9_20260412_031500.WAV,14,0.0,1.0,0.25,BirdNET_GLOBAL_6K_V2.4_Model_FP32.tflite,243B1F02648873F9_20260412_031500_chunk_009.wav,5400,573,576
5976,5979,Parus major,Great Tit,0.3588,243B1F02648873F9_20260412_031500.WAV,14,0.0,1.0,0.25,BirdNET_GLOBAL_6K_V2.4_Model_FP32.tflite,243B1F02648873F9_20260412_031500_chunk_009.wav,5400,576,579
5979,5982,Erithacus rubecula,European Robin,0.3396,243B1F02648873F9_20260412_031500.WAV,14,0.0,1.0,0.25,BirdNET_GLOBAL_6K_V2.4_Model_FP32.tflite,243B1F02648873F9_20260412_031500_chunk_009.wav,5400,579,582
5982,5985,Parus major,Great Tit,0.8156,243B1F02648873F9_20260412_031500.WAV,14,0.0,1.0,0.25,BirdNET_GLOBAL_6K_V2.4_Model_FP32.tflite,243B1F02648873F9_20260412_031500_chunk_009.wav,5400,582,585
5994,5997,Prunella modularis,Dunnock,0.3014,243B1F02648873F9_20260412_031500.WAV,14,0.0,1.0,0.25,BirdNET_GLOBAL_6K_V2.4_Model_FP32.tflite,243B1F02648873F9_20260412_031500_chunk_009.wav,5400,594,597
6000,6003,Erithacus rubecula,European Robin,0.3705,243B1F02648873F9_20260412_031500.WAV,14,0.0,1.0,0.25,BirdNET_GLOBAL_6K_V2.4_Model_FP32.tflite,243B1F02648873F9_20260412_031500_chunk_010.wav,6000,0,3
6003,6006,Turdus merula,Eurasian Blackbird,0.2615,243B1F02648873F9_20260412_031500.WAV,14,0.0,1.0,0.25,BirdNET_GLOBAL_6K_V2.4_Model_FP32.tflite,243B1F02648873F9_20260412_031500_chunk_010.wav,6000,3,6
6015,6018,Turdus merula,Eurasian Blackbird,0.2732,243B1F02648873F9_20260412_031500.WAV,14,0.0,1.0,0.25,BirdNET_GLOBAL_6K_V2.4_Model_FP32.tflite,243B1F02648873F9_20260412_031500_chunk_010.wav,6000,15,18
6021,6024,Troglodytes troglodytes,Eurasian Wren,0.9777,243B1F02648873F9_20260412_031500.WAV,14,0.0,1.0,0.25,BirdNET_GLOBAL_6K_V2.4_Model_FP32.tflite,243B1F02648873F9_20260412_031500_chunk_010.wav,6000,21,24
6024,6027,Troglodytes troglodytes,Eurasian Wren,0.9912,243B1F02648873F9_20260412_031500.WAV,14,0.0,1.0,0.25,BirdNET_GLOBAL_6K_V2.4_Model_FP32.tflite,243B1F02648873F9_20260412_031500_chunk_010.wav,6000,24,27
6036,6039,Erithacus rubecula,European Robin,0.3584,243B1F02648873F9_20260412_031500.WAV,14,0.0,1.0,0.25,BirdNET_GLOBAL_6K_V2.4_Model_FP32.tflite,243B1F02648873F9_20260412_031500_chunk_010.wav,6000,36,39
6051,6054,Erithacus rubecula,European Robin,0.5190,243B1F02648873F9_20260412_031500.WAV,14,0.0,1.0,0.25,BirdNET_GLOBAL_6K_V2.4_Model_FP32.tflite,243B1F02648873F9_20260412_031500_chunk_010.wav,6000,51,54
6063,6066,Turdus merula,Eurasian Blackbird,0.3061,243B1F02648873F9_20260412_031500.WAV,14,0.0,1.0,0.25,BirdNET_GLOBAL_6K_V2.4_Model_FP32.tflite,243B1F02648873F9_20260412_031500_chunk_010.wav,6000,63,66
6069,6072,Erithacus rubecula,European Robin,0.5797,243B1F02648873F9_20260412_031500.WAV,14,0.0,1.0,0.25,BirdNET_GLOBAL_6K_V2.4_Model_FP32.tflite,243B1F02648873F9_20260412_031500_chunk_010.wav,6000,69,72
6078,6081,Larus argentatus,Herring Gull,0.6335,243B1F02648873F9_20260412_031500.WAV,14,0.0,1.0,0.25,BirdNET_GLOBAL_6K_V2.4_Model_FP32.tflite,243B1F02648873F9_20260412_031500_chunk_010.wav,6000,78,81
6099,6102,Larus argentatus,Herring Gull,0.5955,243B1F02648873F9_20260412_031500.WAV,14,0.0,1.0,0.25,BirdNET_GLOBAL_6K_V2.4_Model_FP32.tflite,243B1F02648873F9_20260412_031500_chunk_010.wav,6000,99,102
6114,6117,Turdus merula,Eurasian Blackbird,0.8254,243B1F02648873F9_20260412_031500.WAV,14,0.0,1.0,0.25,BirdNET_GLOBAL_6K_V2.4_Model_FP32.tflite,243B1F02648873F9_20260412_031500_chunk_010.wav,6000,114,117
6117,6120,Erithacus rubecula,European Robin,0.9101,243B1F02648873F9_20260412_031500.WAV,14,0.0,1.0,0.25,BirdNET_GLOBAL_6K_V2.4_Model_FP32.tflite,243B1F02648873F9_20260412_031500_chunk_010.wav,6000,117,120
6123,6126,Turdus merula,Eurasian Blackbird,0.4344,243B1F02648873F9_20260412_031500.WAV,14,0.0,1.0,0.25,BirdNET_GLOBAL_6K_V2.4_Model_FP32.tflite,243B1F02648873F9_20260412_031500_chunk_010.wav,6000,123,126
6126,6129,Erithacus rubecula,European Robin,0.4463,243B1F02648873F9_20260412_031500.WAV,14,0.0,1.0,0.25,BirdNET_GLOBAL_6K_V2.4_Model_FP32.tflite,243B1F02648873F9_20260412_031500_chunk_010.wav,6000,126,129
6135,6138,Turdus merula,Eurasian Blackbird,0.3818,243B1F02648873F9_20260412_031500.WAV,14,0.0,1.0,0.25,BirdNET_GLOBAL_6K_V2.4_Model_FP32.tflite,243B1F02648873F9_20260412_031500_chunk_010.wav,6000,135,138
6135,6138,Erithacus rubecula,European Robin,0.2810,243B1F02648873F9_20260412_031500.WAV,14,0.0,1.0,0.25,BirdNET_GLOBAL_6K_V2.4_Model_FP32.tflite,243B1F02648873F9_20260412_031500_chunk_010.wav,6000,135,138
6138,6141,Erithacus rubecula,European Robin,0.6441,243B1F02648873F9_20260412_031500.WAV,14,0.0,1.0,0.25,BirdNET_GLOBAL_6K_V2.4_Model_FP32.tflite,243B1F02648873F9_20260412_031500_chunk_010.wav,6000,138,141
6141,6144,Turdus merula,Eurasian Blackbird,0.6007,243B1F02648873F9_20260412_031500.WAV,14,0.0,1.0,0.25,BirdNET_GLOBAL_6K_V2.4_Model_FP32.tflite,243B1F02648873F9_20260412_031500_chunk_010.wav,6000,141,144
6147,6150,Turdus merula,Eurasian Blackbird,0.6255,243B1F02648873F9_20260412_031500.WAV,14,0.0,1.0,0.25,BirdNET_GLOBAL_6K_V2.4_Model_FP32.tflite,243B1F02648873F9_20260412_031500_chunk_010.wav,6000,147,150
6150,6153,Turdus merula,Eurasian Blackbird,0.5907,243B1F02648873F9_20260412_031500.WAV,14,0.0,1.0,0.25,BirdNET_GLOBAL_6K_V2.4_Model_FP32.tflite,243B1F02648873F9_20260412_031500_chunk_010.wav,6000,150,153
6210,6213,Turdus merula,Eurasian Blackbird,0.4312,243B1F02648873F9_20260412_031500.WAV,14,0.0,1.0,0.25,BirdNET_GLOBAL_6K_V2.4_Model_FP32.tflite,243B1F02648873F9_20260412_031500_chunk_010.wav,6000,210,213
6231,6234,Larus argentatus,Herring Gull,0.5995,243B1F02648873F9_20260412_031500.WAV,14,0.0,1.0,0.25,BirdNET_GLOBAL_6K_V2.4_Model_FP32.tflite,243B1F02648873F9_20260412_031500_chunk_010.wav,6000,231,234
6246,6249,Turdus merula,Eurasian Blackbird,0.4028,243B1F02648873F9_20260412_031500.WAV,14,0.0,1.0,0.25,BirdNET_GLOBAL_6K_V2.4_Model_FP32.tflite,243B1F02648873F9_20260412_031500_chunk_010.wav,6000,246,249
6252,6255,Turdus merula,Eurasian Blackbird,0.3130,243B1F02648873F9_20260412_031500.WAV,14,0.0,1.0,0.25,BirdNET_GLOBAL_6K_V2.4_Model_FP32.tflite,243B1F02648873F9_20260412_031500_chunk_010.wav,6000,252,255
6261,6264,Turdus merula,Eurasian Blackbird,0.4179,243B1F02648873F9_20260412_031500.WAV,14,0.0,1.0,0.25,BirdNET_GLOBAL_6K_V2.4_Model_FP32.tflite,243B1F02648873F9_20260412_031500_chunk_010.wav,6000,261,264
6264,6267,Turdus merula,Eurasian Blackbird,0.4231,243B1F02648873F9_20260412_031500.WAV,14,0.0,1.0,0.25,BirdNET_GLOBAL_6K_V2.4_Model_FP32.tflite,243B1F02648873F9_20260412_031500_chunk_010.wav,6000,264,267
6267,6270,Turdus merula,Eurasian Blackbird,0.4235,243B1F02648873F9_20260412_031500.WAV,14,0.0,1.0,0.25,BirdNET_GLOBAL_6K_V2.4_Model_FP32.tflite,243B1F02648873F9_20260412_031500_chunk_010.wav,6000,267,270
6285,6288,Turdus merula,Eurasian Blackbird,0.4240,243B1F02648873F9_20260412_031500.WAV,14,0.0,1.0,0.25,BirdNET_GLOBAL_6K_V2.4_Model_FP32.tflite,243B1F02648873F9_20260412_031500_chunk_010.wav,6000,285,288
6294,6297,Turdus merula,Eurasian Blackbird,0.3125,243B1F02648873F9_20260412_031500.WAV,14,0.0,1.0,0.25,BirdNET_GLOBAL_6K_V2.4_Model_FP32.tflite,243B1F02648873F9_20260412_031500_chunk_010.wav,6000,294,297
6303,6306,Turdus merula,Eurasian Blackbird,0.2900,243B1F02648873F9_20260412_031500.WAV,14,0.0,1.0,0.25,BirdNET_GLOBAL_6K_V2.4_Model_FP32.tflite,243B1F02648873F9_20260412_031500_chunk_010.wav,6000,303,306
6306,6309,Turdus merula,Eurasian Blackbird,0.6440,243B1F02648873F9_20260412_031500.WAV,14,0.0,1.0,0.25,BirdNET_GLOBAL_6K_V2.4_Model_FP32.tflite,243B1F02648873F9_20260412_031500_chunk_010.wav,6000,306,309
6312,6315,Troglodytes troglodytes,Eurasian Wren,0.9923,243B1F02648873F9_20260412_031500.WAV,14,0.0,1.0,0.25,BirdNET_GLOBAL_6K_V2.4_Model_FP32.tflite,243B1F02648873F9_20260412_031500_chunk_010.wav,6000,312,315
6315,6318,Troglodytes troglodytes,Eurasian Wren,0.9569,243B1F02648873F9_20260412_031500.WAV,14,0.0,1.0,0.25,BirdNET_GLOBAL_6K_V2.4_Model_FP32.tflite,243B1F02648873F9_20260412_031500_chunk_010.wav,6000,315,318
6330,6333,Turdus merula,Eurasian Blackbird,0.7221,243B1F02648873F9_20260412_031500.WAV,14,0.0,1.0,0.25,BirdNET_GLOBAL_6K_V2.4_Model_FP32.tflite,243B1F02648873F9_20260412_031500_chunk_010.wav,6000,330,333
6333,6336,Troglodytes troglodytes,Eurasian Wren,0.4503,243B1F02648873F9_20260412_031500.WAV,14,0.0,1.0,0.25,BirdNET_GLOBAL_6K_V2.4_Model_FP32.tflite,243B1F02648873F9_20260412_031500_chunk_010.wav,6000,333,336
6336,6339,Troglodytes troglodytes,Eurasian Wren,0.9847,243B1F02648873F9_20260412_031500.WAV,14,0.0,1.0,0.25,BirdNET_GLOBAL_6K_V2.4_Model_FP32.tflite,243B1F02648873F9_20260412_031500_chunk_010.wav,6000,336,339
6339,6342,Troglodytes troglodytes,Eurasian Wren,0.6764,243B1F02648873F9_20260412_031500.WAV,14,0.0,1.0,0.25,BirdNET_GLOBAL_6K_V2.4_Model_FP32.tflite,243B1F02648873F9_20260412_031500_chunk_010.wav,6000,339,342
6345,6348,Troglodytes troglodytes,Eurasian Wren,0.3304,243B1F02648873F9_20260412_031500.WAV,14,0.0,1.0,0.25,BirdNET_GLOBAL_6K_V2.4_Model_FP32.tflite,243B1F02648873F9_20260412_031500_chunk_010.wav,6000,345,348
6348,6351,Troglodytes troglodytes,Eurasian Wren,0.9953,243B1F02648873F9_20260412_031500.WAV,14,0.0,1.0,0.25,BirdNET_GLOBAL_6K_V2.4_Model_FP32.tflite,243B1F02648873F9_20260412_031500_chunk_010.wav,6000,348,351
6351,6354,Troglodytes troglodytes,Eurasian Wren,0.9700,243B1F02648873F9_20260412_031500.WAV,14,0.0,1.0,0.25,BirdNET_GLOBAL_6K_V2.4_Model_FP32.tflite,243B1F02648873F9_20260412_031500_chunk_010.wav,6000,351,354
6357,6360,Turdus merula,Eurasian Blackbird,0.4989,243B1F02648873F9_20260412_031500.WAV,14,0.0,1.0,0.25,BirdNET_GLOBAL_6K_V2.4_Model_FP32.tflite,243B1F02648873F9_20260412_031500_chunk_010.wav,6000,357,360
6363,6366,Troglodytes troglodytes,Eurasian Wren,0.9129,243B1F02648873F9_20260412_031500.WAV,14,0.0,1.0,0.25,BirdNET_GLOBAL_6K_V2.4_Model_FP32.tflite,243B1F02648873F9_20260412_031500_chunk_010.wav,6000,363,366
6366,6369,Troglodytes troglodytes,Eurasian Wren,0.9264,243B1F02648873F9_20260412_031500.WAV,14,0.0,1.0,0.25,BirdNET_GLOBAL_6K_V2.4_Model_FP32.tflite,243B1F02648873F9_20260412_031500_chunk_010.wav,6000,366,369
6369,6372,Troglodytes troglodytes,Eurasian Wren,0.8857,243B1F02648873F9_20260412_031500.WAV,14,0.0,1.0,0.25,BirdNET_GLOBAL_6K_V2.4_Model_FP32.tflite,243B1F02648873F9_20260412_031500_chunk_010.wav,6000,369,372
6372,6375,Turdus merula,Eurasian Blackbird,0.3762,243B1F02648873F9_20260412_031500.WAV,14,0.0,1.0,0.25,BirdNET_GLOBAL_6K_V2.4_Model_FP32.tflite,243B1F02648873F9_20260412_031500_chunk_010.wav,6000,372,375
6378,6381,Turdus merula,Eurasian Blackbird,0.7174,243B1F02648873F9_20260412_031500.WAV,14,0.0,1.0,0.25,BirdNET_GLOBAL_6K_V2.4_Model_FP32.tflite,243B1F02648873F9_20260412_031500_chunk_010.wav,6000,378,381
6384,6387,Turdus merula,Eurasian Blackbird,0.8322,243B1F02648873F9_20260412_031500.WAV,14,0.0,1.0,0.25,BirdNET_GLOBAL_6K_V2.4_Model_FP32.tflite,243B1F02648873F9_20260412_031500_chunk_010.wav,6000,384,387
6387,6390,Troglodytes troglodytes,Eurasian Wren,0.9530,243B1F02648873F9_20260412_031500.WAV,14,0.0,1.0,0.25,BirdNET_GLOBAL_6K_V2.4_Model_FP32.tflite,243B1F02648873F9_20260412_031500_chunk_010.wav,6000,387,390
6390,6393,Troglodytes troglodytes,Eurasian Wren,0.6304,243B1F02648873F9_20260412_031500.WAV,14,0.0,1.0,0.25,BirdNET_GLOBAL_6K_V2.4_Model_FP32.tflite,243B1F02648873F9_20260412_031500_chunk_010.wav,6000,390,393
6390,6393,Turdus merula,Eurasian Blackbird,0.3854,243B1F02648873F9_20260412_031500.WAV,14,0.0,1.0,0.25,BirdNET_GLOBAL_6K_V2.4_Model_FP32.tflite,243B1F02648873F9_20260412_031500_chunk_010.wav,6000,390,393
6393,6396,Turdus merula,Eurasian Blackbird,0.9288,243B1F02648873F9_20260412_031500.WAV,14,0.0,1.0,0.25,BirdNET_GLOBAL_6K_V2.4_Model_FP32.tflite,243B1F02648873F9_20260412_031500_chunk_010.wav,6000,393,396
6396,6399,Turdus merula,Eurasian Blackbird,0.9923,243B1F02648873F9_20260412_031500.WAV,14,0.0,1.0,0.25,BirdNET_GLOBAL_6K_V2.4_Model_FP32.tflite,243B1F02648873F9_20260412_031500_chunk_010.wav,6000,396,399
6399,6402,Turdus merula,Eurasian Blackbird,0.9718,243B1F02648873F9_20260412_031500.WAV,14,0.0,1.0,0.25,BirdNET_GLOBAL_6K_V2.4_Model_FP32.tflite,243B1F02648873F9_20260412_031500_chunk_010.wav,6000,399,402
6402,6405,Troglodytes troglodytes,Eurasian Wren,0.5295,243B1F02648873F9_20260412_031500.WAV,14,0.0,1.0,0.25,BirdNET_GLOBAL_6K_V2.4_Model_FP32.tflite,243B1F02648873F9_20260412_031500_chunk_010.wav,6000,402,405
6402,6405,Turdus merula,Eurasian Blackbird,0.3633,243B1F02648873F9_20260412_031500.WAV,14,0.0,1.0,0.25,BirdNET_GLOBAL_6K_V2.4_Model_FP32.tflite,243B1F02648873F9_20260412_031500_chunk_010.wav,6000,402,405
6405,6408,Troglodytes troglodytes,Eurasian Wren,0.8406,243B1F02648873F9_20260412_031500.WAV,14,0.0,1.0,0.25,BirdNET_GLOBAL_6K_V2.4_Model_FP32.tflite,243B1F02648873F9_20260412_031500_chunk_010.wav,6000,405,408
6405,6408,Turdus merula,Eurasian Blackbird,0.4308,243B1F02648873F9_20260412_031500.WAV,14,0.0,1.0,0.25,BirdNET_GLOBAL_6K_V2.4_Model_FP32.tflite,243B1F02648873F9_20260412_031500_chunk_010.wav,6000,405,408
6408,6411,Turdus merula,Eurasian Blackbird,0.8484,243B1F02648873F9_20260412_031500.WAV,14,0.0,1.0,0.25,BirdNET_GLOBAL_6K_V2.4_Model_FP32.tflite,243B1F02648873F9_20260412_031500_chunk_010.wav,6000,408,411
6411,6414,Turdus merula,Eurasian Blackbird,0.9917,243B1F02648873F9_20260412_031500.WAV,14,0.0,1.0,0.25,BirdNET_GLOBAL_6K_V2.4_Model_FP32.tflite,243B1F02648873F9_20260412_031500_chunk_010.wav,6000,411,414
6414,6417,Turdus merula,Eurasian Blackbird,0.9632,243B1F02648873F9_20260412_031500.WAV,14,0.0,1.0,0.25,BirdNET_GLOBAL_6K_V2.4_Model_FP32.tflite,243B1F02648873F9_20260412_031500_chunk_010.wav,6000,414,417
6417,6420,Turdus philomelos,Song Thrush,0.3504,243B1F02648873F9_20260412_031500.WAV,14,0.0,1.0,0.25,BirdNET_GLOBAL_6K_V2.4_Model_FP32.tflite,243B1F02648873F9_20260412_031500_chunk_010.wav,6000,417,420
6420,6423,Turdus merula,Eurasian Blackbird,0.5624,243B1F02648873F9_20260412_031500.WAV,14,0.0,1.0,0.25,BirdNET_GLOBAL_6K_V2.4_Model_FP32.tflite,243B1F02648873F9_20260412_031500_chunk_010.wav,6000,420,423
6423,6426,Turdus merula,Eurasian Blackbird,0.9218,243B1F02648873F9_20260412_031500.WAV,14,0.0,1.0,0.25,BirdNET_GLOBAL_6K_V2.4_Model_FP32.tflite,243B1F02648873F9_20260412_031500_chunk_010.wav,6000,423,426
6426,6429,Turdus merula,Eurasian Blackbird,0.6307,243B1F02648873F9_20260412_031500.WAV,14,0.0,1.0,0.25,BirdNET_GLOBAL_6K_V2.4_Model_FP32.tflite,243B1F02648873F9_20260412_031500_chunk_010.wav,6000,426,429
6429,6432,Cyanistes caeruleus,Eurasian Blue Tit,0.6151,243B1F02648873F9_20260412_031500.WAV,14,0.0,1.0,0.25,BirdNET_GLOBAL_6K_V2.4_Model_FP32.tflite,243B1F02648873F9_20260412_031500_chunk_010.wav,6000,429,432
6432,6435,Turdus merula,Eurasian Blackbird,0.9213,243B1F02648873F9_20260412_031500.WAV,14,0.0,1.0,0.25,BirdNET_GLOBAL_6K_V2.4_Model_FP32.tflite,243B1F02648873F9_20260412_031500_chunk_010.wav,6000,432,435
6435,6438,Turdus merula,Eurasian Blackbird,0.8735,243B1F02648873F9_20260412_031500.WAV,14,0.0,1.0,0.25,BirdNET_GLOBAL_6K_V2.4_Model_FP32.tflite,243B1F02648873F9_20260412_031500_chunk_010.wav,6000,435,438
6438,6441,Cyanistes caeruleus,Eurasian Blue Tit,0.3409,243B1F02648873F9_20260412_031500.WAV,14,0.0,1.0,0.25,BirdNET_GLOBAL_6K_V2.4_Model_FP32.tflite,243B1F02648873F9_20260412_031500_chunk_010.wav,6000,438,441
6441,6444,Turdus merula,Eurasian Blackbird,0.8605,243B1F02648873F9_20260412_031500.WAV,14,0.0,1.0,0.25,BirdNET_GLOBAL_6K_V2.4_Model_FP32.tflite,243B1F02648873F9_20260412_031500_chunk_010.wav,6000,441,444
6447,6450,Turdus merula,Eurasian Blackbird,0.4141,243B1F02648873F9_20260412_031500.WAV,14,0.0,1.0,0.25,BirdNET_GLOBAL_6K_V2.4_Model_FP32.tflite,243B1F02648873F9_20260412_031500_chunk_010.wav,6000,447,450
6450,6453,Turdus merula,Eurasian Blackbird,0.9227,243B1F02648873F9_20260412_031500.WAV,14,0.0,1.0,0.25,BirdNET_GLOBAL_6K_V2.4_Model_FP32.tflite,243B1F02648873F9_20260412_031500_chunk_010.wav,6000,450,453
6453,6456,Turdus merula,Eurasian Blackbird,0.9155,243B1F02648873F9_20260412_031500.WAV,14,0.0,1.0,0.25,BirdNET_GLOBAL_6K_V2.4_Model_FP32.tflite,243B1F02648873F9_20260412_031500_chunk_010.wav,6000,453,456
6456,6459,Turdus merula,Eurasian Blackbird,0.9653,243B1F02648873F9_20260412_031500.WAV,14,0.0,1.0,0.25,BirdNET_GLOBAL_6K_V2.4_Model_FP32.tflite,243B1F02648873F9_20260412_031500_chunk_010.wav,6000,456,459
6462,6465,Turdus merula,Eurasian Blackbird,0.9980,243B1F02648873F9_20260412_031500.WAV,14,0.0,1.0,0.25,BirdNET_GLOBAL_6K_V2.4_Model_FP32.tflite,243B1F02648873F9_20260412_031500_chunk_010.wav,6000,462,465
6468,6471,Turdus merula,Eurasian Blackbird,0.8185,243B1F02648873F9_20260412_031500.WAV,14,0.0,1.0,0.25,BirdNET_GLOBAL_6K_V2.4_Model_FP32.tflite,243B1F02648873F9_20260412_031500_chunk_010.wav,6000,468,471
6474,6477,Turdus merula,Eurasian Blackbird,0.3436,243B1F02648873F9_20260412_031500.WAV,14,0.0,1.0,0.25,BirdNET_GLOBAL_6K_V2.4_Model_FP32.tflite,243B1F02648873F9_20260412_031500_chunk_010.wav,6000,474,477
6477,6480,Turdus merula,Eurasian Blackbird,0.7588,243B1F02648873F9_20260412_031500.WAV,14,0.0,1.0,0.25,BirdNET_GLOBAL_6K_V2.4_Model_FP32.tflite,243B1F02648873F9_20260412_031500_chunk_010.wav,6000,477,480
6483,6486,Turdus viscivorus,Mistle Thrush,0.9062,243B1F02648873F9_20260412_031500.WAV,14,0.0,1.0,0.25,BirdNET_GLOBAL_6K_V2.4_Model_FP32.tflite,243B1F02648873F9_20260412_031500_chunk_010.wav,6000,483,486
6498,6501,Turdus viscivorus,Mistle Thrush,0.8635,243B1F02648873F9_20260412_031500.WAV,14,0.0,1.0,0.25,BirdNET_GLOBAL_6K_V2.4_Model_FP32.tflite,243B1F02648873F9_20260412_031500_chunk_010.wav,6000,498,501
6501,6504,Turdus merula,Eurasian Blackbird,0.5804,243B1F02648873F9_20260412_031500.WAV,14,0.0,1.0,0.25,BirdNET_GLOBAL_6K_V2.4_Model_FP32.tflite,243B1F02648873F9_20260412_031500_chunk_010.wav,6000,501,504
6507,6510,Turdus merula,Eurasian Blackbird,0.9869,243B1F02648873F9_20260412_031500.WAV,14,0.0,1.0,0.25,BirdNET_GLOBAL_6K_V2.4_Model_FP32.tflite,243B1F02648873F9_20260412_031500_chunk_010.wav,6000,507,510
6510,6513,Turdus merula,Eurasian Blackbird,0.9574,243B1F02648873F9_20260412_031500.WAV,14,0.0,1.0,0.25,BirdNET_GLOBAL_6K_V2.4_Model_FP32.tflite,243B1F02648873F9_20260412_031500_chunk_010.wav,6000,510,513
6513,6516,Turdus merula,Eurasian Blackbird,0.2897,243B1F02648873F9_20260412_031500.WAV,14,0.0,1.0,0.25,BirdNET_GLOBAL_6K_V2.4_Model_FP32.tflite,243B1F02648873F9_20260412_031500_chunk_010.wav,6000,513,516
6519,6522,Turdus merula,Eurasian Blackbird,0.9930,243B1F02648873F9_20260412_031500.WAV,14,0.0,1.0,0.25,BirdNET_GLOBAL_6K_V2.4_Model_FP32.tflite,243B1F02648873F9_20260412_031500_chunk_010.wav,6000,519,522
6522,6525,Troglodytes troglodytes,Eurasian Wren,0.8701,243B1F02648873F9_20260412_031500.WAV,14,0.0,1.0,0.25,BirdNET_GLOBAL_6K_V2.4_Model_FP32.tflite,243B1F02648873F9_20260412_031500_chunk_010.wav,6000,522,525
6525,6528,Troglodytes troglodytes,Eurasian Wren,0.9776,243B1F02648873F9_20260412_031500.WAV,14,0.0,1.0,0.25,BirdNET_GLOBAL_6K_V2.4_Model_FP32.tflite,243B1F02648873F9_20260412_031500_chunk_010.wav,6000,525,528
6528,6531,Turdus merula,Eurasian Blackbird,0.9132,243B1F02648873F9_20260412_031500.WAV,14,0.0,1.0,0.25,BirdNET_GLOBAL_6K_V2.4_Model_FP32.tflite,243B1F02648873F9_20260412_031500_chunk_010.wav,6000,528,531
6537,6540,Turdus merula,Eurasian Blackbird,0.3367,243B1F02648873F9_20260412_031500.WAV,14,0.0,1.0,0.25,BirdNET_GLOBAL_6K_V2.4_Model_FP32.tflite,243B1F02648873F9_20260412_031500_chunk_010.wav,6000,537,540
6543,6546,Troglodytes troglodytes,Eurasian Wren,0.7950,243B1F02648873F9_20260412_031500.WAV,14,0.0,1.0,0.25,BirdNET_GLOBAL_6K_V2.4_Model_FP32.tflite,243B1F02648873F9_20260412_031500_chunk_010.wav,6000,543,546
6546,6549,Turdus merula,Eurasian Blackbird,0.7550,243B1F02648873F9_20260412_031500.WAV,14,0.0,1.0,0.25,BirdNET_GLOBAL_6K_V2.4_Model_FP32.tflite,243B1F02648873F9_20260412_031500_chunk_010.wav,6000,546,549
6552,6555,Turdus merula,Eurasian Blackbird,0.8730,243B1F02648873F9_20260412_031500.WAV,14,0.0,1.0,0.25,BirdNET_GLOBAL_6K_V2.4_Model_FP32.tflite,243B1F02648873F9_20260412_031500_chunk_010.wav,6000,552,555
6555,6558,Turdus merula,Eurasian Blackbird,0.8402,243B1F02648873F9_20260412_031500.WAV,14,0.0,1.0,0.25,BirdNET_GLOBAL_6K_V2.4_Model_FP32.tflite,243B1F02648873F9_20260412_031500_chunk_010.wav,6000,555,558
6558,6561,Turdus viscivorus,Mistle Thrush,0.8194,243B1F02648873F9_20260412_031500.WAV,14,0.0,1.0,0.25,BirdNET_GLOBAL_6K_V2.4_Model_FP32.tflite,243B1F02648873F9_20260412_031500_chunk_010.wav,6000,558,561
6558,6561,Troglodytes troglodytes,Eurasian Wren,0.3455,243B1F02648873F9_20260412_031500.WAV,14,0.0,1.0,0.25,BirdNET_GLOBAL_6K_V2.4_Model_FP32.tflite,243B1F02648873F9_20260412_031500_chunk_010.wav,6000,558,561
6561,6564,Troglodytes troglodytes,Eurasian Wren,0.6784,243B1F02648873F9_20260412_031500.WAV,14,0.0,1.0,0.25,BirdNET_GLOBAL_6K_V2.4_Model_FP32.tflite,243B1F02648873F9_20260412_031500_chunk_010.wav,6000,561,564
6573,6576,Turdus merula,Eurasian Blackbird,0.7371,243B1F02648873F9_20260412_031500.WAV,14,0.0,1.0,0.25,BirdNET_GLOBAL_6K_V2.4_Model_FP32.tflite,243B1F02648873F9_20260412_031500_chunk_010.wav,6000,573,576
6588,6591,Turdus merula,Eurasian Blackbird,0.3671,243B1F02648873F9_20260412_031500.WAV,14,0.0,1.0,0.25,BirdNET_GLOBAL_6K_V2.4_Model_FP32.tflite,243B1F02648873F9_20260412_031500_chunk_010.wav,6000,588,591
6594,6597,Troglodytes troglodytes,Eurasian Wren,0.9592,243B1F02648873F9_20260412_031500.WAV,14,0.0,1.0,0.25,BirdNET_GLOBAL_6K_V2.4_Model_FP32.tflite,243B1F02648873F9_20260412_031500_chunk_010.wav,6000,594,597
6597,6599.98,Troglodytes troglodytes,Eurasian Wren,0.2802,243B1F02648873F9_20260412_031500.WAV,14,0.0,1.0,0.25,BirdNET_GLOBAL_6K_V2.4_Model_FP32.tflite,243B1F02648873F9_20260412_031500_chunk_010.wav,6000,597,599.98
6612,6615,Troglodytes troglodytes,Eurasian Wren,0.8960,243B1F02648873F9_20260412_031500.WAV,14,0.0,1.0,0.25,BirdNET_GLOBAL_6K_V2.4_Model_FP32.tflite,243B1F02648873F9_20260412_031500_chunk_011.wav,6600,12,15
6624,6627,Turdus merula,Eurasian Blackbird,0.3020,243B1F02648873F9_20260412_031500.WAV,14,0.0,1.0,0.25,BirdNET_GLOBAL_6K_V2.4_Model_FP32.tflite,243B1F02648873F9_20260412_031500_chunk_011.wav,6600,24,27
6627,6630,Turdus merula,Eurasian Blackbird,0.3735,243B1F02648873F9_20260412_031500.WAV,14,0.0,1.0,0.25,BirdNET_GLOBAL_6K_V2.4_Model_FP32.tflite,243B1F02648873F9_20260412_031500_chunk_011.wav,6600,27,30
6633,6636,Turdus merula,Eurasian Blackbird,0.4041,243B1F02648873F9_20260412_031500.WAV,14,0.0,1.0,0.25,BirdNET_GLOBAL_6K_V2.4_Model_FP32.tflite,243B1F02648873F9_20260412_031500_chunk_011.wav,6600,33,36
6642,6645,Turdus merula,Eurasian Blackbird,0.3343,243B1F02648873F9_20260412_031500.WAV,14,0.0,1.0,0.25,BirdNET_GLOBAL_6K_V2.4_Model_FP32.tflite,243B1F02648873F9_20260412_031500_chunk_011.wav,6600,42,45
6648,6651,Turdus merula,Eurasian Blackbird,0.2852,243B1F02648873F9_20260412_031500.WAV,14,0.0,1.0,0.25,BirdNET_GLOBAL_6K_V2.4_Model_FP32.tflite,243B1F02648873F9_20260412_031500_chunk_011.wav,6600,48,51
6651,6654,Troglodytes troglodytes,Eurasian Wren,0.8995,243B1F02648873F9_20260412_031500.WAV,14,0.0,1.0,0.25,BirdNET_GLOBAL_6K_V2.4_Model_FP32.tflite,243B1F02648873F9_20260412_031500_chunk_011.wav,6600,51,54
6654,6657,Troglodytes troglodytes,Eurasian Wren,0.7142,243B1F02648873F9_20260412_031500.WAV,14,0.0,1.0,0.25,BirdNET_GLOBAL_6K_V2.4_Model_FP32.tflite,243B1F02648873F9_20260412_031500_chunk_011.wav,6600,54,57
6666,6669,Turdus merula,Eurasian Blackbird,0.2552,243B1F02648873F9_20260412_031500.WAV,14,0.0,1.0,0.25,BirdNET_GLOBAL_6K_V2.4_Model_FP32.tflite,243B1F02648873F9_20260412_031500_chunk_011.wav,6600,66,69
6669,6672,Turdus merula,Eurasian Blackbird,0.2910,243B1F02648873F9_20260412_031500.WAV,14,0.0,1.0,0.25,BirdNET_GLOBAL_6K_V2.4_Model_FP32.tflite,243B1F02648873F9_20260412_031500_chunk_011.wav,6600,69,72
6675,6678,Turdus merula,Eurasian Blackbird,0.5448,243B1F02648873F9_20260412_031500.WAV,14,0.0,1.0,0.25,BirdNET_GLOBAL_6K_V2.4_Model_FP32.tflite,243B1F02648873F9_20260412_031500_chunk_011.wav,6600,75,78
6678,6681,Tyto alba,Barn Owl,0.2575,243B1F02648873F9_20260412_031500.WAV,14,0.0,1.0,0.25,BirdNET_GLOBAL_6K_V2.4_Model_FP32.tflite,243B1F02648873F9_20260412_031500_chunk_011.wav,6600,78,81
6684,6687,Troglodytes troglodytes,Eurasian Wren,0.9428,243B1F02648873F9_20260412_031500.WAV,14,0.0,1.0,0.25,BirdNET_GLOBAL_6K_V2.4_Model_FP32.tflite,243B1F02648873F9_20260412_031500_chunk_011.wav,6600,84,87
6687,6690,Troglodytes troglodytes,Eurasian Wren,0.9111,243B1F02648873F9_20260412_031500.WAV,14,0.0,1.0,0.25,BirdNET_GLOBAL_6K_V2.4_Model_FP32.tflite,243B1F02648873F9_20260412_031500_chunk_011.wav,6600,87,90
6690,6693,Turdus merula,Eurasian Blackbird,0.2931,243B1F02648873F9_20260412_031500.WAV,14,0.0,1.0,0.25,BirdNET_GLOBAL_6K_V2.4_Model_FP32.tflite,243B1F02648873F9_20260412_031500_chunk_011.wav,6600,90,93
6693,6696,Turdus merula,Eurasian Blackbird,0.3516,243B1F02648873F9_20260412_031500.WAV,14,0.0,1.0,0.25,BirdNET_GLOBAL_6K_V2.4_Model_FP32.tflite,243B1F02648873F9_20260412_031500_chunk_011.wav,6600,93,96
6696,6699,Turdus viscivorus,Mistle Thrush,0.8503,243B1F02648873F9_20260412_031500.WAV,14,0.0,1.0,0.25,BirdNET_GLOBAL_6K_V2.4_Model_FP32.tflite,243B1F02648873F9_20260412_031500_chunk_011.wav,6600,96,99
6699,6702,Turdus merula,Eurasian Blackbird,0.6239,243B1F02648873F9_20260412_031500.WAV,14,0.0,1.0,0.25,BirdNET_GLOBAL_6K_V2.4_Model_FP32.tflite,243B1F02648873F9_20260412_031500_chunk_011.wav,6600,99,102
6705,6708,Turdus merula,Eurasian Blackbird,0.3766,243B1F02648873F9_20260412_031500.WAV,14,0.0,1.0,0.25,BirdNET_GLOBAL_6K_V2.4_Model_FP32.tflite,243B1F02648873F9_20260412_031500_chunk_011.wav,6600,105,108
6708,6711,Turdus merula,Eurasian Blackbird,0.4009,243B1F02648873F9_20260412_031500.WAV,14,0.0,1.0,0.25,BirdNET_GLOBAL_6K_V2.4_Model_FP32.tflite,243B1F02648873F9_20260412_031500_chunk_011.wav,6600,108,111
6711,6714,Turdus merula,Eurasian Blackbird,0.4442,243B1F02648873F9_20260412_031500.WAV,14,0.0,1.0,0.25,BirdNET_GLOBAL_6K_V2.4_Model_FP32.tflite,243B1F02648873F9_20260412_031500_chunk_011.wav,6600,111,114
6714,6717,Troglodytes troglodytes,Eurasian Wren,0.3236,243B1F02648873F9_20260412_031500.WAV,14,0.0,1.0,0.25,BirdNET_GLOBAL_6K_V2.4_Model_FP32.tflite,243B1F02648873F9_20260412_031500_chunk_011.wav,6600,114,117
6717,6720,Troglodytes troglodytes,Eurasian Wren,0.9821,243B1F02648873F9_20260412_031500.WAV,14,0.0,1.0,0.25,BirdNET_GLOBAL_6K_V2.4_Model_FP32.tflite,243B1F02648873F9_20260412_031500_chunk_011.wav,6600,117,120
6720,6723,Troglodytes troglodytes,Eurasian Wren,0.8079,243B1F02648873F9_20260412_031500.WAV,14,0.0,1.0,0.25,BirdNET_GLOBAL_6K_V2.4_Model_FP32.tflite,243B1F02648873F9_20260412_031500_chunk_011.wav,6600,120,123
6732,6735,Turdus merula,Eurasian Blackbird,0.6929,243B1F02648873F9_20260412_031500.WAV,14,0.0,1.0,0.25,BirdNET_GLOBAL_6K_V2.4_Model_FP32.tflite,243B1F02648873F9_20260412_031500_chunk_011.wav,6600,132,135
6735,6738,Turdus merula,Eurasian Blackbird,0.5256,243B1F02648873F9_20260412_031500.WAV,14,0.0,1.0,0.25,BirdNET_GLOBAL_6K_V2.4_Model_FP32.tflite,243B1F02648873F9_20260412_031500_chunk_011.wav,6600,135,138
6738,6741,Turdus merula,Eurasian Blackbird,0.3496,243B1F02648873F9_20260412_031500.WAV,14,0.0,1.0,0.25,BirdNET_GLOBAL_6K_V2.4_Model_FP32.tflite,243B1F02648873F9_20260412_031500_chunk_011.wav,6600,138,141
6741,6744,Turdus merula,Eurasian Blackbird,0.3685,243B1F02648873F9_20260412_031500.WAV,14,0.0,1.0,0.25,BirdNET_GLOBAL_6K_V2.4_Model_FP32.tflite,243B1F02648873F9_20260412_031500_chunk_011.wav,6600,141,144
6744,6747,Turdus merula,Eurasian Blackbird,0.6275,243B1F02648873F9_20260412_031500.WAV,14,0.0,1.0,0.25,BirdNET_GLOBAL_6K_V2.4_Model_FP32.tflite,243B1F02648873F9_20260412_031500_chunk_011.wav,6600,144,147
6747,6750,Turdus merula,Eurasian Blackbird,0.3534,243B1F02648873F9_20260412_031500.WAV,14,0.0,1.0,0.25,BirdNET_GLOBAL_6K_V2.4_Model_FP32.tflite,243B1F02648873F9_20260412_031500_chunk_011.wav,6600,147,150
6750,6753,Turdus merula,Eurasian Blackbird,0.4313,243B1F02648873F9_20260412_031500.WAV,14,0.0,1.0,0.25,BirdNET_GLOBAL_6K_V2.4_Model_FP32.tflite,243B1F02648873F9_20260412_031500_chunk_011.wav,6600,150,153
6765,6768,Turdus merula,Eurasian Blackbird,0.3340,243B1F02648873F9_20260412_031500.WAV,14,0.0,1.0,0.25,BirdNET_GLOBAL_6K_V2.4_Model_FP32.tflite,243B1F02648873F9_20260412_031500_chunk_011.wav,6600,165,168
6768,6771,Turdus merula,Eurasian Blackbird,0.6565,243B1F02648873F9_20260412_031500.WAV,14,0.0,1.0,0.25,BirdNET_GLOBAL_6K_V2.4_Model_FP32.tflite,243B1F02648873F9_20260412_031500_chunk_011.wav,6600,168,171
6771,6774,Turdus merula,Eurasian Blackbird,0.3429,243B1F02648873F9_20260412_031500.WAV,14,0.0,1.0,0.25,BirdNET_GLOBAL_6K_V2.4_Model_FP32.tflite,243B1F02648873F9_20260412_031500_chunk_011.wav,6600,171,174
6774,6777,Turdus merula,Eurasian Blackbird,0.7646,243B1F02648873F9_20260412_031500.WAV,14,0.0,1.0,0.25,BirdNET_GLOBAL_6K_V2.4_Model_FP32.tflite,243B1F02648873F9_20260412_031500_chunk_011.wav,6600,174,177
6780,6783,Troglodytes troglodytes,Eurasian Wren,0.8042,243B1F02648873F9_20260412_031500.WAV,14,0.0,1.0,0.25,BirdNET_GLOBAL_6K_V2.4_Model_FP32.tflite,243B1F02648873F9_20260412_031500_chunk_011.wav,6600,180,183
6783,6786,Troglodytes troglodytes,Eurasian Wren,0.9913,243B1F02648873F9_20260412_031500.WAV,14,0.0,1.0,0.25,BirdNET_GLOBAL_6K_V2.4_Model_FP32.tflite,243B1F02648873F9_20260412_031500_chunk_011.wav,6600,183,186
6786,6789,Troglodytes troglodytes,Eurasian Wren,0.4361,243B1F02648873F9_20260412_031500.WAV,14,0.0,1.0,0.25,BirdNET_GLOBAL_6K_V2.4_Model_FP32.tflite,243B1F02648873F9_20260412_031500_chunk_011.wav,6600,186,189
6792,6795,Turdus merula,Eurasian Blackbird,0.2859,243B1F02648873F9_20260412_031500.WAV,14,0.0,1.0,0.25,BirdNET_GLOBAL_6K_V2.4_Model_FP32.tflite,243B1F02648873F9_20260412_031500_chunk_011.wav,6600,192,195
6795,6798,Troglodytes troglodytes,Eurasian Wren,0.4311,243B1F02648873F9_20260412_031500.WAV,14,0.0,1.0,0.25,BirdNET_GLOBAL_6K_V2.4_Model_FP32.tflite,243B1F02648873F9_20260412_031500_chunk_011.wav,6600,195,198
6798,6801,Troglodytes troglodytes,Eurasian Wren,0.9435,243B1F02648873F9_20260412_031500.WAV,14,0.0,1.0,0.25,BirdNET_GLOBAL_6K_V2.4_Model_FP32.tflite,243B1F02648873F9_20260412_031500_chunk_011.wav,6600,198,201
6813,6816,Turdus merula,Eurasian Blackbird,0.6878,243B1F02648873F9_20260412_031500.WAV,14,0.0,1.0,0.25,BirdNET_GLOBAL_6K_V2.4_Model_FP32.tflite,243B1F02648873F9_20260412_031500_chunk_011.wav,6600,213,216
6816,6819,Troglodytes troglodytes,Eurasian Wren,0.8329,243B1F02648873F9_20260412_031500.WAV,14,0.0,1.0,0.25,BirdNET_GLOBAL_6K_V2.4_Model_FP32.tflite,243B1F02648873F9_20260412_031500_chunk_011.wav,6600,216,219
6822,6825,Turdus merula,Eurasian Blackbird,0.3446,243B1F02648873F9_20260412_031500.WAV,14,0.0,1.0,0.25,BirdNET_GLOBAL_6K_V2.4_Model_FP32.tflite,243B1F02648873F9_20260412_031500_chunk_011.wav,6600,222,225
6825,6828,Turdus merula,Eurasian Blackbird,0.3732,243B1F02648873F9_20260412_031500.WAV,14,0.0,1.0,0.25,BirdNET_GLOBAL_6K_V2.4_Model_FP32.tflite,243B1F02648873F9_20260412_031500_chunk_011.wav,6600,225,228
6828,6831,Turdus merula,Eurasian Blackbird,0.3513,243B1F02648873F9_20260412_031500.WAV,14,0.0,1.0,0.25,BirdNET_GLOBAL_6K_V2.4_Model_FP32.tflite,243B1F02648873F9_20260412_031500_chunk_011.wav,6600,228,231
6834,6837,Turdus merula,Eurasian Blackbird,0.5203,243B1F02648873F9_20260412_031500.WAV,14,0.0,1.0,0.25,BirdNET_GLOBAL_6K_V2.4_Model_FP32.tflite,243B1F02648873F9_20260412_031500_chunk_011.wav,6600,234,237
6837,6840,Turdus merula,Eurasian Blackbird,0.5573,243B1F02648873F9_20260412_031500.WAV,14,0.0,1.0,0.25,BirdNET_GLOBAL_6K_V2.4_Model_FP32.tflite,243B1F02648873F9_20260412_031500_chunk_011.wav,6600,237,240
6840,6843,Columba palumbus,Common Wood-Pigeon,0.8613,243B1F02648873F9_20260412_031500.WAV,14,0.0,1.0,0.25,BirdNET_GLOBAL_6K_V2.4_Model_FP32.tflite,243B1F02648873F9_20260412_031500_chunk_011.wav,6600,240,243
6843,6846,Columba palumbus,Common Wood-Pigeon,0.8367,243B1F02648873F9_20260412_031500.WAV,14,0.0,1.0,0.25,BirdNET_GLOBAL_6K_V2.4_Model_FP32.tflite,243B1F02648873F9_20260412_031500_chunk_011.wav,6600,243,246
6846,6849,Columba palumbus,Common Wood-Pigeon,0.8625,243B1F02648873F9_20260412_031500.WAV,14,0.0,1.0,0.25,BirdNET_GLOBAL_6K_V2.4_Model_FP32.tflite,243B1F02648873F9_20260412_031500_chunk_011.wav,6600,246,249
6849,6852,Columba oenas,Stock Dove,0.2570,243B1F02648873F9_20260412_031500.WAV,14,0.0,1.0,0.25,BirdNET_GLOBAL_6K_V2.4_Model_FP32.tflite,243B1F02648873F9_20260412_031500_chunk_011.wav,6600,249,252
6855,6858,Cyanistes caeruleus,Eurasian Blue Tit,0.6784,243B1F02648873F9_20260412_031500.WAV,14,0.0,1.0,0.25,BirdNET_GLOBAL_6K_V2.4_Model_FP32.tflite,243B1F02648873F9_20260412_031500_chunk_011.wav,6600,255,258
6855,6858,Turdus merula,Eurasian Blackbird,0.3364,243B1F02648873F9_20260412_031500.WAV,14,0.0,1.0,0.25,BirdNET_GLOBAL_6K_V2.4_Model_FP32.tflite,243B1F02648873F9_20260412_031500_chunk_011.wav,6600,255,258
6858,6861,Turdus merula,Eurasian Blackbird,0.3104,243B1F02648873F9_20260412_031500.WAV,14,0.0,1.0,0.25,BirdNET_GLOBAL_6K_V2.4_Model_FP32.tflite,243B1F02648873F9_20260412_031500_chunk_011.wav,6600,258,261
6864,6867,Cyanistes caeruleus,Eurasian Blue Tit,0.3500,243B1F02648873F9_20260412_031500.WAV,14,0.0,1.0,0.25,BirdNET_GLOBAL_6K_V2.4_Model_FP32.tflite,243B1F02648873F9_20260412_031500_chunk_011.wav,6600,264,267
6870,6873,Cyanistes caeruleus,Eurasian Blue Tit,0.3378,243B1F02648873F9_20260412_031500.WAV,14,0.0,1.0,0.25,BirdNET_GLOBAL_6K_V2.4_Model_FP32.tflite,243B1F02648873F9_20260412_031500_chunk_011.wav,6600,270,273
6876,6879,Cyanistes caeruleus,Eurasian Blue Tit,0.4889,243B1F02648873F9_20260412_031500.WAV,14,0.0,1.0,0.25,BirdNET_GLOBAL_6K_V2.4_Model_FP32.tflite,243B1F02648873F9_20260412_031500_chunk_011.wav,6600,276,279
6879,6882,Prunella modularis,Dunnock,0.5458,243B1F02648873F9_20260412_031500.WAV,14,0.0,1.0,0.25,BirdNET_GLOBAL_6K_V2.4_Model_FP32.tflite,243B1F02648873F9_20260412_031500_chunk_011.wav,6600,279,282
6882,6885,Turdus merula,Eurasian Blackbird,0.4304,243B1F02648873F9_20260412_031500.WAV,14,0.0,1.0,0.25,BirdNET_GLOBAL_6K_V2.4_Model_FP32.tflite,243B1F02648873F9_20260412_031500_chunk_011.wav,6600,282,285
6885,6888,Cyanistes caeruleus,Eurasian Blue Tit,0.3525,243B1F02648873F9_20260412_031500.WAV,14,0.0,1.0,0.25,BirdNET_GLOBAL_6K_V2.4_Model_FP32.tflite,243B1F02648873F9_20260412_031500_chunk_011.wav,6600,285,288
6924,6927,Larus argentatus,Herring Gull,0.3368,243B1F02648873F9_20260412_031500.WAV,14,0.0,1.0,0.25,BirdNET_GLOBAL_6K_V2.4_Model_FP32.tflite,243B1F02648873F9_20260412_031500_chunk_011.wav,6600,324,327
6927,6930,Larus argentatus,Herring Gull,0.4889,243B1F02648873F9_20260412_031500.WAV,14,0.0,1.0,0.25,BirdNET_GLOBAL_6K_V2.4_Model_FP32.tflite,243B1F02648873F9_20260412_031500_chunk_011.wav,6600,327,330
6930,6933,Larus argentatus,Herring Gull,0.3783,243B1F02648873F9_20260412_031500.WAV,14,0.0,1.0,0.25,BirdNET_GLOBAL_6K_V2.4_Model_FP32.tflite,243B1F02648873F9_20260412_031500_chunk_011.wav,6600,330,333
6936,6939,Parus major,Great Tit,0.2544,243B1F02648873F9_20260412_031500.WAV,14,0.0,1.0,0.25,BirdNET_GLOBAL_6K_V2.4_Model_FP32.tflite,243B1F02648873F9_20260412_031500_chunk_011.wav,6600,336,339
6942,6945,Parus major,Great Tit,0.6389,243B1F02648873F9_20260412_031500.WAV,14,0.0,1.0,0.25,BirdNET_GLOBAL_6K_V2.4_Model_FP32.tflite,243B1F02648873F9_20260412_031500_chunk_011.wav,6600,342,345
6945,6948,Parus major,Great Tit,0.3399,243B1F02648873F9_20260412_031500.WAV,14,0.0,1.0,0.25,BirdNET_GLOBAL_6K_V2.4_Model_FP32.tflite,243B1F02648873F9_20260412_031500_chunk_011.wav,6600,345,348
6948,6951,Parus major,Great Tit,0.5295,243B1F02648873F9_20260412_031500.WAV,14,0.0,1.0,0.25,BirdNET_GLOBAL_6K_V2.4_Model_FP32.tflite,243B1F02648873F9_20260412_031500_chunk_011.wav,6600,348,351
6954,6957,Parus major,Great Tit,0.7899,243B1F02648873F9_20260412_031500.WAV,14,0.0,1.0,0.25,BirdNET_GLOBAL_6K_V2.4_Model_FP32.tflite,243B1F02648873F9_20260412_031500_chunk_011.wav,6600,354,357
6957,6960,Parus major,Great Tit,0.8202,243B1F02648873F9_20260412_031500.WAV,14,0.0,1.0,0.25,BirdNET_GLOBAL_6K_V2.4_Model_FP32.tflite,243B1F02648873F9_20260412_031500_chunk_011.wav,6600,357,360
6960,6963,Parus major,Great Tit,0.7528,243B1F02648873F9_20260412_031500.WAV,14,0.0,1.0,0.25,BirdNET_GLOBAL_6K_V2.4_Model_FP32.tflite,243B1F02648873F9_20260412_031500_chunk_011.wav,6600,360,363
6963,6966,Parus major,Great Tit,0.7779,243B1F02648873F9_20260412_031500.WAV,14,0.0,1.0,0.25,BirdNET_GLOBAL_6K_V2.4_Model_FP32.tflite,243B1F02648873F9_20260412_031500_chunk_011.wav,6600,363,366
6969,6972,Parus major,Great Tit,0.6572,243B1F02648873F9_20260412_031500.WAV,14,0.0,1.0,0.25,BirdNET_GLOBAL_6K_V2.4_Model_FP32.tflite,243B1F02648873F9_20260412_031500_chunk_011.wav,6600,369,372
6972,6975,Parus major,Great Tit,0.9354,243B1F02648873F9_20260412_031500.WAV,14,0.0,1.0,0.25,BirdNET_GLOBAL_6K_V2.4_Model_FP32.tflite,243B1F02648873F9_20260412_031500_chunk_011.wav,6600,372,375
6978,6981,Turdus merula,Eurasian Blackbird,0.4741,243B1F02648873F9_20260412_031500.WAV,14,0.0,1.0,0.25,BirdNET_GLOBAL_6K_V2.4_Model_FP32.tflite,243B1F02648873F9_20260412_031500_chunk_011.wav,6600,378,381
6990,6993,Larus argentatus,Herring Gull,0.3261,243B1F02648873F9_20260412_031500.WAV,14,0.0,1.0,0.25,BirdNET_GLOBAL_6K_V2.4_Model_FP32.tflite,243B1F02648873F9_20260412_031500_chunk_011.wav,6600,390,393
6993,6996,Turdus merula,Eurasian Blackbird,0.3739,243B1F02648873F9_20260412_031500.WAV,14,0.0,1.0,0.25,BirdNET_GLOBAL_6K_V2.4_Model_FP32.tflite,243B1F02648873F9_20260412_031500_chunk_011.wav,6600,393,396
7005,7008,Turdus merula,Eurasian Blackbird,0.3359,243B1F02648873F9_20260412_031500.WAV,14,0.0,1.0,0.25,BirdNET_GLOBAL_6K_V2.4_Model_FP32.tflite,243B1F02648873F9_20260412_031500_chunk_011.wav,6600,405,408
7023,7026,Turdus merula,Eurasian Blackbird,0.2773,243B1F02648873F9_20260412_031500.WAV,14,0.0,1.0,0.25,BirdNET_GLOBAL_6K_V2.4_Model_FP32.tflite,243B1F02648873F9_20260412_031500_chunk_011.wav,6600,423,426
7026,7029,Turdus merula,Eurasian Blackbird,0.4675,243B1F02648873F9_20260412_031500.WAV,14,0.0,1.0,0.25,BirdNET_GLOBAL_6K_V2.4_Model_FP32.tflite,243B1F02648873F9_20260412_031500_chunk_011.wav,6600,426,429
7029,7032,Turdus merula,Eurasian Blackbird,0.5265,243B1F02648873F9_20260412_031500.WAV,14,0.0,1.0,0.25,BirdNET_GLOBAL_6K_V2.4_Model_FP32.tflite,243B1F02648873F9_20260412_031500_chunk_011.wav,6600,429,432
7032,7035,Turdus merula,Eurasian Blackbird,0.3484,243B1F02648873F9_20260412_031500.WAV,14,0.0,1.0,0.25,BirdNET_GLOBAL_6K_V2.4_Model_FP32.tflite,243B1F02648873F9_20260412_031500_chunk_011.wav,6600,432,435
7035,7038,Turdus merula,Eurasian Blackbird,0.3126,243B1F02648873F9_20260412_031500.WAV,14,0.0,1.0,0.25,BirdNET_GLOBAL_6K_V2.4_Model_FP32.tflite,243B1F02648873F9_20260412_031500_chunk_011.wav,6600,435,438
7038,7041,Turdus merula,Eurasian Blackbird,0.2711,243B1F02648873F9_20260412_031500.WAV,14,0.0,1.0,0.25,BirdNET_GLOBAL_6K_V2.4_Model_FP32.tflite,243B1F02648873F9_20260412_031500_chunk_011.wav,6600,438,441
7044,7047,Turdus merula,Eurasian Blackbird,0.2819,243B1F02648873F9_20260412_031500.WAV,14,0.0,1.0,0.25,BirdNET_GLOBAL_6K_V2.4_Model_FP32.tflite,243B1F02648873F9_20260412_031500_chunk_011.wav,6600,444,447
7047,7050,Turdus merula,Eurasian Blackbird,0.2698,243B1F02648873F9_20260412_031500.WAV,14,0.0,1.0,0.25,BirdNET_GLOBAL_6K_V2.4_Model_FP32.tflite,243B1F02648873F9_20260412_031500_chunk_011.wav,6600,447,450
7053,7056,Troglodytes troglodytes,Eurasian Wren,0.4236,243B1F02648873F9_20260412_031500.WAV,14,0.0,1.0,0.25,BirdNET_GLOBAL_6K_V2.4_Model_FP32.tflite,243B1F02648873F9_20260412_031500_chunk_011.wav,6600,453,456
7056,7059,Troglodytes troglodytes,Eurasian Wren,0.6122,243B1F02648873F9_20260412_031500.WAV,14,0.0,1.0,0.25,BirdNET_GLOBAL_6K_V2.4_Model_FP32.tflite,243B1F02648873F9_20260412_031500_chunk_011.wav,6600,456,459
7059,7062,Troglodytes troglodytes,Eurasian Wren,0.6534,243B1F02648873F9_20260412_031500.WAV,14,0.0,1.0,0.25,BirdNET_GLOBAL_6K_V2.4_Model_FP32.tflite,243B1F02648873F9_20260412_031500_chunk_011.wav,6600,459,462
7062,7065,Certhia familiaris,Eurasian Treecreeper,0.3382,243B1F02648873F9_20260412_031500.WAV,14,0.0,1.0,0.25,BirdNET_GLOBAL_6K_V2.4_Model_FP32.tflite,243B1F02648873F9_20260412_031500_chunk_011.wav,6600,462,465
7074,7077,Turdus merula,Eurasian Blackbird,0.3998,243B1F02648873F9_20260412_031500.WAV,14,0.0,1.0,0.25,BirdNET_GLOBAL_6K_V2.4_Model_FP32.tflite,243B1F02648873F9_20260412_031500_chunk_011.wav,6600,474,477
7095,7098,Larus argentatus,Herring Gull,0.3626,243B1F02648873F9_20260412_031500.WAV,14,0.0,1.0,0.25,BirdNET_GLOBAL_6K_V2.4_Model_FP32.tflite,243B1F02648873F9_20260412_031500_chunk_011.wav,6600,495,498
7125,7128,Parus major,Great Tit,0.7462,243B1F02648873F9_20260412_031500.WAV,14,0.0,1.0,0.25,BirdNET_GLOBAL_6K_V2.4_Model_FP32.tflite,243B1F02648873F9_20260412_031500_chunk_011.wav,6600,525,528
7128,7131,Parus major,Great Tit,0.8152,243B1F02648873F9_20260412_031500.WAV,14,0.0,1.0,0.25,BirdNET_GLOBAL_6K_V2.4_Model_FP32.tflite,243B1F02648873F9_20260412_031500_chunk_011.wav,6600,528,531
7131,7134,Parus major,Great Tit,0.6232,243B1F02648873F9_20260412_031500.WAV,14,0.0,1.0,0.25,BirdNET_GLOBAL_6K_V2.4_Model_FP32.tflite,243B1F02648873F9_20260412_031500_chunk_011.wav,6600,531,534
7137,7140,Parus major,Great Tit,0.2521,243B1F02648873F9_20260412_031500.WAV,14,0.0,1.0,0.25,BirdNET_GLOBAL_6K_V2.4_Model_FP32.tflite,243B1F02648873F9_20260412_031500_chunk_011.wav,6600,537,540
7140,7143,Erithacus rubecula,European Robin,0.5479,243B1F02648873F9_20260412_031500.WAV,14,0.0,1.0,0.25,BirdNET_GLOBAL_6K_V2.4_Model_FP32.tflite,243B1F02648873F9_20260412_031500_chunk_011.wav,6600,540,543
7143,7146,Erithacus rubecula,European Robin,0.3390,243B1F02648873F9_20260412_031500.WAV,14,0.0,1.0,0.25,BirdNET_GLOBAL_6K_V2.4_Model_FP32.tflite,243B1F02648873F9_20260412_031500_chunk_011.wav,6600,543,546
7158,7161,Erithacus rubecula,European Robin,0.8412,243B1F02648873F9_20260412_031500.WAV,14,0.0,1.0,0.25,BirdNET_GLOBAL_6K_V2.4_Model_FP32.tflite,243B1F02648873F9_20260412_031500_chunk_011.wav,6600,558,561
7167,7170,Parus major,Great Tit,0.4407,243B1F02648873F9_20260412_031500.WAV,14,0.0,1.0,0.25,BirdNET_GLOBAL_6K_V2.4_Model_FP32.tflite,243B1F02648873F9_20260412_031500_chunk_011.wav,6600,567,570
7173,7176,Parus major,Great Tit,0.2648,243B1F02648873F9_20260412_031500.WAV,14,0.0,1.0,0.25,BirdNET_GLOBAL_6K_V2.4_Model_FP32.tflite,243B1F02648873F9_20260412_031500_chunk_011.wav,6600,573,576
7176,7179,Parus major,Great Tit,0.7452,243B1F02648873F9_20260412_031500.WAV,14,0.0,1.0,0.25,BirdNET_GLOBAL_6K_V2.4_Model_FP32.tflite,243B1F02648873F9_20260412_031500_chunk_011.wav,6600,576,579
7182,7185,Parus major,Great Tit,0.5257,243B1F02648873F9_20260412_031500.WAV,14,0.0,1.0,0.25,BirdNET_GLOBAL_6K_V2.4_Model_FP32.tflite,243B1F02648873F9_20260412_031500_chunk_011.wav,6600,582,585
7185,7188,Parus major,Great Tit,0.5064,243B1F02648873F9_20260412_031500.WAV,14,0.0,1.0,0.25,BirdNET_GLOBAL_6K_V2.4_Model_FP32.tflite,243B1F02648873F9_20260412_031500_chunk_011.wav,6600,585,588
7191,7194,Parus major,Great Tit,0.6659,243B1F02648873F9_20260412_031500.WAV,14,0.0,1.0,0.25,BirdNET_GLOBAL_6K_V2.4_Model_FP32.tflite,243B1F02648873F9_20260412_031500_chunk_011.wav,6600,591,594
7194,7197,Parus major,Great Tit,0.3965,243B1F02648873F9_20260412_031500.WAV,14,0.0,1.0,0.25,BirdNET_GLOBAL_6K_V2.4_Model_FP32.tflite,243B1F02648873F9_20260412_031500_chunk_011.wav,6600,594,597
7197,7199.98,Parus major,Great Tit,0.6783,243B1F02648873F9_20260412_031500.WAV,14,0.0,1.0,0.25,BirdNET_GLOBAL_6K_V2.4_Model_FP32.tflite,243B1F02648873F9_20260412_031500_chunk_011.wav,6600,597,599.98
7200,7203,Parus major,Great Tit,0.5983,243B1F02648873F9_20260412_031500.WAV,14,0.0,1.0,0.25,BirdNET_GLOBAL_6K_V2.4_Model_FP32.tflite,243B1F02648873F9_20260412_031500_chunk_012.wav,7200,0,3
7212,7215,Parus major,Great Tit,0.6680,243B1F02648873F9_20260412_031500.WAV,14,0.0,1.0,0.25,BirdNET_GLOBAL_6K_V2.4_Model_FP32.tflite,243B1F02648873F9_20260412_031500_chunk_012.wav,7200,12,15
7218,7221,Parus major,Great Tit,0.7344,243B1F02648873F9_20260412_031500.WAV,14,0.0,1.0,0.25,BirdNET_GLOBAL_6K_V2.4_Model_FP32.tflite,243B1F02648873F9_20260412_031500_chunk_012.wav,7200,18,21
7221,7224,Parus major,Great Tit,0.6787,243B1F02648873F9_20260412_031500.WAV,14,0.0,1.0,0.25,BirdNET_GLOBAL_6K_V2.4_Model_FP32.tflite,243B1F02648873F9_20260412_031500_chunk_012.wav,7200,21,24
7224,7227,Parus major,Great Tit,0.2942,243B1F02648873F9_20260412_031500.WAV,14,0.0,1.0,0.25,BirdNET_GLOBAL_6K_V2.4_Model_FP32.tflite,243B1F02648873F9_20260412_031500_chunk_012.wav,7200,24,27
7227,7230,Parus major,Great Tit,0.7142,243B1F02648873F9_20260412_031500.WAV,14,0.0,1.0,0.25,BirdNET_GLOBAL_6K_V2.4_Model_FP32.tflite,243B1F02648873F9_20260412_031500_chunk_012.wav,7200,27,30
7230,7233,Turdus merula,Eurasian Blackbird,0.7309,243B1F02648873F9_20260412_031500.WAV,14,0.0,1.0,0.25,BirdNET_GLOBAL_6K_V2.4_Model_FP32.tflite,243B1F02648873F9_20260412_031500_chunk_012.wav,7200,30,33
7233,7236,Troglodytes troglodytes,Eurasian Wren,0.9816,243B1F02648873F9_20260412_031500.WAV,14,0.0,1.0,0.25,BirdNET_GLOBAL_6K_V2.4_Model_FP32.tflite,243B1F02648873F9_20260412_031500_chunk_012.wav,7200,33,36
7236,7239,Troglodytes troglodytes,Eurasian Wren,0.9975,243B1F02648873F9_20260412_031500.WAV,14,0.0,1.0,0.25,BirdNET_GLOBAL_6K_V2.4_Model_FP32.tflite,243B1F02648873F9_20260412_031500_chunk_012.wav,7200,36,39
7239,7242,Troglodytes troglodytes,Eurasian Wren,0.8448,243B1F02648873F9_20260412_031500.WAV,14,0.0,1.0,0.25,BirdNET_GLOBAL_6K_V2.4_Model_FP32.tflite,243B1F02648873F9_20260412_031500_chunk_012.wav,7200,39,42
7245,7248,Parus major,Great Tit,0.6534,243B1F02648873F9_20260412_031500.WAV,14,0.0,1.0,0.25,BirdNET_GLOBAL_6K_V2.4_Model_FP32.tflite,243B1F02648873F9_20260412_031500_chunk_012.wav,7200,45,48
7251,7254,Parus major,Great Tit,0.8220,243B1F02648873F9_20260412_031500.WAV,14,0.0,1.0,0.25,BirdNET_GLOBAL_6K_V2.4_Model_FP32.tflite,243B1F02648873F9_20260412_031500_chunk_012.wav,7200,51,54
7254,7257,Parus major,Great Tit,0.5719,243B1F02648873F9_20260412_031500.WAV,14,0.0,1.0,0.25,BirdNET_GLOBAL_6K_V2.4_Model_FP32.tflite,243B1F02648873F9_20260412_031500_chunk_012.wav,7200,54,57
7263,7266,Turdus merula,Eurasian Blackbird,0.3341,243B1F02648873F9_20260412_031500.WAV,14,0.0,1.0,0.25,BirdNET_GLOBAL_6K_V2.4_Model_FP32.tflite,243B1F02648873F9_20260412_031500_chunk_012.wav,7200,63,66
7269,7272,Parus major,Great Tit,0.7743,243B1F02648873F9_20260412_031500.WAV,14,0.0,1.0,0.25,BirdNET_GLOBAL_6K_V2.4_Model_FP32.tflite,243B1F02648873F9_20260412_031500_chunk_012.wav,7200,69,72
7278,7281,Troglodytes troglodytes,Eurasian Wren,0.4203,243B1F02648873F9_20260412_031500.WAV,14,0.0,1.0,0.25,BirdNET_GLOBAL_6K_V2.4_Model_FP32.tflite,243B1F02648873F9_20260412_031500_chunk_012.wav,7200,78,81
7281,7284,Troglodytes troglodytes,Eurasian Wren,0.9747,243B1F02648873F9_20260412_031500.WAV,14,0.0,1.0,0.25,BirdNET_GLOBAL_6K_V2.4_Model_FP32.tflite,243B1F02648873F9_20260412_031500_chunk_012.wav,7200,81,84
7284,7287,Troglodytes troglodytes,Eurasian Wren,0.9677,243B1F02648873F9_20260412_031500.WAV,14,0.0,1.0,0.25,BirdNET_GLOBAL_6K_V2.4_Model_FP32.tflite,243B1F02648873F9_20260412_031500_chunk_012.wav,7200,84,87
7293,7296,Troglodytes troglodytes,Eurasian Wren,0.8014,243B1F02648873F9_20260412_031500.WAV,14,0.0,1.0,0.25,BirdNET_GLOBAL_6K_V2.4_Model_FP32.tflite,243B1F02648873F9_20260412_031500_chunk_012.wav,7200,93,96
7296,7299,Troglodytes troglodytes,Eurasian Wren,0.9755,243B1F02648873F9_20260412_031500.WAV,14,0.0,1.0,0.25,BirdNET_GLOBAL_6K_V2.4_Model_FP32.tflite,243B1F02648873F9_20260412_031500_chunk_012.wav,7200,96,99
7299,7302,Troglodytes troglodytes,Eurasian Wren,0.9494,243B1F02648873F9_20260412_031500.WAV,14,0.0,1.0,0.25,BirdNET_GLOBAL_6K_V2.4_Model_FP32.tflite,243B1F02648873F9_20260412_031500_chunk_012.wav,7200,99,102
7302,7305,Turdus merula,Eurasian Blackbird,0.4404,243B1F02648873F9_20260412_031500.WAV,14,0.0,1.0,0.25,BirdNET_GLOBAL_6K_V2.4_Model_FP32.tflite,243B1F02648873F9_20260412_031500_chunk_012.wav,7200,102,105
7314,7317,Parus major,Great Tit,0.4344,243B1F02648873F9_20260412_031500.WAV,14,0.0,1.0,0.25,BirdNET_GLOBAL_6K_V2.4_Model_FP32.tflite,243B1F02648873F9_20260412_031500_chunk_012.wav,7200,114,117
7323,7326,Troglodytes troglodytes,Eurasian Wren,0.9716,243B1F02648873F9_20260412_031500.WAV,14,0.0,1.0,0.25,BirdNET_GLOBAL_6K_V2.4_Model_FP32.tflite,243B1F02648873F9_20260412_031500_chunk_012.wav,7200,123,126
7326,7329,Parus major,Great Tit,0.3673,243B1F02648873F9_20260412_031500.WAV,14,0.0,1.0,0.25,BirdNET_GLOBAL_6K_V2.4_Model_FP32.tflite,243B1F02648873F9_20260412_031500_chunk_012.wav,7200,126,129
7329,7332,Parus major,Great Tit,0.6748,243B1F02648873F9_20260412_031500.WAV,14,0.0,1.0,0.25,BirdNET_GLOBAL_6K_V2.4_Model_FP32.tflite,243B1F02648873F9_20260412_031500_chunk_012.wav,7200,129,132
7335,7338,Parus major,Great Tit,0.4745,243B1F02648873F9_20260412_031500.WAV,14,0.0,1.0,0.25,BirdNET_GLOBAL_6K_V2.4_Model_FP32.tflite,243B1F02648873F9_20260412_031500_chunk_012.wav,7200,135,138
7341,7344,Parus major,Great Tit,0.5164,243B1F02648873F9_20260412_031500.WAV,14,0.0,1.0,0.25,BirdNET_GLOBAL_6K_V2.4_Model_FP32.tflite,243B1F02648873F9_20260412_031500_chunk_012.wav,7200,141,144
7347,7350,Troglodytes troglodytes,Eurasian Wren,0.5802,243B1F02648873F9_20260412_031500.WAV,14,0.0,1.0,0.25,BirdNET_GLOBAL_6K_V2.4_Model_FP32.tflite,243B1F02648873F9_20260412_031500_chunk_012.wav,7200,147,150
7350,7353,Troglodytes troglodytes,Eurasian Wren,0.5993,243B1F02648873F9_20260412_031500.WAV,14,0.0,1.0,0.25,BirdNET_GLOBAL_6K_V2.4_Model_FP32.tflite,243B1F02648873F9_20260412_031500_chunk_012.wav,7200,150,153
7353,7356,Troglodytes troglodytes,Eurasian Wren,0.5619,243B1F02648873F9_20260412_031500.WAV,14,0.0,1.0,0.25,BirdNET_GLOBAL_6K_V2.4_Model_FP32.tflite,243B1F02648873F9_20260412_031500_chunk_012.wav,7200,153,156
7356,7359,Turdus merula,Eurasian Blackbird,0.5726,243B1F02648873F9_20260412_031500.WAV,14,0.0,1.0,0.25,BirdNET_GLOBAL_6K_V2.4_Model_FP32.tflite,243B1F02648873F9_20260412_031500_chunk_012.wav,7200,156,159
7359,7362,Turdus merula,Eurasian Blackbird,0.3208,243B1F02648873F9_20260412_031500.WAV,14,0.0,1.0,0.25,BirdNET_GLOBAL_6K_V2.4_Model_FP32.tflite,243B1F02648873F9_20260412_031500_chunk_012.wav,7200,159,162
7365,7368,Turdus merula,Eurasian Blackbird,0.2522,243B1F02648873F9_20260412_031500.WAV,14,0.0,1.0,0.25,BirdNET_GLOBAL_6K_V2.4_Model_FP32.tflite,243B1F02648873F9_20260412_031500_chunk_012.wav,7200,165,168
7371,7374,Larus fuscus,Lesser Black-backed Gull,0.4094,243B1F02648873F9_20260412_031500.WAV,14,0.0,1.0,0.25,BirdNET_GLOBAL_6K_V2.4_Model_FP32.tflite,243B1F02648873F9_20260412_031500_chunk_012.wav,7200,171,174
7377,7380,Turdus merula,Eurasian Blackbird,0.6204,243B1F02648873F9_20260412_031500.WAV,14,0.0,1.0,0.25,BirdNET_GLOBAL_6K_V2.4_Model_FP32.tflite,243B1F02648873F9_20260412_031500_chunk_012.wav,7200,177,180
7380,7383,Turdus merula,Eurasian Blackbird,0.7700,243B1F02648873F9_20260412_031500.WAV,14,0.0,1.0,0.25,BirdNET_GLOBAL_6K_V2.4_Model_FP32.tflite,243B1F02648873F9_20260412_031500_chunk_012.wav,7200,180,183
7386,7389,Turdus merula,Eurasian Blackbird,0.2513,243B1F02648873F9_20260412_031500.WAV,14,0.0,1.0,0.25,BirdNET_GLOBAL_6K_V2.4_Model_FP32.tflite,243B1F02648873F9_20260412_031500_chunk_012.wav,7200,186,189
7404,7407,Turdus merula,Eurasian Blackbird,0.2700,243B1F02648873F9_20260412_031500.WAV,14,0.0,1.0,0.25,BirdNET_GLOBAL_6K_V2.4_Model_FP32.tflite,243B1F02648873F9_20260412_031500_chunk_012.wav,7200,204,207
7413,7416,Turdus merula,Eurasian Blackbird,0.3044,243B1F02648873F9_20260412_031500.WAV,14,0.0,1.0,0.25,BirdNET_GLOBAL_6K_V2.4_Model_FP32.tflite,243B1F02648873F9_20260412_031500_chunk_012.wav,7200,213,216
7428,7431,Turdus merula,Eurasian Blackbird,0.3268,243B1F02648873F9_20260412_031500.WAV,14,0.0,1.0,0.25,BirdNET_GLOBAL_6K_V2.4_Model_FP32.tflite,243B1F02648873F9_20260412_031500_chunk_012.wav,7200,228,231
7431,7434,Turdus merula,Eurasian Blackbird,0.4964,243B1F02648873F9_20260412_031500.WAV,14,0.0,1.0,0.25,BirdNET_GLOBAL_6K_V2.4_Model_FP32.tflite,243B1F02648873F9_20260412_031500_chunk_012.wav,7200,231,234
7437,7440,Turdus merula,Eurasian Blackbird,0.9860,243B1F02648873F9_20260412_031500.WAV,14,0.0,1.0,0.25,BirdNET_GLOBAL_6K_V2.4_Model_FP32.tflite,243B1F02648873F9_20260412_031500_chunk_012.wav,7200,237,240
7440,7443,Turdus merula,Eurasian Blackbird,0.7100,243B1F02648873F9_20260412_031500.WAV,14,0.0,1.0,0.25,BirdNET_GLOBAL_6K_V2.4_Model_FP32.tflite,243B1F02648873F9_20260412_031500_chunk_012.wav,7200,240,243
7443,7446,Turdus merula,Eurasian Blackbird,0.9030,243B1F02648873F9_20260412_031500.WAV,14,0.0,1.0,0.25,BirdNET_GLOBAL_6K_V2.4_Model_FP32.tflite,243B1F02648873F9_20260412_031500_chunk_012.wav,7200,243,246
7446,7449,Turdus merula,Eurasian Blackbird,0.7968,243B1F02648873F9_20260412_031500.WAV,14,0.0,1.0,0.25,BirdNET_GLOBAL_6K_V2.4_Model_FP32.tflite,243B1F02648873F9_20260412_031500_chunk_012.wav,7200,246,249
7449,7452,Turdus merula,Eurasian Blackbird,0.2836,243B1F02648873F9_20260412_031500.WAV,14,0.0,1.0,0.25,BirdNET_GLOBAL_6K_V2.4_Model_FP32.tflite,243B1F02648873F9_20260412_031500_chunk_012.wav,7200,249,252
7452,7455,Turdus merula,Eurasian Blackbird,0.9933,243B1F02648873F9_20260412_031500.WAV,14,0.0,1.0,0.25,BirdNET_GLOBAL_6K_V2.4_Model_FP32.tflite,243B1F02648873F9_20260412_031500_chunk_012.wav,7200,252,255
7458,7461,Parus major,Great Tit,0.8602,243B1F02648873F9_20260412_031500.WAV,14,0.0,1.0,0.25,BirdNET_GLOBAL_6K_V2.4_Model_FP32.tflite,243B1F02648873F9_20260412_031500_chunk_012.wav,7200,258,261
7461,7464,Parus major,Great Tit,0.5711,243B1F02648873F9_20260412_031500.WAV,14,0.0,1.0,0.25,BirdNET_GLOBAL_6K_V2.4_Model_FP32.tflite,243B1F02648873F9_20260412_031500_chunk_012.wav,7200,261,264
7461,7464,Turdus merula,Eurasian Blackbird,0.5491,243B1F02648873F9_20260412_031500.WAV,14,0.0,1.0,0.25,BirdNET_GLOBAL_6K_V2.4_Model_FP32.tflite,243B1F02648873F9_20260412_031500_chunk_012.wav,7200,261,264
7464,7467,Parus major,Great Tit,0.9067,243B1F02648873F9_20260412_031500.WAV,14,0.0,1.0,0.25,BirdNET_GLOBAL_6K_V2.4_Model_FP32.tflite,243B1F02648873F9_20260412_031500_chunk_012.wav,7200,264,267
7467,7470,Parus major,Great Tit,0.5065,243B1F02648873F9_20260412_031500.WAV,14,0.0,1.0,0.25,BirdNET_GLOBAL_6K_V2.4_Model_FP32.tflite,243B1F02648873F9_20260412_031500_chunk_012.wav,7200,267,270
7470,7473,Parus major,Great Tit,0.9970,243B1F02648873F9_20260412_031500.WAV,14,0.0,1.0,0.25,BirdNET_GLOBAL_6K_V2.4_Model_FP32.tflite,243B1F02648873F9_20260412_031500_chunk_012.wav,7200,270,273
7473,7476,Parus major,Great Tit,0.8338,243B1F02648873F9_20260412_031500.WAV,14,0.0,1.0,0.25,BirdNET_GLOBAL_6K_V2.4_Model_FP32.tflite,243B1F02648873F9_20260412_031500_chunk_012.wav,7200,273,276
7476,7479,Parus major,Great Tit,0.7950,243B1F02648873F9_20260412_031500.WAV,14,0.0,1.0,0.25,BirdNET_GLOBAL_6K_V2.4_Model_FP32.tflite,243B1F02648873F9_20260412_031500_chunk_012.wav,7200,276,279
7479,7482,Turdus merula,Eurasian Blackbird,0.7590,243B1F02648873F9_20260412_031500.WAV,14,0.0,1.0,0.25,BirdNET_GLOBAL_6K_V2.4_Model_FP32.tflite,243B1F02648873F9_20260412_031500_chunk_012.wav,7200,279,282
7479,7482,Parus major,Great Tit,0.6497,243B1F02648873F9_20260412_031500.WAV,14,0.0,1.0,0.25,BirdNET_GLOBAL_6K_V2.4_Model_FP32.tflite,243B1F02648873F9_20260412_031500_chunk_012.wav,7200,279,282
7482,7485,Parus major,Great Tit,0.7735,243B1F02648873F9_20260412_031500.WAV,14,0.0,1.0,0.25,BirdNET_GLOBAL_6K_V2.4_Model_FP32.tflite,243B1F02648873F9_20260412_031500_chunk_012.wav,7200,282,285
7485,7488,Parus major,Great Tit,0.8778,243B1F02648873F9_20260412_031500.WAV,14,0.0,1.0,0.25,BirdNET_GLOBAL_6K_V2.4_Model_FP32.tflite,243B1F02648873F9_20260412_031500_chunk_012.wav,7200,285,288
7485,7488,Turdus merula,Eurasian Blackbird,0.3398,243B1F02648873F9_20260412_031500.WAV,14,0.0,1.0,0.25,BirdNET_GLOBAL_6K_V2.4_Model_FP32.tflite,243B1F02648873F9_20260412_031500_chunk_012.wav,7200,285,288
7485,7488,Turdus viscivorus,Mistle Thrush,0.2665,243B1F02648873F9_20260412_031500.WAV,14,0.0,1.0,0.25,BirdNET_GLOBAL_6K_V2.4_Model_FP32.tflite,243B1F02648873F9_20260412_031500_chunk_012.wav,7200,285,288
7491,7494,Turdus merula,Eurasian Blackbird,0.6317,243B1F02648873F9_20260412_031500.WAV,14,0.0,1.0,0.25,BirdNET_GLOBAL_6K_V2.4_Model_FP32.tflite,243B1F02648873F9_20260412_031500_chunk_012.wav,7200,291,294
7494,7497,Turdus merula,Eurasian Blackbird,0.2778,243B1F02648873F9_20260412_031500.WAV,14,0.0,1.0,0.25,BirdNET_GLOBAL_6K_V2.4_Model_FP32.tflite,243B1F02648873F9_20260412_031500_chunk_012.wav,7200,294,297
7497,7500,Turdus merula,Eurasian Blackbird,0.5518,243B1F02648873F9_20260412_031500.WAV,14,0.0,1.0,0.25,BirdNET_GLOBAL_6K_V2.4_Model_FP32.tflite,243B1F02648873F9_20260412_031500_chunk_012.wav,7200,297,300
7497,7500,Parus major,Great Tit,0.4015,243B1F02648873F9_20260412_031500.WAV,14,0.0,1.0,0.25,BirdNET_GLOBAL_6K_V2.4_Model_FP32.tflite,243B1F02648873F9_20260412_031500_chunk_012.wav,7200,297,300
7500,7503,Turdus merula,Eurasian Blackbird,0.7705,243B1F02648873F9_20260412_031500.WAV,14,0.0,1.0,0.25,BirdNET_GLOBAL_6K_V2.4_Model_FP32.tflite,243B1F02648873F9_20260412_031500_chunk_012.wav,7200,300,303
7500,7503,Parus major,Great Tit,0.7101,243B1F02648873F9_20260412_031500.WAV,14,0.0,1.0,0.25,BirdNET_GLOBAL_6K_V2.4_Model_FP32.tflite,243B1F02648873F9_20260412_031500_chunk_012.wav,7200,300,303
7503,7506,Turdus merula,Eurasian Blackbird,0.4840,243B1F02648873F9_20260412_031500.WAV,14,0.0,1.0,0.25,BirdNET_GLOBAL_6K_V2.4_Model_FP32.tflite,243B1F02648873F9_20260412_031500_chunk_012.wav,7200,303,306
7509,7512,Parus major,Great Tit,0.3402,243B1F02648873F9_20260412_031500.WAV,14,0.0,1.0,0.25,BirdNET_GLOBAL_6K_V2.4_Model_FP32.tflite,243B1F02648873F9_20260412_031500_chunk_012.wav,7200,309,312
7512,7515,Turdus merula,Eurasian Blackbird,0.7359,243B1F02648873F9_20260412_031500.WAV,14,0.0,1.0,0.25,BirdNET_GLOBAL_6K_V2.4_Model_FP32.tflite,243B1F02648873F9_20260412_031500_chunk_012.wav,7200,312,315
7512,7515,Parus major,Great Tit,0.7160,243B1F02648873F9_20260412_031500.WAV,14,0.0,1.0,0.25,BirdNET_GLOBAL_6K_V2.4_Model_FP32.tflite,243B1F02648873F9_20260412_031500_chunk_012.wav,7200,312,315
7515,7518,Parus major,Great Tit,0.7205,243B1F02648873F9_20260412_031500.WAV,14,0.0,1.0,0.25,BirdNET_GLOBAL_6K_V2.4_Model_FP32.tflite,243B1F02648873F9_20260412_031500_chunk_012.wav,7200,315,318
7518,7521,Parus major,Great Tit,0.3939,243B1F02648873F9_20260412_031500.WAV,14,0.0,1.0,0.25,BirdNET_GLOBAL_6K_V2.4_Model_FP32.tflite,243B1F02648873F9_20260412_031500_chunk_012.wav,7200,318,321
7518,7521,Turdus merula,Eurasian Blackbird,0.3816,243B1F02648873F9_20260412_031500.WAV,14,0.0,1.0,0.25,BirdNET_GLOBAL_6K_V2.4_Model_FP32.tflite,243B1F02648873F9_20260412_031500_chunk_012.wav,7200,318,321
7521,7524,Parus major,Great Tit,0.4122,243B1F02648873F9_20260412_031500.WAV,14,0.0,1.0,0.25,BirdNET_GLOBAL_6K_V2.4_Model_FP32.tflite,243B1F02648873F9_20260412_031500_chunk_012.wav,7200,321,324
7524,7527,Parus major,Great Tit,0.8805,243B1F02648873F9_20260412_031500.WAV,14,0.0,1.0,0.25,BirdNET_GLOBAL_6K_V2.4_Model_FP32.tflite,243B1F02648873F9_20260412_031500_chunk_012.wav,7200,324,327
7527,7530,Turdus merula,Eurasian Blackbird,0.8206,243B1F02648873F9_20260412_031500.WAV,14,0.0,1.0,0.25,BirdNET_GLOBAL_6K_V2.4_Model_FP32.tflite,243B1F02648873F9_20260412_031500_chunk_012.wav,7200,327,330
7527,7530,Parus major,Great Tit,0.3687,243B1F02648873F9_20260412_031500.WAV,14,0.0,1.0,0.25,BirdNET_GLOBAL_6K_V2.4_Model_FP32.tflite,243B1F02648873F9_20260412_031500_chunk_012.wav,7200,327,330
7530,7533,Turdus merula,Eurasian Blackbird,0.7715,243B1F02648873F9_20260412_031500.WAV,14,0.0,1.0,0.25,BirdNET_GLOBAL_6K_V2.4_Model_FP32.tflite,243B1F02648873F9_20260412_031500_chunk_012.wav,7200,330,333
7530,7533,Parus major,Great Tit,0.5655,243B1F02648873F9_20260412_031500.WAV,14,0.0,1.0,0.25,BirdNET_GLOBAL_6K_V2.4_Model_FP32.tflite,243B1F02648873F9_20260412_031500_chunk_012.wav,7200,330,333
7533,7536,Parus major,Great Tit,0.7890,243B1F02648873F9_20260412_031500.WAV,14,0.0,1.0,0.25,BirdNET_GLOBAL_6K_V2.4_Model_FP32.tflite,243B1F02648873F9_20260412_031500_chunk_012.wav,7200,333,336
7536,7539,Parus major,Great Tit,0.7587,243B1F02648873F9_20260412_031500.WAV,14,0.0,1.0,0.25,BirdNET_GLOBAL_6K_V2.4_Model_FP32.tflite,243B1F02648873F9_20260412_031500_chunk_012.wav,7200,336,339
7536,7539,Turdus merula,Eurasian Blackbird,0.5063,243B1F02648873F9_20260412_031500.WAV,14,0.0,1.0,0.25,BirdNET_GLOBAL_6K_V2.4_Model_FP32.tflite,243B1F02648873F9_20260412_031500_chunk_012.wav,7200,336,339
7539,7542,Turdus merula,Eurasian Blackbird,0.9647,243B1F02648873F9_20260412_031500.WAV,14,0.0,1.0,0.25,BirdNET_GLOBAL_6K_V2.4_Model_FP32.tflite,243B1F02648873F9_20260412_031500_chunk_012.wav,7200,339,342
7542,7545,Parus major,Great Tit,0.8962,243B1F02648873F9_20260412_031500.WAV,14,0.0,1.0,0.25,BirdNET_GLOBAL_6K_V2.4_Model_FP32.tflite,243B1F02648873F9_20260412_031500_chunk_012.wav,7200,342,345
7545,7548,Turdus viscivorus,Mistle Thrush,0.7001,243B1F02648873F9_20260412_031500.WAV,14,0.0,1.0,0.25,BirdNET_GLOBAL_6K_V2.4_Model_FP32.tflite,243B1F02648873F9_20260412_031500_chunk_012.wav,7200,345,348
7545,7548,Parus major,Great Tit,0.3454,243B1F02648873F9_20260412_031500.WAV,14,0.0,1.0,0.25,BirdNET_GLOBAL_6K_V2.4_Model_FP32.tflite,243B1F02648873F9_20260412_031500_chunk_012.wav,7200,345,348
7548,7551,Turdus viscivorus,Mistle Thrush,0.4488,243B1F02648873F9_20260412_031500.WAV,14,0.0,1.0,0.25,BirdNET_GLOBAL_6K_V2.4_Model_FP32.tflite,243B1F02648873F9_20260412_031500_chunk_012.wav,7200,348,351
7551,7554,Parus major,Great Tit,0.9462,243B1F02648873F9_20260412_031500.WAV,14,0.0,1.0,0.25,BirdNET_GLOBAL_6K_V2.4_Model_FP32.tflite,243B1F02648873F9_20260412_031500_chunk_012.wav,7200,351,354
7554,7557,Turdus viscivorus,Mistle Thrush,0.7173,243B1F02648873F9_20260412_031500.WAV,14,0.0,1.0,0.25,BirdNET_GLOBAL_6K_V2.4_Model_FP32.tflite,243B1F02648873F9_20260412_031500_chunk_012.wav,7200,354,357
7554,7557,Parus major,Great Tit,0.4248,243B1F02648873F9_20260412_031500.WAV,14,0.0,1.0,0.25,BirdNET_GLOBAL_6K_V2.4_Model_FP32.tflite,243B1F02648873F9_20260412_031500_chunk_012.wav,7200,354,357
7557,7560,Parus major,Great Tit,0.8940,243B1F02648873F9_20260412_031500.WAV,14,0.0,1.0,0.25,BirdNET_GLOBAL_6K_V2.4_Model_FP32.tflite,243B1F02648873F9_20260412_031500_chunk_012.wav,7200,357,360
7560,7563,Turdus merula,Eurasian Blackbird,0.5290,243B1F02648873F9_20260412_031500.WAV,14,0.0,1.0,0.25,BirdNET_GLOBAL_6K_V2.4_Model_FP32.tflite,243B1F02648873F9_20260412_031500_chunk_012.wav,7200,360,363
7560,7563,Parus major,Great Tit,0.3728,243B1F02648873F9_20260412_031500.WAV,14,0.0,1.0,0.25,BirdNET_GLOBAL_6K_V2.4_Model_FP32.tflite,243B1F02648873F9_20260412_031500_chunk_012.wav,7200,360,363
7569,7572,Turdus merula,Eurasian Blackbird,0.8247,243B1F02648873F9_20260412_031500.WAV,14,0.0,1.0,0.25,BirdNET_GLOBAL_6K_V2.4_Model_FP32.tflite,243B1F02648873F9_20260412_031500_chunk_012.wav,7200,369,372
7572,7575,Parus major,Great Tit,0.9688,243B1F02648873F9_20260412_031500.WAV,14,0.0,1.0,0.25,BirdNET_GLOBAL_6K_V2.4_Model_FP32.tflite,243B1F02648873F9_20260412_031500_chunk_012.wav,7200,372,375
7575,7578,Turdus merula,Eurasian Blackbird,0.7572,243B1F02648873F9_20260412_031500.WAV,14,0.0,1.0,0.25,BirdNET_GLOBAL_6K_V2.4_Model_FP32.tflite,243B1F02648873F9_20260412_031500_chunk_012.wav,7200,375,378
7578,7581,Turdus merula,Eurasian Blackbird,0.8819,243B1F02648873F9_20260412_031500.WAV,14,0.0,1.0,0.25,BirdNET_GLOBAL_6K_V2.4_Model_FP32.tflite,243B1F02648873F9_20260412_031500_chunk_012.wav,7200,378,381
7581,7584,Parus major,Great Tit,0.7001,243B1F02648873F9_20260412_031500.WAV,14,0.0,1.0,0.25,BirdNET_GLOBAL_6K_V2.4_Model_FP32.tflite,243B1F02648873F9_20260412_031500_chunk_012.wav,7200,381,384
7584,7587,Turdus merula,Eurasian Blackbird,0.4769,243B1F02648873F9_20260412_031500.WAV,14,0.0,1.0,0.25,BirdNET_GLOBAL_6K_V2.4_Model_FP32.tflite,243B1F02648873F9_20260412_031500_chunk_012.wav,7200,384,387
7584,7587,Parus major,Great Tit,0.4720,243B1F02648873F9_20260412_031500.WAV,14,0.0,1.0,0.25,BirdNET_GLOBAL_6K_V2.4_Model_FP32.tflite,243B1F02648873F9_20260412_031500_chunk_012.wav,7200,384,387
7587,7590,Parus major,Great Tit,0.9450,243B1F02648873F9_20260412_031500.WAV,14,0.0,1.0,0.25,BirdNET_GLOBAL_6K_V2.4_Model_FP32.tflite,243B1F02648873F9_20260412_031500_chunk_012.wav,7200,387,390
7590,7593,Turdus merula,Eurasian Blackbird,0.9592,243B1F02648873F9_20260412_031500.WAV,14,0.0,1.0,0.25,BirdNET_GLOBAL_6K_V2.4_Model_FP32.tflite,243B1F02648873F9_20260412_031500_chunk_012.wav,7200,390,393
7590,7593,Turdus viscivorus,Mistle Thrush,0.3281,243B1F02648873F9_20260412_031500.WAV,14,0.0,1.0,0.25,BirdNET_GLOBAL_6K_V2.4_Model_FP32.tflite,243B1F02648873F9_20260412_031500_chunk_012.wav,7200,390,393
7593,7596,Turdus merula,Eurasian Blackbird,0.9630,243B1F02648873F9_20260412_031500.WAV,14,0.0,1.0,0.25,BirdNET_GLOBAL_6K_V2.4_Model_FP32.tflite,243B1F02648873F9_20260412_031500_chunk_012.wav,7200,393,396
7596,7599,Turdus merula,Eurasian Blackbird,0.7372,243B1F02648873F9_20260412_031500.WAV,14,0.0,1.0,0.25,BirdNET_GLOBAL_6K_V2.4_Model_FP32.tflite,243B1F02648873F9_20260412_031500_chunk_012.wav,7200,396,399
7596,7599,Parus major,Great Tit,0.5617,243B1F02648873F9_20260412_031500.WAV,14,0.0,1.0,0.25,BirdNET_GLOBAL_6K_V2.4_Model_FP32.tflite,243B1F02648873F9_20260412_031500_chunk_012.wav,7200,396,399
7599,7602,Turdus merula,Eurasian Blackbird,0.5398,243B1F02648873F9_20260412_031500.WAV,14,0.0,1.0,0.25,BirdNET_GLOBAL_6K_V2.4_Model_FP32.tflite,243B1F02648873F9_20260412_031500_chunk_012.wav,7200,399,402
7602,7605,Turdus merula,Eurasian Blackbird,0.8398,243B1F02648873F9_20260412_031500.WAV,14,0.0,1.0,0.25,BirdNET_GLOBAL_6K_V2.4_Model_FP32.tflite,243B1F02648873F9_20260412_031500_chunk_012.wav,7200,402,405
7602,7605,Parus major,Great Tit,0.5953,243B1F02648873F9_20260412_031500.WAV,14,0.0,1.0,0.25,BirdNET_GLOBAL_6K_V2.4_Model_FP32.tflite,243B1F02648873F9_20260412_031500_chunk_012.wav,7200,402,405
7605,7608,Turdus merula,Eurasian Blackbird,0.3774,243B1F02648873F9_20260412_031500.WAV,14,0.0,1.0,0.25,BirdNET_GLOBAL_6K_V2.4_Model_FP32.tflite,243B1F02648873F9_20260412_031500_chunk_012.wav,7200,405,408
7608,7611,Turdus merula,Eurasian Blackbird,0.8630,243B1F02648873F9_20260412_031500.WAV,14,0.0,1.0,0.25,BirdNET_GLOBAL_6K_V2.4_Model_FP32.tflite,243B1F02648873F9_20260412_031500_chunk_012.wav,7200,408,411
7608,7611,Turdus viscivorus,Mistle Thrush,0.7724,243B1F02648873F9_20260412_031500.WAV,14,0.0,1.0,0.25,BirdNET_GLOBAL_6K_V2.4_Model_FP32.tflite,243B1F02648873F9_20260412_031500_chunk_012.wav,7200,408,411
7608,7611,Parus major,Great Tit,0.4667,243B1F02648873F9_20260412_031500.WAV,14,0.0,1.0,0.25,BirdNET_GLOBAL_6K_V2.4_Model_FP32.tflite,243B1F02648873F9_20260412_031500_chunk_012.wav,7200,408,411
7611,7614,Turdus merula,Eurasian Blackbird,0.6993,243B1F02648873F9_20260412_031500.WAV,14,0.0,1.0,0.25,BirdNET_GLOBAL_6K_V2.4_Model_FP32.tflite,243B1F02648873F9_20260412_031500_chunk_012.wav,7200,411,414
7614,7617,Parus major,Great Tit,0.9806,243B1F02648873F9_20260412_031500.WAV,14,0.0,1.0,0.25,BirdNET_GLOBAL_6K_V2.4_Model_FP32.tflite,243B1F02648873F9_20260412_031500_chunk_012.wav,7200,414,417
7617,7620,Parus major,Great Tit,0.4955,243B1F02648873F9_20260412_031500.WAV,14,0.0,1.0,0.25,BirdNET_GLOBAL_6K_V2.4_Model_FP32.tflite,243B1F02648873F9_20260412_031500_chunk_012.wav,7200,417,420
7617,7620,Turdus merula,Eurasian Blackbird,0.4368,243B1F02648873F9_20260412_031500.WAV,14,0.0,1.0,0.25,BirdNET_GLOBAL_6K_V2.4_Model_FP32.tflite,243B1F02648873F9_20260412_031500_chunk_012.wav,7200,417,420
7620,7623,Turdus merula,Eurasian Blackbird,0.4053,243B1F02648873F9_20260412_031500.WAV,14,0.0,1.0,0.25,BirdNET_GLOBAL_6K_V2.4_Model_FP32.tflite,243B1F02648873F9_20260412_031500_chunk_012.wav,7200,420,423
7623,7626,Parus major,Great Tit,0.7932,243B1F02648873F9_20260412_031500.WAV,14,0.0,1.0,0.25,BirdNET_GLOBAL_6K_V2.4_Model_FP32.tflite,243B1F02648873F9_20260412_031500_chunk_012.wav,7200,423,426
7626,7629,Parus major,Great Tit,0.8979,243B1F02648873F9_20260412_031500.WAV,14,0.0,1.0,0.25,BirdNET_GLOBAL_6K_V2.4_Model_FP32.tflite,243B1F02648873F9_20260412_031500_chunk_012.wav,7200,426,429
7629,7632,Turdus merula,Eurasian Blackbird,0.9067,243B1F02648873F9_20260412_031500.WAV,14,0.0,1.0,0.25,BirdNET_GLOBAL_6K_V2.4_Model_FP32.tflite,243B1F02648873F9_20260412_031500_chunk_012.wav,7200,429,432
7632,7635,Parus major,Great Tit,0.8741,243B1F02648873F9_20260412_031500.WAV,14,0.0,1.0,0.25,BirdNET_GLOBAL_6K_V2.4_Model_FP32.tflite,243B1F02648873F9_20260412_031500_chunk_012.wav,7200,432,435
7635,7638,Turdus viscivorus,Mistle Thrush,0.9489,243B1F02648873F9_20260412_031500.WAV,14,0.0,1.0,0.25,BirdNET_GLOBAL_6K_V2.4_Model_FP32.tflite,243B1F02648873F9_20260412_031500_chunk_012.wav,7200,435,438
7635,7638,Turdus merula,Eurasian Blackbird,0.3358,243B1F02648873F9_20260412_031500.WAV,14,0.0,1.0,0.25,BirdNET_GLOBAL_6K_V2.4_Model_FP32.tflite,243B1F02648873F9_20260412_031500_chunk_012.wav,7200,435,438
7638,7641,Turdus merula,Eurasian Blackbird,0.5421,243B1F02648873F9_20260412_031500.WAV,14,0.0,1.0,0.25,BirdNET_GLOBAL_6K_V2.4_Model_FP32.tflite,243B1F02648873F9_20260412_031500_chunk_012.wav,7200,438,441
7638,7641,Parus major,Great Tit,0.4678,243B1F02648873F9_20260412_031500.WAV,14,0.0,1.0,0.25,BirdNET_GLOBAL_6K_V2.4_Model_FP32.tflite,243B1F02648873F9_20260412_031500_chunk_012.wav,7200,438,441
7641,7644,Turdus merula,Eurasian Blackbird,0.5786,243B1F02648873F9_20260412_031500.WAV,14,0.0,1.0,0.25,BirdNET_GLOBAL_6K_V2.4_Model_FP32.tflite,243B1F02648873F9_20260412_031500_chunk_012.wav,7200,441,444
7647,7650,Parus major,Great Tit,0.4208,243B1F02648873F9_20260412_031500.WAV,14,0.0,1.0,0.25,BirdNET_GLOBAL_6K_V2.4_Model_FP32.tflite,243B1F02648873F9_20260412_031500_chunk_012.wav,7200,447,450
7650,7653,Turdus merula,Eurasian Blackbird,0.4641,243B1F02648873F9_20260412_031500.WAV,14,0.0,1.0,0.25,BirdNET_GLOBAL_6K_V2.4_Model_FP32.tflite,243B1F02648873F9_20260412_031500_chunk_012.wav,7200,450,453
7650,7653,Parus major,Great Tit,0.3788,243B1F02648873F9_20260412_031500.WAV,14,0.0,1.0,0.25,BirdNET_GLOBAL_6K_V2.4_Model_FP32.tflite,243B1F02648873F9_20260412_031500_chunk_012.wav,7200,450,453
7653,7656,Parus major,Great Tit,0.8908,243B1F02648873F9_20260412_031500.WAV,14,0.0,1.0,0.25,BirdNET_GLOBAL_6K_V2.4_Model_FP32.tflite,243B1F02648873F9_20260412_031500_chunk_012.wav,7200,453,456
7656,7659,Turdus merula,Eurasian Blackbird,0.7993,243B1F02648873F9_20260412_031500.WAV,14,0.0,1.0,0.25,BirdNET_GLOBAL_6K_V2.4_Model_FP32.tflite,243B1F02648873F9_20260412_031500_chunk_012.wav,7200,456,459
7662,7665,Parus major,Great Tit,0.3635,243B1F02648873F9_20260412_031500.WAV,14,0.0,1.0,0.25,BirdNET_GLOBAL_6K_V2.4_Model_FP32.tflite,243B1F02648873F9_20260412_031500_chunk_012.wav,7200,462,465
7662,7665,Turdus merula,Eurasian Blackbird,0.2989,243B1F02648873F9_20260412_031500.WAV,14,0.0,1.0,0.25,BirdNET_GLOBAL_6K_V2.4_Model_FP32.tflite,243B1F02648873F9_20260412_031500_chunk_012.wav,7200,462,465
7665,7668,Parus major,Great Tit,0.2852,243B1F02648873F9_20260412_031500.WAV,14,0.0,1.0,0.25,BirdNET_GLOBAL_6K_V2.4_Model_FP32.tflite,243B1F02648873F9_20260412_031500_chunk_012.wav,7200,465,468
7668,7671,Turdus merula,Eurasian Blackbird,0.4645,243B1F02648873F9_20260412_031500.WAV,14,0.0,1.0,0.25,BirdNET_GLOBAL_6K_V2.4_Model_FP32.tflite,243B1F02648873F9_20260412_031500_chunk_012.wav,7200,468,471
7668,7671,Parus major,Great Tit,0.3262,243B1F02648873F9_20260412_031500.WAV,14,0.0,1.0,0.25,BirdNET_GLOBAL_6K_V2.4_Model_FP32.tflite,243B1F02648873F9_20260412_031500_chunk_012.wav,7200,468,471
7671,7674,Turdus merula,Eurasian Blackbird,0.5788,243B1F02648873F9_20260412_031500.WAV,14,0.0,1.0,0.25,BirdNET_GLOBAL_6K_V2.4_Model_FP32.tflite,243B1F02648873F9_20260412_031500_chunk_012.wav,7200,471,474
7674,7677,Erithacus rubecula,European Robin,0.5606,243B1F02648873F9_20260412_031500.WAV,14,0.0,1.0,0.25,BirdNET_GLOBAL_6K_V2.4_Model_FP32.tflite,243B1F02648873F9_20260412_031500_chunk_012.wav,7200,474,477
7674,7677,Turdus merula,Eurasian Blackbird,0.4771,243B1F02648873F9_20260412_031500.WAV,14,0.0,1.0,0.25,BirdNET_GLOBAL_6K_V2.4_Model_FP32.tflite,243B1F02648873F9_20260412_031500_chunk_012.wav,7200,474,477
7677,7680,Turdus merula,Eurasian Blackbird,0.6863,243B1F02648873F9_20260412_031500.WAV,14,0.0,1.0,0.25,BirdNET_GLOBAL_6K_V2.4_Model_FP32.tflite,243B1F02648873F9_20260412_031500_chunk_012.wav,7200,477,480
7677,7680,Parus major,Great Tit,0.4495,243B1F02648873F9_20260412_031500.WAV,14,0.0,1.0,0.25,BirdNET_GLOBAL_6K_V2.4_Model_FP32.tflite,243B1F02648873F9_20260412_031500_chunk_012.wav,7200,477,480
7680,7683,Parus major,Great Tit,0.6485,243B1F02648873F9_20260412_031500.WAV,14,0.0,1.0,0.25,BirdNET_GLOBAL_6K_V2.4_Model_FP32.tflite,243B1F02648873F9_20260412_031500_chunk_012.wav,7200,480,483
7683,7686,Erithacus rubecula,European Robin,0.6552,243B1F02648873F9_20260412_031500.WAV,14,0.0,1.0,0.25,BirdNET_GLOBAL_6K_V2.4_Model_FP32.tflite,243B1F02648873F9_20260412_031500_chunk_012.wav,7200,483,486
7683,7686,Parus major,Great Tit,0.4777,243B1F02648873F9_20260412_031500.WAV,14,0.0,1.0,0.25,BirdNET_GLOBAL_6K_V2.4_Model_FP32.tflite,243B1F02648873F9_20260412_031500_chunk_012.wav,7200,483,486
7686,7689,Turdus merula,Eurasian Blackbird,0.8546,243B1F02648873F9_20260412_031500.WAV,14,0.0,1.0,0.25,BirdNET_GLOBAL_6K_V2.4_Model_FP32.tflite,243B1F02648873F9_20260412_031500_chunk_012.wav,7200,486,489
7686,7689,Turdus viscivorus,Mistle Thrush,0.4415,243B1F02648873F9_20260412_031500.WAV,14,0.0,1.0,0.25,BirdNET_GLOBAL_6K_V2.4_Model_FP32.tflite,243B1F02648873F9_20260412_031500_chunk_012.wav,7200,486,489
7689,7692,Turdus merula,Eurasian Blackbird,0.9266,243B1F02648873F9_20260412_031500.WAV,14,0.0,1.0,0.25,BirdNET_GLOBAL_6K_V2.4_Model_FP32.tflite,243B1F02648873F9_20260412_031500_chunk_012.wav,7200,489,492
7692,7695,Parus major,Great Tit,0.8430,243B1F02648873F9_20260412_031500.WAV,14,0.0,1.0,0.25,BirdNET_GLOBAL_6K_V2.4_Model_FP32.tflite,243B1F02648873F9_20260412_031500_chunk_012.wav,7200,492,495
7695,7698,Turdus merula,Eurasian Blackbird,0.9563,243B1F02648873F9_20260412_031500.WAV,14,0.0,1.0,0.25,BirdNET_GLOBAL_6K_V2.4_Model_FP32.tflite,243B1F02648873F9_20260412_031500_chunk_012.wav,7200,495,498
7698,7701,Parus major,Great Tit,0.7799,243B1F02648873F9_20260412_031500.WAV,14,0.0,1.0,0.25,BirdNET_GLOBAL_6K_V2.4_Model_FP32.tflite,243B1F02648873F9_20260412_031500_chunk_012.wav,7200,498,501
7698,7701,Erithacus rubecula,European Robin,0.4729,243B1F02648873F9_20260412_031500.WAV,14,0.0,1.0,0.25,BirdNET_GLOBAL_6K_V2.4_Model_FP32.tflite,243B1F02648873F9_20260412_031500_chunk_012.wav,7200,498,501
7701,7704,Parus major,Great Tit,0.5461,243B1F02648873F9_20260412_031500.WAV,14,0.0,1.0,0.25,BirdNET_GLOBAL_6K_V2.4_Model_FP32.tflite,243B1F02648873F9_20260412_031500_chunk_012.wav,7200,501,504
7704,7707,Erithacus rubecula,European Robin,0.4587,243B1F02648873F9_20260412_031500.WAV,14,0.0,1.0,0.25,BirdNET_GLOBAL_6K_V2.4_Model_FP32.tflite,243B1F02648873F9_20260412_031500_chunk_012.wav,7200,504,507
7707,7710,Turdus merula,Eurasian Blackbird,0.3428,243B1F02648873F9_20260412_031500.WAV,14,0.0,1.0,0.25,BirdNET_GLOBAL_6K_V2.4_Model_FP32.tflite,243B1F02648873F9_20260412_031500_chunk_012.wav,7200,507,510
7710,7713,Turdus merula,Eurasian Blackbird,0.9605,243B1F02648873F9_20260412_031500.WAV,14,0.0,1.0,0.25,BirdNET_GLOBAL_6K_V2.4_Model_FP32.tflite,243B1F02648873F9_20260412_031500_chunk_012.wav,7200,510,513
7713,7716,Parus major,Great Tit,0.7260,243B1F02648873F9_20260412_031500.WAV,14,0.0,1.0,0.25,BirdNET_GLOBAL_6K_V2.4_Model_FP32.tflite,243B1F02648873F9_20260412_031500_chunk_012.wav,7200,513,516
7716,7719,Turdus viscivorus,Mistle Thrush,0.3162,243B1F02648873F9_20260412_031500.WAV,14,0.0,1.0,0.25,BirdNET_GLOBAL_6K_V2.4_Model_FP32.tflite,243B1F02648873F9_20260412_031500_chunk_012.wav,7200,516,519
7716,7719,Parus major,Great Tit,0.3024,243B1F02648873F9_20260412_031500.WAV,14,0.0,1.0,0.25,BirdNET_GLOBAL_6K_V2.4_Model_FP32.tflite,243B1F02648873F9_20260412_031500_chunk_012.wav,7200,516,519
7719,7722,Turdus merula,Eurasian Blackbird,0.8168,243B1F02648873F9_20260412_031500.WAV,14,0.0,1.0,0.25,BirdNET_GLOBAL_6K_V2.4_Model_FP32.tflite,243B1F02648873F9_20260412_031500_chunk_012.wav,7200,519,522
7722,7725,Parus major,Great Tit,0.8196,243B1F02648873F9_20260412_031500.WAV,14,0.0,1.0,0.25,BirdNET_GLOBAL_6K_V2.4_Model_FP32.tflite,243B1F02648873F9_20260412_031500_chunk_012.wav,7200,522,525
7725,7728,Turdus merula,Eurasian Blackbird,0.5943,243B1F02648873F9_20260412_031500.WAV,14,0.0,1.0,0.25,BirdNET_GLOBAL_6K_V2.4_Model_FP32.tflite,243B1F02648873F9_20260412_031500_chunk_012.wav,7200,525,528
7725,7728,Parus major,Great Tit,0.3824,243B1F02648873F9_20260412_031500.WAV,14,0.0,1.0,0.25,BirdNET_GLOBAL_6K_V2.4_Model_FP32.tflite,243B1F02648873F9_20260412_031500_chunk_012.wav,7200,525,528
7728,7731,Erithacus rubecula,European Robin,0.3804,243B1F02648873F9_20260412_031500.WAV,14,0.0,1.0,0.25,BirdNET_GLOBAL_6K_V2.4_Model_FP32.tflite,243B1F02648873F9_20260412_031500_chunk_012.wav,7200,528,531
7731,7734,Parus major,Great Tit,0.6189,243B1F02648873F9_20260412_031500.WAV,14,0.0,1.0,0.25,BirdNET_GLOBAL_6K_V2.4_Model_FP32.tflite,243B1F02648873F9_20260412_031500_chunk_012.wav,7200,531,534
7734,7737,Erithacus rubecula,European Robin,0.2888,243B1F02648873F9_20260412_031500.WAV,14,0.0,1.0,0.25,BirdNET_GLOBAL_6K_V2.4_Model_FP32.tflite,243B1F02648873F9_20260412_031500_chunk_012.wav,7200,534,537
7737,7740,Turdus merula,Eurasian Blackbird,0.5394,243B1F02648873F9_20260412_031500.WAV,14,0.0,1.0,0.25,BirdNET_GLOBAL_6K_V2.4_Model_FP32.tflite,243B1F02648873F9_20260412_031500_chunk_012.wav,7200,537,540
7737,7740,Erithacus rubecula,European Robin,0.2947,243B1F02648873F9_20260412_031500.WAV,14,0.0,1.0,0.25,BirdNET_GLOBAL_6K_V2.4_Model_FP32.tflite,243B1F02648873F9_20260412_031500_chunk_012.wav,7200,537,540
7740,7743,Parus major,Great Tit,0.7517,243B1F02648873F9_20260412_031500.WAV,14,0.0,1.0,0.25,BirdNET_GLOBAL_6K_V2.4_Model_FP32.tflite,243B1F02648873F9_20260412_031500_chunk_012.wav,7200,540,543
7743,7746,Erithacus rubecula,European Robin,0.9804,243B1F02648873F9_20260412_031500.WAV,14,0.0,1.0,0.25,BirdNET_GLOBAL_6K_V2.4_Model_FP32.tflite,243B1F02648873F9_20260412_031500_chunk_012.wav,7200,543,546
7743,7746,Parus major,Great Tit,0.4263,243B1F02648873F9_20260412_031500.WAV,14,0.0,1.0,0.25,BirdNET_GLOBAL_6K_V2.4_Model_FP32.tflite,243B1F02648873F9_20260412_031500_chunk_012.wav,7200,543,546
7746,7749,Turdus merula,Eurasian Blackbird,0.8800,243B1F02648873F9_20260412_031500.WAV,14,0.0,1.0,0.25,BirdNET_GLOBAL_6K_V2.4_Model_FP32.tflite,243B1F02648873F9_20260412_031500_chunk_012.wav,7200,546,549
7746,7749,Erithacus rubecula,European Robin,0.5135,243B1F02648873F9_20260412_031500.WAV,14,0.0,1.0,0.25,BirdNET_GLOBAL_6K_V2.4_Model_FP32.tflite,243B1F02648873F9_20260412_031500_chunk_012.wav,7200,546,549
7749,7752,Turdus merula,Eurasian Blackbird,0.8406,243B1F02648873F9_20260412_031500.WAV,14,0.0,1.0,0.25,BirdNET_GLOBAL_6K_V2.4_Model_FP32.tflite,243B1F02648873F9_20260412_031500_chunk_012.wav,7200,549,552
7752,7755,Parus major,Great Tit,0.3165,243B1F02648873F9_20260412_031500.WAV,14,0.0,1.0,0.25,BirdNET_GLOBAL_6K_V2.4_Model_FP32.tflite,243B1F02648873F9_20260412_031500_chunk_012.wav,7200,552,555
7758,7761,Turdus merula,Eurasian Blackbird,0.5426,243B1F02648873F9_20260412_031500.WAV,14,0.0,1.0,0.25,BirdNET_GLOBAL_6K_V2.4_Model_FP32.tflite,243B1F02648873F9_20260412_031500_chunk_012.wav,7200,558,561
7761,7764,Parus major,Great Tit,0.4612,243B1F02648873F9_20260412_031500.WAV,14,0.0,1.0,0.25,BirdNET_GLOBAL_6K_V2.4_Model_FP32.tflite,243B1F02648873F9_20260412_031500_chunk_012.wav,7200,561,564
7770,7773,Turdus merula,Eurasian Blackbird,0.7908,243B1F02648873F9_20260412_031500.WAV,14,0.0,1.0,0.25,BirdNET_GLOBAL_6K_V2.4_Model_FP32.tflite,243B1F02648873F9_20260412_031500_chunk_012.wav,7200,570,573
7770,7773,Parus major,Great Tit,0.4791,243B1F02648873F9_20260412_031500.WAV,14,0.0,1.0,0.25,BirdNET_GLOBAL_6K_V2.4_Model_FP32.tflite,243B1F02648873F9_20260412_031500_chunk_012.wav,7200,570,573
7773,7776,Parus major,Great Tit,0.4121,243B1F02648873F9_20260412_031500.WAV,14,0.0,1.0,0.25,BirdNET_GLOBAL_6K_V2.4_Model_FP32.tflite,243B1F02648873F9_20260412_031500_chunk_012.wav,7200,573,576
7776,7779,Turdus merula,Eurasian Blackbird,0.8888,243B1F02648873F9_20260412_031500.WAV,14,0.0,1.0,0.25,BirdNET_GLOBAL_6K_V2.4_Model_FP32.tflite,243B1F02648873F9_20260412_031500_chunk_012.wav,7200,576,579
7779,7782,Turdus merula,Eurasian Blackbird,0.8626,243B1F02648873F9_20260412_031500.WAV,14,0.0,1.0,0.25,BirdNET_GLOBAL_6K_V2.4_Model_FP32.tflite,243B1F02648873F9_20260412_031500_chunk_012.wav,7200,579,582
7782,7785,Erithacus rubecula,European Robin,0.3760,243B1F02648873F9_20260412_031500.WAV,14,0.0,1.0,0.25,BirdNET_GLOBAL_6K_V2.4_Model_FP32.tflite,243B1F02648873F9_20260412_031500_chunk_012.wav,7200,582,585
7785,7788,Turdus merula,Eurasian Blackbird,0.6006,243B1F02648873F9_20260412_031500.WAV,14,0.0,1.0,0.25,BirdNET_GLOBAL_6K_V2.4_Model_FP32.tflite,243B1F02648873F9_20260412_031500_chunk_012.wav,7200,585,588
7785,7788,Turdus viscivorus,Mistle Thrush,0.5922,243B1F02648873F9_20260412_031500.WAV,14,0.0,1.0,0.25,BirdNET_GLOBAL_6K_V2.4_Model_FP32.tflite,243B1F02648873F9_20260412_031500_chunk_012.wav,7200,585,588
7788,7791,Turdus viscivorus,Mistle Thrush,0.3103,243B1F02648873F9_20260412_031500.WAV,14,0.0,1.0,0.25,BirdNET_GLOBAL_6K_V2.4_Model_FP32.tflite,243B1F02648873F9_20260412_031500_chunk_012.wav,7200,588,591
7788,7791,Erithacus rubecula,European Robin,0.3011,243B1F02648873F9_20260412_031500.WAV,14,0.0,1.0,0.25,BirdNET_GLOBAL_6K_V2.4_Model_FP32.tflite,243B1F02648873F9_20260412_031500_chunk_012.wav,7200,588,591
7791,7794,Turdus merula,Eurasian Blackbird,0.4253,243B1F02648873F9_20260412_031500.WAV,14,0.0,1.0,0.25,BirdNET_GLOBAL_6K_V2.4_Model_FP32.tflite,243B1F02648873F9_20260412_031500_chunk_012.wav,7200,591,594
7794,7797,Turdus merula,Eurasian Blackbird,0.8435,243B1F02648873F9_20260412_031500.WAV,14,0.0,1.0,0.25,BirdNET_GLOBAL_6K_V2.4_Model_FP32.tflite,243B1F02648873F9_20260412_031500_chunk_012.wav,7200,594,597
7800,7803,Turdus merula,Eurasian Blackbird,0.6830,243B1F02648873F9_20260412_031500.WAV,14,0.0,1.0,0.25,BirdNET_GLOBAL_6K_V2.4_Model_FP32.tflite,243B1F02648873F9_20260412_031500_chunk_013.wav,7800,0,3
7803,7806,Turdus merula,Eurasian Blackbird,0.5737,243B1F02648873F9_20260412_031500.WAV,14,0.0,1.0,0.25,BirdNET_GLOBAL_6K_V2.4_Model_FP32.tflite,243B1F02648873F9_20260412_031500_chunk_013.wav,7800,3,6
7806,7809,Parus major,Great Tit,0.8064,243B1F02648873F9_20260412_031500.WAV,14,0.0,1.0,0.25,BirdNET_GLOBAL_6K_V2.4_Model_FP32.tflite,243B1F02648873F9_20260412_031500_chunk_013.wav,7800,6,9
7809,7812,Parus major,Great Tit,0.5070,243B1F02648873F9_20260412_031500.WAV,14,0.0,1.0,0.25,BirdNET_GLOBAL_6K_V2.4_Model_FP32.tflite,243B1F02648873F9_20260412_031500_chunk_013.wav,7800,9,12
7815,7818,Turdus merula,Eurasian Blackbird,0.5974,243B1F02648873F9_20260412_031500.WAV,14,0.0,1.0,0.25,BirdNET_GLOBAL_6K_V2.4_Model_FP32.tflite,243B1F02648873F9_20260412_031500_chunk_013.wav,7800,15,18
7824,7827,Parus major,Great Tit,0.5370,243B1F02648873F9_20260412_031500.WAV,14,0.0,1.0,0.25,BirdNET_GLOBAL_6K_V2.4_Model_FP32.tflite,243B1F02648873F9_20260412_031500_chunk_013.wav,7800,24,27
7830,7833,Turdus merula,Eurasian Blackbird,0.9337,243B1F02648873F9_20260412_031500.WAV,14,0.0,1.0,0.25,BirdNET_GLOBAL_6K_V2.4_Model_FP32.tflite,243B1F02648873F9_20260412_031500_chunk_013.wav,7800,30,33
7830,7833,Parus major,Great Tit,0.4624,243B1F02648873F9_20260412_031500.WAV,14,0.0,1.0,0.25,BirdNET_GLOBAL_6K_V2.4_Model_FP32.tflite,243B1F02648873F9_20260412_031500_chunk_013.wav,7800,30,33
7833,7836,Cyanistes caeruleus,Eurasian Blue Tit,0.3214,243B1F02648873F9_20260412_031500.WAV,14,0.0,1.0,0.25,BirdNET_GLOBAL_6K_V2.4_Model_FP32.tflite,243B1F02648873F9_20260412_031500_chunk_013.wav,7800,33,36
7833,7836,Turdus merula,Eurasian Blackbird,0.2664,243B1F02648873F9_20260412_031500.WAV,14,0.0,1.0,0.25,BirdNET_GLOBAL_6K_V2.4_Model_FP32.tflite,243B1F02648873F9_20260412_031500_chunk_013.wav,7800,33,36
7836,7839,Parus major,Great Tit,0.4099,243B1F02648873F9_20260412_031500.WAV,14,0.0,1.0,0.25,BirdNET_GLOBAL_6K_V2.4_Model_FP32.tflite,243B1F02648873F9_20260412_031500_chunk_013.wav,7800,36,39
7842,7845,Parus major,Great Tit,0.5837,243B1F02648873F9_20260412_031500.WAV,14,0.0,1.0,0.25,BirdNET_GLOBAL_6K_V2.4_Model_FP32.tflite,243B1F02648873F9_20260412_031500_chunk_013.wav,7800,42,45
7845,7848,Turdus merula,Eurasian Blackbird,0.9929,243B1F02648873F9_20260412_031500.WAV,14,0.0,1.0,0.25,BirdNET_GLOBAL_6K_V2.4_Model_FP32.tflite,243B1F02648873F9_20260412_031500_chunk_013.wav,7800,45,48
7848,7851,Parus major,Great Tit,0.4647,243B1F02648873F9_20260412_031500.WAV,14,0.0,1.0,0.25,BirdNET_GLOBAL_6K_V2.4_Model_FP32.tflite,243B1F02648873F9_20260412_031500_chunk_013.wav,7800,48,51
7851,7854,Turdus merula,Eurasian Blackbird,0.9040,243B1F02648873F9_20260412_031500.WAV,14,0.0,1.0,0.25,BirdNET_GLOBAL_6K_V2.4_Model_FP32.tflite,243B1F02648873F9_20260412_031500_chunk_013.wav,7800,51,54
7857,7860,Turdus merula,Eurasian Blackbird,0.9876,243B1F02648873F9_20260412_031500.WAV,14,0.0,1.0,0.25,BirdNET_GLOBAL_6K_V2.4_Model_FP32.tflite,243B1F02648873F9_20260412_031500_chunk_013.wav,7800,57,60
7869,7872,Parus major,Great Tit,0.4464,243B1F02648873F9_20260412_031500.WAV,14,0.0,1.0,0.25,BirdNET_GLOBAL_6K_V2.4_Model_FP32.tflite,243B1F02648873F9_20260412_031500_chunk_013.wav,7800,69,72
7908,7911,Parus major,Great Tit,0.3746,243B1F02648873F9_20260412_031500.WAV,14,0.0,1.0,0.25,BirdNET_GLOBAL_6K_V2.4_Model_FP32.tflite,243B1F02648873F9_20260412_031500_chunk_013.wav,7800,108,111
7935,7938,Erithacus rubecula,European Robin,0.5381,243B1F02648873F9_20260412_031500.WAV,14,0.0,1.0,0.25,BirdNET_GLOBAL_6K_V2.4_Model_FP32.tflite,243B1F02648873F9_20260412_031500_chunk_013.wav,7800,135,138
7941,7944,Erithacus rubecula,European Robin,0.7656,243B1F02648873F9_20260412_031500.WAV,14,0.0,1.0,0.25,BirdNET_GLOBAL_6K_V2.4_Model_FP32.tflite,243B1F02648873F9_20260412_031500_chunk_013.wav,7800,141,144
7947,7950,Erithacus rubecula,European Robin,0.8235,243B1F02648873F9_20260412_031500.WAV,14,0.0,1.0,0.25,BirdNET_GLOBAL_6K_V2.4_Model_FP32.tflite,243B1F02648873F9_20260412_031500_chunk_013.wav,7800,147,150
7953,7956,Erithacus rubecula,European Robin,0.7898,243B1F02648873F9_20260412_031500.WAV,14,0.0,1.0,0.25,BirdNET_GLOBAL_6K_V2.4_Model_FP32.tflite,243B1F02648873F9_20260412_031500_chunk_013.wav,7800,153,156
7956,7959,Erithacus rubecula,European Robin,0.6753,243B1F02648873F9_20260412_031500.WAV,14,0.0,1.0,0.25,BirdNET_GLOBAL_6K_V2.4_Model_FP32.tflite,243B1F02648873F9_20260412_031500_chunk_013.wav,7800,156,159
7959,7962,Erithacus rubecula,European Robin,0.3909,243B1F02648873F9_20260412_031500.WAV,14,0.0,1.0,0.25,BirdNET_GLOBAL_6K_V2.4_Model_FP32.tflite,243B1F02648873F9_20260412_031500_chunk_013.wav,7800,159,162
7962,7965,Erithacus rubecula,European Robin,0.7372,243B1F02648873F9_20260412_031500.WAV,14,0.0,1.0,0.25,BirdNET_GLOBAL_6K_V2.4_Model_FP32.tflite,243B1F02648873F9_20260412_031500_chunk_013.wav,7800,162,165
7965,7968,Erithacus rubecula,European Robin,0.7319,243B1F02648873F9_20260412_031500.WAV,14,0.0,1.0,0.25,BirdNET_GLOBAL_6K_V2.4_Model_FP32.tflite,243B1F02648873F9_20260412_031500_chunk_013.wav,7800,165,168
7974,7977,Erithacus rubecula,European Robin,0.2534,243B1F02648873F9_20260412_031500.WAV,14,0.0,1.0,0.25,BirdNET_GLOBAL_6K_V2.4_Model_FP32.tflite,243B1F02648873F9_20260412_031500_chunk_013.wav,7800,174,177
7980,7983,Erithacus rubecula,European Robin,0.6795,243B1F02648873F9_20260412_031500.WAV,14,0.0,1.0,0.25,BirdNET_GLOBAL_6K_V2.4_Model_FP32.tflite,243B1F02648873F9_20260412_031500_chunk_013.wav,7800,180,183
7992,7995,Turdus merula,Eurasian Blackbird,0.3732,243B1F02648873F9_20260412_031500.WAV,14,0.0,1.0,0.25,BirdNET_GLOBAL_6K_V2.4_Model_FP32.tflite,243B1F02648873F9_20260412_031500_chunk_013.wav,7800,192,195
7998,8001,Erithacus rubecula,European Robin,0.6379,243B1F02648873F9_20260412_031500.WAV,14,0.0,1.0,0.25,BirdNET_GLOBAL_6K_V2.4_Model_FP32.tflite,243B1F02648873F9_20260412_031500_chunk_013.wav,7800,198,201
8007,8010,Erithacus rubecula,European Robin,0.5293,243B1F02648873F9_20260412_031500.WAV,14,0.0,1.0,0.25,BirdNET_GLOBAL_6K_V2.4_Model_FP32.tflite,243B1F02648873F9_20260412_031500_chunk_013.wav,7800,207,210
8016,8019,Erithacus rubecula,European Robin,0.6442,243B1F02648873F9_20260412_031500.WAV,14,0.0,1.0,0.25,BirdNET_GLOBAL_6K_V2.4_Model_FP32.tflite,243B1F02648873F9_20260412_031500_chunk_013.wav,7800,216,219
8028,8031,Parus major,Great Tit,0.4323,243B1F02648873F9_20260412_031500.WAV,14,0.0,1.0,0.25,BirdNET_GLOBAL_6K_V2.4_Model_FP32.tflite,243B1F02648873F9_20260412_031500_chunk_013.wav,7800,228,231
8037,8040,Larus fuscus,Lesser Black-backed Gull,0.3725,243B1F02648873F9_20260412_031500.WAV,14,0.0,1.0,0.25,BirdNET_GLOBAL_6K_V2.4_Model_FP32.tflite,243B1F02648873F9_20260412_031500_chunk_013.wav,7800,237,240
8040,8043,Parus major,Great Tit,0.6308,243B1F02648873F9_20260412_031500.WAV,14,0.0,1.0,0.25,BirdNET_GLOBAL_6K_V2.4_Model_FP32.tflite,243B1F02648873F9_20260412_031500_chunk_013.wav,7800,240,243
8040,8043,Larus fuscus,Lesser Black-backed Gull,0.4595,243B1F02648873F9_20260412_031500.WAV,14,0.0,1.0,0.25,BirdNET_GLOBAL_6K_V2.4_Model_FP32.tflite,243B1F02648873F9_20260412_031500_chunk_013.wav,7800,240,243
8049,8052,Parus major,Great Tit,0.4026,243B1F02648873F9_20260412_031500.WAV,14,0.0,1.0,0.25,BirdNET_GLOBAL_6K_V2.4_Model_FP32.tflite,243B1F02648873F9_20260412_031500_chunk_013.wav,7800,249,252
8055,8058,Parus major,Great Tit,0.6772,243B1F02648873F9_20260412_031500.WAV,14,0.0,1.0,0.25,BirdNET_GLOBAL_6K_V2.4_Model_FP32.tflite,243B1F02648873F9_20260412_031500_chunk_013.wav,7800,255,258
8061,8064,Parus major,Great Tit,0.3747,243B1F02648873F9_20260412_031500.WAV,14,0.0,1.0,0.25,BirdNET_GLOBAL_6K_V2.4_Model_FP32.tflite,243B1F02648873F9_20260412_031500_chunk_013.wav,7800,261,264
8067,8070,Parus major,Great Tit,0.5027,243B1F02648873F9_20260412_031500.WAV,14,0.0,1.0,0.25,BirdNET_GLOBAL_6K_V2.4_Model_FP32.tflite,243B1F02648873F9_20260412_031500_chunk_013.wav,7800,267,270
8070,8073,Parus major,Great Tit,0.9639,243B1F02648873F9_20260412_031500.WAV,14,0.0,1.0,0.25,BirdNET_GLOBAL_6K_V2.4_Model_FP32.tflite,243B1F02648873F9_20260412_031500_chunk_013.wav,7800,270,273
8079,8082,Erithacus rubecula,European Robin,0.5914,243B1F02648873F9_20260412_031500.WAV,14,0.0,1.0,0.25,BirdNET_GLOBAL_6K_V2.4_Model_FP32.tflite,243B1F02648873F9_20260412_031500_chunk_013.wav,7800,279,282
8088,8091,Columba palumbus,Common Wood-Pigeon,0.4443,243B1F02648873F9_20260412_031500.WAV,14,0.0,1.0,0.25,BirdNET_GLOBAL_6K_V2.4_Model_FP32.tflite,243B1F02648873F9_20260412_031500_chunk_013.wav,7800,288,291
8088,8091,Erithacus rubecula,European Robin,0.3486,243B1F02648873F9_20260412_031500.WAV,14,0.0,1.0,0.25,BirdNET_GLOBAL_6K_V2.4_Model_FP32.tflite,243B1F02648873F9_20260412_031500_chunk_013.wav,7800,288,291
8091,8094,Columba palumbus,Common Wood-Pigeon,0.3458,243B1F02648873F9_20260412_031500.WAV,14,0.0,1.0,0.25,BirdNET_GLOBAL_6K_V2.4_Model_FP32.tflite,243B1F02648873F9_20260412_031500_chunk_013.wav,7800,291,294
8094,8097,Columba palumbus,Common Wood-Pigeon,0.3792,243B1F02648873F9_20260412_031500.WAV,14,0.0,1.0,0.25,BirdNET_GLOBAL_6K_V2.4_Model_FP32.tflite,243B1F02648873F9_20260412_031500_chunk_013.wav,7800,294,297
8103,8106,Erithacus rubecula,European Robin,0.3283,243B1F02648873F9_20260412_031500.WAV,14,0.0,1.0,0.25,BirdNET_GLOBAL_6K_V2.4_Model_FP32.tflite,243B1F02648873F9_20260412_031500_chunk_013.wav,7800,303,306
8106,8109,Parus major,Great Tit,0.5543,243B1F02648873F9_20260412_031500.WAV,14,0.0,1.0,0.25,BirdNET_GLOBAL_6K_V2.4_Model_FP32.tflite,243B1F02648873F9_20260412_031500_chunk_013.wav,7800,306,309
8115,8118,Larus fuscus,Lesser Black-backed Gull,0.4751,243B1F02648873F9_20260412_031500.WAV,14,0.0,1.0,0.25,BirdNET_GLOBAL_6K_V2.4_Model_FP32.tflite,243B1F02648873F9_20260412_031500_chunk_013.wav,7800,315,318
8115,8118,Erithacus rubecula,European Robin,0.4168,243B1F02648873F9_20260412_031500.WAV,14,0.0,1.0,0.25,BirdNET_GLOBAL_6K_V2.4_Model_FP32.tflite,243B1F02648873F9_20260412_031500_chunk_013.wav,7800,315,318
8118,8121,Larus fuscus,Lesser Black-backed Gull,0.5014,243B1F02648873F9_20260412_031500.WAV,14,0.0,1.0,0.25,BirdNET_GLOBAL_6K_V2.4_Model_FP32.tflite,243B1F02648873F9_20260412_031500_chunk_013.wav,7800,318,321
8121,8124,Larus fuscus,Lesser Black-backed Gull,0.4120,243B1F02648873F9_20260412_031500.WAV,14,0.0,1.0,0.25,BirdNET_GLOBAL_6K_V2.4_Model_FP32.tflite,243B1F02648873F9_20260412_031500_chunk_013.wav,7800,321,324
8124,8127,Larus fuscus,Lesser Black-backed Gull,0.5676,243B1F02648873F9_20260412_031500.WAV,14,0.0,1.0,0.25,BirdNET_GLOBAL_6K_V2.4_Model_FP32.tflite,243B1F02648873F9_20260412_031500_chunk_013.wav,7800,324,327
8124,8127,Erithacus rubecula,European Robin,0.4096,243B1F02648873F9_20260412_031500.WAV,14,0.0,1.0,0.25,BirdNET_GLOBAL_6K_V2.4_Model_FP32.tflite,243B1F02648873F9_20260412_031500_chunk_013.wav,7800,324,327
8130,8133,Columba palumbus,Common Wood-Pigeon,0.2505,243B1F02648873F9_20260412_031500.WAV,14,0.0,1.0,0.25,BirdNET_GLOBAL_6K_V2.4_Model_FP32.tflite,243B1F02648873F9_20260412_031500_chunk_013.wav,7800,330,333
8133,8136,Columba oenas,Stock Dove,0.3436,243B1F02648873F9_20260412_031500.WAV,14,0.0,1.0,0.25,BirdNET_GLOBAL_6K_V2.4_Model_FP32.tflite,243B1F02648873F9_20260412_031500_chunk_013.wav,7800,333,336
8133,8136,Larus fuscus,Lesser Black-backed Gull,0.3169,243B1F02648873F9_20260412_031500.WAV,14,0.0,1.0,0.25,BirdNET_GLOBAL_6K_V2.4_Model_FP32.tflite,243B1F02648873F9_20260412_031500_chunk_013.wav,7800,333,336
8136,8139,Columba palumbus,Common Wood-Pigeon,0.3822,243B1F02648873F9_20260412_031500.WAV,14,0.0,1.0,0.25,BirdNET_GLOBAL_6K_V2.4_Model_FP32.tflite,243B1F02648873F9_20260412_031500_chunk_013.wav,7800,336,339
8136,8139,Columba oenas,Stock Dove,0.3487,243B1F02648873F9_20260412_031500.WAV,14,0.0,1.0,0.25,BirdNET_GLOBAL_6K_V2.4_Model_FP32.tflite,243B1F02648873F9_20260412_031500_chunk_013.wav,7800,336,339
8136,8139,Columba livia,Rock Pigeon,0.2609,243B1F02648873F9_20260412_031500.WAV,14,0.0,1.0,0.25,BirdNET_GLOBAL_6K_V2.4_Model_FP32.tflite,243B1F02648873F9_20260412_031500_chunk_013.wav,7800,336,339
8148,8151,Columba palumbus,Common Wood-Pigeon,0.8403,243B1F02648873F9_20260412_031500.WAV,14,0.0,1.0,0.25,BirdNET_GLOBAL_6K_V2.4_Model_FP32.tflite,243B1F02648873F9_20260412_031500_chunk_013.wav,7800,348,351
8151,8154,Columba palumbus,Common Wood-Pigeon,0.8438,243B1F02648873F9_20260412_031500.WAV,14,0.0,1.0,0.25,BirdNET_GLOBAL_6K_V2.4_Model_FP32.tflite,243B1F02648873F9_20260412_031500_chunk_013.wav,7800,351,354
8154,8157,Columba palumbus,Common Wood-Pigeon,0.8626,243B1F02648873F9_20260412_031500.WAV,14,0.0,1.0,0.25,BirdNET_GLOBAL_6K_V2.4_Model_FP32.tflite,243B1F02648873F9_20260412_031500_chunk_013.wav,7800,354,357
8160,8163,Cyanistes caeruleus,Eurasian Blue Tit,0.2677,243B1F02648873F9_20260412_031500.WAV,14,0.0,1.0,0.25,BirdNET_GLOBAL_6K_V2.4_Model_FP32.tflite,243B1F02648873F9_20260412_031500_chunk_013.wav,7800,360,363
8166,8169,Turdus merula,Eurasian Blackbird,0.8932,243B1F02648873F9_20260412_031500.WAV,14,0.0,1.0,0.25,BirdNET_GLOBAL_6K_V2.4_Model_FP32.tflite,243B1F02648873F9_20260412_031500_chunk_013.wav,7800,366,369
8169,8172,Turdus merula,Eurasian Blackbird,0.7856,243B1F02648873F9_20260412_031500.WAV,14,0.0,1.0,0.25,BirdNET_GLOBAL_6K_V2.4_Model_FP32.tflite,243B1F02648873F9_20260412_031500_chunk_013.wav,7800,369,372
8172,8175,Parus major,Great Tit,0.4787,243B1F02648873F9_20260412_031500.WAV,14,0.0,1.0,0.25,BirdNET_GLOBAL_6K_V2.4_Model_FP32.tflite,243B1F02648873F9_20260412_031500_chunk_013.wav,7800,372,375
8175,8178,Columba palumbus,Common Wood-Pigeon,0.9504,243B1F02648873F9_20260412_031500.WAV,14,0.0,1.0,0.25,BirdNET_GLOBAL_6K_V2.4_Model_FP32.tflite,243B1F02648873F9_20260412_031500_chunk_013.wav,7800,375,378
8178,8181,Columba palumbus,Common Wood-Pigeon,0.8116,243B1F02648873F9_20260412_031500.WAV,14,0.0,1.0,0.25,BirdNET_GLOBAL_6K_V2.4_Model_FP32.tflite,243B1F02648873F9_20260412_031500_chunk_013.wav,7800,378,381
8181,8184,Columba palumbus,Common Wood-Pigeon,0.8559,243B1F02648873F9_20260412_031500.WAV,14,0.0,1.0,0.25,BirdNET_GLOBAL_6K_V2.4_Model_FP32.tflite,243B1F02648873F9_20260412_031500_chunk_013.wav,7800,381,384
8184,8187,Columba palumbus,Common Wood-Pigeon,0.9581,243B1F02648873F9_20260412_031500.WAV,14,0.0,1.0,0.25,BirdNET_GLOBAL_6K_V2.4_Model_FP32.tflite,243B1F02648873F9_20260412_031500_chunk_013.wav,7800,384,387
8187,8190,Columba palumbus,Common Wood-Pigeon,0.3456,243B1F02648873F9_20260412_031500.WAV,14,0.0,1.0,0.25,BirdNET_GLOBAL_6K_V2.4_Model_FP32.tflite,243B1F02648873F9_20260412_031500_chunk_013.wav,7800,387,390
8190,8193,Turdus merula,Eurasian Blackbird,0.4669,243B1F02648873F9_20260412_031500.WAV,14,0.0,1.0,0.25,BirdNET_GLOBAL_6K_V2.4_Model_FP32.tflite,243B1F02648873F9_20260412_031500_chunk_013.wav,7800,390,393
8202,8205,Columba palumbus,Common Wood-Pigeon,0.9588,243B1F02648873F9_20260412_031500.WAV,14,0.0,1.0,0.25,BirdNET_GLOBAL_6K_V2.4_Model_FP32.tflite,243B1F02648873F9_20260412_031500_chunk_013.wav,7800,402,405
8205,8208,Columba palumbus,Common Wood-Pigeon,0.5638,243B1F02648873F9_20260412_031500.WAV,14,0.0,1.0,0.25,BirdNET_GLOBAL_6K_V2.4_Model_FP32.tflite,243B1F02648873F9_20260412_031500_chunk_013.wav,7800,405,408
8208,8211,Columba palumbus,Common Wood-Pigeon,0.7131,243B1F02648873F9_20260412_031500.WAV,14,0.0,1.0,0.25,BirdNET_GLOBAL_6K_V2.4_Model_FP32.tflite,243B1F02648873F9_20260412_031500_chunk_013.wav,7800,408,411
8211,8214,Columba palumbus,Common Wood-Pigeon,0.5832,243B1F02648873F9_20260412_031500.WAV,14,0.0,1.0,0.25,BirdNET_GLOBAL_6K_V2.4_Model_FP32.tflite,243B1F02648873F9_20260412_031500_chunk_013.wav,7800,411,414
8214,8217,Columba palumbus,Common Wood-Pigeon,0.3762,243B1F02648873F9_20260412_031500.WAV,14,0.0,1.0,0.25,BirdNET_GLOBAL_6K_V2.4_Model_FP32.tflite,243B1F02648873F9_20260412_031500_chunk_013.wav,7800,414,417
8217,8220,Columba palumbus,Common Wood-Pigeon,0.9605,243B1F02648873F9_20260412_031500.WAV,14,0.0,1.0,0.25,BirdNET_GLOBAL_6K_V2.4_Model_FP32.tflite,243B1F02648873F9_20260412_031500_chunk_013.wav,7800,417,420
8220,8223,Columba palumbus,Common Wood-Pigeon,0.9604,243B1F02648873F9_20260412_031500.WAV,14,0.0,1.0,0.25,BirdNET_GLOBAL_6K_V2.4_Model_FP32.tflite,243B1F02648873F9_20260412_031500_chunk_013.wav,7800,420,423
8223,8226,Columba palumbus,Common Wood-Pigeon,0.6284,243B1F02648873F9_20260412_031500.WAV,14,0.0,1.0,0.25,BirdNET_GLOBAL_6K_V2.4_Model_FP32.tflite,243B1F02648873F9_20260412_031500_chunk_013.wav,7800,423,426
8223,8226,Columba oenas,Stock Dove,0.3404,243B1F02648873F9_20260412_031500.WAV,14,0.0,1.0,0.25,BirdNET_GLOBAL_6K_V2.4_Model_FP32.tflite,243B1F02648873F9_20260412_031500_chunk_013.wav,7800,423,426
8229,8232,Columba palumbus,Common Wood-Pigeon,0.8408,243B1F02648873F9_20260412_031500.WAV,14,0.0,1.0,0.25,BirdNET_GLOBAL_6K_V2.4_Model_FP32.tflite,243B1F02648873F9_20260412_031500_chunk_013.wav,7800,429,432
8232,8235,Columba palumbus,Common Wood-Pigeon,0.9567,243B1F02648873F9_20260412_031500.WAV,14,0.0,1.0,0.25,BirdNET_GLOBAL_6K_V2.4_Model_FP32.tflite,243B1F02648873F9_20260412_031500_chunk_013.wav,7800,432,435
8235,8238,Columba palumbus,Common Wood-Pigeon,0.9782,243B1F02648873F9_20260412_031500.WAV,14,0.0,1.0,0.25,BirdNET_GLOBAL_6K_V2.4_Model_FP32.tflite,243B1F02648873F9_20260412_031500_chunk_013.wav,7800,435,438
8238,8241,Columba palumbus,Common Wood-Pigeon,0.9020,243B1F02648873F9_20260412_031500.WAV,14,0.0,1.0,0.25,BirdNET_GLOBAL_6K_V2.4_Model_FP32.tflite,243B1F02648873F9_20260412_031500_chunk_013.wav,7800,438,441
8241,8244,Columba palumbus,Common Wood-Pigeon,0.9802,243B1F02648873F9_20260412_031500.WAV,14,0.0,1.0,0.25,BirdNET_GLOBAL_6K_V2.4_Model_FP32.tflite,243B1F02648873F9_20260412_031500_chunk_013.wav,7800,441,444
8244,8247,Columba palumbus,Common Wood-Pigeon,0.9805,243B1F02648873F9_20260412_031500.WAV,14,0.0,1.0,0.25,BirdNET_GLOBAL_6K_V2.4_Model_FP32.tflite,243B1F02648873F9_20260412_031500_chunk_013.wav,7800,444,447
8247,8250,Columba palumbus,Common Wood-Pigeon,0.9546,243B1F02648873F9_20260412_031500.WAV,14,0.0,1.0,0.25,BirdNET_GLOBAL_6K_V2.4_Model_FP32.tflite,243B1F02648873F9_20260412_031500_chunk_013.wav,7800,447,450
8250,8253,Columba palumbus,Common Wood-Pigeon,0.9008,243B1F02648873F9_20260412_031500.WAV,14,0.0,1.0,0.25,BirdNET_GLOBAL_6K_V2.4_Model_FP32.tflite,243B1F02648873F9_20260412_031500_chunk_013.wav,7800,450,453
8253,8256,Columba palumbus,Common Wood-Pigeon,0.9530,243B1F02648873F9_20260412_031500.WAV,14,0.0,1.0,0.25,BirdNET_GLOBAL_6K_V2.4_Model_FP32.tflite,243B1F02648873F9_20260412_031500_chunk_013.wav,7800,453,456
8256,8259,Columba palumbus,Common Wood-Pigeon,0.8826,243B1F02648873F9_20260412_031500.WAV,14,0.0,1.0,0.25,BirdNET_GLOBAL_6K_V2.4_Model_FP32.tflite,243B1F02648873F9_20260412_031500_chunk_013.wav,7800,456,459
8259,8262,Columba palumbus,Common Wood-Pigeon,0.5398,243B1F02648873F9_20260412_031500.WAV,14,0.0,1.0,0.25,BirdNET_GLOBAL_6K_V2.4_Model_FP32.tflite,243B1F02648873F9_20260412_031500_chunk_013.wav,7800,459,462
8262,8265,Columba palumbus,Common Wood-Pigeon,0.5840,243B1F02648873F9_20260412_031500.WAV,14,0.0,1.0,0.25,BirdNET_GLOBAL_6K_V2.4_Model_FP32.tflite,243B1F02648873F9_20260412_031500_chunk_013.wav,7800,462,465
8262,8265,Parus major,Great Tit,0.3733,243B1F02648873F9_20260412_031500.WAV,14,0.0,1.0,0.25,BirdNET_GLOBAL_6K_V2.4_Model_FP32.tflite,243B1F02648873F9_20260412_031500_chunk_013.wav,7800,462,465
8265,8268,Columba palumbus,Common Wood-Pigeon,0.9274,243B1F02648873F9_20260412_031500.WAV,14,0.0,1.0,0.25,BirdNET_GLOBAL_6K_V2.4_Model_FP32.tflite,243B1F02648873F9_20260412_031500_chunk_013.wav,7800,465,468
8268,8271,Columba palumbus,Common Wood-Pigeon,0.9642,243B1F02648873F9_20260412_031500.WAV,14,0.0,1.0,0.25,BirdNET_GLOBAL_6K_V2.4_Model_FP32.tflite,243B1F02648873F9_20260412_031500_chunk_013.wav,7800,468,471
8271,8274,Columba palumbus,Common Wood-Pigeon,0.8734,243B1F02648873F9_20260412_031500.WAV,14,0.0,1.0,0.25,BirdNET_GLOBAL_6K_V2.4_Model_FP32.tflite,243B1F02648873F9_20260412_031500_chunk_013.wav,7800,471,474
8274,8277,Columba palumbus,Common Wood-Pigeon,0.9519,243B1F02648873F9_20260412_031500.WAV,14,0.0,1.0,0.25,BirdNET_GLOBAL_6K_V2.4_Model_FP32.tflite,243B1F02648873F9_20260412_031500_chunk_013.wav,7800,474,477
8277,8280,Parus major,Great Tit,0.4121,243B1F02648873F9_20260412_031500.WAV,14,0.0,1.0,0.25,BirdNET_GLOBAL_6K_V2.4_Model_FP32.tflite,243B1F02648873F9_20260412_031500_chunk_013.wav,7800,477,480
8280,8283,Parus major,Great Tit,0.4749,243B1F02648873F9_20260412_031500.WAV,14,0.0,1.0,0.25,BirdNET_GLOBAL_6K_V2.4_Model_FP32.tflite,243B1F02648873F9_20260412_031500_chunk_013.wav,7800,480,483
8283,8286,Columba palumbus,Common Wood-Pigeon,0.3717,243B1F02648873F9_20260412_031500.WAV,14,0.0,1.0,0.25,BirdNET_GLOBAL_6K_V2.4_Model_FP32.tflite,243B1F02648873F9_20260412_031500_chunk_013.wav,7800,483,486
8283,8286,Parus major,Great Tit,0.3202,243B1F02648873F9_20260412_031500.WAV,14,0.0,1.0,0.25,BirdNET_GLOBAL_6K_V2.4_Model_FP32.tflite,243B1F02648873F9_20260412_031500_chunk_013.wav,7800,483,486
8286,8289,Parus major,Great Tit,0.4571,243B1F02648873F9_20260412_031500.WAV,14,0.0,1.0,0.25,BirdNET_GLOBAL_6K_V2.4_Model_FP32.tflite,243B1F02648873F9_20260412_031500_chunk_013.wav,7800,486,489
8289,8292,Parus major,Great Tit,0.4320,243B1F02648873F9_20260412_031500.WAV,14,0.0,1.0,0.25,BirdNET_GLOBAL_6K_V2.4_Model_FP32.tflite,243B1F02648873F9_20260412_031500_chunk_013.wav,7800,489,492
8292,8295,Parus major,Great Tit,0.9268,243B1F02648873F9_20260412_031500.WAV,14,0.0,1.0,0.25,BirdNET_GLOBAL_6K_V2.4_Model_FP32.tflite,243B1F02648873F9_20260412_031500_chunk_013.wav,7800,492,495
8295,8298,Parus major,Great Tit,0.7009,243B1F02648873F9_20260412_031500.WAV,14,0.0,1.0,0.25,BirdNET_GLOBAL_6K_V2.4_Model_FP32.tflite,243B1F02648873F9_20260412_031500_chunk_013.wav,7800,495,498
8298,8301,Parus major,Great Tit,0.9115,243B1F02648873F9_20260412_031500.WAV,14,0.0,1.0,0.25,BirdNET_GLOBAL_6K_V2.4_Model_FP32.tflite,243B1F02648873F9_20260412_031500_chunk_013.wav,7800,498,501
8301,8304,Parus major,Great Tit,0.8782,243B1F02648873F9_20260412_031500.WAV,14,0.0,1.0,0.25,BirdNET_GLOBAL_6K_V2.4_Model_FP32.tflite,243B1F02648873F9_20260412_031500_chunk_013.wav,7800,501,504
8304,8307,Parus major,Great Tit,0.7986,243B1F02648873F9_20260412_031500.WAV,14,0.0,1.0,0.25,BirdNET_GLOBAL_6K_V2.4_Model_FP32.tflite,243B1F02648873F9_20260412_031500_chunk_013.wav,7800,504,507
8307,8310,Parus major,Great Tit,0.8924,243B1F02648873F9_20260412_031500.WAV,14,0.0,1.0,0.25,BirdNET_GLOBAL_6K_V2.4_Model_FP32.tflite,243B1F02648873F9_20260412_031500_chunk_013.wav,7800,507,510
8310,8313,Parus major,Great Tit,0.5822,243B1F02648873F9_20260412_031500.WAV,14,0.0,1.0,0.25,BirdNET_GLOBAL_6K_V2.4_Model_FP32.tflite,243B1F02648873F9_20260412_031500_chunk_013.wav,7800,510,513
8313,8316,Parus major,Great Tit,0.4061,243B1F02648873F9_20260412_031500.WAV,14,0.0,1.0,0.25,BirdNET_GLOBAL_6K_V2.4_Model_FP32.tflite,243B1F02648873F9_20260412_031500_chunk_013.wav,7800,513,516
8316,8319,Larus fuscus,Lesser Black-backed Gull,0.6087,243B1F02648873F9_20260412_031500.WAV,14,0.0,1.0,0.25,BirdNET_GLOBAL_6K_V2.4_Model_FP32.tflite,243B1F02648873F9_20260412_031500_chunk_013.wav,7800,516,519
8319,8322,Parus major,Great Tit,0.4599,243B1F02648873F9_20260412_031500.WAV,14,0.0,1.0,0.25,BirdNET_GLOBAL_6K_V2.4_Model_FP32.tflite,243B1F02648873F9_20260412_031500_chunk_013.wav,7800,519,522
8322,8325,Parus major,Great Tit,0.6827,243B1F02648873F9_20260412_031500.WAV,14,0.0,1.0,0.25,BirdNET_GLOBAL_6K_V2.4_Model_FP32.tflite,243B1F02648873F9_20260412_031500_chunk_013.wav,7800,522,525
8325,8328,Parus major,Great Tit,0.6606,243B1F02648873F9_20260412_031500.WAV,14,0.0,1.0,0.25,BirdNET_GLOBAL_6K_V2.4_Model_FP32.tflite,243B1F02648873F9_20260412_031500_chunk_013.wav,7800,525,528
8328,8331,Parus major,Great Tit,0.7865,243B1F02648873F9_20260412_031500.WAV,14,0.0,1.0,0.25,BirdNET_GLOBAL_6K_V2.4_Model_FP32.tflite,243B1F02648873F9_20260412_031500_chunk_013.wav,7800,528,531
8331,8334,Parus major,Great Tit,0.8467,243B1F02648873F9_20260412_031500.WAV,14,0.0,1.0,0.25,BirdNET_GLOBAL_6K_V2.4_Model_FP32.tflite,243B1F02648873F9_20260412_031500_chunk_013.wav,7800,531,534
8334,8337,Parus major,Great Tit,0.8418,243B1F02648873F9_20260412_031500.WAV,14,0.0,1.0,0.25,BirdNET_GLOBAL_6K_V2.4_Model_FP32.tflite,243B1F02648873F9_20260412_031500_chunk_013.wav,7800,534,537
8337,8340,Parus major,Great Tit,0.8676,243B1F02648873F9_20260412_031500.WAV,14,0.0,1.0,0.25,BirdNET_GLOBAL_6K_V2.4_Model_FP32.tflite,243B1F02648873F9_20260412_031500_chunk_013.wav,7800,537,540
8340,8343,Erithacus rubecula,European Robin,0.8944,243B1F02648873F9_20260412_031500.WAV,14,0.0,1.0,0.25,BirdNET_GLOBAL_6K_V2.4_Model_FP32.tflite,243B1F02648873F9_20260412_031500_chunk_013.wav,7800,540,543
8343,8346,Parus major,Great Tit,0.5797,243B1F02648873F9_20260412_031500.WAV,14,0.0,1.0,0.25,BirdNET_GLOBAL_6K_V2.4_Model_FP32.tflite,243B1F02648873F9_20260412_031500_chunk_013.wav,7800,543,546
8346,8349,Parus major,Great Tit,0.4189,243B1F02648873F9_20260412_031500.WAV,14,0.0,1.0,0.25,BirdNET_GLOBAL_6K_V2.4_Model_FP32.tflite,243B1F02648873F9_20260412_031500_chunk_013.wav,7800,546,549
8349,8352,Erithacus rubecula,European Robin,0.5106,243B1F02648873F9_20260412_031500.WAV,14,0.0,1.0,0.25,BirdNET_GLOBAL_6K_V2.4_Model_FP32.tflite,243B1F02648873F9_20260412_031500_chunk_013.wav,7800,549,552
8352,8355,Parus major,Great Tit,0.8169,243B1F02648873F9_20260412_031500.WAV,14,0.0,1.0,0.25,BirdNET_GLOBAL_6K_V2.4_Model_FP32.tflite,243B1F02648873F9_20260412_031500_chunk_013.wav,7800,552,555
8358,8361,Parus major,Great Tit,0.3580,243B1F02648873F9_20260412_031500.WAV,14,0.0,1.0,0.25,BirdNET_GLOBAL_6K_V2.4_Model_FP32.tflite,243B1F02648873F9_20260412_031500_chunk_013.wav,7800,558,561
8361,8364,Parus major,Great Tit,0.8885,243B1F02648873F9_20260412_031500.WAV,14,0.0,1.0,0.25,BirdNET_GLOBAL_6K_V2.4_Model_FP32.tflite,243B1F02648873F9_20260412_031500_chunk_013.wav,7800,561,564
8364,8367,Parus major,Great Tit,0.9190,243B1F02648873F9_20260412_031500.WAV,14,0.0,1.0,0.25,BirdNET_GLOBAL_6K_V2.4_Model_FP32.tflite,243B1F02648873F9_20260412_031500_chunk_013.wav,7800,564,567
8367,8370,Parus major,Great Tit,0.9520,243B1F02648873F9_20260412_031500.WAV,14,0.0,1.0,0.25,BirdNET_GLOBAL_6K_V2.4_Model_FP32.tflite,243B1F02648873F9_20260412_031500_chunk_013.wav,7800,567,570
8373,8376,Parus major,Great Tit,0.9378,243B1F02648873F9_20260412_031500.WAV,14,0.0,1.0,0.25,BirdNET_GLOBAL_6K_V2.4_Model_FP32.tflite,243B1F02648873F9_20260412_031500_chunk_013.wav,7800,573,576
8382,8385,Parus major,Great Tit,0.5805,243B1F02648873F9_20260412_031500.WAV,14,0.0,1.0,0.25,BirdNET_GLOBAL_6K_V2.4_Model_FP32.tflite,243B1F02648873F9_20260412_031500_chunk_013.wav,7800,582,585
8385,8388,Parus major,Great Tit,0.5092,243B1F02648873F9_20260412_031500.WAV,14,0.0,1.0,0.25,BirdNET_GLOBAL_6K_V2.4_Model_FP32.tflite,243B1F02648873F9_20260412_031500_chunk_013.wav,7800,585,588
8388,8391,Erithacus rubecula,European Robin,0.7501,243B1F02648873F9_20260412_031500.WAV,14,0.0,1.0,0.25,BirdNET_GLOBAL_6K_V2.4_Model_FP32.tflite,243B1F02648873F9_20260412_031500_chunk_013.wav,7800,588,591
8391,8394,Parus major,Great Tit,0.4937,243B1F02648873F9_20260412_031500.WAV,14,0.0,1.0,0.25,BirdNET_GLOBAL_6K_V2.4_Model_FP32.tflite,243B1F02648873F9_20260412_031500_chunk_013.wav,7800,591,594
8394,8397,Parus major,Great Tit,0.7835,243B1F02648873F9_20260412_031500.WAV,14,0.0,1.0,0.25,BirdNET_GLOBAL_6K_V2.4_Model_FP32.tflite,243B1F02648873F9_20260412_031500_chunk_013.wav,7800,594,597
8397,8399.98,Parus major,Great Tit,0.5134,243B1F02648873F9_20260412_031500.WAV,14,0.0,1.0,0.25,BirdNET_GLOBAL_6K_V2.4_Model_FP32.tflite,243B1F02648873F9_20260412_031500_chunk_013.wav,7800,597,599.98
8400,8403,Corvus cornix,Hooded Crow,0.5653,243B1F02648873F9_20260412_031500.WAV,14,0.0,1.0,0.25,BirdNET_GLOBAL_6K_V2.4_Model_FP32.tflite,243B1F02648873F9_20260412_031500_chunk_014.wav,8400,0,3
8400,8403,Corvus corone,Carrion Crow,0.3147,243B1F02648873F9_20260412_031500.WAV,14,0.0,1.0,0.25,BirdNET_GLOBAL_6K_V2.4_Model_FP32.tflite,243B1F02648873F9_20260412_031500_chunk_014.wav,8400,0,3
8403,8406,Corvus cornix,Hooded Crow,0.7745,243B1F02648873F9_20260412_031500.WAV,14,0.0,1.0,0.25,BirdNET_GLOBAL_6K_V2.4_Model_FP32.tflite,243B1F02648873F9_20260412_031500_chunk_014.wav,8400,3,6
8403,8406,Corvus corone,Carrion Crow,0.5362,243B1F02648873F9_20260412_031500.WAV,14,0.0,1.0,0.25,BirdNET_GLOBAL_6K_V2.4_Model_FP32.tflite,243B1F02648873F9_20260412_031500_chunk_014.wav,8400,3,6
8406,8409,Corvus cornix,Hooded Crow,0.5589,243B1F02648873F9_20260412_031500.WAV,14,0.0,1.0,0.25,BirdNET_GLOBAL_6K_V2.4_Model_FP32.tflite,243B1F02648873F9_20260412_031500_chunk_014.wav,8400,6,9
8409,8412,Parus major,Great Tit,0.4602,243B1F02648873F9_20260412_031500.WAV,14,0.0,1.0,0.25,BirdNET_GLOBAL_6K_V2.4_Model_FP32.tflite,243B1F02648873F9_20260412_031500_chunk_014.wav,8400,9,12
8412,8415,Parus major,Great Tit,0.2838,243B1F02648873F9_20260412_031500.WAV,14,0.0,1.0,0.25,BirdNET_GLOBAL_6K_V2.4_Model_FP32.tflite,243B1F02648873F9_20260412_031500_chunk_014.wav,8400,12,15
8415,8418,Columba palumbus,Common Wood-Pigeon,0.4027,243B1F02648873F9_20260412_031500.WAV,14,0.0,1.0,0.25,BirdNET_GLOBAL_6K_V2.4_Model_FP32.tflite,243B1F02648873F9_20260412_031500_chunk_014.wav,8400,15,18
8418,8421,Parus major,Great Tit,0.5970,243B1F02648873F9_20260412_031500.WAV,14,0.0,1.0,0.25,BirdNET_GLOBAL_6K_V2.4_Model_FP32.tflite,243B1F02648873F9_20260412_031500_chunk_014.wav,8400,18,21
8421,8424,Parus major,Great Tit,0.6815,243B1F02648873F9_20260412_031500.WAV,14,0.0,1.0,0.25,BirdNET_GLOBAL_6K_V2.4_Model_FP32.tflite,243B1F02648873F9_20260412_031500_chunk_014.wav,8400,21,24
8430,8433,Parus major,Great Tit,0.5891,243B1F02648873F9_20260412_031500.WAV,14,0.0,1.0,0.25,BirdNET_GLOBAL_6K_V2.4_Model_FP32.tflite,243B1F02648873F9_20260412_031500_chunk_014.wav,8400,30,33
8436,8439,Columba palumbus,Common Wood-Pigeon,0.8796,243B1F02648873F9_20260412_031500.WAV,14,0.0,1.0,0.25,BirdNET_GLOBAL_6K_V2.4_Model_FP32.tflite,243B1F02648873F9_20260412_031500_chunk_014.wav,8400,36,39
8439,8442,Columba palumbus,Common Wood-Pigeon,0.3954,243B1F02648873F9_20260412_031500.WAV,14,0.0,1.0,0.25,BirdNET_GLOBAL_6K_V2.4_Model_FP32.tflite,243B1F02648873F9_20260412_031500_chunk_014.wav,8400,39,42
8442,8445,Parus major,Great Tit,0.3217,243B1F02648873F9_20260412_031500.WAV,14,0.0,1.0,0.25,BirdNET_GLOBAL_6K_V2.4_Model_FP32.tflite,243B1F02648873F9_20260412_031500_chunk_014.wav,8400,42,45
8445,8448,Columba palumbus,Common Wood-Pigeon,0.5612,243B1F02648873F9_20260412_031500.WAV,14,0.0,1.0,0.25,BirdNET_GLOBAL_6K_V2.4_Model_FP32.tflite,243B1F02648873F9_20260412_031500_chunk_014.wav,8400,45,48
8445,8448,Columba oenas,Stock Dove,0.2685,243B1F02648873F9_20260412_031500.WAV,14,0.0,1.0,0.25,BirdNET_GLOBAL_6K_V2.4_Model_FP32.tflite,243B1F02648873F9_20260412_031500_chunk_014.wav,8400,45,48
8448,8451,Columba palumbus,Common Wood-Pigeon,0.8837,243B1F02648873F9_20260412_031500.WAV,14,0.0,1.0,0.25,BirdNET_GLOBAL_6K_V2.4_Model_FP32.tflite,243B1F02648873F9_20260412_031500_chunk_014.wav,8400,48,51
8451,8454,Columba palumbus,Common Wood-Pigeon,0.9325,243B1F02648873F9_20260412_031500.WAV,14,0.0,1.0,0.25,BirdNET_GLOBAL_6K_V2.4_Model_FP32.tflite,243B1F02648873F9_20260412_031500_chunk_014.wav,8400,51,54
8454,8457,Columba palumbus,Common Wood-Pigeon,0.8407,243B1F02648873F9_20260412_031500.WAV,14,0.0,1.0,0.25,BirdNET_GLOBAL_6K_V2.4_Model_FP32.tflite,243B1F02648873F9_20260412_031500_chunk_014.wav,8400,54,57
8454,8457,Erithacus rubecula,European Robin,0.4116,243B1F02648873F9_20260412_031500.WAV,14,0.0,1.0,0.25,BirdNET_GLOBAL_6K_V2.4_Model_FP32.tflite,243B1F02648873F9_20260412_031500_chunk_014.wav,8400,54,57
8457,8460,Columba palumbus,Common Wood-Pigeon,0.9155,243B1F02648873F9_20260412_031500.WAV,14,0.0,1.0,0.25,BirdNET_GLOBAL_6K_V2.4_Model_FP32.tflite,243B1F02648873F9_20260412_031500_chunk_014.wav,8400,57,60
8460,8463,Columba oenas,Stock Dove,0.5204,243B1F02648873F9_20260412_031500.WAV,14,0.0,1.0,0.25,BirdNET_GLOBAL_6K_V2.4_Model_FP32.tflite,243B1F02648873F9_20260412_031500_chunk_014.wav,8400,60,63
8460,8463,Parus major,Great Tit,0.3407,243B1F02648873F9_20260412_031500.WAV,14,0.0,1.0,0.25,BirdNET_GLOBAL_6K_V2.4_Model_FP32.tflite,243B1F02648873F9_20260412_031500_chunk_014.wav,8400,60,63
8463,8466,Columba palumbus,Common Wood-Pigeon,0.6661,243B1F02648873F9_20260412_031500.WAV,14,0.0,1.0,0.25,BirdNET_GLOBAL_6K_V2.4_Model_FP32.tflite,243B1F02648873F9_20260412_031500_chunk_014.wav,8400,63,66
8466,8469,Columba palumbus,Common Wood-Pigeon,0.5437,243B1F02648873F9_20260412_031500.WAV,14,0.0,1.0,0.25,BirdNET_GLOBAL_6K_V2.4_Model_FP32.tflite,243B1F02648873F9_20260412_031500_chunk_014.wav,8400,66,69
8469,8472,Columba palumbus,Common Wood-Pigeon,0.4892,243B1F02648873F9_20260412_031500.WAV,14,0.0,1.0,0.25,BirdNET_GLOBAL_6K_V2.4_Model_FP32.tflite,243B1F02648873F9_20260412_031500_chunk_014.wav,8400,69,72
8472,8475,Columba palumbus,Common Wood-Pigeon,0.9181,243B1F02648873F9_20260412_031500.WAV,14,0.0,1.0,0.25,BirdNET_GLOBAL_6K_V2.4_Model_FP32.tflite,243B1F02648873F9_20260412_031500_chunk_014.wav,8400,72,75
8475,8478,Columba palumbus,Common Wood-Pigeon,0.9524,243B1F02648873F9_20260412_031500.WAV,14,0.0,1.0,0.25,BirdNET_GLOBAL_6K_V2.4_Model_FP32.tflite,243B1F02648873F9_20260412_031500_chunk_014.wav,8400,75,78
8478,8481,Columba palumbus,Common Wood-Pigeon,0.8340,243B1F02648873F9_20260412_031500.WAV,14,0.0,1.0,0.25,BirdNET_GLOBAL_6K_V2.4_Model_FP32.tflite,243B1F02648873F9_20260412_031500_chunk_014.wav,8400,78,81
8481,8484,Columba palumbus,Common Wood-Pigeon,0.9376,243B1F02648873F9_20260412_031500.WAV,14,0.0,1.0,0.25,BirdNET_GLOBAL_6K_V2.4_Model_FP32.tflite,243B1F02648873F9_20260412_031500_chunk_014.wav,8400,81,84
8484,8487,Columba palumbus,Common Wood-Pigeon,0.9806,243B1F02648873F9_20260412_031500.WAV,14,0.0,1.0,0.25,BirdNET_GLOBAL_6K_V2.4_Model_FP32.tflite,243B1F02648873F9_20260412_031500_chunk_014.wav,8400,84,87
8487,8490,Columba palumbus,Common Wood-Pigeon,0.7810,243B1F02648873F9_20260412_031500.WAV,14,0.0,1.0,0.25,BirdNET_GLOBAL_6K_V2.4_Model_FP32.tflite,243B1F02648873F9_20260412_031500_chunk_014.wav,8400,87,90
8490,8493,Columba palumbus,Common Wood-Pigeon,0.3759,243B1F02648873F9_20260412_031500.WAV,14,0.0,1.0,0.25,BirdNET_GLOBAL_6K_V2.4_Model_FP32.tflite,243B1F02648873F9_20260412_031500_chunk_014.wav,8400,90,93
8499,8502,Parus major,Great Tit,0.3672,243B1F02648873F9_20260412_031500.WAV,14,0.0,1.0,0.25,BirdNET_GLOBAL_6K_V2.4_Model_FP32.tflite,243B1F02648873F9_20260412_031500_chunk_014.wav,8400,99,102
8502,8505,Parus major,Great Tit,0.5300,243B1F02648873F9_20260412_031500.WAV,14,0.0,1.0,0.25,BirdNET_GLOBAL_6K_V2.4_Model_FP32.tflite,243B1F02648873F9_20260412_031500_chunk_014.wav,8400,102,105
8505,8508,Parus major,Great Tit,0.2952,243B1F02648873F9_20260412_031500.WAV,14,0.0,1.0,0.25,BirdNET_GLOBAL_6K_V2.4_Model_FP32.tflite,243B1F02648873F9_20260412_031500_chunk_014.wav,8400,105,108
8508,8511,Columba palumbus,Common Wood-Pigeon,0.9322,243B1F02648873F9_20260412_031500.WAV,14,0.0,1.0,0.25,BirdNET_GLOBAL_6K_V2.4_Model_FP32.tflite,243B1F02648873F9_20260412_031500_chunk_014.wav,8400,108,111
8511,8514,Columba palumbus,Common Wood-Pigeon,0.6160,243B1F02648873F9_20260412_031500.WAV,14,0.0,1.0,0.25,BirdNET_GLOBAL_6K_V2.4_Model_FP32.tflite,243B1F02648873F9_20260412_031500_chunk_014.wav,8400,111,114
8517,8520,Parus major,Great Tit,0.2502,243B1F02648873F9_20260412_031500.WAV,14,0.0,1.0,0.25,BirdNET_GLOBAL_6K_V2.4_Model_FP32.tflite,243B1F02648873F9_20260412_031500_chunk_014.wav,8400,117,120
8523,8526,Parus major,Great Tit,0.3531,243B1F02648873F9_20260412_031500.WAV,14,0.0,1.0,0.25,BirdNET_GLOBAL_6K_V2.4_Model_FP32.tflite,243B1F02648873F9_20260412_031500_chunk_014.wav,8400,123,126
8526,8529,Parus major,Great Tit,0.4247,243B1F02648873F9_20260412_031500.WAV,14,0.0,1.0,0.25,BirdNET_GLOBAL_6K_V2.4_Model_FP32.tflite,243B1F02648873F9_20260412_031500_chunk_014.wav,8400,126,129
8529,8532,Columba palumbus,Common Wood-Pigeon,0.6779,243B1F02648873F9_20260412_031500.WAV,14,0.0,1.0,0.25,BirdNET_GLOBAL_6K_V2.4_Model_FP32.tflite,243B1F02648873F9_20260412_031500_chunk_014.wav,8400,129,132
8532,8535,Columba palumbus,Common Wood-Pigeon,0.7004,243B1F02648873F9_20260412_031500.WAV,14,0.0,1.0,0.25,BirdNET_GLOBAL_6K_V2.4_Model_FP32.tflite,243B1F02648873F9_20260412_031500_chunk_014.wav,8400,132,135
8535,8538,Columba palumbus,Common Wood-Pigeon,0.9918,243B1F02648873F9_20260412_031500.WAV,14,0.0,1.0,0.25,BirdNET_GLOBAL_6K_V2.4_Model_FP32.tflite,243B1F02648873F9_20260412_031500_chunk_014.wav,8400,135,138
8538,8541,Columba palumbus,Common Wood-Pigeon,0.5954,243B1F02648873F9_20260412_031500.WAV,14,0.0,1.0,0.25,BirdNET_GLOBAL_6K_V2.4_Model_FP32.tflite,243B1F02648873F9_20260412_031500_chunk_014.wav,8400,138,141
8541,8544,Parus major,Great Tit,0.3088,243B1F02648873F9_20260412_031500.WAV,14,0.0,1.0,0.25,BirdNET_GLOBAL_6K_V2.4_Model_FP32.tflite,243B1F02648873F9_20260412_031500_chunk_014.wav,8400,141,144
8550,8553,Columba palumbus,Common Wood-Pigeon,0.6091,243B1F02648873F9_20260412_031500.WAV,14,0.0,1.0,0.25,BirdNET_GLOBAL_6K_V2.4_Model_FP32.tflite,243B1F02648873F9_20260412_031500_chunk_014.wav,8400,150,153
8553,8556,Columba palumbus,Common Wood-Pigeon,0.7050,243B1F02648873F9_20260412_031500.WAV,14,0.0,1.0,0.25,BirdNET_GLOBAL_6K_V2.4_Model_FP32.tflite,243B1F02648873F9_20260412_031500_chunk_014.wav,8400,153,156
8556,8559,Columba palumbus,Common Wood-Pigeon,0.5439,243B1F02648873F9_20260412_031500.WAV,14,0.0,1.0,0.25,BirdNET_GLOBAL_6K_V2.4_Model_FP32.tflite,243B1F02648873F9_20260412_031500_chunk_014.wav,8400,156,159
8559,8562,Columba palumbus,Common Wood-Pigeon,0.5432,243B1F02648873F9_20260412_031500.WAV,14,0.0,1.0,0.25,BirdNET_GLOBAL_6K_V2.4_Model_FP32.tflite,243B1F02648873F9_20260412_031500_chunk_014.wav,8400,159,162
8562,8565,Columba palumbus,Common Wood-Pigeon,0.5315,243B1F02648873F9_20260412_031500.WAV,14,0.0,1.0,0.25,BirdNET_GLOBAL_6K_V2.4_Model_FP32.tflite,243B1F02648873F9_20260412_031500_chunk_014.wav,8400,162,165
8568,8571,Parus major,Great Tit,0.4328,243B1F02648873F9_20260412_031500.WAV,14,0.0,1.0,0.25,BirdNET_GLOBAL_6K_V2.4_Model_FP32.tflite,243B1F02648873F9_20260412_031500_chunk_014.wav,8400,168,171
8574,8577,Parus major,Great Tit,0.3860,243B1F02648873F9_20260412_031500.WAV,14,0.0,1.0,0.25,BirdNET_GLOBAL_6K_V2.4_Model_FP32.tflite,243B1F02648873F9_20260412_031500_chunk_014.wav,8400,174,177
8574,8577,Columba palumbus,Common Wood-Pigeon,0.3268,243B1F02648873F9_20260412_031500.WAV,14,0.0,1.0,0.25,BirdNET_GLOBAL_6K_V2.4_Model_FP32.tflite,243B1F02648873F9_20260412_031500_chunk_014.wav,8400,174,177
8580,8583,Parus major,Great Tit,0.3922,243B1F02648873F9_20260412_031500.WAV,14,0.0,1.0,0.25,BirdNET_GLOBAL_6K_V2.4_Model_FP32.tflite,243B1F02648873F9_20260412_031500_chunk_014.wav,8400,180,183
8583,8586,Parus major,Great Tit,0.5651,243B1F02648873F9_20260412_031500.WAV,14,0.0,1.0,0.25,BirdNET_GLOBAL_6K_V2.4_Model_FP32.tflite,243B1F02648873F9_20260412_031500_chunk_014.wav,8400,183,186
8589,8592,Parus major,Great Tit,0.4539,243B1F02648873F9_20260412_031500.WAV,14,0.0,1.0,0.25,BirdNET_GLOBAL_6K_V2.4_Model_FP32.tflite,243B1F02648873F9_20260412_031500_chunk_014.wav,8400,189,192
8592,8595,Parus major,Great Tit,0.4493,243B1F02648873F9_20260412_031500.WAV,14,0.0,1.0,0.25,BirdNET_GLOBAL_6K_V2.4_Model_FP32.tflite,243B1F02648873F9_20260412_031500_chunk_014.wav,8400,192,195
8595,8598,Parus major,Great Tit,0.2835,243B1F02648873F9_20260412_031500.WAV,14,0.0,1.0,0.25,BirdNET_GLOBAL_6K_V2.4_Model_FP32.tflite,243B1F02648873F9_20260412_031500_chunk_014.wav,8400,195,198
8604,8607,Parus major,Great Tit,0.6699,243B1F02648873F9_20260412_031500.WAV,14,0.0,1.0,0.25,BirdNET_GLOBAL_6K_V2.4_Model_FP32.tflite,243B1F02648873F9_20260412_031500_chunk_014.wav,8400,204,207
8607,8610,Parus major,Great Tit,0.2889,243B1F02648873F9_20260412_031500.WAV,14,0.0,1.0,0.25,BirdNET_GLOBAL_6K_V2.4_Model_FP32.tflite,243B1F02648873F9_20260412_031500_chunk_014.wav,8400,207,210
8619,8622,Cyanistes caeruleus,Eurasian Blue Tit,0.3851,243B1F02648873F9_20260412_031500.WAV,14,0.0,1.0,0.25,BirdNET_GLOBAL_6K_V2.4_Model_FP32.tflite,243B1F02648873F9_20260412_031500_chunk_014.wav,8400,219,222
8619,8622,Columba palumbus,Common Wood-Pigeon,0.3484,243B1F02648873F9_20260412_031500.WAV,14,0.0,1.0,0.25,BirdNET_GLOBAL_6K_V2.4_Model_FP32.tflite,243B1F02648873F9_20260412_031500_chunk_014.wav,8400,219,222
8619,8622,Columba oenas,Stock Dove,0.2555,243B1F02648873F9_20260412_031500.WAV,14,0.0,1.0,0.25,BirdNET_GLOBAL_6K_V2.4_Model_FP32.tflite,243B1F02648873F9_20260412_031500_chunk_014.wav,8400,219,222
8625,8628,Parus major,Great Tit,0.5363,243B1F02648873F9_20260412_031500.WAV,14,0.0,1.0,0.25,BirdNET_GLOBAL_6K_V2.4_Model_FP32.tflite,243B1F02648873F9_20260412_031500_chunk_014.wav,8400,225,228
8628,8631,Parus major,Great Tit,0.4555,243B1F02648873F9_20260412_031500.WAV,14,0.0,1.0,0.25,BirdNET_GLOBAL_6K_V2.4_Model_FP32.tflite,243B1F02648873F9_20260412_031500_chunk_014.wav,8400,228,231
8643,8646,Aegithalos caudatus,Long-tailed Tit,0.3977,243B1F02648873F9_20260412_031500.WAV,14,0.0,1.0,0.25,BirdNET_GLOBAL_6K_V2.4_Model_FP32.tflite,243B1F02648873F9_20260412_031500_chunk_014.wav,8400,243,246
8646,8649,Parus major,Great Tit,0.3669,243B1F02648873F9_20260412_031500.WAV,14,0.0,1.0,0.25,BirdNET_GLOBAL_6K_V2.4_Model_FP32.tflite,243B1F02648873F9_20260412_031500_chunk_014.wav,8400,246,249
8649,8652,Parus major,Great Tit,0.3731,243B1F02648873F9_20260412_031500.WAV,14,0.0,1.0,0.25,BirdNET_GLOBAL_6K_V2.4_Model_FP32.tflite,243B1F02648873F9_20260412_031500_chunk_014.wav,8400,249,252
8652,8655,Aegithalos caudatus,Long-tailed Tit,0.6069,243B1F02648873F9_20260412_031500.WAV,14,0.0,1.0,0.25,BirdNET_GLOBAL_6K_V2.4_Model_FP32.tflite,243B1F02648873F9_20260412_031500_chunk_014.wav,8400,252,255
8655,8658,Columba palumbus,Common Wood-Pigeon,0.2748,243B1F02648873F9_20260412_031500.WAV,14,0.0,1.0,0.25,BirdNET_GLOBAL_6K_V2.4_Model_FP32.tflite,243B1F02648873F9_20260412_031500_chunk_014.wav,8400,255,258
8658,8661,Columba palumbus,Common Wood-Pigeon,0.3080,243B1F02648873F9_20260412_031500.WAV,14,0.0,1.0,0.25,BirdNET_GLOBAL_6K_V2.4_Model_FP32.tflite,243B1F02648873F9_20260412_031500_chunk_014.wav,8400,258,261
8661,8664,Columba palumbus,Common Wood-Pigeon,0.8393,243B1F02648873F9_20260412_031500.WAV,14,0.0,1.0,0.25,BirdNET_GLOBAL_6K_V2.4_Model_FP32.tflite,243B1F02648873F9_20260412_031500_chunk_014.wav,8400,261,264
8664,8667,Aegithalos caudatus,Long-tailed Tit,0.6393,243B1F02648873F9_20260412_031500.WAV,14,0.0,1.0,0.25,BirdNET_GLOBAL_6K_V2.4_Model_FP32.tflite,243B1F02648873F9_20260412_031500_chunk_014.wav,8400,264,267
8667,8670,Aegithalos caudatus,Long-tailed Tit,0.7760,243B1F02648873F9_20260412_031500.WAV,14,0.0,1.0,0.25,BirdNET_GLOBAL_6K_V2.4_Model_FP32.tflite,243B1F02648873F9_20260412_031500_chunk_014.wav,8400,267,270
8670,8673,Aegithalos caudatus,Long-tailed Tit,0.6603,243B1F02648873F9_20260412_031500.WAV,14,0.0,1.0,0.25,BirdNET_GLOBAL_6K_V2.4_Model_FP32.tflite,243B1F02648873F9_20260412_031500_chunk_014.wav,8400,270,273
8673,8676,Cyanistes caeruleus,Eurasian Blue Tit,0.4666,243B1F02648873F9_20260412_031500.WAV,14,0.0,1.0,0.25,BirdNET_GLOBAL_6K_V2.4_Model_FP32.tflite,243B1F02648873F9_20260412_031500_chunk_014.wav,8400,273,276
8676,8679,Aegithalos caudatus,Long-tailed Tit,0.4056,243B1F02648873F9_20260412_031500.WAV,14,0.0,1.0,0.25,BirdNET_GLOBAL_6K_V2.4_Model_FP32.tflite,243B1F02648873F9_20260412_031500_chunk_014.wav,8400,276,279
8679,8682,Aegithalos caudatus,Long-tailed Tit,0.5145,243B1F02648873F9_20260412_031500.WAV,14,0.0,1.0,0.25,BirdNET_GLOBAL_6K_V2.4_Model_FP32.tflite,243B1F02648873F9_20260412_031500_chunk_014.wav,8400,279,282
8685,8688,Aegithalos caudatus,Long-tailed Tit,0.5970,243B1F02648873F9_20260412_031500.WAV,14,0.0,1.0,0.25,BirdNET_GLOBAL_6K_V2.4_Model_FP32.tflite,243B1F02648873F9_20260412_031500_chunk_014.wav,8400,285,288
8688,8691,Aegithalos caudatus,Long-tailed Tit,0.5865,243B1F02648873F9_20260412_031500.WAV,14,0.0,1.0,0.25,BirdNET_GLOBAL_6K_V2.4_Model_FP32.tflite,243B1F02648873F9_20260412_031500_chunk_014.wav,8400,288,291
8691,8694,Aegithalos caudatus,Long-tailed Tit,0.3081,243B1F02648873F9_20260412_031500.WAV,14,0.0,1.0,0.25,BirdNET_GLOBAL_6K_V2.4_Model_FP32.tflite,243B1F02648873F9_20260412_031500_chunk_014.wav,8400,291,294
8694,8697,Larus argentatus,Herring Gull,0.7792,243B1F02648873F9_20260412_031500.WAV,14,0.0,1.0,0.25,BirdNET_GLOBAL_6K_V2.4_Model_FP32.tflite,243B1F02648873F9_20260412_031500_chunk_014.wav,8400,294,297
8697,8700,Aegithalos caudatus,Long-tailed Tit,0.5699,243B1F02648873F9_20260412_031500.WAV,14,0.0,1.0,0.25,BirdNET_GLOBAL_6K_V2.4_Model_FP32.tflite,243B1F02648873F9_20260412_031500_chunk_014.wav,8400,297,300
8700,8703,Aegithalos caudatus,Long-tailed Tit,0.4012,243B1F02648873F9_20260412_031500.WAV,14,0.0,1.0,0.25,BirdNET_GLOBAL_6K_V2.4_Model_FP32.tflite,243B1F02648873F9_20260412_031500_chunk_014.wav,8400,300,303
8700,8703,Ardea cinerea,Gray Heron,0.3194,243B1F02648873F9_20260412_031500.WAV,14,0.0,1.0,0.25,BirdNET_GLOBAL_6K_V2.4_Model_FP32.tflite,243B1F02648873F9_20260412_031500_chunk_014.wav,8400,300,303
8703,8706,Cyanistes caeruleus,Eurasian Blue Tit,0.8795,243B1F02648873F9_20260412_031500.WAV,14,0.0,1.0,0.25,BirdNET_GLOBAL_6K_V2.4_Model_FP32.tflite,243B1F02648873F9_20260412_031500_chunk_014.wav,8400,303,306
8706,8709,Cyanistes caeruleus,Eurasian Blue Tit,0.7433,243B1F02648873F9_20260412_031500.WAV,14,0.0,1.0,0.25,BirdNET_GLOBAL_6K_V2.4_Model_FP32.tflite,243B1F02648873F9_20260412_031500_chunk_014.wav,8400,306,309
8709,8712,Cyanistes caeruleus,Eurasian Blue Tit,0.6553,243B1F02648873F9_20260412_031500.WAV,14,0.0,1.0,0.25,BirdNET_GLOBAL_6K_V2.4_Model_FP32.tflite,243B1F02648873F9_20260412_031500_chunk_014.wav,8400,309,312
8712,8715,Cyanistes caeruleus,Eurasian Blue Tit,0.6740,243B1F02648873F9_20260412_031500.WAV,14,0.0,1.0,0.25,BirdNET_GLOBAL_6K_V2.4_Model_FP32.tflite,243B1F02648873F9_20260412_031500_chunk_014.wav,8400,312,315
8715,8718,Cyanistes caeruleus,Eurasian Blue Tit,0.7324,243B1F02648873F9_20260412_031500.WAV,14,0.0,1.0,0.25,BirdNET_GLOBAL_6K_V2.4_Model_FP32.tflite,243B1F02648873F9_20260412_031500_chunk_014.wav,8400,315,318
8718,8721,Cyanistes caeruleus,Eurasian Blue Tit,0.3321,243B1F02648873F9_20260412_031500.WAV,14,0.0,1.0,0.25,BirdNET_GLOBAL_6K_V2.4_Model_FP32.tflite,243B1F02648873F9_20260412_031500_chunk_014.wav,8400,318,321
8727,8730,Certhia familiaris,Eurasian Treecreeper,0.9931,243B1F02648873F9_20260412_031500.WAV,14,0.0,1.0,0.25,BirdNET_GLOBAL_6K_V2.4_Model_FP32.tflite,243B1F02648873F9_20260412_031500_chunk_014.wav,8400,327,330
8730,8733,Cyanistes caeruleus,Eurasian Blue Tit,0.9396,243B1F02648873F9_20260412_031500.WAV,14,0.0,1.0,0.25,BirdNET_GLOBAL_6K_V2.4_Model_FP32.tflite,243B1F02648873F9_20260412_031500_chunk_014.wav,8400,330,333
8733,8736,Cyanistes caeruleus,Eurasian Blue Tit,0.6913,243B1F02648873F9_20260412_031500.WAV,14,0.0,1.0,0.25,BirdNET_GLOBAL_6K_V2.4_Model_FP32.tflite,243B1F02648873F9_20260412_031500_chunk_014.wav,8400,333,336
8745,8748,Certhia familiaris,Eurasian Treecreeper,0.9691,243B1F02648873F9_20260412_031500.WAV,14,0.0,1.0,0.25,BirdNET_GLOBAL_6K_V2.4_Model_FP32.tflite,243B1F02648873F9_20260412_031500_chunk_014.wav,8400,345,348
8748,8751,Cyanistes caeruleus,Eurasian Blue Tit,0.6108,243B1F02648873F9_20260412_031500.WAV,14,0.0,1.0,0.25,BirdNET_GLOBAL_6K_V2.4_Model_FP32.tflite,243B1F02648873F9_20260412_031500_chunk_014.wav,8400,348,351
8751,8754,Cyanistes caeruleus,Eurasian Blue Tit,0.3281,243B1F02648873F9_20260412_031500.WAV,14,0.0,1.0,0.25,BirdNET_GLOBAL_6K_V2.4_Model_FP32.tflite,243B1F02648873F9_20260412_031500_chunk_014.wav,8400,351,354
8754,8757,Cyanistes caeruleus,Eurasian Blue Tit,0.6170,243B1F02648873F9_20260412_031500.WAV,14,0.0,1.0,0.25,BirdNET_GLOBAL_6K_V2.4_Model_FP32.tflite,243B1F02648873F9_20260412_031500_chunk_014.wav,8400,354,357
8757,8760,Cyanistes caeruleus,Eurasian Blue Tit,0.3123,243B1F02648873F9_20260412_031500.WAV,14,0.0,1.0,0.25,BirdNET_GLOBAL_6K_V2.4_Model_FP32.tflite,243B1F02648873F9_20260412_031500_chunk_014.wav,8400,357,360
8763,8766,Cyanistes caeruleus,Eurasian Blue Tit,0.9823,243B1F02648873F9_20260412_031500.WAV,14,0.0,1.0,0.25,BirdNET_GLOBAL_6K_V2.4_Model_FP32.tflite,243B1F02648873F9_20260412_031500_chunk_014.wav,8400,363,366
8766,8769,Cyanistes caeruleus,Eurasian Blue Tit,0.7673,243B1F02648873F9_20260412_031500.WAV,14,0.0,1.0,0.25,BirdNET_GLOBAL_6K_V2.4_Model_FP32.tflite,243B1F02648873F9_20260412_031500_chunk_014.wav,8400,366,369
8769,8772,Cyanistes caeruleus,Eurasian Blue Tit,0.8488,243B1F02648873F9_20260412_031500.WAV,14,0.0,1.0,0.25,BirdNET_GLOBAL_6K_V2.4_Model_FP32.tflite,243B1F02648873F9_20260412_031500_chunk_014.wav,8400,369,372
8772,8775,Parus major,Great Tit,0.3112,243B1F02648873F9_20260412_031500.WAV,14,0.0,1.0,0.25,BirdNET_GLOBAL_6K_V2.4_Model_FP32.tflite,243B1F02648873F9_20260412_031500_chunk_014.wav,8400,372,375
8775,8778,Cyanistes caeruleus,Eurasian Blue Tit,0.3541,243B1F02648873F9_20260412_031500.WAV,14,0.0,1.0,0.25,BirdNET_GLOBAL_6K_V2.4_Model_FP32.tflite,243B1F02648873F9_20260412_031500_chunk_014.wav,8400,375,378
8784,8787,Certhia familiaris,Eurasian Treecreeper,0.5950,243B1F02648873F9_20260412_031500.WAV,14,0.0,1.0,0.25,BirdNET_GLOBAL_6K_V2.4_Model_FP32.tflite,243B1F02648873F9_20260412_031500_chunk_014.wav,8400,384,387
8787,8790,Columba palumbus,Common Wood-Pigeon,0.9439,243B1F02648873F9_20260412_031500.WAV,14,0.0,1.0,0.25,BirdNET_GLOBAL_6K_V2.4_Model_FP32.tflite,243B1F02648873F9_20260412_031500_chunk_014.wav,8400,387,390
8790,8793,Columba palumbus,Common Wood-Pigeon,0.5825,243B1F02648873F9_20260412_031500.WAV,14,0.0,1.0,0.25,BirdNET_GLOBAL_6K_V2.4_Model_FP32.tflite,243B1F02648873F9_20260412_031500_chunk_014.wav,8400,390,393
8790,8793,Troglodytes troglodytes,Eurasian Wren,0.4877,243B1F02648873F9_20260412_031500.WAV,14,0.0,1.0,0.25,BirdNET_GLOBAL_6K_V2.4_Model_FP32.tflite,243B1F02648873F9_20260412_031500_chunk_014.wav,8400,390,393
8793,8796,Columba oenas,Stock Dove,0.5503,243B1F02648873F9_20260412_031500.WAV,14,0.0,1.0,0.25,BirdNET_GLOBAL_6K_V2.4_Model_FP32.tflite,243B1F02648873F9_20260412_031500_chunk_014.wav,8400,393,396
8793,8796,Columba palumbus,Common Wood-Pigeon,0.3693,243B1F02648873F9_20260412_031500.WAV,14,0.0,1.0,0.25,BirdNET_GLOBAL_6K_V2.4_Model_FP32.tflite,243B1F02648873F9_20260412_031500_chunk_014.wav,8400,393,396
8793,8796,Troglodytes troglodytes,Eurasian Wren,0.2617,243B1F02648873F9_20260412_031500.WAV,14,0.0,1.0,0.25,BirdNET_GLOBAL_6K_V2.4_Model_FP32.tflite,243B1F02648873F9_20260412_031500_chunk_014.wav,8400,393,396
8796,8799,Troglodytes troglodytes,Eurasian Wren,0.4904,243B1F02648873F9_20260412_031500.WAV,14,0.0,1.0,0.25,BirdNET_GLOBAL_6K_V2.4_Model_FP32.tflite,243B1F02648873F9_20260412_031500_chunk_014.wav,8400,396,399
8799,8802,Columba palumbus,Common Wood-Pigeon,0.8863,243B1F02648873F9_20260412_031500.WAV,14,0.0,1.0,0.25,BirdNET_GLOBAL_6K_V2.4_Model_FP32.tflite,243B1F02648873F9_20260412_031500_chunk_014.wav,8400,399,402
8802,8805,Columba palumbus,Common Wood-Pigeon,0.9210,243B1F02648873F9_20260412_031500.WAV,14,0.0,1.0,0.25,BirdNET_GLOBAL_6K_V2.4_Model_FP32.tflite,243B1F02648873F9_20260412_031500_chunk_014.wav,8400,402,405
8802,8805,Certhia familiaris,Eurasian Treecreeper,0.2556,243B1F02648873F9_20260412_031500.WAV,14,0.0,1.0,0.25,BirdNET_GLOBAL_6K_V2.4_Model_FP32.tflite,243B1F02648873F9_20260412_031500_chunk_014.wav,8400,402,405
8805,8808,Columba palumbus,Common Wood-Pigeon,0.7995,243B1F02648873F9_20260412_031500.WAV,14,0.0,1.0,0.25,BirdNET_GLOBAL_6K_V2.4_Model_FP32.tflite,243B1F02648873F9_20260412_031500_chunk_014.wav,8400,405,408
8808,8811,Certhia familiaris,Eurasian Treecreeper,0.4514,243B1F02648873F9_20260412_031500.WAV,14,0.0,1.0,0.25,BirdNET_GLOBAL_6K_V2.4_Model_FP32.tflite,243B1F02648873F9_20260412_031500_chunk_014.wav,8400,408,411
8808,8811,Columba palumbus,Common Wood-Pigeon,0.3139,243B1F02648873F9_20260412_031500.WAV,14,0.0,1.0,0.25,BirdNET_GLOBAL_6K_V2.4_Model_FP32.tflite,243B1F02648873F9_20260412_031500_chunk_014.wav,8400,408,411
8811,8814,Columba palumbus,Common Wood-Pigeon,0.4806,243B1F02648873F9_20260412_031500.WAV,14,0.0,1.0,0.25,BirdNET_GLOBAL_6K_V2.4_Model_FP32.tflite,243B1F02648873F9_20260412_031500_chunk_014.wav,8400,411,414
8814,8817,Columba palumbus,Common Wood-Pigeon,0.8653,243B1F02648873F9_20260412_031500.WAV,14,0.0,1.0,0.25,BirdNET_GLOBAL_6K_V2.4_Model_FP32.tflite,243B1F02648873F9_20260412_031500_chunk_014.wav,8400,414,417
8817,8820,Columba palumbus,Common Wood-Pigeon,0.5985,243B1F02648873F9_20260412_031500.WAV,14,0.0,1.0,0.25,BirdNET_GLOBAL_6K_V2.4_Model_FP32.tflite,243B1F02648873F9_20260412_031500_chunk_014.wav,8400,417,420
8817,8820,Certhia familiaris,Eurasian Treecreeper,0.5372,243B1F02648873F9_20260412_031500.WAV,14,0.0,1.0,0.25,BirdNET_GLOBAL_6K_V2.4_Model_FP32.tflite,243B1F02648873F9_20260412_031500_chunk_014.wav,8400,417,420
8820,8823,Certhia familiaris,Eurasian Treecreeper,0.6278,243B1F02648873F9_20260412_031500.WAV,14,0.0,1.0,0.25,BirdNET_GLOBAL_6K_V2.4_Model_FP32.tflite,243B1F02648873F9_20260412_031500_chunk_014.wav,8400,420,423
8820,8823,Columba palumbus,Common Wood-Pigeon,0.3327,243B1F02648873F9_20260412_031500.WAV,14,0.0,1.0,0.25,BirdNET_GLOBAL_6K_V2.4_Model_FP32.tflite,243B1F02648873F9_20260412_031500_chunk_014.wav,8400,420,423
8823,8826,Certhia familiaris,Eurasian Treecreeper,0.4884,243B1F02648873F9_20260412_031500.WAV,14,0.0,1.0,0.25,BirdNET_GLOBAL_6K_V2.4_Model_FP32.tflite,243B1F02648873F9_20260412_031500_chunk_014.wav,8400,423,426
8823,8826,Columba palumbus,Common Wood-Pigeon,0.2726,243B1F02648873F9_20260412_031500.WAV,14,0.0,1.0,0.25,BirdNET_GLOBAL_6K_V2.4_Model_FP32.tflite,243B1F02648873F9_20260412_031500_chunk_014.wav,8400,423,426
8829,8832,Troglodytes troglodytes,Eurasian Wren,0.4756,243B1F02648873F9_20260412_031500.WAV,14,0.0,1.0,0.25,BirdNET_GLOBAL_6K_V2.4_Model_FP32.tflite,243B1F02648873F9_20260412_031500_chunk_014.wav,8400,429,432
8832,8835,Troglodytes troglodytes,Eurasian Wren,0.8916,243B1F02648873F9_20260412_031500.WAV,14,0.0,1.0,0.25,BirdNET_GLOBAL_6K_V2.4_Model_FP32.tflite,243B1F02648873F9_20260412_031500_chunk_014.wav,8400,432,435
8832,8835,Columba palumbus,Common Wood-Pigeon,0.7624,243B1F02648873F9_20260412_031500.WAV,14,0.0,1.0,0.25,BirdNET_GLOBAL_6K_V2.4_Model_FP32.tflite,243B1F02648873F9_20260412_031500_chunk_014.wav,8400,432,435
8835,8838,Columba palumbus,Common Wood-Pigeon,0.8615,243B1F02648873F9_20260412_031500.WAV,14,0.0,1.0,0.25,BirdNET_GLOBAL_6K_V2.4_Model_FP32.tflite,243B1F02648873F9_20260412_031500_chunk_014.wav,8400,435,438
8838,8841,Columba palumbus,Common Wood-Pigeon,0.6637,243B1F02648873F9_20260412_031500.WAV,14,0.0,1.0,0.25,BirdNET_GLOBAL_6K_V2.4_Model_FP32.tflite,243B1F02648873F9_20260412_031500_chunk_014.wav,8400,438,441
8841,8844,Columba palumbus,Common Wood-Pigeon,0.6753,243B1F02648873F9_20260412_031500.WAV,14,0.0,1.0,0.25,BirdNET_GLOBAL_6K_V2.4_Model_FP32.tflite,243B1F02648873F9_20260412_031500_chunk_014.wav,8400,441,444
8844,8847,Columba palumbus,Common Wood-Pigeon,0.7701,243B1F02648873F9_20260412_031500.WAV,14,0.0,1.0,0.25,BirdNET_GLOBAL_6K_V2.4_Model_FP32.tflite,243B1F02648873F9_20260412_031500_chunk_014.wav,8400,444,447
8847,8850,Troglodytes troglodytes,Eurasian Wren,0.9678,243B1F02648873F9_20260412_031500.WAV,14,0.0,1.0,0.25,BirdNET_GLOBAL_6K_V2.4_Model_FP32.tflite,243B1F02648873F9_20260412_031500_chunk_014.wav,8400,447,450
8847,8850,Columba palumbus,Common Wood-Pigeon,0.2632,243B1F02648873F9_20260412_031500.WAV,14,0.0,1.0,0.25,BirdNET_GLOBAL_6K_V2.4_Model_FP32.tflite,243B1F02648873F9_20260412_031500_chunk_014.wav,8400,447,450
8850,8853,Troglodytes troglodytes,Eurasian Wren,0.7325,243B1F02648873F9_20260412_031500.WAV,14,0.0,1.0,0.25,BirdNET_GLOBAL_6K_V2.4_Model_FP32.tflite,243B1F02648873F9_20260412_031500_chunk_014.wav,8400,450,453
8856,8859,Troglodytes troglodytes,Eurasian Wren,0.3464,243B1F02648873F9_20260412_031500.WAV,14,0.0,1.0,0.25,BirdNET_GLOBAL_6K_V2.4_Model_FP32.tflite,243B1F02648873F9_20260412_031500_chunk_014.wav,8400,456,459
8859,8862,Troglodytes troglodytes,Eurasian Wren,0.8730,243B1F02648873F9_20260412_031500.WAV,14,0.0,1.0,0.25,BirdNET_GLOBAL_6K_V2.4_Model_FP32.tflite,243B1F02648873F9_20260412_031500_chunk_014.wav,8400,459,462
8859,8862,Columba palumbus,Common Wood-Pigeon,0.5978,243B1F02648873F9_20260412_031500.WAV,14,0.0,1.0,0.25,BirdNET_GLOBAL_6K_V2.4_Model_FP32.tflite,243B1F02648873F9_20260412_031500_chunk_014.wav,8400,459,462
8862,8865,Columba palumbus,Common Wood-Pigeon,0.5751,243B1F02648873F9_20260412_031500.WAV,14,0.0,1.0,0.25,BirdNET_GLOBAL_6K_V2.4_Model_FP32.tflite,243B1F02648873F9_20260412_031500_chunk_014.wav,8400,462,465
8865,8868,Columba palumbus,Common Wood-Pigeon,0.6930,243B1F02648873F9_20260412_031500.WAV,14,0.0,1.0,0.25,BirdNET_GLOBAL_6K_V2.4_Model_FP32.tflite,243B1F02648873F9_20260412_031500_chunk_014.wav,8400,465,468
8868,8871,Columba palumbus,Common Wood-Pigeon,0.8737,243B1F02648873F9_20260412_031500.WAV,14,0.0,1.0,0.25,BirdNET_GLOBAL_6K_V2.4_Model_FP32.tflite,243B1F02648873F9_20260412_031500_chunk_014.wav,8400,468,471
8871,8874,Troglodytes troglodytes,Eurasian Wren,0.8837,243B1F02648873F9_20260412_031500.WAV,14,0.0,1.0,0.25,BirdNET_GLOBAL_6K_V2.4_Model_FP32.tflite,243B1F02648873F9_20260412_031500_chunk_014.wav,8400,471,474
8874,8877,Troglodytes troglodytes,Eurasian Wren,0.6161,243B1F02648873F9_20260412_031500.WAV,14,0.0,1.0,0.25,BirdNET_GLOBAL_6K_V2.4_Model_FP32.tflite,243B1F02648873F9_20260412_031500_chunk_014.wav,8400,474,477
8880,8883,Troglodytes troglodytes,Eurasian Wren,0.6665,243B1F02648873F9_20260412_031500.WAV,14,0.0,1.0,0.25,BirdNET_GLOBAL_6K_V2.4_Model_FP32.tflite,243B1F02648873F9_20260412_031500_chunk_014.wav,8400,480,483
8883,8886,Troglodytes troglodytes,Eurasian Wren,0.9854,243B1F02648873F9_20260412_031500.WAV,14,0.0,1.0,0.25,BirdNET_GLOBAL_6K_V2.4_Model_FP32.tflite,243B1F02648873F9_20260412_031500_chunk_014.wav,8400,483,486
8886,8889,Columba palumbus,Common Wood-Pigeon,0.4947,243B1F02648873F9_20260412_031500.WAV,14,0.0,1.0,0.25,BirdNET_GLOBAL_6K_V2.4_Model_FP32.tflite,243B1F02648873F9_20260412_031500_chunk_014.wav,8400,486,489
8889,8892,Columba palumbus,Common Wood-Pigeon,0.3367,243B1F02648873F9_20260412_031500.WAV,14,0.0,1.0,0.25,BirdNET_GLOBAL_6K_V2.4_Model_FP32.tflite,243B1F02648873F9_20260412_031500_chunk_014.wav,8400,489,492
8889,8892,Certhia familiaris,Eurasian Treecreeper,0.3059,243B1F02648873F9_20260412_031500.WAV,14,0.0,1.0,0.25,BirdNET_GLOBAL_6K_V2.4_Model_FP32.tflite,243B1F02648873F9_20260412_031500_chunk_014.wav,8400,489,492
8892,8895,Columba palumbus,Common Wood-Pigeon,0.9130,243B1F02648873F9_20260412_031500.WAV,14,0.0,1.0,0.25,BirdNET_GLOBAL_6K_V2.4_Model_FP32.tflite,243B1F02648873F9_20260412_031500_chunk_014.wav,8400,492,495
8892,8895,Troglodytes troglodytes,Eurasian Wren,0.3583,243B1F02648873F9_20260412_031500.WAV,14,0.0,1.0,0.25,BirdNET_GLOBAL_6K_V2.4_Model_FP32.tflite,243B1F02648873F9_20260412_031500_chunk_014.wav,8400,492,495
8895,8898,Columba palumbus,Common Wood-Pigeon,0.9563,243B1F02648873F9_20260412_031500.WAV,14,0.0,1.0,0.25,BirdNET_GLOBAL_6K_V2.4_Model_FP32.tflite,243B1F02648873F9_20260412_031500_chunk_014.wav,8400,495,498
8898,8901,Columba palumbus,Common Wood-Pigeon,0.8699,243B1F02648873F9_20260412_031500.WAV,14,0.0,1.0,0.25,BirdNET_GLOBAL_6K_V2.4_Model_FP32.tflite,243B1F02648873F9_20260412_031500_chunk_014.wav,8400,498,501
8901,8904,Columba palumbus,Common Wood-Pigeon,0.9509,243B1F02648873F9_20260412_031500.WAV,14,0.0,1.0,0.25,BirdNET_GLOBAL_6K_V2.4_Model_FP32.tflite,243B1F02648873F9_20260412_031500_chunk_014.wav,8400,501,504
8904,8907,Columba palumbus,Common Wood-Pigeon,0.9453,243B1F02648873F9_20260412_031500.WAV,14,0.0,1.0,0.25,BirdNET_GLOBAL_6K_V2.4_Model_FP32.tflite,243B1F02648873F9_20260412_031500_chunk_014.wav,8400,504,507
8907,8910,Troglodytes troglodytes,Eurasian Wren,0.9756,243B1F02648873F9_20260412_031500.WAV,14,0.0,1.0,0.25,BirdNET_GLOBAL_6K_V2.4_Model_FP32.tflite,243B1F02648873F9_20260412_031500_chunk_014.wav,8400,507,510
8907,8910,Columba palumbus,Common Wood-Pigeon,0.5272,243B1F02648873F9_20260412_031500.WAV,14,0.0,1.0,0.25,BirdNET_GLOBAL_6K_V2.4_Model_FP32.tflite,243B1F02648873F9_20260412_031500_chunk_014.wav,8400,507,510
8910,8913,Columba palumbus,Common Wood-Pigeon,0.9186,243B1F02648873F9_20260412_031500.WAV,14,0.0,1.0,0.25,BirdNET_GLOBAL_6K_V2.4_Model_FP32.tflite,243B1F02648873F9_20260412_031500_chunk_014.wav,8400,510,513
8913,8916,Columba palumbus,Common Wood-Pigeon,0.6127,243B1F02648873F9_20260412_031500.WAV,14,0.0,1.0,0.25,BirdNET_GLOBAL_6K_V2.4_Model_FP32.tflite,243B1F02648873F9_20260412_031500_chunk_014.wav,8400,513,516
8916,8919,Troglodytes troglodytes,Eurasian Wren,0.5741,243B1F02648873F9_20260412_031500.WAV,14,0.0,1.0,0.25,BirdNET_GLOBAL_6K_V2.4_Model_FP32.tflite,243B1F02648873F9_20260412_031500_chunk_014.wav,8400,516,519
8916,8919,Columba palumbus,Common Wood-Pigeon,0.5394,243B1F02648873F9_20260412_031500.WAV,14,0.0,1.0,0.25,BirdNET_GLOBAL_6K_V2.4_Model_FP32.tflite,243B1F02648873F9_20260412_031500_chunk_014.wav,8400,516,519
8919,8922,Troglodytes troglodytes,Eurasian Wren,0.8172,243B1F02648873F9_20260412_031500.WAV,14,0.0,1.0,0.25,BirdNET_GLOBAL_6K_V2.4_Model_FP32.tflite,243B1F02648873F9_20260412_031500_chunk_014.wav,8400,519,522
8919,8922,Columba palumbus,Common Wood-Pigeon,0.7032,243B1F02648873F9_20260412_031500.WAV,14,0.0,1.0,0.25,BirdNET_GLOBAL_6K_V2.4_Model_FP32.tflite,243B1F02648873F9_20260412_031500_chunk_014.wav,8400,519,522
8922,8925,Columba palumbus,Common Wood-Pigeon,0.7413,243B1F02648873F9_20260412_031500.WAV,14,0.0,1.0,0.25,BirdNET_GLOBAL_6K_V2.4_Model_FP32.tflite,243B1F02648873F9_20260412_031500_chunk_014.wav,8400,522,525
8925,8928,Columba palumbus,Common Wood-Pigeon,0.9645,243B1F02648873F9_20260412_031500.WAV,14,0.0,1.0,0.25,BirdNET_GLOBAL_6K_V2.4_Model_FP32.tflite,243B1F02648873F9_20260412_031500_chunk_014.wav,8400,525,528
8928,8931,Columba palumbus,Common Wood-Pigeon,0.9607,243B1F02648873F9_20260412_031500.WAV,14,0.0,1.0,0.25,BirdNET_GLOBAL_6K_V2.4_Model_FP32.tflite,243B1F02648873F9_20260412_031500_chunk_014.wav,8400,528,531
8928,8931,Troglodytes troglodytes,Eurasian Wren,0.8087,243B1F02648873F9_20260412_031500.WAV,14,0.0,1.0,0.25,BirdNET_GLOBAL_6K_V2.4_Model_FP32.tflite,243B1F02648873F9_20260412_031500_chunk_014.wav,8400,528,531
8931,8934,Columba palumbus,Common Wood-Pigeon,0.6173,243B1F02648873F9_20260412_031500.WAV,14,0.0,1.0,0.25,BirdNET_GLOBAL_6K_V2.4_Model_FP32.tflite,243B1F02648873F9_20260412_031500_chunk_014.wav,8400,531,534
8931,8934,Troglodytes troglodytes,Eurasian Wren,0.3665,243B1F02648873F9_20260412_031500.WAV,14,0.0,1.0,0.25,BirdNET_GLOBAL_6K_V2.4_Model_FP32.tflite,243B1F02648873F9_20260412_031500_chunk_014.wav,8400,531,534
8934,8937,Columba palumbus,Common Wood-Pigeon,0.9573,243B1F02648873F9_20260412_031500.WAV,14,0.0,1.0,0.25,BirdNET_GLOBAL_6K_V2.4_Model_FP32.tflite,243B1F02648873F9_20260412_031500_chunk_014.wav,8400,534,537
8937,8940,Columba palumbus,Common Wood-Pigeon,0.8162,243B1F02648873F9_20260412_031500.WAV,14,0.0,1.0,0.25,BirdNET_GLOBAL_6K_V2.4_Model_FP32.tflite,243B1F02648873F9_20260412_031500_chunk_014.wav,8400,537,540
8940,8943,Troglodytes troglodytes,Eurasian Wren,0.5900,243B1F02648873F9_20260412_031500.WAV,14,0.0,1.0,0.25,BirdNET_GLOBAL_6K_V2.4_Model_FP32.tflite,243B1F02648873F9_20260412_031500_chunk_014.wav,8400,540,543
8940,8943,Columba palumbus,Common Wood-Pigeon,0.2848,243B1F02648873F9_20260412_031500.WAV,14,0.0,1.0,0.25,BirdNET_GLOBAL_6K_V2.4_Model_FP32.tflite,243B1F02648873F9_20260412_031500_chunk_014.wav,8400,540,543
8943,8946,Troglodytes troglodytes,Eurasian Wren,0.9622,243B1F02648873F9_20260412_031500.WAV,14,0.0,1.0,0.25,BirdNET_GLOBAL_6K_V2.4_Model_FP32.tflite,243B1F02648873F9_20260412_031500_chunk_014.wav,8400,543,546
8946,8949,Certhia familiaris,Eurasian Treecreeper,0.6257,243B1F02648873F9_20260412_031500.WAV,14,0.0,1.0,0.25,BirdNET_GLOBAL_6K_V2.4_Model_FP32.tflite,243B1F02648873F9_20260412_031500_chunk_014.wav,8400,546,549
8946,8949,Cyanistes caeruleus,Eurasian Blue Tit,0.2540,243B1F02648873F9_20260412_031500.WAV,14,0.0,1.0,0.25,BirdNET_GLOBAL_6K_V2.4_Model_FP32.tflite,243B1F02648873F9_20260412_031500_chunk_014.wav,8400,546,549
8952,8955,Columba palumbus,Common Wood-Pigeon,0.7701,243B1F02648873F9_20260412_031500.WAV,14,0.0,1.0,0.25,BirdNET_GLOBAL_6K_V2.4_Model_FP32.tflite,243B1F02648873F9_20260412_031500_chunk_014.wav,8400,552,555
8955,8958,Columba palumbus,Common Wood-Pigeon,0.8211,243B1F02648873F9_20260412_031500.WAV,14,0.0,1.0,0.25,BirdNET_GLOBAL_6K_V2.4_Model_FP32.tflite,243B1F02648873F9_20260412_031500_chunk_014.wav,8400,555,558
8958,8961,Columba palumbus,Common Wood-Pigeon,0.6420,243B1F02648873F9_20260412_031500.WAV,14,0.0,1.0,0.25,BirdNET_GLOBAL_6K_V2.4_Model_FP32.tflite,243B1F02648873F9_20260412_031500_chunk_014.wav,8400,558,561
8961,8964,Columba palumbus,Common Wood-Pigeon,0.5827,243B1F02648873F9_20260412_031500.WAV,14,0.0,1.0,0.25,BirdNET_GLOBAL_6K_V2.4_Model_FP32.tflite,243B1F02648873F9_20260412_031500_chunk_014.wav,8400,561,564
8964,8967,Columba palumbus,Common Wood-Pigeon,0.8505,243B1F02648873F9_20260412_031500.WAV,14,0.0,1.0,0.25,BirdNET_GLOBAL_6K_V2.4_Model_FP32.tflite,243B1F02648873F9_20260412_031500_chunk_014.wav,8400,564,567
8967,8970,Columba palumbus,Common Wood-Pigeon,0.9665,243B1F02648873F9_20260412_031500.WAV,14,0.0,1.0,0.25,BirdNET_GLOBAL_6K_V2.4_Model_FP32.tflite,243B1F02648873F9_20260412_031500_chunk_014.wav,8400,567,570
8970,8973,Columba palumbus,Common Wood-Pigeon,0.9377,243B1F02648873F9_20260412_031500.WAV,14,0.0,1.0,0.25,BirdNET_GLOBAL_6K_V2.4_Model_FP32.tflite,243B1F02648873F9_20260412_031500_chunk_014.wav,8400,570,573
8973,8976,Columba palumbus,Common Wood-Pigeon,0.9547,243B1F02648873F9_20260412_031500.WAV,14,0.0,1.0,0.25,BirdNET_GLOBAL_6K_V2.4_Model_FP32.tflite,243B1F02648873F9_20260412_031500_chunk_014.wav,8400,573,576
8976,8979,Columba palumbus,Common Wood-Pigeon,0.9908,243B1F02648873F9_20260412_031500.WAV,14,0.0,1.0,0.25,BirdNET_GLOBAL_6K_V2.4_Model_FP32.tflite,243B1F02648873F9_20260412_031500_chunk_014.wav,8400,576,579
8979,8982,Columba palumbus,Common Wood-Pigeon,0.9203,243B1F02648873F9_20260412_031500.WAV,14,0.0,1.0,0.25,BirdNET_GLOBAL_6K_V2.4_Model_FP32.tflite,243B1F02648873F9_20260412_031500_chunk_014.wav,8400,579,582
8982,8985,Columba palumbus,Common Wood-Pigeon,0.4418,243B1F02648873F9_20260412_031500.WAV,14,0.0,1.0,0.25,BirdNET_GLOBAL_6K_V2.4_Model_FP32.tflite,243B1F02648873F9_20260412_031500_chunk_014.wav,8400,582,585
8985,8988,Columba palumbus,Common Wood-Pigeon,0.8897,243B1F02648873F9_20260412_031500.WAV,14,0.0,1.0,0.25,BirdNET_GLOBAL_6K_V2.4_Model_FP32.tflite,243B1F02648873F9_20260412_031500_chunk_014.wav,8400,585,588
8988,8991,Erithacus rubecula,European Robin,0.3537,243B1F02648873F9_20260412_031500.WAV,14,0.0,1.0,0.25,BirdNET_GLOBAL_6K_V2.4_Model_FP32.tflite,243B1F02648873F9_20260412_031500_chunk_014.wav,8400,588,591
8988,8991,Cyanistes caeruleus,Eurasian Blue Tit,0.3133,243B1F02648873F9_20260412_031500.WAV,14,0.0,1.0,0.25,BirdNET_GLOBAL_6K_V2.4_Model_FP32.tflite,243B1F02648873F9_20260412_031500_chunk_014.wav,8400,588,591
8994,8997,Certhia familiaris,Eurasian Treecreeper,0.3377,243B1F02648873F9_20260412_031500.WAV,14,0.0,1.0,0.25,BirdNET_GLOBAL_6K_V2.4_Model_FP32.tflite,243B1F02648873F9_20260412_031500_chunk_014.wav,8400,594,597
8997,8999.98,Cyanistes caeruleus,Eurasian Blue Tit,0.4421,243B1F02648873F9_20260412_031500.WAV,14,0.0,1.0,0.25,BirdNET_GLOBAL_6K_V2.4_Model_FP32.tflite,243B1F02648873F9_20260412_031500_chunk_014.wav,8400,597,599.98
9000,9003,Columba palumbus,Common Wood-Pigeon,0.3976,243B1F02648873F9_20260412_031500.WAV,14,0.0,1.0,0.25,BirdNET_GLOBAL_6K_V2.4_Model_FP32.tflite,243B1F02648873F9_20260412_031500_chunk_015.wav,9000,0,3
9003,9006,Columba palumbus,Common Wood-Pigeon,0.8627,243B1F02648873F9_20260412_031500.WAV,14,0.0,1.0,0.25,BirdNET_GLOBAL_6K_V2.4_Model_FP32.tflite,243B1F02648873F9_20260412_031500_chunk_015.wav,9000,3,6
9003,9006,Certhia familiaris,Eurasian Treecreeper,0.4939,243B1F02648873F9_20260412_031500.WAV,14,0.0,1.0,0.25,BirdNET_GLOBAL_6K_V2.4_Model_FP32.tflite,243B1F02648873F9_20260412_031500_chunk_015.wav,9000,3,6
9006,9009,Columba palumbus,Common Wood-Pigeon,0.9926,243B1F02648873F9_20260412_031500.WAV,14,0.0,1.0,0.25,BirdNET_GLOBAL_6K_V2.4_Model_FP32.tflite,243B1F02648873F9_20260412_031500_chunk_015.wav,9000,6,9
9009,9012,Columba palumbus,Common Wood-Pigeon,0.9632,243B1F02648873F9_20260412_031500.WAV,14,0.0,1.0,0.25,BirdNET_GLOBAL_6K_V2.4_Model_FP32.tflite,243B1F02648873F9_20260412_031500_chunk_015.wav,9000,9,12
9012,9015,Columba palumbus,Common Wood-Pigeon,0.7301,243B1F02648873F9_20260412_031500.WAV,14,0.0,1.0,0.25,BirdNET_GLOBAL_6K_V2.4_Model_FP32.tflite,243B1F02648873F9_20260412_031500_chunk_015.wav,9000,12,15
9012,9015,Cyanistes caeruleus,Eurasian Blue Tit,0.3294,243B1F02648873F9_20260412_031500.WAV,14,0.0,1.0,0.25,BirdNET_GLOBAL_6K_V2.4_Model_FP32.tflite,243B1F02648873F9_20260412_031500_chunk_015.wav,9000,12,15
9015,9018,Certhia familiaris,Eurasian Treecreeper,0.9276,243B1F02648873F9_20260412_031500.WAV,14,0.0,1.0,0.25,BirdNET_GLOBAL_6K_V2.4_Model_FP32.tflite,243B1F02648873F9_20260412_031500_chunk_015.wav,9000,15,18
9018,9021,Cyanistes caeruleus,Eurasian Blue Tit,0.6041,243B1F02648873F9_20260412_031500.WAV,14,0.0,1.0,0.25,BirdNET_GLOBAL_6K_V2.4_Model_FP32.tflite,243B1F02648873F9_20260412_031500_chunk_015.wav,9000,18,21
9021,9024,Certhia familiaris,Eurasian Treecreeper,0.2886,243B1F02648873F9_20260412_031500.WAV,14,0.0,1.0,0.25,BirdNET_GLOBAL_6K_V2.4_Model_FP32.tflite,243B1F02648873F9_20260412_031500_chunk_015.wav,9000,21,24
9024,9027,Cyanistes caeruleus,Eurasian Blue Tit,0.5193,243B1F02648873F9_20260412_031500.WAV,14,0.0,1.0,0.25,BirdNET_GLOBAL_6K_V2.4_Model_FP32.tflite,243B1F02648873F9_20260412_031500_chunk_015.wav,9000,24,27
9027,9030,Parus major,Great Tit,0.7604,243B1F02648873F9_20260412_031500.WAV,14,0.0,1.0,0.25,BirdNET_GLOBAL_6K_V2.4_Model_FP32.tflite,243B1F02648873F9_20260412_031500_chunk_015.wav,9000,27,30
9030,9033,Certhia familiaris,Eurasian Treecreeper,0.8337,243B1F02648873F9_20260412_031500.WAV,14,0.0,1.0,0.25,BirdNET_GLOBAL_6K_V2.4_Model_FP32.tflite,243B1F02648873F9_20260412_031500_chunk_015.wav,9000,30,33
9033,9036,Certhia familiaris,Eurasian Treecreeper,0.9341,243B1F02648873F9_20260412_031500.WAV,14,0.0,1.0,0.25,BirdNET_GLOBAL_6K_V2.4_Model_FP32.tflite,243B1F02648873F9_20260412_031500_chunk_015.wav,9000,33,36
9036,9039,Parus major,Great Tit,0.8807,243B1F02648873F9_20260412_031500.WAV,14,0.0,1.0,0.25,BirdNET_GLOBAL_6K_V2.4_Model_FP32.tflite,243B1F02648873F9_20260412_031500_chunk_015.wav,9000,36,39
9039,9042,Parus major,Great Tit,0.7738,243B1F02648873F9_20260412_031500.WAV,14,0.0,1.0,0.25,BirdNET_GLOBAL_6K_V2.4_Model_FP32.tflite,243B1F02648873F9_20260412_031500_chunk_015.wav,9000,39,42
9039,9042,Cyanistes caeruleus,Eurasian Blue Tit,0.4368,243B1F02648873F9_20260412_031500.WAV,14,0.0,1.0,0.25,BirdNET_GLOBAL_6K_V2.4_Model_FP32.tflite,243B1F02648873F9_20260412_031500_chunk_015.wav,9000,39,42
9042,9045,Certhia familiaris,Eurasian Treecreeper,0.7091,243B1F02648873F9_20260412_031500.WAV,14,0.0,1.0,0.25,BirdNET_GLOBAL_6K_V2.4_Model_FP32.tflite,243B1F02648873F9_20260412_031500_chunk_015.wav,9000,42,45
9045,9048,Parus major,Great Tit,0.6504,243B1F02648873F9_20260412_031500.WAV,14,0.0,1.0,0.25,BirdNET_GLOBAL_6K_V2.4_Model_FP32.tflite,243B1F02648873F9_20260412_031500_chunk_015.wav,9000,45,48
9048,9051,Cyanistes caeruleus,Eurasian Blue Tit,0.6681,243B1F02648873F9_20260412_031500.WAV,14,0.0,1.0,0.25,BirdNET_GLOBAL_6K_V2.4_Model_FP32.tflite,243B1F02648873F9_20260412_031500_chunk_015.wav,9000,48,51
9051,9054,Certhia familiaris,Eurasian Treecreeper,0.7550,243B1F02648873F9_20260412_031500.WAV,14,0.0,1.0,0.25,BirdNET_GLOBAL_6K_V2.4_Model_FP32.tflite,243B1F02648873F9_20260412_031500_chunk_015.wav,9000,51,54
9051,9054,Parus major,Great Tit,0.5376,243B1F02648873F9_20260412_031500.WAV,14,0.0,1.0,0.25,BirdNET_GLOBAL_6K_V2.4_Model_FP32.tflite,243B1F02648873F9_20260412_031500_chunk_015.wav,9000,51,54
9054,9057,Troglodytes troglodytes,Eurasian Wren,0.7453,243B1F02648873F9_20260412_031500.WAV,14,0.0,1.0,0.25,BirdNET_GLOBAL_6K_V2.4_Model_FP32.tflite,243B1F02648873F9_20260412_031500_chunk_015.wav,9000,54,57
9054,9057,Columba palumbus,Common Wood-Pigeon,0.4724,243B1F02648873F9_20260412_031500.WAV,14,0.0,1.0,0.25,BirdNET_GLOBAL_6K_V2.4_Model_FP32.tflite,243B1F02648873F9_20260412_031500_chunk_015.wav,9000,54,57
9060,9063,Troglodytes troglodytes,Eurasian Wren,0.3373,243B1F02648873F9_20260412_031500.WAV,14,0.0,1.0,0.25,BirdNET_GLOBAL_6K_V2.4_Model_FP32.tflite,243B1F02648873F9_20260412_031500_chunk_015.wav,9000,60,63
9063,9066,Certhia familiaris,Eurasian Treecreeper,0.6212,243B1F02648873F9_20260412_031500.WAV,14,0.0,1.0,0.25,BirdNET_GLOBAL_6K_V2.4_Model_FP32.tflite,243B1F02648873F9_20260412_031500_chunk_015.wav,9000,63,66
9063,9066,Parus major,Great Tit,0.3830,243B1F02648873F9_20260412_031500.WAV,14,0.0,1.0,0.25,BirdNET_GLOBAL_6K_V2.4_Model_FP32.tflite,243B1F02648873F9_20260412_031500_chunk_015.wav,9000,63,66
9066,9069,Columba palumbus,Common Wood-Pigeon,0.6845,243B1F02648873F9_20260412_031500.WAV,14,0.0,1.0,0.25,BirdNET_GLOBAL_6K_V2.4_Model_FP32.tflite,243B1F02648873F9_20260412_031500_chunk_015.wav,9000,66,69
9069,9072,Parus major,Great Tit,0.4042,243B1F02648873F9_20260412_031500.WAV,14,0.0,1.0,0.25,BirdNET_GLOBAL_6K_V2.4_Model_FP32.tflite,243B1F02648873F9_20260412_031500_chunk_015.wav,9000,69,72
9072,9075,Certhia familiaris,Eurasian Treecreeper,0.8909,243B1F02648873F9_20260412_031500.WAV,14,0.0,1.0,0.25,BirdNET_GLOBAL_6K_V2.4_Model_FP32.tflite,243B1F02648873F9_20260412_031500_chunk_015.wav,9000,72,75
9075,9078,Columba palumbus,Common Wood-Pigeon,0.6850,243B1F02648873F9_20260412_031500.WAV,14,0.0,1.0,0.25,BirdNET_GLOBAL_6K_V2.4_Model_FP32.tflite,243B1F02648873F9_20260412_031500_chunk_015.wav,9000,75,78
9078,9081,Columba palumbus,Common Wood-Pigeon,0.7052,243B1F02648873F9_20260412_031500.WAV,14,0.0,1.0,0.25,BirdNET_GLOBAL_6K_V2.4_Model_FP32.tflite,243B1F02648873F9_20260412_031500_chunk_015.wav,9000,78,81
9078,9081,Certhia familiaris,Eurasian Treecreeper,0.5858,243B1F02648873F9_20260412_031500.WAV,14,0.0,1.0,0.25,BirdNET_GLOBAL_6K_V2.4_Model_FP32.tflite,243B1F02648873F9_20260412_031500_chunk_015.wav,9000,78,81
9081,9084,Columba palumbus,Common Wood-Pigeon,0.7556,243B1F02648873F9_20260412_031500.WAV,14,0.0,1.0,0.25,BirdNET_GLOBAL_6K_V2.4_Model_FP32.tflite,243B1F02648873F9_20260412_031500_chunk_015.wav,9000,81,84
9084,9087,Columba palumbus,Common Wood-Pigeon,0.9803,243B1F02648873F9_20260412_031500.WAV,14,0.0,1.0,0.25,BirdNET_GLOBAL_6K_V2.4_Model_FP32.tflite,243B1F02648873F9_20260412_031500_chunk_015.wav,9000,84,87
9087,9090,Certhia familiaris,Eurasian Treecreeper,0.3514,243B1F02648873F9_20260412_031500.WAV,14,0.0,1.0,0.25,BirdNET_GLOBAL_6K_V2.4_Model_FP32.tflite,243B1F02648873F9_20260412_031500_chunk_015.wav,9000,87,90
9090,9093,Certhia familiaris,Eurasian Treecreeper,0.6751,243B1F02648873F9_20260412_031500.WAV,14,0.0,1.0,0.25,BirdNET_GLOBAL_6K_V2.4_Model_FP32.tflite,243B1F02648873F9_20260412_031500_chunk_015.wav,9000,90,93
9093,9096,Parus major,Great Tit,0.7656,243B1F02648873F9_20260412_031500.WAV,14,0.0,1.0,0.25,BirdNET_GLOBAL_6K_V2.4_Model_FP32.tflite,243B1F02648873F9_20260412_031500_chunk_015.wav,9000,93,96
9093,9096,Cyanistes caeruleus,Eurasian Blue Tit,0.5995,243B1F02648873F9_20260412_031500.WAV,14,0.0,1.0,0.25,BirdNET_GLOBAL_6K_V2.4_Model_FP32.tflite,243B1F02648873F9_20260412_031500_chunk_015.wav,9000,93,96
9096,9099,Certhia familiaris,Eurasian Treecreeper,0.3370,243B1F02648873F9_20260412_031500.WAV,14,0.0,1.0,0.25,BirdNET_GLOBAL_6K_V2.4_Model_FP32.tflite,243B1F02648873F9_20260412_031500_chunk_015.wav,9000,96,99
9102,9105,Cyanistes caeruleus,Eurasian Blue Tit,0.4232,243B1F02648873F9_20260412_031500.WAV,14,0.0,1.0,0.25,BirdNET_GLOBAL_6K_V2.4_Model_FP32.tflite,243B1F02648873F9_20260412_031500_chunk_015.wav,9000,102,105
9102,9105,Certhia familiaris,Eurasian Treecreeper,0.3672,243B1F02648873F9_20260412_031500.WAV,14,0.0,1.0,0.25,BirdNET_GLOBAL_6K_V2.4_Model_FP32.tflite,243B1F02648873F9_20260412_031500_chunk_015.wav,9000,102,105
9105,9108,Certhia familiaris,Eurasian Treecreeper,0.9230,243B1F02648873F9_20260412_031500.WAV,14,0.0,1.0,0.25,BirdNET_GLOBAL_6K_V2.4_Model_FP32.tflite,243B1F02648873F9_20260412_031500_chunk_015.wav,9000,105,108
9105,9108,Parus major,Great Tit,0.3032,243B1F02648873F9_20260412_031500.WAV,14,0.0,1.0,0.25,BirdNET_GLOBAL_6K_V2.4_Model_FP32.tflite,243B1F02648873F9_20260412_031500_chunk_015.wav,9000,105,108
9108,9111,Certhia familiaris,Eurasian Treecreeper,0.9524,243B1F02648873F9_20260412_031500.WAV,14,0.0,1.0,0.25,BirdNET_GLOBAL_6K_V2.4_Model_FP32.tflite,243B1F02648873F9_20260412_031500_chunk_015.wav,9000,108,111
9111,9114,Columba palumbus,Common Wood-Pigeon,0.5520,243B1F02648873F9_20260412_031500.WAV,14,0.0,1.0,0.25,BirdNET_GLOBAL_6K_V2.4_Model_FP32.tflite,243B1F02648873F9_20260412_031500_chunk_015.wav,9000,111,114
9114,9117,Certhia familiaris,Eurasian Treecreeper,0.8758,243B1F02648873F9_20260412_031500.WAV,14,0.0,1.0,0.25,BirdNET_GLOBAL_6K_V2.4_Model_FP32.tflite,243B1F02648873F9_20260412_031500_chunk_015.wav,9000,114,117
9117,9120,Certhia familiaris,Eurasian Treecreeper,0.8229,243B1F02648873F9_20260412_031500.WAV,14,0.0,1.0,0.25,BirdNET_GLOBAL_6K_V2.4_Model_FP32.tflite,243B1F02648873F9_20260412_031500_chunk_015.wav,9000,117,120
9120,9123,Troglodytes troglodytes,Eurasian Wren,0.8423,243B1F02648873F9_20260412_031500.WAV,14,0.0,1.0,0.25,BirdNET_GLOBAL_6K_V2.4_Model_FP32.tflite,243B1F02648873F9_20260412_031500_chunk_015.wav,9000,120,123
9123,9126,Certhia familiaris,Eurasian Treecreeper,0.9500,243B1F02648873F9_20260412_031500.WAV,14,0.0,1.0,0.25,BirdNET_GLOBAL_6K_V2.4_Model_FP32.tflite,243B1F02648873F9_20260412_031500_chunk_015.wav,9000,123,126
9126,9129,Certhia familiaris,Eurasian Treecreeper,0.9137,243B1F02648873F9_20260412_031500.WAV,14,0.0,1.0,0.25,BirdNET_GLOBAL_6K_V2.4_Model_FP32.tflite,243B1F02648873F9_20260412_031500_chunk_015.wav,9000,126,129
9129,9132,Cyanistes caeruleus,Eurasian Blue Tit,0.3794,243B1F02648873F9_20260412_031500.WAV,14,0.0,1.0,0.25,BirdNET_GLOBAL_6K_V2.4_Model_FP32.tflite,243B1F02648873F9_20260412_031500_chunk_015.wav,9000,129,132
9132,9135,Certhia familiaris,Eurasian Treecreeper,0.9011,243B1F02648873F9_20260412_031500.WAV,14,0.0,1.0,0.25,BirdNET_GLOBAL_6K_V2.4_Model_FP32.tflite,243B1F02648873F9_20260412_031500_chunk_015.wav,9000,132,135
9135,9138,Troglodytes troglodytes,Eurasian Wren,0.3392,243B1F02648873F9_20260412_031500.WAV,14,0.0,1.0,0.25,BirdNET_GLOBAL_6K_V2.4_Model_FP32.tflite,243B1F02648873F9_20260412_031500_chunk_015.wav,9000,135,138
9138,9141,Parus major,Great Tit,0.6698,243B1F02648873F9_20260412_031500.WAV,14,0.0,1.0,0.25,BirdNET_GLOBAL_6K_V2.4_Model_FP32.tflite,243B1F02648873F9_20260412_031500_chunk_015.wav,9000,138,141
9138,9141,Cyanistes caeruleus,Eurasian Blue Tit,0.5262,243B1F02648873F9_20260412_031500.WAV,14,0.0,1.0,0.25,BirdNET_GLOBAL_6K_V2.4_Model_FP32.tflite,243B1F02648873F9_20260412_031500_chunk_015.wav,9000,138,141
9141,9144,Certhia familiaris,Eurasian Treecreeper,0.5125,243B1F02648873F9_20260412_031500.WAV,14,0.0,1.0,0.25,BirdNET_GLOBAL_6K_V2.4_Model_FP32.tflite,243B1F02648873F9_20260412_031500_chunk_015.wav,9000,141,144
9147,9150,Certhia familiaris,Eurasian Treecreeper,0.7227,243B1F02648873F9_20260412_031500.WAV,14,0.0,1.0,0.25,BirdNET_GLOBAL_6K_V2.4_Model_FP32.tflite,243B1F02648873F9_20260412_031500_chunk_015.wav,9000,147,150
9150,9153,Certhia familiaris,Eurasian Treecreeper,0.9250,243B1F02648873F9_20260412_031500.WAV,14,0.0,1.0,0.25,BirdNET_GLOBAL_6K_V2.4_Model_FP32.tflite,243B1F02648873F9_20260412_031500_chunk_015.wav,9000,150,153
9153,9156,Troglodytes troglodytes,Eurasian Wren,0.6852,243B1F02648873F9_20260412_031500.WAV,14,0.0,1.0,0.25,BirdNET_GLOBAL_6K_V2.4_Model_FP32.tflite,243B1F02648873F9_20260412_031500_chunk_015.wav,9000,153,156
9159,9162,Parus major,Great Tit,0.7924,243B1F02648873F9_20260412_031500.WAV,14,0.0,1.0,0.25,BirdNET_GLOBAL_6K_V2.4_Model_FP32.tflite,243B1F02648873F9_20260412_031500_chunk_015.wav,9000,159,162
9159,9162,Certhia familiaris,Eurasian Treecreeper,0.6361,243B1F02648873F9_20260412_031500.WAV,14,0.0,1.0,0.25,BirdNET_GLOBAL_6K_V2.4_Model_FP32.tflite,243B1F02648873F9_20260412_031500_chunk_015.wav,9000,159,162
9162,9165,Certhia familiaris,Eurasian Treecreeper,0.3211,243B1F02648873F9_20260412_031500.WAV,14,0.0,1.0,0.25,BirdNET_GLOBAL_6K_V2.4_Model_FP32.tflite,243B1F02648873F9_20260412_031500_chunk_015.wav,9000,162,165
9165,9168,Certhia familiaris,Eurasian Treecreeper,0.4393,243B1F02648873F9_20260412_031500.WAV,14,0.0,1.0,0.25,BirdNET_GLOBAL_6K_V2.4_Model_FP32.tflite,243B1F02648873F9_20260412_031500_chunk_015.wav,9000,165,168
9165,9168,Cyanistes caeruleus,Eurasian Blue Tit,0.4082,243B1F02648873F9_20260412_031500.WAV,14,0.0,1.0,0.25,BirdNET_GLOBAL_6K_V2.4_Model_FP32.tflite,243B1F02648873F9_20260412_031500_chunk_015.wav,9000,165,168
9174,9177,Certhia familiaris,Eurasian Treecreeper,0.9229,243B1F02648873F9_20260412_031500.WAV,14,0.0,1.0,0.25,BirdNET_GLOBAL_6K_V2.4_Model_FP32.tflite,243B1F02648873F9_20260412_031500_chunk_015.wav,9000,174,177
9177,9180,Certhia familiaris,Eurasian Treecreeper,0.6825,243B1F02648873F9_20260412_031500.WAV,14,0.0,1.0,0.25,BirdNET_GLOBAL_6K_V2.4_Model_FP32.tflite,243B1F02648873F9_20260412_031500_chunk_015.wav,9000,177,180
9180,9183,Certhia familiaris,Eurasian Treecreeper,0.8196,243B1F02648873F9_20260412_031500.WAV,14,0.0,1.0,0.25,BirdNET_GLOBAL_6K_V2.4_Model_FP32.tflite,243B1F02648873F9_20260412_031500_chunk_015.wav,9000,180,183
9183,9186,Certhia familiaris,Eurasian Treecreeper,0.9442,243B1F02648873F9_20260412_031500.WAV,14,0.0,1.0,0.25,BirdNET_GLOBAL_6K_V2.4_Model_FP32.tflite,243B1F02648873F9_20260412_031500_chunk_015.wav,9000,183,186
9186,9189,Cyanistes caeruleus,Eurasian Blue Tit,0.8247,243B1F02648873F9_20260412_031500.WAV,14,0.0,1.0,0.25,BirdNET_GLOBAL_6K_V2.4_Model_FP32.tflite,243B1F02648873F9_20260412_031500_chunk_015.wav,9000,186,189
9189,9192,Certhia familiaris,Eurasian Treecreeper,0.3188,243B1F02648873F9_20260412_031500.WAV,14,0.0,1.0,0.25,BirdNET_GLOBAL_6K_V2.4_Model_FP32.tflite,243B1F02648873F9_20260412_031500_chunk_015.wav,9000,189,192
9189,9192,Cyanistes caeruleus,Eurasian Blue Tit,0.3046,243B1F02648873F9_20260412_031500.WAV,14,0.0,1.0,0.25,BirdNET_GLOBAL_6K_V2.4_Model_FP32.tflite,243B1F02648873F9_20260412_031500_chunk_015.wav,9000,189,192
9192,9195,Turdus merula,Eurasian Blackbird,0.3724,243B1F02648873F9_20260412_031500.WAV,14,0.0,1.0,0.25,BirdNET_GLOBAL_6K_V2.4_Model_FP32.tflite,243B1F02648873F9_20260412_031500_chunk_015.wav,9000,192,195
9195,9198,Certhia familiaris,Eurasian Treecreeper,0.4471,243B1F02648873F9_20260412_031500.WAV,14,0.0,1.0,0.25,BirdNET_GLOBAL_6K_V2.4_Model_FP32.tflite,243B1F02648873F9_20260412_031500_chunk_015.wav,9000,195,198
9195,9198,Turdus merula,Eurasian Blackbird,0.2901,243B1F02648873F9_20260412_031500.WAV,14,0.0,1.0,0.25,BirdNET_GLOBAL_6K_V2.4_Model_FP32.tflite,243B1F02648873F9_20260412_031500_chunk_015.wav,9000,195,198
9198,9201,Certhia familiaris,Eurasian Treecreeper,0.7764,243B1F02648873F9_20260412_031500.WAV,14,0.0,1.0,0.25,BirdNET_GLOBAL_6K_V2.4_Model_FP32.tflite,243B1F02648873F9_20260412_031500_chunk_015.wav,9000,198,201
9201,9204,Parus major,Great Tit,0.5421,243B1F02648873F9_20260412_031500.WAV,14,0.0,1.0,0.25,BirdNET_GLOBAL_6K_V2.4_Model_FP32.tflite,243B1F02648873F9_20260412_031500_chunk_015.wav,9000,201,204
9201,9204,Certhia familiaris,Eurasian Treecreeper,0.4780,243B1F02648873F9_20260412_031500.WAV,14,0.0,1.0,0.25,BirdNET_GLOBAL_6K_V2.4_Model_FP32.tflite,243B1F02648873F9_20260412_031500_chunk_015.wav,9000,201,204
9204,9207,Turdus merula,Eurasian Blackbird,0.9208,243B1F02648873F9_20260412_031500.WAV,14,0.0,1.0,0.25,BirdNET_GLOBAL_6K_V2.4_Model_FP32.tflite,243B1F02648873F9_20260412_031500_chunk_015.wav,9000,204,207
9204,9207,Cyanistes caeruleus,Eurasian Blue Tit,0.3246,243B1F02648873F9_20260412_031500.WAV,14,0.0,1.0,0.25,BirdNET_GLOBAL_6K_V2.4_Model_FP32.tflite,243B1F02648873F9_20260412_031500_chunk_015.wav,9000,204,207
9207,9210,Parus major,Great Tit,0.7899,243B1F02648873F9_20260412_031500.WAV,14,0.0,1.0,0.25,BirdNET_GLOBAL_6K_V2.4_Model_FP32.tflite,243B1F02648873F9_20260412_031500_chunk_015.wav,9000,207,210
9210,9213,Parus major,Great Tit,0.4147,243B1F02648873F9_20260412_031500.WAV,14,0.0,1.0,0.25,BirdNET_GLOBAL_6K_V2.4_Model_FP32.tflite,243B1F02648873F9_20260412_031500_chunk_015.wav,9000,210,213
9213,9216,Cyanistes caeruleus,Eurasian Blue Tit,0.6510,243B1F02648873F9_20260412_031500.WAV,14,0.0,1.0,0.25,BirdNET_GLOBAL_6K_V2.4_Model_FP32.tflite,243B1F02648873F9_20260412_031500_chunk_015.wav,9000,213,216
9216,9219,Parus major,Great Tit,0.5466,243B1F02648873F9_20260412_031500.WAV,14,0.0,1.0,0.25,BirdNET_GLOBAL_6K_V2.4_Model_FP32.tflite,243B1F02648873F9_20260412_031500_chunk_015.wav,9000,216,219
9219,9222,Turdus merula,Eurasian Blackbird,0.8493,243B1F02648873F9_20260412_031500.WAV,14,0.0,1.0,0.25,BirdNET_GLOBAL_6K_V2.4_Model_FP32.tflite,243B1F02648873F9_20260412_031500_chunk_015.wav,9000,219,222
9222,9225,Cyanistes caeruleus,Eurasian Blue Tit,0.8636,243B1F02648873F9_20260412_031500.WAV,14,0.0,1.0,0.25,BirdNET_GLOBAL_6K_V2.4_Model_FP32.tflite,243B1F02648873F9_20260412_031500_chunk_015.wav,9000,222,225
9225,9228,Cyanistes caeruleus,Eurasian Blue Tit,0.4423,243B1F02648873F9_20260412_031500.WAV,14,0.0,1.0,0.25,BirdNET_GLOBAL_6K_V2.4_Model_FP32.tflite,243B1F02648873F9_20260412_031500_chunk_015.wav,9000,225,228
9225,9228,Certhia familiaris,Eurasian Treecreeper,0.3665,243B1F02648873F9_20260412_031500.WAV,14,0.0,1.0,0.25,BirdNET_GLOBAL_6K_V2.4_Model_FP32.tflite,243B1F02648873F9_20260412_031500_chunk_015.wav,9000,225,228
9228,9231,Cyanistes caeruleus,Eurasian Blue Tit,0.8871,243B1F02648873F9_20260412_031500.WAV,14,0.0,1.0,0.25,BirdNET_GLOBAL_6K_V2.4_Model_FP32.tflite,243B1F02648873F9_20260412_031500_chunk_015.wav,9000,228,231
9231,9234,Parus major,Great Tit,0.6187,243B1F02648873F9_20260412_031500.WAV,14,0.0,1.0,0.25,BirdNET_GLOBAL_6K_V2.4_Model_FP32.tflite,243B1F02648873F9_20260412_031500_chunk_015.wav,9000,231,234
9234,9237,Cyanistes caeruleus,Eurasian Blue Tit,0.3719,243B1F02648873F9_20260412_031500.WAV,14,0.0,1.0,0.25,BirdNET_GLOBAL_6K_V2.4_Model_FP32.tflite,243B1F02648873F9_20260412_031500_chunk_015.wav,9000,234,237
9237,9240,Parus major,Great Tit,0.5894,243B1F02648873F9_20260412_031500.WAV,14,0.0,1.0,0.25,BirdNET_GLOBAL_6K_V2.4_Model_FP32.tflite,243B1F02648873F9_20260412_031500_chunk_015.wav,9000,237,240
9240,9243,Parus major,Great Tit,0.3456,243B1F02648873F9_20260412_031500.WAV,14,0.0,1.0,0.25,BirdNET_GLOBAL_6K_V2.4_Model_FP32.tflite,243B1F02648873F9_20260412_031500_chunk_015.wav,9000,240,243
9243,9246,Cyanistes caeruleus,Eurasian Blue Tit,0.5074,243B1F02648873F9_20260412_031500.WAV,14,0.0,1.0,0.25,BirdNET_GLOBAL_6K_V2.4_Model_FP32.tflite,243B1F02648873F9_20260412_031500_chunk_015.wav,9000,243,246
9246,9249,Parus major,Great Tit,0.6506,243B1F02648873F9_20260412_031500.WAV,14,0.0,1.0,0.25,BirdNET_GLOBAL_6K_V2.4_Model_FP32.tflite,243B1F02648873F9_20260412_031500_chunk_015.wav,9000,246,249
9246,9249,Certhia familiaris,Eurasian Treecreeper,0.5300,243B1F02648873F9_20260412_031500.WAV,14,0.0,1.0,0.25,BirdNET_GLOBAL_6K_V2.4_Model_FP32.tflite,243B1F02648873F9_20260412_031500_chunk_015.wav,9000,246,249
9252,9255,Parus major,Great Tit,0.3246,243B1F02648873F9_20260412_031500.WAV,14,0.0,1.0,0.25,BirdNET_GLOBAL_6K_V2.4_Model_FP32.tflite,243B1F02648873F9_20260412_031500_chunk_015.wav,9000,252,255
9255,9258,Larus argentatus,Herring Gull,0.4498,243B1F02648873F9_20260412_031500.WAV,14,0.0,1.0,0.25,BirdNET_GLOBAL_6K_V2.4_Model_FP32.tflite,243B1F02648873F9_20260412_031500_chunk_015.wav,9000,255,258
9261,9264,Parus major,Great Tit,0.7220,243B1F02648873F9_20260412_031500.WAV,14,0.0,1.0,0.25,BirdNET_GLOBAL_6K_V2.4_Model_FP32.tflite,243B1F02648873F9_20260412_031500_chunk_015.wav,9000,261,264
9261,9264,Certhia familiaris,Eurasian Treecreeper,0.3962,243B1F02648873F9_20260412_031500.WAV,14,0.0,1.0,0.25,BirdNET_GLOBAL_6K_V2.4_Model_FP32.tflite,243B1F02648873F9_20260412_031500_chunk_015.wav,9000,261,264
9267,9270,Certhia familiaris,Eurasian Treecreeper,0.6478,243B1F02648873F9_20260412_031500.WAV,14,0.0,1.0,0.25,BirdNET_GLOBAL_6K_V2.4_Model_FP32.tflite,243B1F02648873F9_20260412_031500_chunk_015.wav,9000,267,270
9273,9276,Columba oenas,Stock Dove,0.4305,243B1F02648873F9_20260412_031500.WAV,14,0.0,1.0,0.25,BirdNET_GLOBAL_6K_V2.4_Model_FP32.tflite,243B1F02648873F9_20260412_031500_chunk_015.wav,9000,273,276
9276,9279,Cyanistes caeruleus,Eurasian Blue Tit,0.3427,243B1F02648873F9_20260412_031500.WAV,14,0.0,1.0,0.25,BirdNET_GLOBAL_6K_V2.4_Model_FP32.tflite,243B1F02648873F9_20260412_031500_chunk_015.wav,9000,276,279
9276,9279,Certhia familiaris,Eurasian Treecreeper,0.3351,243B1F02648873F9_20260412_031500.WAV,14,0.0,1.0,0.25,BirdNET_GLOBAL_6K_V2.4_Model_FP32.tflite,243B1F02648873F9_20260412_031500_chunk_015.wav,9000,276,279
9285,9288,Certhia familiaris,Eurasian Treecreeper,0.7725,243B1F02648873F9_20260412_031500.WAV,14,0.0,1.0,0.25,BirdNET_GLOBAL_6K_V2.4_Model_FP32.tflite,243B1F02648873F9_20260412_031500_chunk_015.wav,9000,285,288
9291,9294,Certhia familiaris,Eurasian Treecreeper,0.6440,243B1F02648873F9_20260412_031500.WAV,14,0.0,1.0,0.25,BirdNET_GLOBAL_6K_V2.4_Model_FP32.tflite,243B1F02648873F9_20260412_031500_chunk_015.wav,9000,291,294
9294,9297,Columba palumbus,Common Wood-Pigeon,0.9625,243B1F02648873F9_20260412_031500.WAV,14,0.0,1.0,0.25,BirdNET_GLOBAL_6K_V2.4_Model_FP32.tflite,243B1F02648873F9_20260412_031500_chunk_015.wav,9000,294,297
9297,9300,Columba palumbus,Common Wood-Pigeon,0.9650,243B1F02648873F9_20260412_031500.WAV,14,0.0,1.0,0.25,BirdNET_GLOBAL_6K_V2.4_Model_FP32.tflite,243B1F02648873F9_20260412_031500_chunk_015.wav,9000,297,300
9300,9303,Columba palumbus,Common Wood-Pigeon,0.9541,243B1F02648873F9_20260412_031500.WAV,14,0.0,1.0,0.25,BirdNET_GLOBAL_6K_V2.4_Model_FP32.tflite,243B1F02648873F9_20260412_031500_chunk_015.wav,9000,300,303
9303,9306,Columba palumbus,Common Wood-Pigeon,0.9428,243B1F02648873F9_20260412_031500.WAV,14,0.0,1.0,0.25,BirdNET_GLOBAL_6K_V2.4_Model_FP32.tflite,243B1F02648873F9_20260412_031500_chunk_015.wav,9000,303,306
9306,9309,Columba palumbus,Common Wood-Pigeon,0.9369,243B1F02648873F9_20260412_031500.WAV,14,0.0,1.0,0.25,BirdNET_GLOBAL_6K_V2.4_Model_FP32.tflite,243B1F02648873F9_20260412_031500_chunk_015.wav,9000,306,309
9309,9312,Columba palumbus,Common Wood-Pigeon,0.9169,243B1F02648873F9_20260412_031500.WAV,14,0.0,1.0,0.25,BirdNET_GLOBAL_6K_V2.4_Model_FP32.tflite,243B1F02648873F9_20260412_031500_chunk_015.wav,9000,309,312
9309,9312,Parus major,Great Tit,0.3764,243B1F02648873F9_20260412_031500.WAV,14,0.0,1.0,0.25,BirdNET_GLOBAL_6K_V2.4_Model_FP32.tflite,243B1F02648873F9_20260412_031500_chunk_015.wav,9000,309,312
9312,9315,Columba palumbus,Common Wood-Pigeon,0.9641,243B1F02648873F9_20260412_031500.WAV,14,0.0,1.0,0.25,BirdNET_GLOBAL_6K_V2.4_Model_FP32.tflite,243B1F02648873F9_20260412_031500_chunk_015.wav,9000,312,315
9315,9318,Columba palumbus,Common Wood-Pigeon,0.6489,243B1F02648873F9_20260412_031500.WAV,14,0.0,1.0,0.25,BirdNET_GLOBAL_6K_V2.4_Model_FP32.tflite,243B1F02648873F9_20260412_031500_chunk_015.wav,9000,315,318
9315,9318,Columba oenas,Stock Dove,0.3887,243B1F02648873F9_20260412_031500.WAV,14,0.0,1.0,0.25,BirdNET_GLOBAL_6K_V2.4_Model_FP32.tflite,243B1F02648873F9_20260412_031500_chunk_015.wav,9000,315,318
9318,9321,Columba palumbus,Common Wood-Pigeon,0.6532,243B1F02648873F9_20260412_031500.WAV,14,0.0,1.0,0.25,BirdNET_GLOBAL_6K_V2.4_Model_FP32.tflite,243B1F02648873F9_20260412_031500_chunk_015.wav,9000,318,321
9321,9324,Columba palumbus,Common Wood-Pigeon,0.8855,243B1F02648873F9_20260412_031500.WAV,14,0.0,1.0,0.25,BirdNET_GLOBAL_6K_V2.4_Model_FP32.tflite,243B1F02648873F9_20260412_031500_chunk_015.wav,9000,321,324
9324,9327,Certhia familiaris,Eurasian Treecreeper,0.8910,243B1F02648873F9_20260412_031500.WAV,14,0.0,1.0,0.25,BirdNET_GLOBAL_6K_V2.4_Model_FP32.tflite,243B1F02648873F9_20260412_031500_chunk_015.wav,9000,324,327
9324,9327,Columba palumbus,Common Wood-Pigeon,0.3109,243B1F02648873F9_20260412_031500.WAV,14,0.0,1.0,0.25,BirdNET_GLOBAL_6K_V2.4_Model_FP32.tflite,243B1F02648873F9_20260412_031500_chunk_015.wav,9000,324,327
9327,9330,Columba palumbus,Common Wood-Pigeon,0.9411,243B1F02648873F9_20260412_031500.WAV,14,0.0,1.0,0.25,BirdNET_GLOBAL_6K_V2.4_Model_FP32.tflite,243B1F02648873F9_20260412_031500_chunk_015.wav,9000,327,330
9330,9333,Certhia familiaris,Eurasian Treecreeper,0.6482,243B1F02648873F9_20260412_031500.WAV,14,0.0,1.0,0.25,BirdNET_GLOBAL_6K_V2.4_Model_FP32.tflite,243B1F02648873F9_20260412_031500_chunk_015.wav,9000,330,333
9330,9333,Columba palumbus,Common Wood-Pigeon,0.2779,243B1F02648873F9_20260412_031500.WAV,14,0.0,1.0,0.25,BirdNET_GLOBAL_6K_V2.4_Model_FP32.tflite,243B1F02648873F9_20260412_031500_chunk_015.wav,9000,330,333
9336,9339,Certhia familiaris,Eurasian Treecreeper,0.9189,243B1F02648873F9_20260412_031500.WAV,14,0.0,1.0,0.25,BirdNET_GLOBAL_6K_V2.4_Model_FP32.tflite,243B1F02648873F9_20260412_031500_chunk_015.wav,9000,336,339
9336,9339,Columba palumbus,Common Wood-Pigeon,0.5110,243B1F02648873F9_20260412_031500.WAV,14,0.0,1.0,0.25,BirdNET_GLOBAL_6K_V2.4_Model_FP32.tflite,243B1F02648873F9_20260412_031500_chunk_015.wav,9000,336,339
9339,9342,Columba oenas,Stock Dove,0.4224,243B1F02648873F9_20260412_031500.WAV,14,0.0,1.0,0.25,BirdNET_GLOBAL_6K_V2.4_Model_FP32.tflite,243B1F02648873F9_20260412_031500_chunk_015.wav,9000,339,342
9342,9345,Columba palumbus,Common Wood-Pigeon,0.8471,243B1F02648873F9_20260412_031500.WAV,14,0.0,1.0,0.25,BirdNET_GLOBAL_6K_V2.4_Model_FP32.tflite,243B1F02648873F9_20260412_031500_chunk_015.wav,9000,342,345
9345,9348,Columba palumbus,Common Wood-Pigeon,0.8357,243B1F02648873F9_20260412_031500.WAV,14,0.0,1.0,0.25,BirdNET_GLOBAL_6K_V2.4_Model_FP32.tflite,243B1F02648873F9_20260412_031500_chunk_015.wav,9000,345,348
9348,9351,Certhia familiaris,Eurasian Treecreeper,0.9694,243B1F02648873F9_20260412_031500.WAV,14,0.0,1.0,0.25,BirdNET_GLOBAL_6K_V2.4_Model_FP32.tflite,243B1F02648873F9_20260412_031500_chunk_015.wav,9000,348,351
9351,9354,Certhia familiaris,Eurasian Treecreeper,0.2612,243B1F02648873F9_20260412_031500.WAV,14,0.0,1.0,0.25,BirdNET_GLOBAL_6K_V2.4_Model_FP32.tflite,243B1F02648873F9_20260412_031500_chunk_015.wav,9000,351,354
9354,9357,Certhia familiaris,Eurasian Treecreeper,0.8462,243B1F02648873F9_20260412_031500.WAV,14,0.0,1.0,0.25,BirdNET_GLOBAL_6K_V2.4_Model_FP32.tflite,243B1F02648873F9_20260412_031500_chunk_015.wav,9000,354,357
9357,9360,Certhia familiaris,Eurasian Treecreeper,0.5731,243B1F02648873F9_20260412_031500.WAV,14,0.0,1.0,0.25,BirdNET_GLOBAL_6K_V2.4_Model_FP32.tflite,243B1F02648873F9_20260412_031500_chunk_015.wav,9000,357,360
9360,9363,Columba oenas,Stock Dove,0.4891,243B1F02648873F9_20260412_031500.WAV,14,0.0,1.0,0.25,BirdNET_GLOBAL_6K_V2.4_Model_FP32.tflite,243B1F02648873F9_20260412_031500_chunk_015.wav,9000,360,363
9363,9366,Certhia familiaris,Eurasian Treecreeper,0.8612,243B1F02648873F9_20260412_031500.WAV,14,0.0,1.0,0.25,BirdNET_GLOBAL_6K_V2.4_Model_FP32.tflite,243B1F02648873F9_20260412_031500_chunk_015.wav,9000,363,366
9366,9369,Certhia familiaris,Eurasian Treecreeper,0.7593,243B1F02648873F9_20260412_031500.WAV,14,0.0,1.0,0.25,BirdNET_GLOBAL_6K_V2.4_Model_FP32.tflite,243B1F02648873F9_20260412_031500_chunk_015.wav,9000,366,369
9366,9369,Columba palumbus,Common Wood-Pigeon,0.3857,243B1F02648873F9_20260412_031500.WAV,14,0.0,1.0,0.25,BirdNET_GLOBAL_6K_V2.4_Model_FP32.tflite,243B1F02648873F9_20260412_031500_chunk_015.wav,9000,366,369
9369,9372,Columba palumbus,Common Wood-Pigeon,0.6727,243B1F02648873F9_20260412_031500.WAV,14,0.0,1.0,0.25,BirdNET_GLOBAL_6K_V2.4_Model_FP32.tflite,243B1F02648873F9_20260412_031500_chunk_015.wav,9000,369,372
9372,9375,Columba palumbus,Common Wood-Pigeon,0.8415,243B1F02648873F9_20260412_031500.WAV,14,0.0,1.0,0.25,BirdNET_GLOBAL_6K_V2.4_Model_FP32.tflite,243B1F02648873F9_20260412_031500_chunk_015.wav,9000,372,375
9372,9375,Certhia familiaris,Eurasian Treecreeper,0.3128,243B1F02648873F9_20260412_031500.WAV,14,0.0,1.0,0.25,BirdNET_GLOBAL_6K_V2.4_Model_FP32.tflite,243B1F02648873F9_20260412_031500_chunk_015.wav,9000,372,375
9375,9378,Columba palumbus,Common Wood-Pigeon,0.9634,243B1F02648873F9_20260412_031500.WAV,14,0.0,1.0,0.25,BirdNET_GLOBAL_6K_V2.4_Model_FP32.tflite,243B1F02648873F9_20260412_031500_chunk_015.wav,9000,375,378
9378,9381,Certhia familiaris,Eurasian Treecreeper,0.8484,243B1F02648873F9_20260412_031500.WAV,14,0.0,1.0,0.25,BirdNET_GLOBAL_6K_V2.4_Model_FP32.tflite,243B1F02648873F9_20260412_031500_chunk_015.wav,9000,378,381
9378,9381,Columba palumbus,Common Wood-Pigeon,0.7466,243B1F02648873F9_20260412_031500.WAV,14,0.0,1.0,0.25,BirdNET_GLOBAL_6K_V2.4_Model_FP32.tflite,243B1F02648873F9_20260412_031500_chunk_015.wav,9000,378,381
9381,9384,Columba palumbus,Common Wood-Pigeon,0.6717,243B1F02648873F9_20260412_031500.WAV,14,0.0,1.0,0.25,BirdNET_GLOBAL_6K_V2.4_Model_FP32.tflite,243B1F02648873F9_20260412_031500_chunk_015.wav,9000,381,384
9381,9384,Certhia familiaris,Eurasian Treecreeper,0.6044,243B1F02648873F9_20260412_031500.WAV,14,0.0,1.0,0.25,BirdNET_GLOBAL_6K_V2.4_Model_FP32.tflite,243B1F02648873F9_20260412_031500_chunk_015.wav,9000,381,384
9384,9387,Columba palumbus,Common Wood-Pigeon,0.7181,243B1F02648873F9_20260412_031500.WAV,14,0.0,1.0,0.25,BirdNET_GLOBAL_6K_V2.4_Model_FP32.tflite,243B1F02648873F9_20260412_031500_chunk_015.wav,9000,384,387
9387,9390,Certhia familiaris,Eurasian Treecreeper,0.7537,243B1F02648873F9_20260412_031500.WAV,14,0.0,1.0,0.25,BirdNET_GLOBAL_6K_V2.4_Model_FP32.tflite,243B1F02648873F9_20260412_031500_chunk_015.wav,9000,387,390
9387,9390,Columba palumbus,Common Wood-Pigeon,0.4543,243B1F02648873F9_20260412_031500.WAV,14,0.0,1.0,0.25,BirdNET_GLOBAL_6K_V2.4_Model_FP32.tflite,243B1F02648873F9_20260412_031500_chunk_015.wav,9000,387,390
9393,9396,Columba palumbus,Common Wood-Pigeon,0.7313,243B1F02648873F9_20260412_031500.WAV,14,0.0,1.0,0.25,BirdNET_GLOBAL_6K_V2.4_Model_FP32.tflite,243B1F02648873F9_20260412_031500_chunk_015.wav,9000,393,396
9396,9399,Certhia familiaris,Eurasian Treecreeper,0.8743,243B1F02648873F9_20260412_031500.WAV,14,0.0,1.0,0.25,BirdNET_GLOBAL_6K_V2.4_Model_FP32.tflite,243B1F02648873F9_20260412_031500_chunk_015.wav,9000,396,399
9399,9402,Certhia familiaris,Eurasian Treecreeper,0.9407,243B1F02648873F9_20260412_031500.WAV,14,0.0,1.0,0.25,BirdNET_GLOBAL_6K_V2.4_Model_FP32.tflite,243B1F02648873F9_20260412_031500_chunk_015.wav,9000,399,402
9402,9405,Columba palumbus,Common Wood-Pigeon,0.9182,243B1F02648873F9_20260412_031500.WAV,14,0.0,1.0,0.25,BirdNET_GLOBAL_6K_V2.4_Model_FP32.tflite,243B1F02648873F9_20260412_031500_chunk_015.wav,9000,402,405
9405,9408,Columba palumbus,Common Wood-Pigeon,0.6863,243B1F02648873F9_20260412_031500.WAV,14,0.0,1.0,0.25,BirdNET_GLOBAL_6K_V2.4_Model_FP32.tflite,243B1F02648873F9_20260412_031500_chunk_015.wav,9000,405,408
9408,9411,Columba palumbus,Common Wood-Pigeon,0.6895,243B1F02648873F9_20260412_031500.WAV,14,0.0,1.0,0.25,BirdNET_GLOBAL_6K_V2.4_Model_FP32.tflite,243B1F02648873F9_20260412_031500_chunk_015.wav,9000,408,411
9408,9411,Certhia familiaris,Eurasian Treecreeper,0.5906,243B1F02648873F9_20260412_031500.WAV,14,0.0,1.0,0.25,BirdNET_GLOBAL_6K_V2.4_Model_FP32.tflite,243B1F02648873F9_20260412_031500_chunk_015.wav,9000,408,411
9411,9414,Certhia familiaris,Eurasian Treecreeper,0.4999,243B1F02648873F9_20260412_031500.WAV,14,0.0,1.0,0.25,BirdNET_GLOBAL_6K_V2.4_Model_FP32.tflite,243B1F02648873F9_20260412_031500_chunk_015.wav,9000,411,414
9411,9414,Columba palumbus,Common Wood-Pigeon,0.2642,243B1F02648873F9_20260412_031500.WAV,14,0.0,1.0,0.25,BirdNET_GLOBAL_6K_V2.4_Model_FP32.tflite,243B1F02648873F9_20260412_031500_chunk_015.wav,9000,411,414
9414,9417,Columba palumbus,Common Wood-Pigeon,0.4367,243B1F02648873F9_20260412_031500.WAV,14,0.0,1.0,0.25,BirdNET_GLOBAL_6K_V2.4_Model_FP32.tflite,243B1F02648873F9_20260412_031500_chunk_015.wav,9000,414,417
9417,9420,Columba palumbus,Common Wood-Pigeon,0.7807,243B1F02648873F9_20260412_031500.WAV,14,0.0,1.0,0.25,BirdNET_GLOBAL_6K_V2.4_Model_FP32.tflite,243B1F02648873F9_20260412_031500_chunk_015.wav,9000,417,420
9420,9423,Columba palumbus,Common Wood-Pigeon,0.5490,243B1F02648873F9_20260412_031500.WAV,14,0.0,1.0,0.25,BirdNET_GLOBAL_6K_V2.4_Model_FP32.tflite,243B1F02648873F9_20260412_031500_chunk_015.wav,9000,420,423
9420,9423,Columba oenas,Stock Dove,0.2595,243B1F02648873F9_20260412_031500.WAV,14,0.0,1.0,0.25,BirdNET_GLOBAL_6K_V2.4_Model_FP32.tflite,243B1F02648873F9_20260412_031500_chunk_015.wav,9000,420,423
9423,9426,Columba palumbus,Common Wood-Pigeon,0.8344,243B1F02648873F9_20260412_031500.WAV,14,0.0,1.0,0.25,BirdNET_GLOBAL_6K_V2.4_Model_FP32.tflite,243B1F02648873F9_20260412_031500_chunk_015.wav,9000,423,426
9426,9429,Columba palumbus,Common Wood-Pigeon,0.6383,243B1F02648873F9_20260412_031500.WAV,14,0.0,1.0,0.25,BirdNET_GLOBAL_6K_V2.4_Model_FP32.tflite,243B1F02648873F9_20260412_031500_chunk_015.wav,9000,426,429
9429,9432,Columba palumbus,Common Wood-Pigeon,0.8553,243B1F02648873F9_20260412_031500.WAV,14,0.0,1.0,0.25,BirdNET_GLOBAL_6K_V2.4_Model_FP32.tflite,243B1F02648873F9_20260412_031500_chunk_015.wav,9000,429,432
9432,9435,Columba palumbus,Common Wood-Pigeon,0.9600,243B1F02648873F9_20260412_031500.WAV,14,0.0,1.0,0.25,BirdNET_GLOBAL_6K_V2.4_Model_FP32.tflite,243B1F02648873F9_20260412_031500_chunk_015.wav,9000,432,435
9435,9438,Columba palumbus,Common Wood-Pigeon,0.9835,243B1F02648873F9_20260412_031500.WAV,14,0.0,1.0,0.25,BirdNET_GLOBAL_6K_V2.4_Model_FP32.tflite,243B1F02648873F9_20260412_031500_chunk_015.wav,9000,435,438
9438,9441,Columba palumbus,Common Wood-Pigeon,0.9873,243B1F02648873F9_20260412_031500.WAV,14,0.0,1.0,0.25,BirdNET_GLOBAL_6K_V2.4_Model_FP32.tflite,243B1F02648873F9_20260412_031500_chunk_015.wav,9000,438,441
9441,9444,Columba palumbus,Common Wood-Pigeon,0.8580,243B1F02648873F9_20260412_031500.WAV,14,0.0,1.0,0.25,BirdNET_GLOBAL_6K_V2.4_Model_FP32.tflite,243B1F02648873F9_20260412_031500_chunk_015.wav,9000,441,444
9444,9447,Columba palumbus,Common Wood-Pigeon,0.8297,243B1F02648873F9_20260412_031500.WAV,14,0.0,1.0,0.25,BirdNET_GLOBAL_6K_V2.4_Model_FP32.tflite,243B1F02648873F9_20260412_031500_chunk_015.wav,9000,444,447
9447,9450,Columba palumbus,Common Wood-Pigeon,0.7620,243B1F02648873F9_20260412_031500.WAV,14,0.0,1.0,0.25,BirdNET_GLOBAL_6K_V2.4_Model_FP32.tflite,243B1F02648873F9_20260412_031500_chunk_015.wav,9000,447,450
9450,9453,Columba palumbus,Common Wood-Pigeon,0.9084,243B1F02648873F9_20260412_031500.WAV,14,0.0,1.0,0.25,BirdNET_GLOBAL_6K_V2.4_Model_FP32.tflite,243B1F02648873F9_20260412_031500_chunk_015.wav,9000,450,453
9453,9456,Columba palumbus,Common Wood-Pigeon,0.6360,243B1F02648873F9_20260412_031500.WAV,14,0.0,1.0,0.25,BirdNET_GLOBAL_6K_V2.4_Model_FP32.tflite,243B1F02648873F9_20260412_031500_chunk_015.wav,9000,453,456
9456,9459,Columba palumbus,Common Wood-Pigeon,0.5293,243B1F02648873F9_20260412_031500.WAV,14,0.0,1.0,0.25,BirdNET_GLOBAL_6K_V2.4_Model_FP32.tflite,243B1F02648873F9_20260412_031500_chunk_015.wav,9000,456,459
9456,9459,Cyanistes caeruleus,Eurasian Blue Tit,0.2966,243B1F02648873F9_20260412_031500.WAV,14,0.0,1.0,0.25,BirdNET_GLOBAL_6K_V2.4_Model_FP32.tflite,243B1F02648873F9_20260412_031500_chunk_015.wav,9000,456,459
9459,9462,Columba palumbus,Common Wood-Pigeon,0.5830,243B1F02648873F9_20260412_031500.WAV,14,0.0,1.0,0.25,BirdNET_GLOBAL_6K_V2.4_Model_FP32.tflite,243B1F02648873F9_20260412_031500_chunk_015.wav,9000,459,462
9459,9462,Columba oenas,Stock Dove,0.3922,243B1F02648873F9_20260412_031500.WAV,14,0.0,1.0,0.25,BirdNET_GLOBAL_6K_V2.4_Model_FP32.tflite,243B1F02648873F9_20260412_031500_chunk_015.wav,9000,459,462
9462,9465,Columba palumbus,Common Wood-Pigeon,0.8106,243B1F02648873F9_20260412_031500.WAV,14,0.0,1.0,0.25,BirdNET_GLOBAL_6K_V2.4_Model_FP32.tflite,243B1F02648873F9_20260412_031500_chunk_015.wav,9000,462,465
9465,9468,Columba palumbus,Common Wood-Pigeon,0.6923,243B1F02648873F9_20260412_031500.WAV,14,0.0,1.0,0.25,BirdNET_GLOBAL_6K_V2.4_Model_FP32.tflite,243B1F02648873F9_20260412_031500_chunk_015.wav,9000,465,468
9468,9471,Columba palumbus,Common Wood-Pigeon,0.8193,243B1F02648873F9_20260412_031500.WAV,14,0.0,1.0,0.25,BirdNET_GLOBAL_6K_V2.4_Model_FP32.tflite,243B1F02648873F9_20260412_031500_chunk_015.wav,9000,468,471
9468,9471,Cyanistes caeruleus,Eurasian Blue Tit,0.2591,243B1F02648873F9_20260412_031500.WAV,14,0.0,1.0,0.25,BirdNET_GLOBAL_6K_V2.4_Model_FP32.tflite,243B1F02648873F9_20260412_031500_chunk_015.wav,9000,468,471
9471,9474,Columba palumbus,Common Wood-Pigeon,0.9221,243B1F02648873F9_20260412_031500.WAV,14,0.0,1.0,0.25,BirdNET_GLOBAL_6K_V2.4_Model_FP32.tflite,243B1F02648873F9_20260412_031500_chunk_015.wav,9000,471,474
9474,9477,Columba palumbus,Common Wood-Pigeon,0.7200,243B1F02648873F9_20260412_031500.WAV,14,0.0,1.0,0.25,BirdNET_GLOBAL_6K_V2.4_Model_FP32.tflite,243B1F02648873F9_20260412_031500_chunk_015.wav,9000,474,477
9474,9477,Columba oenas,Stock Dove,0.6457,243B1F02648873F9_20260412_031500.WAV,14,0.0,1.0,0.25,BirdNET_GLOBAL_6K_V2.4_Model_FP32.tflite,243B1F02648873F9_20260412_031500_chunk_015.wav,9000,474,477
9477,9480,Columba palumbus,Common Wood-Pigeon,0.8293,243B1F02648873F9_20260412_031500.WAV,14,0.0,1.0,0.25,BirdNET_GLOBAL_6K_V2.4_Model_FP32.tflite,243B1F02648873F9_20260412_031500_chunk_015.wav,9000,477,480
9480,9483,Columba palumbus,Common Wood-Pigeon,0.9510,243B1F02648873F9_20260412_031500.WAV,14,0.0,1.0,0.25,BirdNET_GLOBAL_6K_V2.4_Model_FP32.tflite,243B1F02648873F9_20260412_031500_chunk_015.wav,9000,480,483
9483,9486,Columba palumbus,Common Wood-Pigeon,0.9877,243B1F02648873F9_20260412_031500.WAV,14,0.0,1.0,0.25,BirdNET_GLOBAL_6K_V2.4_Model_FP32.tflite,243B1F02648873F9_20260412_031500_chunk_015.wav,9000,483,486
9486,9489,Columba palumbus,Common Wood-Pigeon,0.9878,243B1F02648873F9_20260412_031500.WAV,14,0.0,1.0,0.25,BirdNET_GLOBAL_6K_V2.4_Model_FP32.tflite,243B1F02648873F9_20260412_031500_chunk_015.wav,9000,486,489
9489,9492,Columba palumbus,Common Wood-Pigeon,0.9800,243B1F02648873F9_20260412_031500.WAV,14,0.0,1.0,0.25,BirdNET_GLOBAL_6K_V2.4_Model_FP32.tflite,243B1F02648873F9_20260412_031500_chunk_015.wav,9000,489,492
9492,9495,Columba oenas,Stock Dove,0.4158,243B1F02648873F9_20260412_031500.WAV,14,0.0,1.0,0.25,BirdNET_GLOBAL_6K_V2.4_Model_FP32.tflite,243B1F02648873F9_20260412_031500_chunk_015.wav,9000,492,495
9492,9495,Columba palumbus,Common Wood-Pigeon,0.3885,243B1F02648873F9_20260412_031500.WAV,14,0.0,1.0,0.25,BirdNET_GLOBAL_6K_V2.4_Model_FP32.tflite,243B1F02648873F9_20260412_031500_chunk_015.wav,9000,492,495
9495,9498,Certhia familiaris,Eurasian Treecreeper,0.4620,243B1F02648873F9_20260412_031500.WAV,14,0.0,1.0,0.25,BirdNET_GLOBAL_6K_V2.4_Model_FP32.tflite,243B1F02648873F9_20260412_031500_chunk_015.wav,9000,495,498
9495,9498,Cyanistes caeruleus,Eurasian Blue Tit,0.4432,243B1F02648873F9_20260412_031500.WAV,14,0.0,1.0,0.25,BirdNET_GLOBAL_6K_V2.4_Model_FP32.tflite,243B1F02648873F9_20260412_031500_chunk_015.wav,9000,495,498
9498,9501,Columba palumbus,Common Wood-Pigeon,0.9032,243B1F02648873F9_20260412_031500.WAV,14,0.0,1.0,0.25,BirdNET_GLOBAL_6K_V2.4_Model_FP32.tflite,243B1F02648873F9_20260412_031500_chunk_015.wav,9000,498,501
9501,9504,Columba palumbus,Common Wood-Pigeon,0.8611,243B1F02648873F9_20260412_031500.WAV,14,0.0,1.0,0.25,BirdNET_GLOBAL_6K_V2.4_Model_FP32.tflite,243B1F02648873F9_20260412_031500_chunk_015.wav,9000,501,504
9504,9507,Columba palumbus,Common Wood-Pigeon,0.9401,243B1F02648873F9_20260412_031500.WAV,14,0.0,1.0,0.25,BirdNET_GLOBAL_6K_V2.4_Model_FP32.tflite,243B1F02648873F9_20260412_031500_chunk_015.wav,9000,504,507
9507,9510,Columba palumbus,Common Wood-Pigeon,0.7772,243B1F02648873F9_20260412_031500.WAV,14,0.0,1.0,0.25,BirdNET_GLOBAL_6K_V2.4_Model_FP32.tflite,243B1F02648873F9_20260412_031500_chunk_015.wav,9000,507,510
9507,9510,Troglodytes troglodytes,Eurasian Wren,0.3753,243B1F02648873F9_20260412_031500.WAV,14,0.0,1.0,0.25,BirdNET_GLOBAL_6K_V2.4_Model_FP32.tflite,243B1F02648873F9_20260412_031500_chunk_015.wav,9000,507,510
9510,9513,Columba palumbus,Common Wood-Pigeon,0.8506,243B1F02648873F9_20260412_031500.WAV,14,0.0,1.0,0.25,BirdNET_GLOBAL_6K_V2.4_Model_FP32.tflite,243B1F02648873F9_20260412_031500_chunk_015.wav,9000,510,513
9510,9513,Troglodytes troglodytes,Eurasian Wren,0.2511,243B1F02648873F9_20260412_031500.WAV,14,0.0,1.0,0.25,BirdNET_GLOBAL_6K_V2.4_Model_FP32.tflite,243B1F02648873F9_20260412_031500_chunk_015.wav,9000,510,513
9513,9516,Columba palumbus,Common Wood-Pigeon,0.8381,243B1F02648873F9_20260412_031500.WAV,14,0.0,1.0,0.25,BirdNET_GLOBAL_6K_V2.4_Model_FP32.tflite,243B1F02648873F9_20260412_031500_chunk_015.wav,9000,513,516
9516,9519,Columba palumbus,Common Wood-Pigeon,0.6404,243B1F02648873F9_20260412_031500.WAV,14,0.0,1.0,0.25,BirdNET_GLOBAL_6K_V2.4_Model_FP32.tflite,243B1F02648873F9_20260412_031500_chunk_015.wav,9000,516,519
9519,9522,Columba palumbus,Common Wood-Pigeon,0.8938,243B1F02648873F9_20260412_031500.WAV,14,0.0,1.0,0.25,BirdNET_GLOBAL_6K_V2.4_Model_FP32.tflite,243B1F02648873F9_20260412_031500_chunk_015.wav,9000,519,522
9522,9525,Cyanistes caeruleus,Eurasian Blue Tit,0.8622,243B1F02648873F9_20260412_031500.WAV,14,0.0,1.0,0.25,BirdNET_GLOBAL_6K_V2.4_Model_FP32.tflite,243B1F02648873F9_20260412_031500_chunk_015.wav,9000,522,525
9528,9531,Cyanistes caeruleus,Eurasian Blue Tit,0.9690,243B1F02648873F9_20260412_031500.WAV,14,0.0,1.0,0.25,BirdNET_GLOBAL_6K_V2.4_Model_FP32.tflite,243B1F02648873F9_20260412_031500_chunk_015.wav,9000,528,531
9531,9534,Columba palumbus,Common Wood-Pigeon,0.9617,243B1F02648873F9_20260412_031500.WAV,14,0.0,1.0,0.25,BirdNET_GLOBAL_6K_V2.4_Model_FP32.tflite,243B1F02648873F9_20260412_031500_chunk_015.wav,9000,531,534
9534,9537,Columba palumbus,Common Wood-Pigeon,0.9780,243B1F02648873F9_20260412_031500.WAV,14,0.0,1.0,0.25,BirdNET_GLOBAL_6K_V2.4_Model_FP32.tflite,243B1F02648873F9_20260412_031500_chunk_015.wav,9000,534,537
9537,9540,Columba palumbus,Common Wood-Pigeon,0.9910,243B1F02648873F9_20260412_031500.WAV,14,0.0,1.0,0.25,BirdNET_GLOBAL_6K_V2.4_Model_FP32.tflite,243B1F02648873F9_20260412_031500_chunk_015.wav,9000,537,540
9540,9543,Columba palumbus,Common Wood-Pigeon,0.9864,243B1F02648873F9_20260412_031500.WAV,14,0.0,1.0,0.25,BirdNET_GLOBAL_6K_V2.4_Model_FP32.tflite,243B1F02648873F9_20260412_031500_chunk_015.wav,9000,540,543
9543,9546,Columba palumbus,Common Wood-Pigeon,0.9613,243B1F02648873F9_20260412_031500.WAV,14,0.0,1.0,0.25,BirdNET_GLOBAL_6K_V2.4_Model_FP32.tflite,243B1F02648873F9_20260412_031500_chunk_015.wav,9000,543,546
9546,9549,Columba palumbus,Common Wood-Pigeon,0.9934,243B1F02648873F9_20260412_031500.WAV,14,0.0,1.0,0.25,BirdNET_GLOBAL_6K_V2.4_Model_FP32.tflite,243B1F02648873F9_20260412_031500_chunk_015.wav,9000,546,549
9549,9552,Columba palumbus,Common Wood-Pigeon,0.9882,243B1F02648873F9_20260412_031500.WAV,14,0.0,1.0,0.25,BirdNET_GLOBAL_6K_V2.4_Model_FP32.tflite,243B1F02648873F9_20260412_031500_chunk_015.wav,9000,549,552
9552,9555,Columba palumbus,Common Wood-Pigeon,0.9529,243B1F02648873F9_20260412_031500.WAV,14,0.0,1.0,0.25,BirdNET_GLOBAL_6K_V2.4_Model_FP32.tflite,243B1F02648873F9_20260412_031500_chunk_015.wav,9000,552,555
9555,9558,Columba palumbus,Common Wood-Pigeon,0.5375,243B1F02648873F9_20260412_031500.WAV,14,0.0,1.0,0.25,BirdNET_GLOBAL_6K_V2.4_Model_FP32.tflite,243B1F02648873F9_20260412_031500_chunk_015.wav,9000,555,558
9564,9567,Columba palumbus,Common Wood-Pigeon,0.7161,243B1F02648873F9_20260412_031500.WAV,14,0.0,1.0,0.25,BirdNET_GLOBAL_6K_V2.4_Model_FP32.tflite,243B1F02648873F9_20260412_031500_chunk_015.wav,9000,564,567
9567,9570,Columba palumbus,Common Wood-Pigeon,0.9375,243B1F02648873F9_20260412_031500.WAV,14,0.0,1.0,0.25,BirdNET_GLOBAL_6K_V2.4_Model_FP32.tflite,243B1F02648873F9_20260412_031500_chunk_015.wav,9000,567,570
9570,9573,Columba palumbus,Common Wood-Pigeon,0.9547,243B1F02648873F9_20260412_031500.WAV,14,0.0,1.0,0.25,BirdNET_GLOBAL_6K_V2.4_Model_FP32.tflite,243B1F02648873F9_20260412_031500_chunk_015.wav,9000,570,573
9573,9576,Columba palumbus,Common Wood-Pigeon,0.9848,243B1F02648873F9_20260412_031500.WAV,14,0.0,1.0,0.25,BirdNET_GLOBAL_6K_V2.4_Model_FP32.tflite,243B1F02648873F9_20260412_031500_chunk_015.wav,9000,573,576
9576,9579,Columba palumbus,Common Wood-Pigeon,0.9449,243B1F02648873F9_20260412_031500.WAV,14,0.0,1.0,0.25,BirdNET_GLOBAL_6K_V2.4_Model_FP32.tflite,243B1F02648873F9_20260412_031500_chunk_015.wav,9000,576,579
9579,9582,Columba palumbus,Common Wood-Pigeon,0.9812,243B1F02648873F9_20260412_031500.WAV,14,0.0,1.0,0.25,BirdNET_GLOBAL_6K_V2.4_Model_FP32.tflite,243B1F02648873F9_20260412_031500_chunk_015.wav,9000,579,582
9582,9585,Columba palumbus,Common Wood-Pigeon,0.9197,243B1F02648873F9_20260412_031500.WAV,14,0.0,1.0,0.25,BirdNET_GLOBAL_6K_V2.4_Model_FP32.tflite,243B1F02648873F9_20260412_031500_chunk_015.wav,9000,582,585
9585,9588,Columba palumbus,Common Wood-Pigeon,0.4485,243B1F02648873F9_20260412_031500.WAV,14,0.0,1.0,0.25,BirdNET_GLOBAL_6K_V2.4_Model_FP32.tflite,243B1F02648873F9_20260412_031500_chunk_015.wav,9000,585,588
9585,9588,Cyanistes caeruleus,Eurasian Blue Tit,0.2631,243B1F02648873F9_20260412_031500.WAV,14,0.0,1.0,0.25,BirdNET_GLOBAL_6K_V2.4_Model_FP32.tflite,243B1F02648873F9_20260412_031500_chunk_015.wav,9000,585,588
9588,9591,Cyanistes caeruleus,Eurasian Blue Tit,0.6207,243B1F02648873F9_20260412_031500.WAV,14,0.0,1.0,0.25,BirdNET_GLOBAL_6K_V2.4_Model_FP32.tflite,243B1F02648873F9_20260412_031500_chunk_015.wav,9000,588,591
9600,9603,Columba palumbus,Common Wood-Pigeon,0.8008,243B1F02648873F9_20260412_031500.WAV,14,0.0,1.0,0.25,BirdNET_GLOBAL_6K_V2.4_Model_FP32.tflite,243B1F02648873F9_20260412_031500_chunk_016.wav,9600,0,3
9600,9603,Streptopelia decaocto,Eurasian Collared-Dove,0.3249,243B1F02648873F9_20260412_031500.WAV,14,0.0,1.0,0.25,BirdNET_GLOBAL_6K_V2.4_Model_FP32.tflite,243B1F02648873F9_20260412_031500_chunk_016.wav,9600,0,3
9603,9606,Columba palumbus,Common Wood-Pigeon,0.9021,243B1F02648873F9_20260412_031500.WAV,14,0.0,1.0,0.25,BirdNET_GLOBAL_6K_V2.4_Model_FP32.tflite,243B1F02648873F9_20260412_031500_chunk_016.wav,9600,3,6
9606,9609,Columba palumbus,Common Wood-Pigeon,0.9580,243B1F02648873F9_20260412_031500.WAV,14,0.0,1.0,0.25,BirdNET_GLOBAL_6K_V2.4_Model_FP32.tflite,243B1F02648873F9_20260412_031500_chunk_016.wav,9600,6,9
9609,9612,Columba palumbus,Common Wood-Pigeon,0.9345,243B1F02648873F9_20260412_031500.WAV,14,0.0,1.0,0.25,BirdNET_GLOBAL_6K_V2.4_Model_FP32.tflite,243B1F02648873F9_20260412_031500_chunk_016.wav,9600,9,12
9612,9615,Columba palumbus,Common Wood-Pigeon,0.8990,243B1F02648873F9_20260412_031500.WAV,14,0.0,1.0,0.25,BirdNET_GLOBAL_6K_V2.4_Model_FP32.tflite,243B1F02648873F9_20260412_031500_chunk_016.wav,9600,12,15
9615,9618,Columba palumbus,Common Wood-Pigeon,0.9514,243B1F02648873F9_20260412_031500.WAV,14,0.0,1.0,0.25,BirdNET_GLOBAL_6K_V2.4_Model_FP32.tflite,243B1F02648873F9_20260412_031500_chunk_016.wav,9600,15,18
9618,9621,Columba palumbus,Common Wood-Pigeon,0.9448,243B1F02648873F9_20260412_031500.WAV,14,0.0,1.0,0.25,BirdNET_GLOBAL_6K_V2.4_Model_FP32.tflite,243B1F02648873F9_20260412_031500_chunk_016.wav,9600,18,21
9621,9624,Columba palumbus,Common Wood-Pigeon,0.8921,243B1F02648873F9_20260412_031500.WAV,14,0.0,1.0,0.25,BirdNET_GLOBAL_6K_V2.4_Model_FP32.tflite,243B1F02648873F9_20260412_031500_chunk_016.wav,9600,21,24
9624,9627,Columba palumbus,Common Wood-Pigeon,0.6704,243B1F02648873F9_20260412_031500.WAV,14,0.0,1.0,0.25,BirdNET_GLOBAL_6K_V2.4_Model_FP32.tflite,243B1F02648873F9_20260412_031500_chunk_016.wav,9600,24,27
9627,9630,Columba oenas,Stock Dove,0.7475,243B1F02648873F9_20260412_031500.WAV,14,0.0,1.0,0.25,BirdNET_GLOBAL_6K_V2.4_Model_FP32.tflite,243B1F02648873F9_20260412_031500_chunk_016.wav,9600,27,30
9627,9630,Columba palumbus,Common Wood-Pigeon,0.4932,243B1F02648873F9_20260412_031500.WAV,14,0.0,1.0,0.25,BirdNET_GLOBAL_6K_V2.4_Model_FP32.tflite,243B1F02648873F9_20260412_031500_chunk_016.wav,9600,27,30
9636,9639,Troglodytes troglodytes,Eurasian Wren,0.5371,243B1F02648873F9_20260412_031500.WAV,14,0.0,1.0,0.25,BirdNET_GLOBAL_6K_V2.4_Model_FP32.tflite,243B1F02648873F9_20260412_031500_chunk_016.wav,9600,36,39
9639,9642,Troglodytes troglodytes,Eurasian Wren,0.5462,243B1F02648873F9_20260412_031500.WAV,14,0.0,1.0,0.25,BirdNET_GLOBAL_6K_V2.4_Model_FP32.tflite,243B1F02648873F9_20260412_031500_chunk_016.wav,9600,39,42
9642,9645,Troglodytes troglodytes,Eurasian Wren,0.3856,243B1F02648873F9_20260412_031500.WAV,14,0.0,1.0,0.25,BirdNET_GLOBAL_6K_V2.4_Model_FP32.tflite,243B1F02648873F9_20260412_031500_chunk_016.wav,9600,42,45
9645,9648,Certhia familiaris,Eurasian Treecreeper,0.6375,243B1F02648873F9_20260412_031500.WAV,14,0.0,1.0,0.25,BirdNET_GLOBAL_6K_V2.4_Model_FP32.tflite,243B1F02648873F9_20260412_031500_chunk_016.wav,9600,45,48
9648,9651,Troglodytes troglodytes,Eurasian Wren,0.3800,243B1F02648873F9_20260412_031500.WAV,14,0.0,1.0,0.25,BirdNET_GLOBAL_6K_V2.4_Model_FP32.tflite,243B1F02648873F9_20260412_031500_chunk_016.wav,9600,48,51
9651,9654,Troglodytes troglodytes,Eurasian Wren,0.6968,243B1F02648873F9_20260412_031500.WAV,14,0.0,1.0,0.25,BirdNET_GLOBAL_6K_V2.4_Model_FP32.tflite,243B1F02648873F9_20260412_031500_chunk_016.wav,9600,51,54
9660,9663,Certhia familiaris,Eurasian Treecreeper,0.4515,243B1F02648873F9_20260412_031500.WAV,14,0.0,1.0,0.25,BirdNET_GLOBAL_6K_V2.4_Model_FP32.tflite,243B1F02648873F9_20260412_031500_chunk_016.wav,9600,60,63
9663,9666,Larus argentatus,Herring Gull,0.2502,243B1F02648873F9_20260412_031500.WAV,14,0.0,1.0,0.25,BirdNET_GLOBAL_6K_V2.4_Model_FP32.tflite,243B1F02648873F9_20260412_031500_chunk_016.wav,9600,63,66
9666,9669,Larus argentatus,Herring Gull,0.7671,243B1F02648873F9_20260412_031500.WAV,14,0.0,1.0,0.25,BirdNET_GLOBAL_6K_V2.4_Model_FP32.tflite,243B1F02648873F9_20260412_031500_chunk_016.wav,9600,66,69
9666,9669,Columba palumbus,Common Wood-Pigeon,0.5238,243B1F02648873F9_20260412_031500.WAV,14,0.0,1.0,0.25,BirdNET_GLOBAL_6K_V2.4_Model_FP32.tflite,243B1F02648873F9_20260412_031500_chunk_016.wav,9600,66,69
9666,9669,Troglodytes troglodytes,Eurasian Wren,0.3157,243B1F02648873F9_20260412_031500.WAV,14,0.0,1.0,0.25,BirdNET_GLOBAL_6K_V2.4_Model_FP32.tflite,243B1F02648873F9_20260412_031500_chunk_016.wav,9600,66,69
9669,9672,Columba palumbus,Common Wood-Pigeon,0.6464,243B1F02648873F9_20260412_031500.WAV,14,0.0,1.0,0.25,BirdNET_GLOBAL_6K_V2.4_Model_FP32.tflite,243B1F02648873F9_20260412_031500_chunk_016.wav,9600,69,72
9669,9672,Larus argentatus,Herring Gull,0.3059,243B1F02648873F9_20260412_031500.WAV,14,0.0,1.0,0.25,BirdNET_GLOBAL_6K_V2.4_Model_FP32.tflite,243B1F02648873F9_20260412_031500_chunk_016.wav,9600,69,72
9672,9675,Columba palumbus,Common Wood-Pigeon,0.2668,243B1F02648873F9_20260412_031500.WAV,14,0.0,1.0,0.25,BirdNET_GLOBAL_6K_V2.4_Model_FP32.tflite,243B1F02648873F9_20260412_031500_chunk_016.wav,9600,72,75
9675,9678,Troglodytes troglodytes,Eurasian Wren,0.5056,243B1F02648873F9_20260412_031500.WAV,14,0.0,1.0,0.25,BirdNET_GLOBAL_6K_V2.4_Model_FP32.tflite,243B1F02648873F9_20260412_031500_chunk_016.wav,9600,75,78
9678,9681,Troglodytes troglodytes,Eurasian Wren,0.5965,243B1F02648873F9_20260412_031500.WAV,14,0.0,1.0,0.25,BirdNET_GLOBAL_6K_V2.4_Model_FP32.tflite,243B1F02648873F9_20260412_031500_chunk_016.wav,9600,78,81
9681,9684,Troglodytes troglodytes,Eurasian Wren,0.5973,243B1F02648873F9_20260412_031500.WAV,14,0.0,1.0,0.25,BirdNET_GLOBAL_6K_V2.4_Model_FP32.tflite,243B1F02648873F9_20260412_031500_chunk_016.wav,9600,81,84
9687,9690,Larus argentatus,Herring Gull,0.6089,243B1F02648873F9_20260412_031500.WAV,14,0.0,1.0,0.25,BirdNET_GLOBAL_6K_V2.4_Model_FP32.tflite,243B1F02648873F9_20260412_031500_chunk_016.wav,9600,87,90
9687,9690,Certhia familiaris,Eurasian Treecreeper,0.4465,243B1F02648873F9_20260412_031500.WAV,14,0.0,1.0,0.25,BirdNET_GLOBAL_6K_V2.4_Model_FP32.tflite,243B1F02648873F9_20260412_031500_chunk_016.wav,9600,87,90
9690,9693,Larus argentatus,Herring Gull,0.4634,243B1F02648873F9_20260412_031500.WAV,14,0.0,1.0,0.25,BirdNET_GLOBAL_6K_V2.4_Model_FP32.tflite,243B1F02648873F9_20260412_031500_chunk_016.wav,9600,90,93
9696,9699,Certhia familiaris,Eurasian Treecreeper,0.7646,243B1F02648873F9_20260412_031500.WAV,14,0.0,1.0,0.25,BirdNET_GLOBAL_6K_V2.4_Model_FP32.tflite,243B1F02648873F9_20260412_031500_chunk_016.wav,9600,96,99
9702,9705,Certhia familiaris,Eurasian Treecreeper,0.6947,243B1F02648873F9_20260412_031500.WAV,14,0.0,1.0,0.25,BirdNET_GLOBAL_6K_V2.4_Model_FP32.tflite,243B1F02648873F9_20260412_031500_chunk_016.wav,9600,102,105
9705,9708,Columba palumbus,Common Wood-Pigeon,0.6043,243B1F02648873F9_20260412_031500.WAV,14,0.0,1.0,0.25,BirdNET_GLOBAL_6K_V2.4_Model_FP32.tflite,243B1F02648873F9_20260412_031500_chunk_016.wav,9600,105,108
9708,9711,Columba palumbus,Common Wood-Pigeon,0.7147,243B1F02648873F9_20260412_031500.WAV,14,0.0,1.0,0.25,BirdNET_GLOBAL_6K_V2.4_Model_FP32.tflite,243B1F02648873F9_20260412_031500_chunk_016.wav,9600,108,111
9708,9711,Certhia familiaris,Eurasian Treecreeper,0.6421,243B1F02648873F9_20260412_031500.WAV,14,0.0,1.0,0.25,BirdNET_GLOBAL_6K_V2.4_Model_FP32.tflite,243B1F02648873F9_20260412_031500_chunk_016.wav,9600,108,111
9711,9714,Columba palumbus,Common Wood-Pigeon,0.9355,243B1F02648873F9_20260412_031500.WAV,14,0.0,1.0,0.25,BirdNET_GLOBAL_6K_V2.4_Model_FP32.tflite,243B1F02648873F9_20260412_031500_chunk_016.wav,9600,111,114
9714,9717,Columba palumbus,Common Wood-Pigeon,0.8057,243B1F02648873F9_20260412_031500.WAV,14,0.0,1.0,0.25,BirdNET_GLOBAL_6K_V2.4_Model_FP32.tflite,243B1F02648873F9_20260412_031500_chunk_016.wav,9600,114,117
9717,9720,Columba palumbus,Common Wood-Pigeon,0.9537,243B1F02648873F9_20260412_031500.WAV,14,0.0,1.0,0.25,BirdNET_GLOBAL_6K_V2.4_Model_FP32.tflite,243B1F02648873F9_20260412_031500_chunk_016.wav,9600,117,120
9720,9723,Columba palumbus,Common Wood-Pigeon,0.6525,243B1F02648873F9_20260412_031500.WAV,14,0.0,1.0,0.25,BirdNET_GLOBAL_6K_V2.4_Model_FP32.tflite,243B1F02648873F9_20260412_031500_chunk_016.wav,9600,120,123
9720,9723,Certhia familiaris,Eurasian Treecreeper,0.3177,243B1F02648873F9_20260412_031500.WAV,14,0.0,1.0,0.25,BirdNET_GLOBAL_6K_V2.4_Model_FP32.tflite,243B1F02648873F9_20260412_031500_chunk_016.wav,9600,120,123
9726,9729,Certhia familiaris,Eurasian Treecreeper,0.7462,243B1F02648873F9_20260412_031500.WAV,14,0.0,1.0,0.25,BirdNET_GLOBAL_6K_V2.4_Model_FP32.tflite,243B1F02648873F9_20260412_031500_chunk_016.wav,9600,126,129
9732,9735,Certhia familiaris,Eurasian Treecreeper,0.5786,243B1F02648873F9_20260412_031500.WAV,14,0.0,1.0,0.25,BirdNET_GLOBAL_6K_V2.4_Model_FP32.tflite,243B1F02648873F9_20260412_031500_chunk_016.wav,9600,132,135
9735,9738,Certhia familiaris,Eurasian Treecreeper,0.4241,243B1F02648873F9_20260412_031500.WAV,14,0.0,1.0,0.25,BirdNET_GLOBAL_6K_V2.4_Model_FP32.tflite,243B1F02648873F9_20260412_031500_chunk_016.wav,9600,135,138
9738,9741,Cyanistes caeruleus,Eurasian Blue Tit,0.2552,243B1F02648873F9_20260412_031500.WAV,14,0.0,1.0,0.25,BirdNET_GLOBAL_6K_V2.4_Model_FP32.tflite,243B1F02648873F9_20260412_031500_chunk_016.wav,9600,138,141
9744,9747,Larus argentatus,Herring Gull,0.3228,243B1F02648873F9_20260412_031500.WAV,14,0.0,1.0,0.25,BirdNET_GLOBAL_6K_V2.4_Model_FP32.tflite,243B1F02648873F9_20260412_031500_chunk_016.wav,9600,144,147
9747,9750,Columba palumbus,Common Wood-Pigeon,0.8653,243B1F02648873F9_20260412_031500.WAV,14,0.0,1.0,0.25,BirdNET_GLOBAL_6K_V2.4_Model_FP32.tflite,243B1F02648873F9_20260412_031500_chunk_016.wav,9600,147,150
9750,9753,Columba palumbus,Common Wood-Pigeon,0.9498,243B1F02648873F9_20260412_031500.WAV,14,0.0,1.0,0.25,BirdNET_GLOBAL_6K_V2.4_Model_FP32.tflite,243B1F02648873F9_20260412_031500_chunk_016.wav,9600,150,153
9753,9756,Columba palumbus,Common Wood-Pigeon,0.7728,243B1F02648873F9_20260412_031500.WAV,14,0.0,1.0,0.25,BirdNET_GLOBAL_6K_V2.4_Model_FP32.tflite,243B1F02648873F9_20260412_031500_chunk_016.wav,9600,153,156
9756,9759,Columba palumbus,Common Wood-Pigeon,0.6608,243B1F02648873F9_20260412_031500.WAV,14,0.0,1.0,0.25,BirdNET_GLOBAL_6K_V2.4_Model_FP32.tflite,243B1F02648873F9_20260412_031500_chunk_016.wav,9600,156,159
9756,9759,Certhia familiaris,Eurasian Treecreeper,0.5087,243B1F02648873F9_20260412_031500.WAV,14,0.0,1.0,0.25,BirdNET_GLOBAL_6K_V2.4_Model_FP32.tflite,243B1F02648873F9_20260412_031500_chunk_016.wav,9600,156,159
9771,9774,Columba palumbus,Common Wood-Pigeon,0.6353,243B1F02648873F9_20260412_031500.WAV,14,0.0,1.0,0.25,BirdNET_GLOBAL_6K_V2.4_Model_FP32.tflite,243B1F02648873F9_20260412_031500_chunk_016.wav,9600,171,174
9771,9774,Columba oenas,Stock Dove,0.4628,243B1F02648873F9_20260412_031500.WAV,14,0.0,1.0,0.25,BirdNET_GLOBAL_6K_V2.4_Model_FP32.tflite,243B1F02648873F9_20260412_031500_chunk_016.wav,9600,171,174
9774,9777,Certhia familiaris,Eurasian Treecreeper,0.2839,243B1F02648873F9_20260412_031500.WAV,14,0.0,1.0,0.25,BirdNET_GLOBAL_6K_V2.4_Model_FP32.tflite,243B1F02648873F9_20260412_031500_chunk_016.wav,9600,174,177
9777,9780,Columba oenas,Stock Dove,0.4673,243B1F02648873F9_20260412_031500.WAV,14,0.0,1.0,0.25,BirdNET_GLOBAL_6K_V2.4_Model_FP32.tflite,243B1F02648873F9_20260412_031500_chunk_016.wav,9600,177,180
9780,9783,Certhia familiaris,Eurasian Treecreeper,0.8134,243B1F02648873F9_20260412_031500.WAV,14,0.0,1.0,0.25,BirdNET_GLOBAL_6K_V2.4_Model_FP32.tflite,243B1F02648873F9_20260412_031500_chunk_016.wav,9600,180,183
9786,9789,Certhia familiaris,Eurasian Treecreeper,0.7334,243B1F02648873F9_20260412_031500.WAV,14,0.0,1.0,0.25,BirdNET_GLOBAL_6K_V2.4_Model_FP32.tflite,243B1F02648873F9_20260412_031500_chunk_016.wav,9600,186,189
9792,9795,Certhia familiaris,Eurasian Treecreeper,0.7137,243B1F02648873F9_20260412_031500.WAV,14,0.0,1.0,0.25,BirdNET_GLOBAL_6K_V2.4_Model_FP32.tflite,243B1F02648873F9_20260412_031500_chunk_016.wav,9600,192,195
9795,9798,Certhia familiaris,Eurasian Treecreeper,0.3887,243B1F02648873F9_20260412_031500.WAV,14,0.0,1.0,0.25,BirdNET_GLOBAL_6K_V2.4_Model_FP32.tflite,243B1F02648873F9_20260412_031500_chunk_016.wav,9600,195,198
9798,9801,Columba palumbus,Common Wood-Pigeon,0.5211,243B1F02648873F9_20260412_031500.WAV,14,0.0,1.0,0.25,BirdNET_GLOBAL_6K_V2.4_Model_FP32.tflite,243B1F02648873F9_20260412_031500_chunk_016.wav,9600,198,201
9801,9804,Columba palumbus,Common Wood-Pigeon,0.2874,243B1F02648873F9_20260412_031500.WAV,14,0.0,1.0,0.25,BirdNET_GLOBAL_6K_V2.4_Model_FP32.tflite,243B1F02648873F9_20260412_031500_chunk_016.wav,9600,201,204
9804,9807,Certhia familiaris,Eurasian Treecreeper,0.7284,243B1F02648873F9_20260412_031500.WAV,14,0.0,1.0,0.25,BirdNET_GLOBAL_6K_V2.4_Model_FP32.tflite,243B1F02648873F9_20260412_031500_chunk_016.wav,9600,204,207
9807,9810,Certhia familiaris,Eurasian Treecreeper,0.9020,243B1F02648873F9_20260412_031500.WAV,14,0.0,1.0,0.25,BirdNET_GLOBAL_6K_V2.4_Model_FP32.tflite,243B1F02648873F9_20260412_031500_chunk_016.wav,9600,207,210
9810,9813,Columba palumbus,Common Wood-Pigeon,0.4658,243B1F02648873F9_20260412_031500.WAV,14,0.0,1.0,0.25,BirdNET_GLOBAL_6K_V2.4_Model_FP32.tflite,243B1F02648873F9_20260412_031500_chunk_016.wav,9600,210,213
9810,9813,Certhia familiaris,Eurasian Treecreeper,0.3233,243B1F02648873F9_20260412_031500.WAV,14,0.0,1.0,0.25,BirdNET_GLOBAL_6K_V2.4_Model_FP32.tflite,243B1F02648873F9_20260412_031500_chunk_016.wav,9600,210,213
9813,9816,Columba palumbus,Common Wood-Pigeon,0.5756,243B1F02648873F9_20260412_031500.WAV,14,0.0,1.0,0.25,BirdNET_GLOBAL_6K_V2.4_Model_FP32.tflite,243B1F02648873F9_20260412_031500_chunk_016.wav,9600,213,216
9816,9819,Certhia familiaris,Eurasian Treecreeper,0.8718,243B1F02648873F9_20260412_031500.WAV,14,0.0,1.0,0.25,BirdNET_GLOBAL_6K_V2.4_Model_FP32.tflite,243B1F02648873F9_20260412_031500_chunk_016.wav,9600,216,219
9822,9825,Certhia familiaris,Eurasian Treecreeper,0.6970,243B1F02648873F9_20260412_031500.WAV,14,0.0,1.0,0.25,BirdNET_GLOBAL_6K_V2.4_Model_FP32.tflite,243B1F02648873F9_20260412_031500_chunk_016.wav,9600,222,225
9825,9828,Columba palumbus,Common Wood-Pigeon,0.7128,243B1F02648873F9_20260412_031500.WAV,14,0.0,1.0,0.25,BirdNET_GLOBAL_6K_V2.4_Model_FP32.tflite,243B1F02648873F9_20260412_031500_chunk_016.wav,9600,225,228
9825,9828,Certhia familiaris,Eurasian Treecreeper,0.3074,243B1F02648873F9_20260412_031500.WAV,14,0.0,1.0,0.25,BirdNET_GLOBAL_6K_V2.4_Model_FP32.tflite,243B1F02648873F9_20260412_031500_chunk_016.wav,9600,225,228
9828,9831,Columba palumbus,Common Wood-Pigeon,0.8268,243B1F02648873F9_20260412_031500.WAV,14,0.0,1.0,0.25,BirdNET_GLOBAL_6K_V2.4_Model_FP32.tflite,243B1F02648873F9_20260412_031500_chunk_016.wav,9600,228,231
9831,9834,Certhia familiaris,Eurasian Treecreeper,0.8257,243B1F02648873F9_20260412_031500.WAV,14,0.0,1.0,0.25,BirdNET_GLOBAL_6K_V2.4_Model_FP32.tflite,243B1F02648873F9_20260412_031500_chunk_016.wav,9600,231,234
9831,9834,Columba palumbus,Common Wood-Pigeon,0.3645,243B1F02648873F9_20260412_031500.WAV,14,0.0,1.0,0.25,BirdNET_GLOBAL_6K_V2.4_Model_FP32.tflite,243B1F02648873F9_20260412_031500_chunk_016.wav,9600,231,234
9834,9837,Columba palumbus,Common Wood-Pigeon,0.8727,243B1F02648873F9_20260412_031500.WAV,14,0.0,1.0,0.25,BirdNET_GLOBAL_6K_V2.4_Model_FP32.tflite,243B1F02648873F9_20260412_031500_chunk_016.wav,9600,234,237
9837,9840,Certhia familiaris,Eurasian Treecreeper,0.9750,243B1F02648873F9_20260412_031500.WAV,14,0.0,1.0,0.25,BirdNET_GLOBAL_6K_V2.4_Model_FP32.tflite,243B1F02648873F9_20260412_031500_chunk_016.wav,9600,237,240
9840,9843,Certhia familiaris,Eurasian Treecreeper,0.2608,243B1F02648873F9_20260412_031500.WAV,14,0.0,1.0,0.25,BirdNET_GLOBAL_6K_V2.4_Model_FP32.tflite,243B1F02648873F9_20260412_031500_chunk_016.wav,9600,240,243
9843,9846,Columba palumbus,Common Wood-Pigeon,0.8652,243B1F02648873F9_20260412_031500.WAV,14,0.0,1.0,0.25,BirdNET_GLOBAL_6K_V2.4_Model_FP32.tflite,243B1F02648873F9_20260412_031500_chunk_016.wav,9600,243,246
9846,9849,Certhia familiaris,Eurasian Treecreeper,0.4552,243B1F02648873F9_20260412_031500.WAV,14,0.0,1.0,0.25,BirdNET_GLOBAL_6K_V2.4_Model_FP32.tflite,243B1F02648873F9_20260412_031500_chunk_016.wav,9600,246,249
9846,9849,Columba palumbus,Common Wood-Pigeon,0.2656,243B1F02648873F9_20260412_031500.WAV,14,0.0,1.0,0.25,BirdNET_GLOBAL_6K_V2.4_Model_FP32.tflite,243B1F02648873F9_20260412_031500_chunk_016.wav,9600,246,249
9849,9852,Certhia familiaris,Eurasian Treecreeper,0.8099,243B1F02648873F9_20260412_031500.WAV,14,0.0,1.0,0.25,BirdNET_GLOBAL_6K_V2.4_Model_FP32.tflite,243B1F02648873F9_20260412_031500_chunk_016.wav,9600,249,252
9852,9855,Erithacus rubecula,European Robin,0.4337,243B1F02648873F9_20260412_031500.WAV,14,0.0,1.0,0.25,BirdNET_GLOBAL_6K_V2.4_Model_FP32.tflite,243B1F02648873F9_20260412_031500_chunk_016.wav,9600,252,255
9855,9858,Certhia familiaris,Eurasian Treecreeper,0.8244,243B1F02648873F9_20260412_031500.WAV,14,0.0,1.0,0.25,BirdNET_GLOBAL_6K_V2.4_Model_FP32.tflite,243B1F02648873F9_20260412_031500_chunk_016.wav,9600,255,258
9858,9861,Columba palumbus,Common Wood-Pigeon,0.8365,243B1F02648873F9_20260412_031500.WAV,14,0.0,1.0,0.25,BirdNET_GLOBAL_6K_V2.4_Model_FP32.tflite,243B1F02648873F9_20260412_031500_chunk_016.wav,9600,258,261
9861,9864,Columba palumbus,Common Wood-Pigeon,0.3314,243B1F02648873F9_20260412_031500.WAV,14,0.0,1.0,0.25,BirdNET_GLOBAL_6K_V2.4_Model_FP32.tflite,243B1F02648873F9_20260412_031500_chunk_016.wav,9600,261,264
9864,9867,Certhia familiaris,Eurasian Treecreeper,0.4856,243B1F02648873F9_20260412_031500.WAV,14,0.0,1.0,0.25,BirdNET_GLOBAL_6K_V2.4_Model_FP32.tflite,243B1F02648873F9_20260412_031500_chunk_016.wav,9600,264,267
9867,9870,Certhia familiaris,Eurasian Treecreeper,0.6032,243B1F02648873F9_20260412_031500.WAV,14,0.0,1.0,0.25,BirdNET_GLOBAL_6K_V2.4_Model_FP32.tflite,243B1F02648873F9_20260412_031500_chunk_016.wav,9600,267,270
9870,9873,Columba palumbus,Common Wood-Pigeon,0.8165,243B1F02648873F9_20260412_031500.WAV,14,0.0,1.0,0.25,BirdNET_GLOBAL_6K_V2.4_Model_FP32.tflite,243B1F02648873F9_20260412_031500_chunk_016.wav,9600,270,273
9873,9876,Columba palumbus,Common Wood-Pigeon,0.8517,243B1F02648873F9_20260412_031500.WAV,14,0.0,1.0,0.25,BirdNET_GLOBAL_6K_V2.4_Model_FP32.tflite,243B1F02648873F9_20260412_031500_chunk_016.wav,9600,273,276
9876,9879,Columba palumbus,Common Wood-Pigeon,0.6728,243B1F02648873F9_20260412_031500.WAV,14,0.0,1.0,0.25,BirdNET_GLOBAL_6K_V2.4_Model_FP32.tflite,243B1F02648873F9_20260412_031500_chunk_016.wav,9600,276,279
9879,9882,Columba palumbus,Common Wood-Pigeon,0.8800,243B1F02648873F9_20260412_031500.WAV,14,0.0,1.0,0.25,BirdNET_GLOBAL_6K_V2.4_Model_FP32.tflite,243B1F02648873F9_20260412_031500_chunk_016.wav,9600,279,282
9882,9885,Certhia familiaris,Eurasian Treecreeper,0.3892,243B1F02648873F9_20260412_031500.WAV,14,0.0,1.0,0.25,BirdNET_GLOBAL_6K_V2.4_Model_FP32.tflite,243B1F02648873F9_20260412_031500_chunk_016.wav,9600,282,285
9882,9885,Columba palumbus,Common Wood-Pigeon,0.2624,243B1F02648873F9_20260412_031500.WAV,14,0.0,1.0,0.25,BirdNET_GLOBAL_6K_V2.4_Model_FP32.tflite,243B1F02648873F9_20260412_031500_chunk_016.wav,9600,282,285
9885,9888,Certhia familiaris,Eurasian Treecreeper,0.4149,243B1F02648873F9_20260412_031500.WAV,14,0.0,1.0,0.25,BirdNET_GLOBAL_6K_V2.4_Model_FP32.tflite,243B1F02648873F9_20260412_031500_chunk_016.wav,9600,285,288
9888,9891,Columba palumbus,Common Wood-Pigeon,0.8098,243B1F02648873F9_20260412_031500.WAV,14,0.0,1.0,0.25,BirdNET_GLOBAL_6K_V2.4_Model_FP32.tflite,243B1F02648873F9_20260412_031500_chunk_016.wav,9600,288,291
9891,9894,Certhia familiaris,Eurasian Treecreeper,0.4452,243B1F02648873F9_20260412_031500.WAV,14,0.0,1.0,0.25,BirdNET_GLOBAL_6K_V2.4_Model_FP32.tflite,243B1F02648873F9_20260412_031500_chunk_016.wav,9600,291,294
9891,9894,Columba palumbus,Common Wood-Pigeon,0.4104,243B1F02648873F9_20260412_031500.WAV,14,0.0,1.0,0.25,BirdNET_GLOBAL_6K_V2.4_Model_FP32.tflite,243B1F02648873F9_20260412_031500_chunk_016.wav,9600,291,294
9894,9897,Certhia familiaris,Eurasian Treecreeper,0.5846,243B1F02648873F9_20260412_031500.WAV,14,0.0,1.0,0.25,BirdNET_GLOBAL_6K_V2.4_Model_FP32.tflite,243B1F02648873F9_20260412_031500_chunk_016.wav,9600,294,297
9894,9897,Columba palumbus,Common Wood-Pigeon,0.2556,243B1F02648873F9_20260412_031500.WAV,14,0.0,1.0,0.25,BirdNET_GLOBAL_6K_V2.4_Model_FP32.tflite,243B1F02648873F9_20260412_031500_chunk_016.wav,9600,294,297
9897,9900,Columba palumbus,Common Wood-Pigeon,0.5707,243B1F02648873F9_20260412_031500.WAV,14,0.0,1.0,0.25,BirdNET_GLOBAL_6K_V2.4_Model_FP32.tflite,243B1F02648873F9_20260412_031500_chunk_016.wav,9600,297,300
9903,9906,Columba palumbus,Common Wood-Pigeon,0.6023,243B1F02648873F9_20260412_031500.WAV,14,0.0,1.0,0.25,BirdNET_GLOBAL_6K_V2.4_Model_FP32.tflite,243B1F02648873F9_20260412_031500_chunk_016.wav,9600,303,306
9906,9909,Columba palumbus,Common Wood-Pigeon,0.8417,243B1F02648873F9_20260412_031500.WAV,14,0.0,1.0,0.25,BirdNET_GLOBAL_6K_V2.4_Model_FP32.tflite,243B1F02648873F9_20260412_031500_chunk_016.wav,9600,306,309
9909,9912,Columba palumbus,Common Wood-Pigeon,0.9018,243B1F02648873F9_20260412_031500.WAV,14,0.0,1.0,0.25,BirdNET_GLOBAL_6K_V2.4_Model_FP32.tflite,243B1F02648873F9_20260412_031500_chunk_016.wav,9600,309,312
9912,9915,Certhia familiaris,Eurasian Treecreeper,0.6730,243B1F02648873F9_20260412_031500.WAV,14,0.0,1.0,0.25,BirdNET_GLOBAL_6K_V2.4_Model_FP32.tflite,243B1F02648873F9_20260412_031500_chunk_016.wav,9600,312,315
9918,9921,Larus argentatus,Herring Gull,0.5992,243B1F02648873F9_20260412_031500.WAV,14,0.0,1.0,0.25,BirdNET_GLOBAL_6K_V2.4_Model_FP32.tflite,243B1F02648873F9_20260412_031500_chunk_016.wav,9600,318,321
9921,9924,Certhia familiaris,Eurasian Treecreeper,0.4635,243B1F02648873F9_20260412_031500.WAV,14,0.0,1.0,0.25,BirdNET_GLOBAL_6K_V2.4_Model_FP32.tflite,243B1F02648873F9_20260412_031500_chunk_016.wav,9600,321,324
9930,9933,Certhia familiaris,Eurasian Treecreeper,0.4350,243B1F02648873F9_20260412_031500.WAV,14,0.0,1.0,0.25,BirdNET_GLOBAL_6K_V2.4_Model_FP32.tflite,243B1F02648873F9_20260412_031500_chunk_016.wav,9600,330,333
9936,9939,Columba palumbus,Common Wood-Pigeon,0.9262,243B1F02648873F9_20260412_031500.WAV,14,0.0,1.0,0.25,BirdNET_GLOBAL_6K_V2.4_Model_FP32.tflite,243B1F02648873F9_20260412_031500_chunk_016.wav,9600,336,339
9939,9942,Columba palumbus,Common Wood-Pigeon,0.5022,243B1F02648873F9_20260412_031500.WAV,14,0.0,1.0,0.25,BirdNET_GLOBAL_6K_V2.4_Model_FP32.tflite,243B1F02648873F9_20260412_031500_chunk_016.wav,9600,339,342
9939,9942,Certhia familiaris,Eurasian Treecreeper,0.4899,243B1F02648873F9_20260412_031500.WAV,14,0.0,1.0,0.25,BirdNET_GLOBAL_6K_V2.4_Model_FP32.tflite,243B1F02648873F9_20260412_031500_chunk_016.wav,9600,339,342
9942,9945,Certhia familiaris,Eurasian Treecreeper,0.8399,243B1F02648873F9_20260412_031500.WAV,14,0.0,1.0,0.25,BirdNET_GLOBAL_6K_V2.4_Model_FP32.tflite,243B1F02648873F9_20260412_031500_chunk_016.wav,9600,342,345
9942,9945,Columba palumbus,Common Wood-Pigeon,0.5048,243B1F02648873F9_20260412_031500.WAV,14,0.0,1.0,0.25,BirdNET_GLOBAL_6K_V2.4_Model_FP32.tflite,243B1F02648873F9_20260412_031500_chunk_016.wav,9600,342,345
9951,9954,Columba palumbus,Common Wood-Pigeon,0.9873,243B1F02648873F9_20260412_031500.WAV,14,0.0,1.0,0.25,BirdNET_GLOBAL_6K_V2.4_Model_FP32.tflite,243B1F02648873F9_20260412_031500_chunk_016.wav,9600,351,354
9954,9957,Columba palumbus,Common Wood-Pigeon,0.9451,243B1F02648873F9_20260412_031500.WAV,14,0.0,1.0,0.25,BirdNET_GLOBAL_6K_V2.4_Model_FP32.tflite,243B1F02648873F9_20260412_031500_chunk_016.wav,9600,354,357
9957,9960,Columba palumbus,Common Wood-Pigeon,0.9121,243B1F02648873F9_20260412_031500.WAV,14,0.0,1.0,0.25,BirdNET_GLOBAL_6K_V2.4_Model_FP32.tflite,243B1F02648873F9_20260412_031500_chunk_016.wav,9600,357,360
9966,9969,Certhia familiaris,Eurasian Treecreeper,0.4745,243B1F02648873F9_20260412_031500.WAV,14,0.0,1.0,0.25,BirdNET_GLOBAL_6K_V2.4_Model_FP32.tflite,243B1F02648873F9_20260412_031500_chunk_016.wav,9600,366,369
9969,9972,Certhia familiaris,Eurasian Treecreeper,0.6735,243B1F02648873F9_20260412_031500.WAV,14,0.0,1.0,0.25,BirdNET_GLOBAL_6K_V2.4_Model_FP32.tflite,243B1F02648873F9_20260412_031500_chunk_016.wav,9600,369,372
9975,9978,Columba palumbus,Common Wood-Pigeon,0.5271,243B1F02648873F9_20260412_031500.WAV,14,0.0,1.0,0.25,BirdNET_GLOBAL_6K_V2.4_Model_FP32.tflite,243B1F02648873F9_20260412_031500_chunk_016.wav,9600,375,378
9975,9978,Certhia familiaris,Eurasian Treecreeper,0.3487,243B1F02648873F9_20260412_031500.WAV,14,0.0,1.0,0.25,BirdNET_GLOBAL_6K_V2.4_Model_FP32.tflite,243B1F02648873F9_20260412_031500_chunk_016.wav,9600,375,378
9978,9981,Certhia familiaris,Eurasian Treecreeper,0.3841,243B1F02648873F9_20260412_031500.WAV,14,0.0,1.0,0.25,BirdNET_GLOBAL_6K_V2.4_Model_FP32.tflite,243B1F02648873F9_20260412_031500_chunk_016.wav,9600,378,381
9981,9984,Certhia familiaris,Eurasian Treecreeper,0.5937,243B1F02648873F9_20260412_031500.WAV,14,0.0,1.0,0.25,BirdNET_GLOBAL_6K_V2.4_Model_FP32.tflite,243B1F02648873F9_20260412_031500_chunk_016.wav,9600,381,384
9984,9987,Certhia familiaris,Eurasian Treecreeper,0.3057,243B1F02648873F9_20260412_031500.WAV,14,0.0,1.0,0.25,BirdNET_GLOBAL_6K_V2.4_Model_FP32.tflite,243B1F02648873F9_20260412_031500_chunk_016.wav,9600,384,387
9987,9990,Certhia familiaris,Eurasian Treecreeper,0.6241,243B1F02648873F9_20260412_031500.WAV,14,0.0,1.0,0.25,BirdNET_GLOBAL_6K_V2.4_Model_FP32.tflite,243B1F02648873F9_20260412_031500_chunk_016.wav,9600,387,390
9990,9993,Certhia familiaris,Eurasian Treecreeper,0.7919,243B1F02648873F9_20260412_031500.WAV,14,0.0,1.0,0.25,BirdNET_GLOBAL_6K_V2.4_Model_FP32.tflite,243B1F02648873F9_20260412_031500_chunk_016.wav,9600,390,393
9993,9996,Certhia familiaris,Eurasian Treecreeper,0.8739,243B1F02648873F9_20260412_031500.WAV,14,0.0,1.0,0.25,BirdNET_GLOBAL_6K_V2.4_Model_FP32.tflite,243B1F02648873F9_20260412_031500_chunk_016.wav,9600,393,396
9993,9996,Columba palumbus,Common Wood-Pigeon,0.3588,243B1F02648873F9_20260412_031500.WAV,14,0.0,1.0,0.25,BirdNET_GLOBAL_6K_V2.4_Model_FP32.tflite,243B1F02648873F9_20260412_031500_chunk_016.wav,9600,393,396
9996,9999,Certhia familiaris,Eurasian Treecreeper,0.4961,243B1F02648873F9_20260412_031500.WAV,14,0.0,1.0,0.25,BirdNET_GLOBAL_6K_V2.4_Model_FP32.tflite,243B1F02648873F9_20260412_031500_chunk_016.wav,9600,396,399
10002,10005,Certhia familiaris,Eurasian Treecreeper,0.3979,243B1F02648873F9_20260412_031500.WAV,14,0.0,1.0,0.25,BirdNET_GLOBAL_6K_V2.4_Model_FP32.tflite,243B1F02648873F9_20260412_031500_chunk_016.wav,9600,402,405
10005,10008,Certhia familiaris,Eurasian Treecreeper,0.5718,243B1F02648873F9_20260412_031500.WAV,14,0.0,1.0,0.25,BirdNET_GLOBAL_6K_V2.4_Model_FP32.tflite,243B1F02648873F9_20260412_031500_chunk_016.wav,9600,405,408
10008,10011,Certhia familiaris,Eurasian Treecreeper,0.5367,243B1F02648873F9_20260412_031500.WAV,14,0.0,1.0,0.25,BirdNET_GLOBAL_6K_V2.4_Model_FP32.tflite,243B1F02648873F9_20260412_031500_chunk_016.wav,9600,408,411
10011,10014,Certhia familiaris,Eurasian Treecreeper,0.7513,243B1F02648873F9_20260412_031500.WAV,14,0.0,1.0,0.25,BirdNET_GLOBAL_6K_V2.4_Model_FP32.tflite,243B1F02648873F9_20260412_031500_chunk_016.wav,9600,411,414
10017,10020,Certhia familiaris,Eurasian Treecreeper,0.6922,243B1F02648873F9_20260412_031500.WAV,14,0.0,1.0,0.25,BirdNET_GLOBAL_6K_V2.4_Model_FP32.tflite,243B1F02648873F9_20260412_031500_chunk_016.wav,9600,417,420
10023,10026,Troglodytes troglodytes,Eurasian Wren,0.5908,243B1F02648873F9_20260412_031500.WAV,14,0.0,1.0,0.25,BirdNET_GLOBAL_6K_V2.4_Model_FP32.tflite,243B1F02648873F9_20260412_031500_chunk_016.wav,9600,423,426
10029,10032,Columba palumbus,Common Wood-Pigeon,0.5716,243B1F02648873F9_20260412_031500.WAV,14,0.0,1.0,0.25,BirdNET_GLOBAL_6K_V2.4_Model_FP32.tflite,243B1F02648873F9_20260412_031500_chunk_016.wav,9600,429,432
10035,10038,Columba palumbus,Common Wood-Pigeon,0.5599,243B1F02648873F9_20260412_031500.WAV,14,0.0,1.0,0.25,BirdNET_GLOBAL_6K_V2.4_Model_FP32.tflite,243B1F02648873F9_20260412_031500_chunk_016.wav,9600,435,438
10035,10038,Certhia familiaris,Eurasian Treecreeper,0.2769,243B1F02648873F9_20260412_031500.WAV,14,0.0,1.0,0.25,BirdNET_GLOBAL_6K_V2.4_Model_FP32.tflite,243B1F02648873F9_20260412_031500_chunk_016.wav,9600,435,438
10038,10041,Certhia familiaris,Eurasian Treecreeper,0.4686,243B1F02648873F9_20260412_031500.WAV,14,0.0,1.0,0.25,BirdNET_GLOBAL_6K_V2.4_Model_FP32.tflite,243B1F02648873F9_20260412_031500_chunk_016.wav,9600,438,441
10041,10044,Regulus regulus,Goldcrest,0.8498,243B1F02648873F9_20260412_031500.WAV,14,0.0,1.0,0.25,BirdNET_GLOBAL_6K_V2.4_Model_FP32.tflite,243B1F02648873F9_20260412_031500_chunk_016.wav,9600,441,444
10047,10050,Certhia familiaris,Eurasian Treecreeper,0.4543,243B1F02648873F9_20260412_031500.WAV,14,0.0,1.0,0.25,BirdNET_GLOBAL_6K_V2.4_Model_FP32.tflite,243B1F02648873F9_20260412_031500_chunk_016.wav,9600,447,450
10053,10056,Certhia familiaris,Eurasian Treecreeper,0.5441,243B1F02648873F9_20260412_031500.WAV,14,0.0,1.0,0.25,BirdNET_GLOBAL_6K_V2.4_Model_FP32.tflite,243B1F02648873F9_20260412_031500_chunk_016.wav,9600,453,456
10056,10059,Columba oenas,Stock Dove,0.3277,243B1F02648873F9_20260412_031500.WAV,14,0.0,1.0,0.25,BirdNET_GLOBAL_6K_V2.4_Model_FP32.tflite,243B1F02648873F9_20260412_031500_chunk_016.wav,9600,456,459
10059,10062,Certhia familiaris,Eurasian Treecreeper,0.3065,243B1F02648873F9_20260412_031500.WAV,14,0.0,1.0,0.25,BirdNET_GLOBAL_6K_V2.4_Model_FP32.tflite,243B1F02648873F9_20260412_031500_chunk_016.wav,9600,459,462
10062,10065,Cyanistes caeruleus,Eurasian Blue Tit,0.9703,243B1F02648873F9_20260412_031500.WAV,14,0.0,1.0,0.25,BirdNET_GLOBAL_6K_V2.4_Model_FP32.tflite,243B1F02648873F9_20260412_031500_chunk_016.wav,9600,462,465
10065,10068,Certhia familiaris,Eurasian Treecreeper,0.3629,243B1F02648873F9_20260412_031500.WAV,14,0.0,1.0,0.25,BirdNET_GLOBAL_6K_V2.4_Model_FP32.tflite,243B1F02648873F9_20260412_031500_chunk_016.wav,9600,465,468
10071,10074,Columba oenas,Stock Dove,0.3413,243B1F02648873F9_20260412_031500.WAV,14,0.0,1.0,0.25,BirdNET_GLOBAL_6K_V2.4_Model_FP32.tflite,243B1F02648873F9_20260412_031500_chunk_016.wav,9600,471,474
10077,10080,Regulus regulus,Goldcrest,0.7518,243B1F02648873F9_20260412_031500.WAV,14,0.0,1.0,0.25,BirdNET_GLOBAL_6K_V2.4_Model_FP32.tflite,243B1F02648873F9_20260412_031500_chunk_016.wav,9600,477,480
10080,10083,Certhia familiaris,Eurasian Treecreeper,0.7657,243B1F02648873F9_20260412_031500.WAV,14,0.0,1.0,0.25,BirdNET_GLOBAL_6K_V2.4_Model_FP32.tflite,243B1F02648873F9_20260412_031500_chunk_016.wav,9600,480,483
10086,10089,Certhia familiaris,Eurasian Treecreeper,0.8171,243B1F02648873F9_20260412_031500.WAV,14,0.0,1.0,0.25,BirdNET_GLOBAL_6K_V2.4_Model_FP32.tflite,243B1F02648873F9_20260412_031500_chunk_016.wav,9600,486,489
10089,10092,Regulus regulus,Goldcrest,0.3008,243B1F02648873F9_20260412_031500.WAV,14,0.0,1.0,0.25,BirdNET_GLOBAL_6K_V2.4_Model_FP32.tflite,243B1F02648873F9_20260412_031500_chunk_016.wav,9600,489,492
10098,10101,Certhia familiaris,Eurasian Treecreeper,0.7011,243B1F02648873F9_20260412_031500.WAV,14,0.0,1.0,0.25,BirdNET_GLOBAL_6K_V2.4_Model_FP32.tflite,243B1F02648873F9_20260412_031500_chunk_016.wav,9600,498,501
10104,10107,Certhia familiaris,Eurasian Treecreeper,0.6966,243B1F02648873F9_20260412_031500.WAV,14,0.0,1.0,0.25,BirdNET_GLOBAL_6K_V2.4_Model_FP32.tflite,243B1F02648873F9_20260412_031500_chunk_016.wav,9600,504,507
10110,10113,Columba palumbus,Common Wood-Pigeon,0.4895,243B1F02648873F9_20260412_031500.WAV,14,0.0,1.0,0.25,BirdNET_GLOBAL_6K_V2.4_Model_FP32.tflite,243B1F02648873F9_20260412_031500_chunk_016.wav,9600,510,513
10116,10119,Columba palumbus,Common Wood-Pigeon,0.7981,243B1F02648873F9_20260412_031500.WAV,14,0.0,1.0,0.25,BirdNET_GLOBAL_6K_V2.4_Model_FP32.tflite,243B1F02648873F9_20260412_031500_chunk_016.wav,9600,516,519
10119,10122,Columba palumbus,Common Wood-Pigeon,0.8179,243B1F02648873F9_20260412_031500.WAV,14,0.0,1.0,0.25,BirdNET_GLOBAL_6K_V2.4_Model_FP32.tflite,243B1F02648873F9_20260412_031500_chunk_016.wav,9600,519,522
10122,10125,Columba palumbus,Common Wood-Pigeon,0.4070,243B1F02648873F9_20260412_031500.WAV,14,0.0,1.0,0.25,BirdNET_GLOBAL_6K_V2.4_Model_FP32.tflite,243B1F02648873F9_20260412_031500_chunk_016.wav,9600,522,525
10131,10134,Certhia familiaris,Eurasian Treecreeper,0.6704,243B1F02648873F9_20260412_031500.WAV,14,0.0,1.0,0.25,BirdNET_GLOBAL_6K_V2.4_Model_FP32.tflite,243B1F02648873F9_20260412_031500_chunk_016.wav,9600,531,534
10134,10137,Certhia familiaris,Eurasian Treecreeper,0.5894,243B1F02648873F9_20260412_031500.WAV,14,0.0,1.0,0.25,BirdNET_GLOBAL_6K_V2.4_Model_FP32.tflite,243B1F02648873F9_20260412_031500_chunk_016.wav,9600,534,537
10137,10140,Regulus regulus,Goldcrest,0.7305,243B1F02648873F9_20260412_031500.WAV,14,0.0,1.0,0.25,BirdNET_GLOBAL_6K_V2.4_Model_FP32.tflite,243B1F02648873F9_20260412_031500_chunk_016.wav,9600,537,540
10140,10143,Columba palumbus,Common Wood-Pigeon,0.8472,243B1F02648873F9_20260412_031500.WAV,14,0.0,1.0,0.25,BirdNET_GLOBAL_6K_V2.4_Model_FP32.tflite,243B1F02648873F9_20260412_031500_chunk_016.wav,9600,540,543
10143,10146,Columba palumbus,Common Wood-Pigeon,0.8094,243B1F02648873F9_20260412_031500.WAV,14,0.0,1.0,0.25,BirdNET_GLOBAL_6K_V2.4_Model_FP32.tflite,243B1F02648873F9_20260412_031500_chunk_016.wav,9600,543,546
10146,10149,Columba palumbus,Common Wood-Pigeon,0.7056,243B1F02648873F9_20260412_031500.WAV,14,0.0,1.0,0.25,BirdNET_GLOBAL_6K_V2.4_Model_FP32.tflite,243B1F02648873F9_20260412_031500_chunk_016.wav,9600,546,549
10152,10155,Columba palumbus,Common Wood-Pigeon,0.8250,243B1F02648873F9_20260412_031500.WAV,14,0.0,1.0,0.25,BirdNET_GLOBAL_6K_V2.4_Model_FP32.tflite,243B1F02648873F9_20260412_031500_chunk_016.wav,9600,552,555
10158,10161,Columba palumbus,Common Wood-Pigeon,0.3258,243B1F02648873F9_20260412_031500.WAV,14,0.0,1.0,0.25,BirdNET_GLOBAL_6K_V2.4_Model_FP32.tflite,243B1F02648873F9_20260412_031500_chunk_016.wav,9600,558,561
10161,10164,Columba palumbus,Common Wood-Pigeon,0.8278,243B1F02648873F9_20260412_031500.WAV,14,0.0,1.0,0.25,BirdNET_GLOBAL_6K_V2.4_Model_FP32.tflite,243B1F02648873F9_20260412_031500_chunk_016.wav,9600,561,564
10164,10167,Columba palumbus,Common Wood-Pigeon,0.7652,243B1F02648873F9_20260412_031500.WAV,14,0.0,1.0,0.25,BirdNET_GLOBAL_6K_V2.4_Model_FP32.tflite,243B1F02648873F9_20260412_031500_chunk_016.wav,9600,564,567
10167,10170,Columba palumbus,Common Wood-Pigeon,0.4205,243B1F02648873F9_20260412_031500.WAV,14,0.0,1.0,0.25,BirdNET_GLOBAL_6K_V2.4_Model_FP32.tflite,243B1F02648873F9_20260412_031500_chunk_016.wav,9600,567,570
10167,10170,Troglodytes troglodytes,Eurasian Wren,0.4151,243B1F02648873F9_20260412_031500.WAV,14,0.0,1.0,0.25,BirdNET_GLOBAL_6K_V2.4_Model_FP32.tflite,243B1F02648873F9_20260412_031500_chunk_016.wav,9600,567,570
10170,10173,Columba palumbus,Common Wood-Pigeon,0.4391,243B1F02648873F9_20260412_031500.WAV,14,0.0,1.0,0.25,BirdNET_GLOBAL_6K_V2.4_Model_FP32.tflite,243B1F02648873F9_20260412_031500_chunk_016.wav,9600,570,573
10173,10176,Columba palumbus,Common Wood-Pigeon,0.2653,243B1F02648873F9_20260412_031500.WAV,14,0.0,1.0,0.25,BirdNET_GLOBAL_6K_V2.4_Model_FP32.tflite,243B1F02648873F9_20260412_031500_chunk_016.wav,9600,573,576
10173,10176,Cyanistes caeruleus,Eurasian Blue Tit,0.2539,243B1F02648873F9_20260412_031500.WAV,14,0.0,1.0,0.25,BirdNET_GLOBAL_6K_V2.4_Model_FP32.tflite,243B1F02648873F9_20260412_031500_chunk_016.wav,9600,573,576
10182,10185,Cyanistes caeruleus,Eurasian Blue Tit,0.9490,243B1F02648873F9_20260412_031500.WAV,14,0.0,1.0,0.25,BirdNET_GLOBAL_6K_V2.4_Model_FP32.tflite,243B1F02648873F9_20260412_031500_chunk_016.wav,9600,582,585
10182,10185,Larus argentatus,Herring Gull,0.2652,243B1F02648873F9_20260412_031500.WAV,14,0.0,1.0,0.25,BirdNET_GLOBAL_6K_V2.4_Model_FP32.tflite,243B1F02648873F9_20260412_031500_chunk_016.wav,9600,582,585
10194,10197,Troglodytes troglodytes,Eurasian Wren,0.7102,243B1F02648873F9_20260412_031500.WAV,14,0.0,1.0,0.25,BirdNET_GLOBAL_6K_V2.4_Model_FP32.tflite,243B1F02648873F9_20260412_031500_chunk_016.wav,9600,594,597
10215,10218,Larus argentatus,Herring Gull,0.7854,243B1F02648873F9_20260412_031500.WAV,14,0.0,1.0,0.25,BirdNET_GLOBAL_6K_V2.4_Model_FP32.tflite,243B1F02648873F9_20260412_031500_chunk_017.wav,10200,15,18
10215,10218,Cyanistes caeruleus,Eurasian Blue Tit,0.3098,243B1F02648873F9_20260412_031500.WAV,14,0.0,1.0,0.25,BirdNET_GLOBAL_6K_V2.4_Model_FP32.tflite,243B1F02648873F9_20260412_031500_chunk_017.wav,10200,15,18
10218,10221,Larus argentatus,Herring Gull,0.3139,243B1F02648873F9_20260412_031500.WAV,14,0.0,1.0,0.25,BirdNET_GLOBAL_6K_V2.4_Model_FP32.tflite,243B1F02648873F9_20260412_031500_chunk_017.wav,10200,18,21
10224,10227,Certhia familiaris,Eurasian Treecreeper,0.7378,243B1F02648873F9_20260412_031500.WAV,14,0.0,1.0,0.25,BirdNET_GLOBAL_6K_V2.4_Model_FP32.tflite,243B1F02648873F9_20260412_031500_chunk_017.wav,10200,24,27
10230,10233,Columba palumbus,Common Wood-Pigeon,0.4910,243B1F02648873F9_20260412_031500.WAV,14,0.0,1.0,0.25,BirdNET_GLOBAL_6K_V2.4_Model_FP32.tflite,243B1F02648873F9_20260412_031500_chunk_017.wav,10200,30,33
10239,10242,Cyanistes caeruleus,Eurasian Blue Tit,0.3315,243B1F02648873F9_20260412_031500.WAV,14,0.0,1.0,0.25,BirdNET_GLOBAL_6K_V2.4_Model_FP32.tflite,243B1F02648873F9_20260412_031500_chunk_017.wav,10200,39,42
10245,10248,Columba oenas,Stock Dove,0.2513,243B1F02648873F9_20260412_031500.WAV,14,0.0,1.0,0.25,BirdNET_GLOBAL_6K_V2.4_Model_FP32.tflite,243B1F02648873F9_20260412_031500_chunk_017.wav,10200,45,48
10251,10254,Cyanistes caeruleus,Eurasian Blue Tit,0.4029,243B1F02648873F9_20260412_031500.WAV,14,0.0,1.0,0.25,BirdNET_GLOBAL_6K_V2.4_Model_FP32.tflite,243B1F02648873F9_20260412_031500_chunk_017.wav,10200,51,54
10254,10257,Troglodytes troglodytes,Eurasian Wren,0.6085,243B1F02648873F9_20260412_031500.WAV,14,0.0,1.0,0.25,BirdNET_GLOBAL_6K_V2.4_Model_FP32.tflite,243B1F02648873F9_20260412_031500_chunk_017.wav,10200,54,57
10257,10260,Columba palumbus,Common Wood-Pigeon,0.8186,243B1F02648873F9_20260412_031500.WAV,14,0.0,1.0,0.25,BirdNET_GLOBAL_6K_V2.4_Model_FP32.tflite,243B1F02648873F9_20260412_031500_chunk_017.wav,10200,57,60
10260,10263,Columba palumbus,Common Wood-Pigeon,0.9143,243B1F02648873F9_20260412_031500.WAV,14,0.0,1.0,0.25,BirdNET_GLOBAL_6K_V2.4_Model_FP32.tflite,243B1F02648873F9_20260412_031500_chunk_017.wav,10200,60,63
10260,10263,Troglodytes troglodytes,Eurasian Wren,0.3464,243B1F02648873F9_20260412_031500.WAV,14,0.0,1.0,0.25,BirdNET_GLOBAL_6K_V2.4_Model_FP32.tflite,243B1F02648873F9_20260412_031500_chunk_017.wav,10200,60,63
10263,10266,Columba palumbus,Common Wood-Pigeon,0.9894,243B1F02648873F9_20260412_031500.WAV,14,0.0,1.0,0.25,BirdNET_GLOBAL_6K_V2.4_Model_FP32.tflite,243B1F02648873F9_20260412_031500_chunk_017.wav,10200,63,66
10266,10269,Columba palumbus,Common Wood-Pigeon,0.8810,243B1F02648873F9_20260412_031500.WAV,14,0.0,1.0,0.25,BirdNET_GLOBAL_6K_V2.4_Model_FP32.tflite,243B1F02648873F9_20260412_031500_chunk_017.wav,10200,66,69
10269,10272,Pica pica,Eurasian Magpie,0.8153,243B1F02648873F9_20260412_031500.WAV,14,0.0,1.0,0.25,BirdNET_GLOBAL_6K_V2.4_Model_FP32.tflite,243B1F02648873F9_20260412_031500_chunk_017.wav,10200,69,72
10272,10275,Troglodytes troglodytes,Eurasian Wren,0.4161,243B1F02648873F9_20260412_031500.WAV,14,0.0,1.0,0.25,BirdNET_GLOBAL_6K_V2.4_Model_FP32.tflite,243B1F02648873F9_20260412_031500_chunk_017.wav,10200,72,75
10275,10278,Pica pica,Eurasian Magpie,0.6481,243B1F02648873F9_20260412_031500.WAV,14,0.0,1.0,0.25,BirdNET_GLOBAL_6K_V2.4_Model_FP32.tflite,243B1F02648873F9_20260412_031500_chunk_017.wav,10200,75,78
10278,10281,Pica pica,Eurasian Magpie,0.3992,243B1F02648873F9_20260412_031500.WAV,14,0.0,1.0,0.25,BirdNET_GLOBAL_6K_V2.4_Model_FP32.tflite,243B1F02648873F9_20260412_031500_chunk_017.wav,10200,78,81
10281,10284,Larus argentatus,Herring Gull,0.5630,243B1F02648873F9_20260412_031500.WAV,14,0.0,1.0,0.25,BirdNET_GLOBAL_6K_V2.4_Model_FP32.tflite,243B1F02648873F9_20260412_031500_chunk_017.wav,10200,81,84
10287,10290,Pica pica,Eurasian Magpie,0.3322,243B1F02648873F9_20260412_031500.WAV,14,0.0,1.0,0.25,BirdNET_GLOBAL_6K_V2.4_Model_FP32.tflite,243B1F02648873F9_20260412_031500_chunk_017.wav,10200,87,90
10290,10293,Columba palumbus,Common Wood-Pigeon,0.3884,243B1F02648873F9_20260412_031500.WAV,14,0.0,1.0,0.25,BirdNET_GLOBAL_6K_V2.4_Model_FP32.tflite,243B1F02648873F9_20260412_031500_chunk_017.wav,10200,90,93
10293,10296,Columba palumbus,Common Wood-Pigeon,0.4703,243B1F02648873F9_20260412_031500.WAV,14,0.0,1.0,0.25,BirdNET_GLOBAL_6K_V2.4_Model_FP32.tflite,243B1F02648873F9_20260412_031500_chunk_017.wav,10200,93,96
10299,10302,Pica pica,Eurasian Magpie,0.4592,243B1F02648873F9_20260412_031500.WAV,14,0.0,1.0,0.25,BirdNET_GLOBAL_6K_V2.4_Model_FP32.tflite,243B1F02648873F9_20260412_031500_chunk_017.wav,10200,99,102
10305,10308,Pica pica,Eurasian Magpie,0.7215,243B1F02648873F9_20260412_031500.WAV,14,0.0,1.0,0.25,BirdNET_GLOBAL_6K_V2.4_Model_FP32.tflite,243B1F02648873F9_20260412_031500_chunk_017.wav,10200,105,108
10311,10314,Pica pica,Eurasian Magpie,0.8159,243B1F02648873F9_20260412_031500.WAV,14,0.0,1.0,0.25,BirdNET_GLOBAL_6K_V2.4_Model_FP32.tflite,243B1F02648873F9_20260412_031500_chunk_017.wav,10200,111,114
10314,10317,Pica pica,Eurasian Magpie,0.6916,243B1F02648873F9_20260412_031500.WAV,14,0.0,1.0,0.25,BirdNET_GLOBAL_6K_V2.4_Model_FP32.tflite,243B1F02648873F9_20260412_031500_chunk_017.wav,10200,114,117
10314,10317,Columba palumbus,Common Wood-Pigeon,0.2513,243B1F02648873F9_20260412_031500.WAV,14,0.0,1.0,0.25,BirdNET_GLOBAL_6K_V2.4_Model_FP32.tflite,243B1F02648873F9_20260412_031500_chunk_017.wav,10200,114,117
10317,10320,Pica pica,Eurasian Magpie,0.7504,243B1F02648873F9_20260412_031500.WAV,14,0.0,1.0,0.25,BirdNET_GLOBAL_6K_V2.4_Model_FP32.tflite,243B1F02648873F9_20260412_031500_chunk_017.wav,10200,117,120
10320,10323,Columba palumbus,Common Wood-Pigeon,0.5471,243B1F02648873F9_20260412_031500.WAV,14,0.0,1.0,0.25,BirdNET_GLOBAL_6K_V2.4_Model_FP32.tflite,243B1F02648873F9_20260412_031500_chunk_017.wav,10200,120,123
10320,10323,Columba oenas,Stock Dove,0.4019,243B1F02648873F9_20260412_031500.WAV,14,0.0,1.0,0.25,BirdNET_GLOBAL_6K_V2.4_Model_FP32.tflite,243B1F02648873F9_20260412_031500_chunk_017.wav,10200,120,123
10323,10326,Columba palumbus,Common Wood-Pigeon,0.5258,243B1F02648873F9_20260412_031500.WAV,14,0.0,1.0,0.25,BirdNET_GLOBAL_6K_V2.4_Model_FP32.tflite,243B1F02648873F9_20260412_031500_chunk_017.wav,10200,123,126
10323,10326,Pica pica,Eurasian Magpie,0.3205,243B1F02648873F9_20260412_031500.WAV,14,0.0,1.0,0.25,BirdNET_GLOBAL_6K_V2.4_Model_FP32.tflite,243B1F02648873F9_20260412_031500_chunk_017.wav,10200,123,126
10326,10329,Columba palumbus,Common Wood-Pigeon,0.9677,243B1F02648873F9_20260412_031500.WAV,14,0.0,1.0,0.25,BirdNET_GLOBAL_6K_V2.4_Model_FP32.tflite,243B1F02648873F9_20260412_031500_chunk_017.wav,10200,126,129
10329,10332,Columba palumbus,Common Wood-Pigeon,0.9913,243B1F02648873F9_20260412_031500.WAV,14,0.0,1.0,0.25,BirdNET_GLOBAL_6K_V2.4_Model_FP32.tflite,243B1F02648873F9_20260412_031500_chunk_017.wav,10200,129,132
10332,10335,Columba palumbus,Common Wood-Pigeon,0.8780,243B1F02648873F9_20260412_031500.WAV,14,0.0,1.0,0.25,BirdNET_GLOBAL_6K_V2.4_Model_FP32.tflite,243B1F02648873F9_20260412_031500_chunk_017.wav,10200,132,135
10335,10338,Pica pica,Eurasian Magpie,0.7792,243B1F02648873F9_20260412_031500.WAV,14,0.0,1.0,0.25,BirdNET_GLOBAL_6K_V2.4_Model_FP32.tflite,243B1F02648873F9_20260412_031500_chunk_017.wav,10200,135,138
10341,10344,Corvus corone,Carrion Crow,0.4662,243B1F02648873F9_20260412_031500.WAV,14,0.0,1.0,0.25,BirdNET_GLOBAL_6K_V2.4_Model_FP32.tflite,243B1F02648873F9_20260412_031500_chunk_017.wav,10200,141,144
10353,10356,Larus argentatus,Herring Gull,0.2656,243B1F02648873F9_20260412_031500.WAV,14,0.0,1.0,0.25,BirdNET_GLOBAL_6K_V2.4_Model_FP32.tflite,243B1F02648873F9_20260412_031500_chunk_017.wav,10200,153,156
10368,10371,Troglodytes troglodytes,Eurasian Wren,0.3418,243B1F02648873F9_20260412_031500.WAV,14,0.0,1.0,0.25,BirdNET_GLOBAL_6K_V2.4_Model_FP32.tflite,243B1F02648873F9_20260412_031500_chunk_017.wav,10200,168,171
10371,10374,Troglodytes troglodytes,Eurasian Wren,0.6803,243B1F02648873F9_20260412_031500.WAV,14,0.0,1.0,0.25,BirdNET_GLOBAL_6K_V2.4_Model_FP32.tflite,243B1F02648873F9_20260412_031500_chunk_017.wav,10200,171,174
10374,10377,Troglodytes troglodytes,Eurasian Wren,0.3026,243B1F02648873F9_20260412_031500.WAV,14,0.0,1.0,0.25,BirdNET_GLOBAL_6K_V2.4_Model_FP32.tflite,243B1F02648873F9_20260412_031500_chunk_017.wav,10200,174,177
10383,10386,Columba palumbus,Common Wood-Pigeon,0.8852,243B1F02648873F9_20260412_031500.WAV,14,0.0,1.0,0.25,BirdNET_GLOBAL_6K_V2.4_Model_FP32.tflite,243B1F02648873F9_20260412_031500_chunk_017.wav,10200,183,186
10386,10389,Columba palumbus,Common Wood-Pigeon,0.8383,243B1F02648873F9_20260412_031500.WAV,14,0.0,1.0,0.25,BirdNET_GLOBAL_6K_V2.4_Model_FP32.tflite,243B1F02648873F9_20260412_031500_chunk_017.wav,10200,186,189
10389,10392,Columba palumbus,Common Wood-Pigeon,0.9772,243B1F02648873F9_20260412_031500.WAV,14,0.0,1.0,0.25,BirdNET_GLOBAL_6K_V2.4_Model_FP32.tflite,243B1F02648873F9_20260412_031500_chunk_017.wav,10200,189,192
10395,10398,Larus argentatus,Herring Gull,0.2502,243B1F02648873F9_20260412_031500.WAV,14,0.0,1.0,0.25,BirdNET_GLOBAL_6K_V2.4_Model_FP32.tflite,243B1F02648873F9_20260412_031500_chunk_017.wav,10200,195,198
10398,10401,Columba palumbus,Common Wood-Pigeon,0.7293,243B1F02648873F9_20260412_031500.WAV,14,0.0,1.0,0.25,BirdNET_GLOBAL_6K_V2.4_Model_FP32.tflite,243B1F02648873F9_20260412_031500_chunk_017.wav,10200,198,201
10401,10404,Columba palumbus,Common Wood-Pigeon,0.5634,243B1F02648873F9_20260412_031500.WAV,14,0.0,1.0,0.25,BirdNET_GLOBAL_6K_V2.4_Model_FP32.tflite,243B1F02648873F9_20260412_031500_chunk_017.wav,10200,201,204
10404,10407,Larus argentatus,Herring Gull,0.4404,243B1F02648873F9_20260412_031500.WAV,14,0.0,1.0,0.25,BirdNET_GLOBAL_6K_V2.4_Model_FP32.tflite,243B1F02648873F9_20260412_031500_chunk_017.wav,10200,204,207
10407,10410,Columba palumbus,Common Wood-Pigeon,0.8511,243B1F02648873F9_20260412_031500.WAV,14,0.0,1.0,0.25,BirdNET_GLOBAL_6K_V2.4_Model_FP32.tflite,243B1F02648873F9_20260412_031500_chunk_017.wav,10200,207,210
10410,10413,Columba palumbus,Common Wood-Pigeon,0.9613,243B1F02648873F9_20260412_031500.WAV,14,0.0,1.0,0.25,BirdNET_GLOBAL_6K_V2.4_Model_FP32.tflite,243B1F02648873F9_20260412_031500_chunk_017.wav,10200,210,213
10413,10416,Columba palumbus,Common Wood-Pigeon,0.8902,243B1F02648873F9_20260412_031500.WAV,14,0.0,1.0,0.25,BirdNET_GLOBAL_6K_V2.4_Model_FP32.tflite,243B1F02648873F9_20260412_031500_chunk_017.wav,10200,213,216
10416,10419,Columba palumbus,Common Wood-Pigeon,0.9530,243B1F02648873F9_20260412_031500.WAV,14,0.0,1.0,0.25,BirdNET_GLOBAL_6K_V2.4_Model_FP32.tflite,243B1F02648873F9_20260412_031500_chunk_017.wav,10200,216,219
10419,10422,Columba oenas,Stock Dove,0.9547,243B1F02648873F9_20260412_031500.WAV,14,0.0,1.0,0.25,BirdNET_GLOBAL_6K_V2.4_Model_FP32.tflite,243B1F02648873F9_20260412_031500_chunk_017.wav,10200,219,222
10419,10422,Columba palumbus,Common Wood-Pigeon,0.5999,243B1F02648873F9_20260412_031500.WAV,14,0.0,1.0,0.25,BirdNET_GLOBAL_6K_V2.4_Model_FP32.tflite,243B1F02648873F9_20260412_031500_chunk_017.wav,10200,219,222
10422,10425,Columba oenas,Stock Dove,0.3915,243B1F02648873F9_20260412_031500.WAV,14,0.0,1.0,0.25,BirdNET_GLOBAL_6K_V2.4_Model_FP32.tflite,243B1F02648873F9_20260412_031500_chunk_017.wav,10200,222,225
10422,10425,Columba palumbus,Common Wood-Pigeon,0.2802,243B1F02648873F9_20260412_031500.WAV,14,0.0,1.0,0.25,BirdNET_GLOBAL_6K_V2.4_Model_FP32.tflite,243B1F02648873F9_20260412_031500_chunk_017.wav,10200,222,225
10425,10428,Columba palumbus,Common Wood-Pigeon,0.7609,243B1F02648873F9_20260412_031500.WAV,14,0.0,1.0,0.25,BirdNET_GLOBAL_6K_V2.4_Model_FP32.tflite,243B1F02648873F9_20260412_031500_chunk_017.wav,10200,225,228
10428,10431,Columba palumbus,Common Wood-Pigeon,0.6931,243B1F02648873F9_20260412_031500.WAV,14,0.0,1.0,0.25,BirdNET_GLOBAL_6K_V2.4_Model_FP32.tflite,243B1F02648873F9_20260412_031500_chunk_017.wav,10200,228,231
10431,10434,Troglodytes troglodytes,Eurasian Wren,0.4350,243B1F02648873F9_20260412_031500.WAV,14,0.0,1.0,0.25,BirdNET_GLOBAL_6K_V2.4_Model_FP32.tflite,243B1F02648873F9_20260412_031500_chunk_017.wav,10200,231,234
10434,10437,Troglodytes troglodytes,Eurasian Wren,0.6313,243B1F02648873F9_20260412_031500.WAV,14,0.0,1.0,0.25,BirdNET_GLOBAL_6K_V2.4_Model_FP32.tflite,243B1F02648873F9_20260412_031500_chunk_017.wav,10200,234,237
10440,10443,Columba palumbus,Common Wood-Pigeon,0.8730,243B1F02648873F9_20260412_031500.WAV,14,0.0,1.0,0.25,BirdNET_GLOBAL_6K_V2.4_Model_FP32.tflite,243B1F02648873F9_20260412_031500_chunk_017.wav,10200,240,243
10443,10446,Columba palumbus,Common Wood-Pigeon,0.6744,243B1F02648873F9_20260412_031500.WAV,14,0.0,1.0,0.25,BirdNET_GLOBAL_6K_V2.4_Model_FP32.tflite,243B1F02648873F9_20260412_031500_chunk_017.wav,10200,243,246
10446,10449,Troglodytes troglodytes,Eurasian Wren,0.2599,243B1F02648873F9_20260412_031500.WAV,14,0.0,1.0,0.25,BirdNET_GLOBAL_6K_V2.4_Model_FP32.tflite,243B1F02648873F9_20260412_031500_chunk_017.wav,10200,246,249
10449,10452,Troglodytes troglodytes,Eurasian Wren,0.3867,243B1F02648873F9_20260412_031500.WAV,14,0.0,1.0,0.25,BirdNET_GLOBAL_6K_V2.4_Model_FP32.tflite,243B1F02648873F9_20260412_031500_chunk_017.wav,10200,249,252
10452,10455,Troglodytes troglodytes,Eurasian Wren,0.2758,243B1F02648873F9_20260412_031500.WAV,14,0.0,1.0,0.25,BirdNET_GLOBAL_6K_V2.4_Model_FP32.tflite,243B1F02648873F9_20260412_031500_chunk_017.wav,10200,252,255
10458,10461,Troglodytes troglodytes,Eurasian Wren,0.5678,243B1F02648873F9_20260412_031500.WAV,14,0.0,1.0,0.25,BirdNET_GLOBAL_6K_V2.4_Model_FP32.tflite,243B1F02648873F9_20260412_031500_chunk_017.wav,10200,258,261
10461,10464,Troglodytes troglodytes,Eurasian Wren,0.8658,243B1F02648873F9_20260412_031500.WAV,14,0.0,1.0,0.25,BirdNET_GLOBAL_6K_V2.4_Model_FP32.tflite,243B1F02648873F9_20260412_031500_chunk_017.wav,10200,261,264
10470,10473,Troglodytes troglodytes,Eurasian Wren,0.6405,243B1F02648873F9_20260412_031500.WAV,14,0.0,1.0,0.25,BirdNET_GLOBAL_6K_V2.4_Model_FP32.tflite,243B1F02648873F9_20260412_031500_chunk_017.wav,10200,270,273
10479,10482,Larus argentatus,Herring Gull,0.5016,243B1F02648873F9_20260412_031500.WAV,14,0.0,1.0,0.25,BirdNET_GLOBAL_6K_V2.4_Model_FP32.tflite,243B1F02648873F9_20260412_031500_chunk_017.wav,10200,279,282
10482,10485,Columba palumbus,Common Wood-Pigeon,0.5257,243B1F02648873F9_20260412_031500.WAV,14,0.0,1.0,0.25,BirdNET_GLOBAL_6K_V2.4_Model_FP32.tflite,243B1F02648873F9_20260412_031500_chunk_017.wav,10200,282,285
10482,10485,Larus argentatus,Herring Gull,0.2905,243B1F02648873F9_20260412_031500.WAV,14,0.0,1.0,0.25,BirdNET_GLOBAL_6K_V2.4_Model_FP32.tflite,243B1F02648873F9_20260412_031500_chunk_017.wav,10200,282,285
10485,10488,Troglodytes troglodytes,Eurasian Wren,0.5055,243B1F02648873F9_20260412_031500.WAV,14,0.0,1.0,0.25,BirdNET_GLOBAL_6K_V2.4_Model_FP32.tflite,243B1F02648873F9_20260412_031500_chunk_017.wav,10200,285,288
10485,10488,Larus argentatus,Herring Gull,0.2802,243B1F02648873F9_20260412_031500.WAV,14,0.0,1.0,0.25,BirdNET_GLOBAL_6K_V2.4_Model_FP32.tflite,243B1F02648873F9_20260412_031500_chunk_017.wav,10200,285,288
10485,10488,Columba palumbus,Common Wood-Pigeon,0.2609,243B1F02648873F9_20260412_031500.WAV,14,0.0,1.0,0.25,BirdNET_GLOBAL_6K_V2.4_Model_FP32.tflite,243B1F02648873F9_20260412_031500_chunk_017.wav,10200,285,288
10488,10491,Troglodytes troglodytes,Eurasian Wren,0.5182,243B1F02648873F9_20260412_031500.WAV,14,0.0,1.0,0.25,BirdNET_GLOBAL_6K_V2.4_Model_FP32.tflite,243B1F02648873F9_20260412_031500_chunk_017.wav,10200,288,291
10488,10491,Columba palumbus,Common Wood-Pigeon,0.3984,243B1F02648873F9_20260412_031500.WAV,14,0.0,1.0,0.25,BirdNET_GLOBAL_6K_V2.4_Model_FP32.tflite,243B1F02648873F9_20260412_031500_chunk_017.wav,10200,288,291
10488,10491,Larus argentatus,Herring Gull,0.2966,243B1F02648873F9_20260412_031500.WAV,14,0.0,1.0,0.25,BirdNET_GLOBAL_6K_V2.4_Model_FP32.tflite,243B1F02648873F9_20260412_031500_chunk_017.wav,10200,288,291
10491,10494,Larus argentatus,Herring Gull,0.4757,243B1F02648873F9_20260412_031500.WAV,14,0.0,1.0,0.25,BirdNET_GLOBAL_6K_V2.4_Model_FP32.tflite,243B1F02648873F9_20260412_031500_chunk_017.wav,10200,291,294
10494,10497,Larus argentatus,Herring Gull,0.5626,243B1F02648873F9_20260412_031500.WAV,14,0.0,1.0,0.25,BirdNET_GLOBAL_6K_V2.4_Model_FP32.tflite,243B1F02648873F9_20260412_031500_chunk_017.wav,10200,294,297
10497,10500,Troglodytes troglodytes,Eurasian Wren,0.4274,243B1F02648873F9_20260412_031500.WAV,14,0.0,1.0,0.25,BirdNET_GLOBAL_6K_V2.4_Model_FP32.tflite,243B1F02648873F9_20260412_031500_chunk_017.wav,10200,297,300
10500,10503,Troglodytes troglodytes,Eurasian Wren,0.7706,243B1F02648873F9_20260412_031500.WAV,14,0.0,1.0,0.25,BirdNET_GLOBAL_6K_V2.4_Model_FP32.tflite,243B1F02648873F9_20260412_031500_chunk_017.wav,10200,300,303
10503,10506,Larus argentatus,Herring Gull,0.2552,243B1F02648873F9_20260412_031500.WAV,14,0.0,1.0,0.25,BirdNET_GLOBAL_6K_V2.4_Model_FP32.tflite,243B1F02648873F9_20260412_031500_chunk_017.wav,10200,303,306
10506,10509,Larus argentatus,Herring Gull,0.6727,243B1F02648873F9_20260412_031500.WAV,14,0.0,1.0,0.25,BirdNET_GLOBAL_6K_V2.4_Model_FP32.tflite,243B1F02648873F9_20260412_031500_chunk_017.wav,10200,306,309
10518,10521,Troglodytes troglodytes,Eurasian Wren,0.4146,243B1F02648873F9_20260412_031500.WAV,14,0.0,1.0,0.25,BirdNET_GLOBAL_6K_V2.4_Model_FP32.tflite,243B1F02648873F9_20260412_031500_chunk_017.wav,10200,318,321
10530,10533,Troglodytes troglodytes,Eurasian Wren,0.7940,243B1F02648873F9_20260412_031500.WAV,14,0.0,1.0,0.25,BirdNET_GLOBAL_6K_V2.4_Model_FP32.tflite,243B1F02648873F9_20260412_031500_chunk_017.wav,10200,330,333
10545,10548,Troglodytes troglodytes,Eurasian Wren,0.8961,243B1F02648873F9_20260412_031500.WAV,14,0.0,1.0,0.25,BirdNET_GLOBAL_6K_V2.4_Model_FP32.tflite,243B1F02648873F9_20260412_031500_chunk_017.wav,10200,345,348
10548,10551,Troglodytes troglodytes,Eurasian Wren,0.4123,243B1F02648873F9_20260412_031500.WAV,14,0.0,1.0,0.25,BirdNET_GLOBAL_6K_V2.4_Model_FP32.tflite,243B1F02648873F9_20260412_031500_chunk_017.wav,10200,348,351
10551,10554,Columba palumbus,Common Wood-Pigeon,0.5529,243B1F02648873F9_20260412_031500.WAV,14,0.0,1.0,0.25,BirdNET_GLOBAL_6K_V2.4_Model_FP32.tflite,243B1F02648873F9_20260412_031500_chunk_017.wav,10200,351,354
10554,10557,Columba palumbus,Common Wood-Pigeon,0.4438,243B1F02648873F9_20260412_031500.WAV,14,0.0,1.0,0.25,BirdNET_GLOBAL_6K_V2.4_Model_FP32.tflite,243B1F02648873F9_20260412_031500_chunk_017.wav,10200,354,357
10557,10560,Columba palumbus,Common Wood-Pigeon,0.5845,243B1F02648873F9_20260412_031500.WAV,14,0.0,1.0,0.25,BirdNET_GLOBAL_6K_V2.4_Model_FP32.tflite,243B1F02648873F9_20260412_031500_chunk_017.wav,10200,357,360
10560,10563,Troglodytes troglodytes,Eurasian Wren,0.5712,243B1F02648873F9_20260412_031500.WAV,14,0.0,1.0,0.25,BirdNET_GLOBAL_6K_V2.4_Model_FP32.tflite,243B1F02648873F9_20260412_031500_chunk_017.wav,10200,360,363
10581,10584,Larus argentatus,Herring Gull,0.7432,243B1F02648873F9_20260412_031500.WAV,14,0.0,1.0,0.25,BirdNET_GLOBAL_6K_V2.4_Model_FP32.tflite,243B1F02648873F9_20260412_031500_chunk_017.wav,10200,381,384
10581,10584,Columba palumbus,Common Wood-Pigeon,0.3490,243B1F02648873F9_20260412_031500.WAV,14,0.0,1.0,0.25,BirdNET_GLOBAL_6K_V2.4_Model_FP32.tflite,243B1F02648873F9_20260412_031500_chunk_017.wav,10200,381,384
10584,10587,Larus argentatus,Herring Gull,0.8768,243B1F02648873F9_20260412_031500.WAV,14,0.0,1.0,0.25,BirdNET_GLOBAL_6K_V2.4_Model_FP32.tflite,243B1F02648873F9_20260412_031500_chunk_017.wav,10200,384,387
10587,10590,Larus argentatus,Herring Gull,0.6471,243B1F02648873F9_20260412_031500.WAV,14,0.0,1.0,0.25,BirdNET_GLOBAL_6K_V2.4_Model_FP32.tflite,243B1F02648873F9_20260412_031500_chunk_017.wav,10200,387,390
10587,10590,Aegithalos caudatus,Long-tailed Tit,0.3609,243B1F02648873F9_20260412_031500.WAV,14,0.0,1.0,0.25,BirdNET_GLOBAL_6K_V2.4_Model_FP32.tflite,243B1F02648873F9_20260412_031500_chunk_017.wav,10200,387,390
10590,10593,Larus argentatus,Herring Gull,0.6762,243B1F02648873F9_20260412_031500.WAV,14,0.0,1.0,0.25,BirdNET_GLOBAL_6K_V2.4_Model_FP32.tflite,243B1F02648873F9_20260412_031500_chunk_017.wav,10200,390,393
10590,10593,Aegithalos caudatus,Long-tailed Tit,0.3125,243B1F02648873F9_20260412_031500.WAV,14,0.0,1.0,0.25,BirdNET_GLOBAL_6K_V2.4_Model_FP32.tflite,243B1F02648873F9_20260412_031500_chunk_017.wav,10200,390,393
10599,10602,Columba palumbus,Common Wood-Pigeon,0.6612,243B1F02648873F9_20260412_031500.WAV,14,0.0,1.0,0.25,BirdNET_GLOBAL_6K_V2.4_Model_FP32.tflite,243B1F02648873F9_20260412_031500_chunk_017.wav,10200,399,402
10602,10605,Columba palumbus,Common Wood-Pigeon,0.9685,243B1F02648873F9_20260412_031500.WAV,14,0.0,1.0,0.25,BirdNET_GLOBAL_6K_V2.4_Model_FP32.tflite,243B1F02648873F9_20260412_031500_chunk_017.wav,10200,402,405
10605,10608,Columba palumbus,Common Wood-Pigeon,0.9816,243B1F02648873F9_20260412_031500.WAV,14,0.0,1.0,0.25,BirdNET_GLOBAL_6K_V2.4_Model_FP32.tflite,243B1F02648873F9_20260412_031500_chunk_017.wav,10200,405,408
10608,10611,Columba palumbus,Common Wood-Pigeon,0.3613,243B1F02648873F9_20260412_031500.WAV,14,0.0,1.0,0.25,BirdNET_GLOBAL_6K_V2.4_Model_FP32.tflite,243B1F02648873F9_20260412_031500_chunk_017.wav,10200,408,411
10611,10614,Aegithalos caudatus,Long-tailed Tit,0.2820,243B1F02648873F9_20260412_031500.WAV,14,0.0,1.0,0.25,BirdNET_GLOBAL_6K_V2.4_Model_FP32.tflite,243B1F02648873F9_20260412_031500_chunk_017.wav,10200,411,414
10617,10620,Aegithalos caudatus,Long-tailed Tit,0.7721,243B1F02648873F9_20260412_031500.WAV,14,0.0,1.0,0.25,BirdNET_GLOBAL_6K_V2.4_Model_FP32.tflite,243B1F02648873F9_20260412_031500_chunk_017.wav,10200,417,420
10620,10623,Aegithalos caudatus,Long-tailed Tit,0.7020,243B1F02648873F9_20260412_031500.WAV,14,0.0,1.0,0.25,BirdNET_GLOBAL_6K_V2.4_Model_FP32.tflite,243B1F02648873F9_20260412_031500_chunk_017.wav,10200,420,423
10623,10626,Aegithalos caudatus,Long-tailed Tit,0.4390,243B1F02648873F9_20260412_031500.WAV,14,0.0,1.0,0.25,BirdNET_GLOBAL_6K_V2.4_Model_FP32.tflite,243B1F02648873F9_20260412_031500_chunk_017.wav,10200,423,426
10632,10635,Cyanistes caeruleus,Eurasian Blue Tit,0.4111,243B1F02648873F9_20260412_031500.WAV,14,0.0,1.0,0.25,BirdNET_GLOBAL_6K_V2.4_Model_FP32.tflite,243B1F02648873F9_20260412_031500_chunk_017.wav,10200,432,435
10635,10638,Columba palumbus,Common Wood-Pigeon,0.6410,243B1F02648873F9_20260412_031500.WAV,14,0.0,1.0,0.25,BirdNET_GLOBAL_6K_V2.4_Model_FP32.tflite,243B1F02648873F9_20260412_031500_chunk_017.wav,10200,435,438
10635,10638,Aegithalos caudatus,Long-tailed Tit,0.3928,243B1F02648873F9_20260412_031500.WAV,14,0.0,1.0,0.25,BirdNET_GLOBAL_6K_V2.4_Model_FP32.tflite,243B1F02648873F9_20260412_031500_chunk_017.wav,10200,435,438
10641,10644,Columba palumbus,Common Wood-Pigeon,0.5840,243B1F02648873F9_20260412_031500.WAV,14,0.0,1.0,0.25,BirdNET_GLOBAL_6K_V2.4_Model_FP32.tflite,243B1F02648873F9_20260412_031500_chunk_017.wav,10200,441,444
10641,10644,Aegithalos caudatus,Long-tailed Tit,0.3620,243B1F02648873F9_20260412_031500.WAV,14,0.0,1.0,0.25,BirdNET_GLOBAL_6K_V2.4_Model_FP32.tflite,243B1F02648873F9_20260412_031500_chunk_017.wav,10200,441,444
10650,10653,Aegithalos caudatus,Long-tailed Tit,0.3685,243B1F02648873F9_20260412_031500.WAV,14,0.0,1.0,0.25,BirdNET_GLOBAL_6K_V2.4_Model_FP32.tflite,243B1F02648873F9_20260412_031500_chunk_017.wav,10200,450,453
10653,10656,Cyanistes caeruleus,Eurasian Blue Tit,0.3010,243B1F02648873F9_20260412_031500.WAV,14,0.0,1.0,0.25,BirdNET_GLOBAL_6K_V2.4_Model_FP32.tflite,243B1F02648873F9_20260412_031500_chunk_017.wav,10200,453,456
10656,10659,Cyanistes caeruleus,Eurasian Blue Tit,0.2923,243B1F02648873F9_20260412_031500.WAV,14,0.0,1.0,0.25,BirdNET_GLOBAL_6K_V2.4_Model_FP32.tflite,243B1F02648873F9_20260412_031500_chunk_017.wav,10200,456,459
10662,10665,Aegithalos caudatus,Long-tailed Tit,0.2932,243B1F02648873F9_20260412_031500.WAV,14,0.0,1.0,0.25,BirdNET_GLOBAL_6K_V2.4_Model_FP32.tflite,243B1F02648873F9_20260412_031500_chunk_017.wav,10200,462,465
10665,10668,Columba palumbus,Common Wood-Pigeon,0.3424,243B1F02648873F9_20260412_031500.WAV,14,0.0,1.0,0.25,BirdNET_GLOBAL_6K_V2.4_Model_FP32.tflite,243B1F02648873F9_20260412_031500_chunk_017.wav,10200,465,468
10665,10668,Cyanistes caeruleus,Eurasian Blue Tit,0.2683,243B1F02648873F9_20260412_031500.WAV,14,0.0,1.0,0.25,BirdNET_GLOBAL_6K_V2.4_Model_FP32.tflite,243B1F02648873F9_20260412_031500_chunk_017.wav,10200,465,468
10671,10674,Cyanistes caeruleus,Eurasian Blue Tit,0.3579,243B1F02648873F9_20260412_031500.WAV,14,0.0,1.0,0.25,BirdNET_GLOBAL_6K_V2.4_Model_FP32.tflite,243B1F02648873F9_20260412_031500_chunk_017.wav,10200,471,474
10671,10674,Columba palumbus,Common Wood-Pigeon,0.2634,243B1F02648873F9_20260412_031500.WAV,14,0.0,1.0,0.25,BirdNET_GLOBAL_6K_V2.4_Model_FP32.tflite,243B1F02648873F9_20260412_031500_chunk_017.wav,10200,471,474
10674,10677,Aegithalos caudatus,Long-tailed Tit,0.4074,243B1F02648873F9_20260412_031500.WAV,14,0.0,1.0,0.25,BirdNET_GLOBAL_6K_V2.4_Model_FP32.tflite,243B1F02648873F9_20260412_031500_chunk_017.wav,10200,474,477
10677,10680,Cyanistes caeruleus,Eurasian Blue Tit,0.2946,243B1F02648873F9_20260412_031500.WAV,14,0.0,1.0,0.25,BirdNET_GLOBAL_6K_V2.4_Model_FP32.tflite,243B1F02648873F9_20260412_031500_chunk_017.wav,10200,477,480
10680,10683,Cyanistes caeruleus,Eurasian Blue Tit,0.4751,243B1F02648873F9_20260412_031500.WAV,14,0.0,1.0,0.25,BirdNET_GLOBAL_6K_V2.4_Model_FP32.tflite,243B1F02648873F9_20260412_031500_chunk_017.wav,10200,480,483
10683,10686,Columba palumbus,Common Wood-Pigeon,0.7723,243B1F02648873F9_20260412_031500.WAV,14,0.0,1.0,0.25,BirdNET_GLOBAL_6K_V2.4_Model_FP32.tflite,243B1F02648873F9_20260412_031500_chunk_017.wav,10200,483,486
10686,10689,Columba palumbus,Common Wood-Pigeon,0.8307,243B1F02648873F9_20260412_031500.WAV,14,0.0,1.0,0.25,BirdNET_GLOBAL_6K_V2.4_Model_FP32.tflite,243B1F02648873F9_20260412_031500_chunk_017.wav,10200,486,489
10689,10692,Columba palumbus,Common Wood-Pigeon,0.7870,243B1F02648873F9_20260412_031500.WAV,14,0.0,1.0,0.25,BirdNET_GLOBAL_6K_V2.4_Model_FP32.tflite,243B1F02648873F9_20260412_031500_chunk_017.wav,10200,489,492
10692,10695,Columba palumbus,Common Wood-Pigeon,0.5775,243B1F02648873F9_20260412_031500.WAV,14,0.0,1.0,0.25,BirdNET_GLOBAL_6K_V2.4_Model_FP32.tflite,243B1F02648873F9_20260412_031500_chunk_017.wav,10200,492,495
10692,10695,Aegithalos caudatus,Long-tailed Tit,0.3150,243B1F02648873F9_20260412_031500.WAV,14,0.0,1.0,0.25,BirdNET_GLOBAL_6K_V2.4_Model_FP32.tflite,243B1F02648873F9_20260412_031500_chunk_017.wav,10200,492,495
10695,10698,Columba palumbus,Common Wood-Pigeon,0.5372,243B1F02648873F9_20260412_031500.WAV,14,0.0,1.0,0.25,BirdNET_GLOBAL_6K_V2.4_Model_FP32.tflite,243B1F02648873F9_20260412_031500_chunk_017.wav,10200,495,498
10698,10701,Aegithalos caudatus,Long-tailed Tit,0.3591,243B1F02648873F9_20260412_031500.WAV,14,0.0,1.0,0.25,BirdNET_GLOBAL_6K_V2.4_Model_FP32.tflite,243B1F02648873F9_20260412_031500_chunk_017.wav,10200,498,501
10701,10704,Columba palumbus,Common Wood-Pigeon,0.4894,243B1F02648873F9_20260412_031500.WAV,14,0.0,1.0,0.25,BirdNET_GLOBAL_6K_V2.4_Model_FP32.tflite,243B1F02648873F9_20260412_031500_chunk_017.wav,10200,501,504
10701,10704,Columba oenas,Stock Dove,0.4306,243B1F02648873F9_20260412_031500.WAV,14,0.0,1.0,0.25,BirdNET_GLOBAL_6K_V2.4_Model_FP32.tflite,243B1F02648873F9_20260412_031500_chunk_017.wav,10200,501,504
10701,10704,Aegithalos caudatus,Long-tailed Tit,0.3136,243B1F02648873F9_20260412_031500.WAV,14,0.0,1.0,0.25,BirdNET_GLOBAL_6K_V2.4_Model_FP32.tflite,243B1F02648873F9_20260412_031500_chunk_017.wav,10200,501,504
10704,10707,Columba oenas,Stock Dove,0.4433,243B1F02648873F9_20260412_031500.WAV,14,0.0,1.0,0.25,BirdNET_GLOBAL_6K_V2.4_Model_FP32.tflite,243B1F02648873F9_20260412_031500_chunk_017.wav,10200,504,507
10710,10713,Columba palumbus,Common Wood-Pigeon,0.6596,243B1F02648873F9_20260412_031500.WAV,14,0.0,1.0,0.25,BirdNET_GLOBAL_6K_V2.4_Model_FP32.tflite,243B1F02648873F9_20260412_031500_chunk_017.wav,10200,510,513
10710,10713,Certhia familiaris,Eurasian Treecreeper,0.3532,243B1F02648873F9_20260412_031500.WAV,14,0.0,1.0,0.25,BirdNET_GLOBAL_6K_V2.4_Model_FP32.tflite,243B1F02648873F9_20260412_031500_chunk_017.wav,10200,510,513
10713,10716,Columba palumbus,Common Wood-Pigeon,0.6767,243B1F02648873F9_20260412_031500.WAV,14,0.0,1.0,0.25,BirdNET_GLOBAL_6K_V2.4_Model_FP32.tflite,243B1F02648873F9_20260412_031500_chunk_017.wav,10200,513,516
10716,10719,Columba palumbus,Common Wood-Pigeon,0.5959,243B1F02648873F9_20260412_031500.WAV,14,0.0,1.0,0.25,BirdNET_GLOBAL_6K_V2.4_Model_FP32.tflite,243B1F02648873F9_20260412_031500_chunk_017.wav,10200,516,519
10716,10719,Aegithalos caudatus,Long-tailed Tit,0.2942,243B1F02648873F9_20260412_031500.WAV,14,0.0,1.0,0.25,BirdNET_GLOBAL_6K_V2.4_Model_FP32.tflite,243B1F02648873F9_20260412_031500_chunk_017.wav,10200,516,519
10719,10722,Pica pica,Eurasian Magpie,0.9012,243B1F02648873F9_20260412_031500.WAV,14,0.0,1.0,0.25,BirdNET_GLOBAL_6K_V2.4_Model_FP32.tflite,243B1F02648873F9_20260412_031500_chunk_017.wav,10200,519,522
10722,10725,Columba oenas,Stock Dove,0.2854,243B1F02648873F9_20260412_031500.WAV,14,0.0,1.0,0.25,BirdNET_GLOBAL_6K_V2.4_Model_FP32.tflite,243B1F02648873F9_20260412_031500_chunk_017.wav,10200,522,525
10722,10725,Parus major,Great Tit,0.2612,243B1F02648873F9_20260412_031500.WAV,14,0.0,1.0,0.25,BirdNET_GLOBAL_6K_V2.4_Model_FP32.tflite,243B1F02648873F9_20260412_031500_chunk_017.wav,10200,522,525
10725,10728,Aegithalos caudatus,Long-tailed Tit,0.6191,243B1F02648873F9_20260412_031500.WAV,14,0.0,1.0,0.25,BirdNET_GLOBAL_6K_V2.4_Model_FP32.tflite,243B1F02648873F9_20260412_031500_chunk_017.wav,10200,525,528
10734,10737,Aegithalos caudatus,Long-tailed Tit,0.3056,243B1F02648873F9_20260412_031500.WAV,14,0.0,1.0,0.25,BirdNET_GLOBAL_6K_V2.4_Model_FP32.tflite,243B1F02648873F9_20260412_031500_chunk_017.wav,10200,534,537
10737,10740,Aegithalos caudatus,Long-tailed Tit,0.5896,243B1F02648873F9_20260412_031500.WAV,14,0.0,1.0,0.25,BirdNET_GLOBAL_6K_V2.4_Model_FP32.tflite,243B1F02648873F9_20260412_031500_chunk_017.wav,10200,537,540
10740,10743,Columba palumbus,Common Wood-Pigeon,0.3768,243B1F02648873F9_20260412_031500.WAV,14,0.0,1.0,0.25,BirdNET_GLOBAL_6K_V2.4_Model_FP32.tflite,243B1F02648873F9_20260412_031500_chunk_017.wav,10200,540,543
10743,10746,Columba palumbus,Common Wood-Pigeon,0.4377,243B1F02648873F9_20260412_031500.WAV,14,0.0,1.0,0.25,BirdNET_GLOBAL_6K_V2.4_Model_FP32.tflite,243B1F02648873F9_20260412_031500_chunk_017.wav,10200,543,546
10746,10749,Columba palumbus,Common Wood-Pigeon,0.2865,243B1F02648873F9_20260412_031500.WAV,14,0.0,1.0,0.25,BirdNET_GLOBAL_6K_V2.4_Model_FP32.tflite,243B1F02648873F9_20260412_031500_chunk_017.wav,10200,546,549
10749,10752,Columba palumbus,Common Wood-Pigeon,0.3880,243B1F02648873F9_20260412_031500.WAV,14,0.0,1.0,0.25,BirdNET_GLOBAL_6K_V2.4_Model_FP32.tflite,243B1F02648873F9_20260412_031500_chunk_017.wav,10200,549,552
10755,10758,Certhia familiaris,Eurasian Treecreeper,0.5237,243B1F02648873F9_20260412_031500.WAV,14,0.0,1.0,0.25,BirdNET_GLOBAL_6K_V2.4_Model_FP32.tflite,243B1F02648873F9_20260412_031500_chunk_017.wav,10200,555,558
10758,10761,Cyanistes caeruleus,Eurasian Blue Tit,0.3726,243B1F02648873F9_20260412_031500.WAV,14,0.0,1.0,0.25,BirdNET_GLOBAL_6K_V2.4_Model_FP32.tflite,243B1F02648873F9_20260412_031500_chunk_017.wav,10200,558,561
10761,10764,Columba oenas,Stock Dove,0.6834,243B1F02648873F9_20260412_031500.WAV,14,0.0,1.0,0.25,BirdNET_GLOBAL_6K_V2.4_Model_FP32.tflite,243B1F02648873F9_20260412_031500_chunk_017.wav,10200,561,564
10761,10764,Troglodytes troglodytes,Eurasian Wren,0.2505,243B1F02648873F9_20260412_031500.WAV,14,0.0,1.0,0.25,BirdNET_GLOBAL_6K_V2.4_Model_FP32.tflite,243B1F02648873F9_20260412_031500_chunk_017.wav,10200,561,564
10764,10767,Troglodytes troglodytes,Eurasian Wren,0.9972,243B1F02648873F9_20260412_031500.WAV,14,0.0,1.0,0.25,BirdNET_GLOBAL_6K_V2.4_Model_FP32.tflite,243B1F02648873F9_20260412_031500_chunk_017.wav,10200,564,567
10767,10770,Troglodytes troglodytes,Eurasian Wren,0.9227,243B1F02648873F9_20260412_031500.WAV,14,0.0,1.0,0.25,BirdNET_GLOBAL_6K_V2.4_Model_FP32.tflite,243B1F02648873F9_20260412_031500_chunk_017.wav,10200,567,570
10770,10773,Columba palumbus,Common Wood-Pigeon,0.3409,243B1F02648873F9_20260412_031500.WAV,14,0.0,1.0,0.25,BirdNET_GLOBAL_6K_V2.4_Model_FP32.tflite,243B1F02648873F9_20260412_031500_chunk_017.wav,10200,570,573
10773,10776,Troglodytes troglodytes,Eurasian Wren,0.9373,243B1F02648873F9_20260412_031500.WAV,14,0.0,1.0,0.25,BirdNET_GLOBAL_6K_V2.4_Model_FP32.tflite,243B1F02648873F9_20260412_031500_chunk_017.wav,10200,573,576
10776,10779,Troglodytes troglodytes,Eurasian Wren,0.9884,243B1F02648873F9_20260412_031500.WAV,14,0.0,1.0,0.25,BirdNET_GLOBAL_6K_V2.4_Model_FP32.tflite,243B1F02648873F9_20260412_031500_chunk_017.wav,10200,576,579
10779,10782,Troglodytes troglodytes,Eurasian Wren,0.8900,243B1F02648873F9_20260412_031500.WAV,14,0.0,1.0,0.25,BirdNET_GLOBAL_6K_V2.4_Model_FP32.tflite,243B1F02648873F9_20260412_031500_chunk_017.wav,10200,579,582
10791,10794,Troglodytes troglodytes,Eurasian Wren,0.9975,243B1F02648873F9_20260412_031500.WAV,14,0.0,1.0,0.25,BirdNET_GLOBAL_6K_V2.4_Model_FP32.tflite,243B1F02648873F9_20260412_031500_chunk_017.wav,10200,591,594
10794,10797,Troglodytes troglodytes,Eurasian Wren,0.9848,243B1F02648873F9_20260412_031500.WAV,14,0.0,1.0,0.25,BirdNET_GLOBAL_6K_V2.4_Model_FP32.tflite,243B1F02648873F9_20260412_031500_chunk_017.wav,10200,594,597
10803,10806,Troglodytes troglodytes,Eurasian Wren,0.9985,243B1F02648873F9_20260412_031500.WAV,14,0.0,1.0,0.25,BirdNET_GLOBAL_6K_V2.4_Model_FP32.tflite,243B1F02648873F9_20260412_031500_chunk_018.wav,10800,3,6
10806,10809,Troglodytes troglodytes,Eurasian Wren,0.9110,243B1F02648873F9_20260412_031500.WAV,14,0.0,1.0,0.25,BirdNET_GLOBAL_6K_V2.4_Model_FP32.tflite,243B1F02648873F9_20260412_031500_chunk_018.wav,10800,6,9
10815,10818,Troglodytes troglodytes,Eurasian Wren,0.8552,243B1F02648873F9_20260412_031500.WAV,14,0.0,1.0,0.25,BirdNET_GLOBAL_6K_V2.4_Model_FP32.tflite,243B1F02648873F9_20260412_031500_chunk_018.wav,10800,15,18
10818,10821,Troglodytes troglodytes,Eurasian Wren,0.9887,243B1F02648873F9_20260412_031500.WAV,14,0.0,1.0,0.25,BirdNET_GLOBAL_6K_V2.4_Model_FP32.tflite,243B1F02648873F9_20260412_031500_chunk_018.wav,10800,18,21
10821,10824,Troglodytes troglodytes,Eurasian Wren,0.9232,243B1F02648873F9_20260412_031500.WAV,14,0.0,1.0,0.25,BirdNET_GLOBAL_6K_V2.4_Model_FP32.tflite,243B1F02648873F9_20260412_031500_chunk_018.wav,10800,21,24
10824,10827,Certhia familiaris,Eurasian Treecreeper,0.6346,243B1F02648873F9_20260412_031500.WAV,14,0.0,1.0,0.25,BirdNET_GLOBAL_6K_V2.4_Model_FP32.tflite,243B1F02648873F9_20260412_031500_chunk_018.wav,10800,24,27
10824,10827,Parus major,Great Tit,0.4219,243B1F02648873F9_20260412_031500.WAV,14,0.0,1.0,0.25,BirdNET_GLOBAL_6K_V2.4_Model_FP32.tflite,243B1F02648873F9_20260412_031500_chunk_018.wav,10800,24,27
10830,10833,Troglodytes troglodytes,Eurasian Wren,0.9994,243B1F02648873F9_20260412_031500.WAV,14,0.0,1.0,0.25,BirdNET_GLOBAL_6K_V2.4_Model_FP32.tflite,243B1F02648873F9_20260412_031500_chunk_018.wav,10800,30,33
10833,10836,Troglodytes troglodytes,Eurasian Wren,0.9320,243B1F02648873F9_20260412_031500.WAV,14,0.0,1.0,0.25,BirdNET_GLOBAL_6K_V2.4_Model_FP32.tflite,243B1F02648873F9_20260412_031500_chunk_018.wav,10800,33,36
10836,10839,Certhia familiaris,Eurasian Treecreeper,0.3054,243B1F02648873F9_20260412_031500.WAV,14,0.0,1.0,0.25,BirdNET_GLOBAL_6K_V2.4_Model_FP32.tflite,243B1F02648873F9_20260412_031500_chunk_018.wav,10800,36,39
10842,10845,Troglodytes troglodytes,Eurasian Wren,0.8597,243B1F02648873F9_20260412_031500.WAV,14,0.0,1.0,0.25,BirdNET_GLOBAL_6K_V2.4_Model_FP32.tflite,243B1F02648873F9_20260412_031500_chunk_018.wav,10800,42,45
10845,10848,Troglodytes troglodytes,Eurasian Wren,0.9971,243B1F02648873F9_20260412_031500.WAV,14,0.0,1.0,0.25,BirdNET_GLOBAL_6K_V2.4_Model_FP32.tflite,243B1F02648873F9_20260412_031500_chunk_018.wav,10800,45,48
10848,10851,Troglodytes troglodytes,Eurasian Wren,0.8650,243B1F02648873F9_20260412_031500.WAV,14,0.0,1.0,0.25,BirdNET_GLOBAL_6K_V2.4_Model_FP32.tflite,243B1F02648873F9_20260412_031500_chunk_018.wav,10800,48,51
10854,10857,Troglodytes troglodytes,Eurasian Wren,0.9542,243B1F02648873F9_20260412_031500.WAV,14,0.0,1.0,0.25,BirdNET_GLOBAL_6K_V2.4_Model_FP32.tflite,243B1F02648873F9_20260412_031500_chunk_018.wav,10800,54,57
10857,10860,Troglodytes troglodytes,Eurasian Wren,0.9679,243B1F02648873F9_20260412_031500.WAV,14,0.0,1.0,0.25,BirdNET_GLOBAL_6K_V2.4_Model_FP32.tflite,243B1F02648873F9_20260412_031500_chunk_018.wav,10800,57,60
10857,10860,Pica pica,Eurasian Magpie,0.6347,243B1F02648873F9_20260412_031500.WAV,14,0.0,1.0,0.25,BirdNET_GLOBAL_6K_V2.4_Model_FP32.tflite,243B1F02648873F9_20260412_031500_chunk_018.wav,10800,57,60
10860,10863,Troglodytes troglodytes,Eurasian Wren,0.9839,243B1F02648873F9_20260412_031500.WAV,14,0.0,1.0,0.25,BirdNET_GLOBAL_6K_V2.4_Model_FP32.tflite,243B1F02648873F9_20260412_031500_chunk_018.wav,10800,60,63
10863,10866,Certhia familiaris,Eurasian Treecreeper,0.4036,243B1F02648873F9_20260412_031500.WAV,14,0.0,1.0,0.25,BirdNET_GLOBAL_6K_V2.4_Model_FP32.tflite,243B1F02648873F9_20260412_031500_chunk_018.wav,10800,63,66
10866,10869,Regulus regulus,Goldcrest,0.7137,243B1F02648873F9_20260412_031500.WAV,14,0.0,1.0,0.25,BirdNET_GLOBAL_6K_V2.4_Model_FP32.tflite,243B1F02648873F9_20260412_031500_chunk_018.wav,10800,66,69
10866,10869,Troglodytes troglodytes,Eurasian Wren,0.2594,243B1F02648873F9_20260412_031500.WAV,14,0.0,1.0,0.25,BirdNET_GLOBAL_6K_V2.4_Model_FP32.tflite,243B1F02648873F9_20260412_031500_chunk_018.wav,10800,66,69
10869,10872,Troglodytes troglodytes,Eurasian Wren,0.2611,243B1F02648873F9_20260412_031500.WAV,14,0.0,1.0,0.25,BirdNET_GLOBAL_6K_V2.4_Model_FP32.tflite,243B1F02648873F9_20260412_031500_chunk_018.wav,10800,69,72
10872,10875,Troglodytes troglodytes,Eurasian Wren,0.4877,243B1F02648873F9_20260412_031500.WAV,14,0.0,1.0,0.25,BirdNET_GLOBAL_6K_V2.4_Model_FP32.tflite,243B1F02648873F9_20260412_031500_chunk_018.wav,10800,72,75
10875,10878,Troglodytes troglodytes,Eurasian Wren,0.9569,243B1F02648873F9_20260412_031500.WAV,14,0.0,1.0,0.25,BirdNET_GLOBAL_6K_V2.4_Model_FP32.tflite,243B1F02648873F9_20260412_031500_chunk_018.wav,10800,75,78
10878,10881,Troglodytes troglodytes,Eurasian Wren,0.6867,243B1F02648873F9_20260412_031500.WAV,14,0.0,1.0,0.25,BirdNET_GLOBAL_6K_V2.4_Model_FP32.tflite,243B1F02648873F9_20260412_031500_chunk_018.wav,10800,78,81
10881,10884,Certhia familiaris,Eurasian Treecreeper,0.5161,243B1F02648873F9_20260412_031500.WAV,14,0.0,1.0,0.25,BirdNET_GLOBAL_6K_V2.4_Model_FP32.tflite,243B1F02648873F9_20260412_031500_chunk_018.wav,10800,81,84
10884,10887,Certhia familiaris,Eurasian Treecreeper,0.5476,243B1F02648873F9_20260412_031500.WAV,14,0.0,1.0,0.25,BirdNET_GLOBAL_6K_V2.4_Model_FP32.tflite,243B1F02648873F9_20260412_031500_chunk_018.wav,10800,84,87
10887,10890,Troglodytes troglodytes,Eurasian Wren,0.9531,243B1F02648873F9_20260412_031500.WAV,14,0.0,1.0,0.25,BirdNET_GLOBAL_6K_V2.4_Model_FP32.tflite,243B1F02648873F9_20260412_031500_chunk_018.wav,10800,87,90
10890,10893,Troglodytes troglodytes,Eurasian Wren,0.8163,243B1F02648873F9_20260412_031500.WAV,14,0.0,1.0,0.25,BirdNET_GLOBAL_6K_V2.4_Model_FP32.tflite,243B1F02648873F9_20260412_031500_chunk_018.wav,10800,90,93
10896,10899,Regulus regulus,Goldcrest,0.4239,243B1F02648873F9_20260412_031500.WAV,14,0.0,1.0,0.25,BirdNET_GLOBAL_6K_V2.4_Model_FP32.tflite,243B1F02648873F9_20260412_031500_chunk_018.wav,10800,96,99
10896,10899,Certhia familiaris,Eurasian Treecreeper,0.3017,243B1F02648873F9_20260412_031500.WAV,14,0.0,1.0,0.25,BirdNET_GLOBAL_6K_V2.4_Model_FP32.tflite,243B1F02648873F9_20260412_031500_chunk_018.wav,10800,96,99
10929,10932,Columba palumbus,Common Wood-Pigeon,0.2771,243B1F02648873F9_20260412_031500.WAV,14,0.0,1.0,0.25,BirdNET_GLOBAL_6K_V2.4_Model_FP32.tflite,243B1F02648873F9_20260412_031500_chunk_018.wav,10800,129,132
10965,10968,Columba palumbus,Common Wood-Pigeon,0.6657,243B1F02648873F9_20260412_031500.WAV,14,0.0,1.0,0.25,BirdNET_GLOBAL_6K_V2.4_Model_FP32.tflite,243B1F02648873F9_20260412_031500_chunk_018.wav,10800,165,168
10968,10971,Columba palumbus,Common Wood-Pigeon,0.4732,243B1F02648873F9_20260412_031500.WAV,14,0.0,1.0,0.25,BirdNET_GLOBAL_6K_V2.4_Model_FP32.tflite,243B1F02648873F9_20260412_031500_chunk_018.wav,10800,168,171
11001,11004,Columba palumbus,Common Wood-Pigeon,0.2948,243B1F02648873F9_20260412_031500.WAV,14,0.0,1.0,0.25,BirdNET_GLOBAL_6K_V2.4_Model_FP32.tflite,243B1F02648873F9_20260412_031500_chunk_018.wav,10800,201,204
11004,11007,Cyanistes caeruleus,Eurasian Blue Tit,0.4452,243B1F02648873F9_20260412_031500.WAV,14,0.0,1.0,0.25,BirdNET_GLOBAL_6K_V2.4_Model_FP32.tflite,243B1F02648873F9_20260412_031500_chunk_018.wav,10800,204,207
11007,11010,Regulus regulus,Goldcrest,0.3753,243B1F02648873F9_20260412_031500.WAV,14,0.0,1.0,0.25,BirdNET_GLOBAL_6K_V2.4_Model_FP32.tflite,243B1F02648873F9_20260412_031500_chunk_018.wav,10800,207,210
11013,11016,Cyanistes caeruleus,Eurasian Blue Tit,0.4627,243B1F02648873F9_20260412_031500.WAV,14,0.0,1.0,0.25,BirdNET_GLOBAL_6K_V2.4_Model_FP32.tflite,243B1F02648873F9_20260412_031500_chunk_018.wav,10800,213,216
11013,11016,Columba oenas,Stock Dove,0.3551,243B1F02648873F9_20260412_031500.WAV,14,0.0,1.0,0.25,BirdNET_GLOBAL_6K_V2.4_Model_FP32.tflite,243B1F02648873F9_20260412_031500_chunk_018.wav,10800,213,216
11019,11022,Cyanistes caeruleus,Eurasian Blue Tit,0.4105,243B1F02648873F9_20260412_031500.WAV,14,0.0,1.0,0.25,BirdNET_GLOBAL_6K_V2.4_Model_FP32.tflite,243B1F02648873F9_20260412_031500_chunk_018.wav,10800,219,222
11025,11028,Columba palumbus,Common Wood-Pigeon,0.9336,243B1F02648873F9_20260412_031500.WAV,14,0.0,1.0,0.25,BirdNET_GLOBAL_6K_V2.4_Model_FP32.tflite,243B1F02648873F9_20260412_031500_chunk_018.wav,10800,225,228
11028,11031,Columba palumbus,Common Wood-Pigeon,0.8583,243B1F02648873F9_20260412_031500.WAV,14,0.0,1.0,0.25,BirdNET_GLOBAL_6K_V2.4_Model_FP32.tflite,243B1F02648873F9_20260412_031500_chunk_018.wav,10800,228,231
11034,11037,Larus argentatus,Herring Gull,0.5110,243B1F02648873F9_20260412_031500.WAV,14,0.0,1.0,0.25,BirdNET_GLOBAL_6K_V2.4_Model_FP32.tflite,243B1F02648873F9_20260412_031500_chunk_018.wav,10800,234,237
11034,11037,Columba palumbus,Common Wood-Pigeon,0.3337,243B1F02648873F9_20260412_031500.WAV,14,0.0,1.0,0.25,BirdNET_GLOBAL_6K_V2.4_Model_FP32.tflite,243B1F02648873F9_20260412_031500_chunk_018.wav,10800,234,237
11037,11040,Larus argentatus,Herring Gull,0.6363,243B1F02648873F9_20260412_031500.WAV,14,0.0,1.0,0.25,BirdNET_GLOBAL_6K_V2.4_Model_FP32.tflite,243B1F02648873F9_20260412_031500_chunk_018.wav,10800,237,240
11040,11043,Larus argentatus,Herring Gull,0.7870,243B1F02648873F9_20260412_031500.WAV,14,0.0,1.0,0.25,BirdNET_GLOBAL_6K_V2.4_Model_FP32.tflite,243B1F02648873F9_20260412_031500_chunk_018.wav,10800,240,243
11049,11052,Columba palumbus,Common Wood-Pigeon,0.5667,243B1F02648873F9_20260412_031500.WAV,14,0.0,1.0,0.25,BirdNET_GLOBAL_6K_V2.4_Model_FP32.tflite,243B1F02648873F9_20260412_031500_chunk_018.wav,10800,249,252
11052,11055,Columba palumbus,Common Wood-Pigeon,0.7999,243B1F02648873F9_20260412_031500.WAV,14,0.0,1.0,0.25,BirdNET_GLOBAL_6K_V2.4_Model_FP32.tflite,243B1F02648873F9_20260412_031500_chunk_018.wav,10800,252,255
11055,11058,Columba palumbus,Common Wood-Pigeon,0.8205,243B1F02648873F9_20260412_031500.WAV,14,0.0,1.0,0.25,BirdNET_GLOBAL_6K_V2.4_Model_FP32.tflite,243B1F02648873F9_20260412_031500_chunk_018.wav,10800,255,258
11058,11061,Columba palumbus,Common Wood-Pigeon,0.8024,243B1F02648873F9_20260412_031500.WAV,14,0.0,1.0,0.25,BirdNET_GLOBAL_6K_V2.4_Model_FP32.tflite,243B1F02648873F9_20260412_031500_chunk_018.wav,10800,258,261
11061,11064,Cyanistes caeruleus,Eurasian Blue Tit,0.7672,243B1F02648873F9_20260412_031500.WAV,14,0.0,1.0,0.25,BirdNET_GLOBAL_6K_V2.4_Model_FP32.tflite,243B1F02648873F9_20260412_031500_chunk_018.wav,10800,261,264
11061,11064,Columba palumbus,Common Wood-Pigeon,0.7153,243B1F02648873F9_20260412_031500.WAV,14,0.0,1.0,0.25,BirdNET_GLOBAL_6K_V2.4_Model_FP32.tflite,243B1F02648873F9_20260412_031500_chunk_018.wav,10800,261,264
11064,11067,Regulus regulus,Goldcrest,0.3633,243B1F02648873F9_20260412_031500.WAV,14,0.0,1.0,0.25,BirdNET_GLOBAL_6K_V2.4_Model_FP32.tflite,243B1F02648873F9_20260412_031500_chunk_018.wav,10800,264,267
11073,11076,Certhia familiaris,Eurasian Treecreeper,0.2984,243B1F02648873F9_20260412_031500.WAV,14,0.0,1.0,0.25,BirdNET_GLOBAL_6K_V2.4_Model_FP32.tflite,243B1F02648873F9_20260412_031500_chunk_018.wav,10800,273,276
11076,11079,Regulus regulus,Goldcrest,0.6147,243B1F02648873F9_20260412_031500.WAV,14,0.0,1.0,0.25,BirdNET_GLOBAL_6K_V2.4_Model_FP32.tflite,243B1F02648873F9_20260412_031500_chunk_018.wav,10800,276,279
11088,11091,Troglodytes troglodytes,Eurasian Wren,0.8437,243B1F02648873F9_20260412_031500.WAV,14,0.0,1.0,0.25,BirdNET_GLOBAL_6K_V2.4_Model_FP32.tflite,243B1F02648873F9_20260412_031500_chunk_018.wav,10800,288,291
11091,11094,Troglodytes troglodytes,Eurasian Wren,0.9985,243B1F02648873F9_20260412_031500.WAV,14,0.0,1.0,0.25,BirdNET_GLOBAL_6K_V2.4_Model_FP32.tflite,243B1F02648873F9_20260412_031500_chunk_018.wav,10800,291,294
11094,11097,Troglodytes troglodytes,Eurasian Wren,0.9225,243B1F02648873F9_20260412_031500.WAV,14,0.0,1.0,0.25,BirdNET_GLOBAL_6K_V2.4_Model_FP32.tflite,243B1F02648873F9_20260412_031500_chunk_018.wav,10800,294,297
11103,11106,Troglodytes troglodytes,Eurasian Wren,0.9925,243B1F02648873F9_20260412_031500.WAV,14,0.0,1.0,0.25,BirdNET_GLOBAL_6K_V2.4_Model_FP32.tflite,243B1F02648873F9_20260412_031500_chunk_018.wav,10800,303,306
11106,11109,Troglodytes troglodytes,Eurasian Wren,0.9741,243B1F02648873F9_20260412_031500.WAV,14,0.0,1.0,0.25,BirdNET_GLOBAL_6K_V2.4_Model_FP32.tflite,243B1F02648873F9_20260412_031500_chunk_018.wav,10800,306,309
11109,11112,Certhia familiaris,Eurasian Treecreeper,0.2545,243B1F02648873F9_20260412_031500.WAV,14,0.0,1.0,0.25,BirdNET_GLOBAL_6K_V2.4_Model_FP32.tflite,243B1F02648873F9_20260412_031500_chunk_018.wav,10800,309,312
11112,11115,Turdus merula,Eurasian Blackbird,0.5457,243B1F02648873F9_20260412_031500.WAV,14,0.0,1.0,0.25,BirdNET_GLOBAL_6K_V2.4_Model_FP32.tflite,243B1F02648873F9_20260412_031500_chunk_018.wav,10800,312,315
11118,11121,Troglodytes troglodytes,Eurasian Wren,0.4721,243B1F02648873F9_20260412_031500.WAV,14,0.0,1.0,0.25,BirdNET_GLOBAL_6K_V2.4_Model_FP32.tflite,243B1F02648873F9_20260412_031500_chunk_018.wav,10800,318,321
11121,11124,Troglodytes troglodytes,Eurasian Wren,0.9070,243B1F02648873F9_20260412_031500.WAV,14,0.0,1.0,0.25,BirdNET_GLOBAL_6K_V2.4_Model_FP32.tflite,243B1F02648873F9_20260412_031500_chunk_018.wav,10800,321,324
11124,11127,Troglodytes troglodytes,Eurasian Wren,0.2729,243B1F02648873F9_20260412_031500.WAV,14,0.0,1.0,0.25,BirdNET_GLOBAL_6K_V2.4_Model_FP32.tflite,243B1F02648873F9_20260412_031500_chunk_018.wav,10800,324,327
11133,11136,Troglodytes troglodytes,Eurasian Wren,0.9706,243B1F02648873F9_20260412_031500.WAV,14,0.0,1.0,0.25,BirdNET_GLOBAL_6K_V2.4_Model_FP32.tflite,243B1F02648873F9_20260412_031500_chunk_018.wav,10800,333,336
11136,11139,Columba palumbus,Common Wood-Pigeon,0.5337,243B1F02648873F9_20260412_031500.WAV,14,0.0,1.0,0.25,BirdNET_GLOBAL_6K_V2.4_Model_FP32.tflite,243B1F02648873F9_20260412_031500_chunk_018.wav,10800,336,339
11139,11142,Columba palumbus,Common Wood-Pigeon,0.5190,243B1F02648873F9_20260412_031500.WAV,14,0.0,1.0,0.25,BirdNET_GLOBAL_6K_V2.4_Model_FP32.tflite,243B1F02648873F9_20260412_031500_chunk_018.wav,10800,339,342
11142,11145,Columba palumbus,Common Wood-Pigeon,0.9765,243B1F02648873F9_20260412_031500.WAV,14,0.0,1.0,0.25,BirdNET_GLOBAL_6K_V2.4_Model_FP32.tflite,243B1F02648873F9_20260412_031500_chunk_018.wav,10800,342,345
11145,11148,Columba palumbus,Common Wood-Pigeon,0.9461,243B1F02648873F9_20260412_031500.WAV,14,0.0,1.0,0.25,BirdNET_GLOBAL_6K_V2.4_Model_FP32.tflite,243B1F02648873F9_20260412_031500_chunk_018.wav,10800,345,348
11151,11154,Troglodytes troglodytes,Eurasian Wren,0.2558,243B1F02648873F9_20260412_031500.WAV,14,0.0,1.0,0.25,BirdNET_GLOBAL_6K_V2.4_Model_FP32.tflite,243B1F02648873F9_20260412_031500_chunk_018.wav,10800,351,354
11154,11157,Troglodytes troglodytes,Eurasian Wren,0.9023,243B1F02648873F9_20260412_031500.WAV,14,0.0,1.0,0.25,BirdNET_GLOBAL_6K_V2.4_Model_FP32.tflite,243B1F02648873F9_20260412_031500_chunk_018.wav,10800,354,357
11157,11160,Troglodytes troglodytes,Eurasian Wren,0.6702,243B1F02648873F9_20260412_031500.WAV,14,0.0,1.0,0.25,BirdNET_GLOBAL_6K_V2.4_Model_FP32.tflite,243B1F02648873F9_20260412_031500_chunk_018.wav,10800,357,360
11160,11163,Turdus iliacus,Redwing,0.3829,243B1F02648873F9_20260412_031500.WAV,14,0.0,1.0,0.25,BirdNET_GLOBAL_6K_V2.4_Model_FP32.tflite,243B1F02648873F9_20260412_031500_chunk_018.wav,10800,360,363
11160,11163,Certhia familiaris,Eurasian Treecreeper,0.3187,243B1F02648873F9_20260412_031500.WAV,14,0.0,1.0,0.25,BirdNET_GLOBAL_6K_V2.4_Model_FP32.tflite,243B1F02648873F9_20260412_031500_chunk_018.wav,10800,360,363
11163,11166,Columba palumbus,Common Wood-Pigeon,0.6286,243B1F02648873F9_20260412_031500.WAV,14,0.0,1.0,0.25,BirdNET_GLOBAL_6K_V2.4_Model_FP32.tflite,243B1F02648873F9_20260412_031500_chunk_018.wav,10800,363,366
11166,11169,Columba palumbus,Common Wood-Pigeon,0.6312,243B1F02648873F9_20260412_031500.WAV,14,0.0,1.0,0.25,BirdNET_GLOBAL_6K_V2.4_Model_FP32.tflite,243B1F02648873F9_20260412_031500_chunk_018.wav,10800,366,369
11169,11172,Columba palumbus,Common Wood-Pigeon,0.7724,243B1F02648873F9_20260412_031500.WAV,14,0.0,1.0,0.25,BirdNET_GLOBAL_6K_V2.4_Model_FP32.tflite,243B1F02648873F9_20260412_031500_chunk_018.wav,10800,369,372
11172,11175,Troglodytes troglodytes,Eurasian Wren,0.6235,243B1F02648873F9_20260412_031500.WAV,14,0.0,1.0,0.25,BirdNET_GLOBAL_6K_V2.4_Model_FP32.tflite,243B1F02648873F9_20260412_031500_chunk_018.wav,10800,372,375
11175,11178,Troglodytes troglodytes,Eurasian Wren,0.3779,243B1F02648873F9_20260412_031500.WAV,14,0.0,1.0,0.25,BirdNET_GLOBAL_6K_V2.4_Model_FP32.tflite,243B1F02648873F9_20260412_031500_chunk_018.wav,10800,375,378
11184,11187,Periparus ater,Coal Tit,0.4264,243B1F02648873F9_20260412_031500.WAV,14,0.0,1.0,0.25,BirdNET_GLOBAL_6K_V2.4_Model_FP32.tflite,243B1F02648873F9_20260412_031500_chunk_018.wav,10800,384,387
11190,11193,Parus major,Great Tit,0.5142,243B1F02648873F9_20260412_031500.WAV,14,0.0,1.0,0.25,BirdNET_GLOBAL_6K_V2.4_Model_FP32.tflite,243B1F02648873F9_20260412_031500_chunk_018.wav,10800,390,393
11193,11196,Cyanistes caeruleus,Eurasian Blue Tit,0.2801,243B1F02648873F9_20260412_031500.WAV,14,0.0,1.0,0.25,BirdNET_GLOBAL_6K_V2.4_Model_FP32.tflite,243B1F02648873F9_20260412_031500_chunk_018.wav,10800,393,396
11199,11202,Cyanistes caeruleus,Eurasian Blue Tit,0.3521,243B1F02648873F9_20260412_031500.WAV,14,0.0,1.0,0.25,BirdNET_GLOBAL_6K_V2.4_Model_FP32.tflite,243B1F02648873F9_20260412_031500_chunk_018.wav,10800,399,402
11202,11205,Cyanistes caeruleus,Eurasian Blue Tit,0.3626,243B1F02648873F9_20260412_031500.WAV,14,0.0,1.0,0.25,BirdNET_GLOBAL_6K_V2.4_Model_FP32.tflite,243B1F02648873F9_20260412_031500_chunk_018.wav,10800,402,405
11205,11208,Turdus merula,Eurasian Blackbird,0.3233,243B1F02648873F9_20260412_031500.WAV,14,0.0,1.0,0.25,BirdNET_GLOBAL_6K_V2.4_Model_FP32.tflite,243B1F02648873F9_20260412_031500_chunk_018.wav,10800,405,408
11208,11211,Columba palumbus,Common Wood-Pigeon,0.7852,243B1F02648873F9_20260412_031500.WAV,14,0.0,1.0,0.25,BirdNET_GLOBAL_6K_V2.4_Model_FP32.tflite,243B1F02648873F9_20260412_031500_chunk_018.wav,10800,408,411
11211,11214,Columba palumbus,Common Wood-Pigeon,0.9352,243B1F02648873F9_20260412_031500.WAV,14,0.0,1.0,0.25,BirdNET_GLOBAL_6K_V2.4_Model_FP32.tflite,243B1F02648873F9_20260412_031500_chunk_018.wav,10800,411,414
11214,11217,Columba palumbus,Common Wood-Pigeon,0.9736,243B1F02648873F9_20260412_031500.WAV,14,0.0,1.0,0.25,BirdNET_GLOBAL_6K_V2.4_Model_FP32.tflite,243B1F02648873F9_20260412_031500_chunk_018.wav,10800,414,417
11217,11220,Columba palumbus,Common Wood-Pigeon,0.4061,243B1F02648873F9_20260412_031500.WAV,14,0.0,1.0,0.25,BirdNET_GLOBAL_6K_V2.4_Model_FP32.tflite,243B1F02648873F9_20260412_031500_chunk_018.wav,10800,417,420
11223,11226,Turdus merula,Eurasian Blackbird,0.2645,243B1F02648873F9_20260412_031500.WAV,14,0.0,1.0,0.25,BirdNET_GLOBAL_6K_V2.4_Model_FP32.tflite,243B1F02648873F9_20260412_031500_chunk_018.wav,10800,423,426
11226,11229,Columba palumbus,Common Wood-Pigeon,0.6234,243B1F02648873F9_20260412_031500.WAV,14,0.0,1.0,0.25,BirdNET_GLOBAL_6K_V2.4_Model_FP32.tflite,243B1F02648873F9_20260412_031500_chunk_018.wav,10800,426,429
11229,11232,Columba palumbus,Common Wood-Pigeon,0.4309,243B1F02648873F9_20260412_031500.WAV,14,0.0,1.0,0.25,BirdNET_GLOBAL_6K_V2.4_Model_FP32.tflite,243B1F02648873F9_20260412_031500_chunk_018.wav,10800,429,432
11232,11235,Columba palumbus,Common Wood-Pigeon,0.4330,243B1F02648873F9_20260412_031500.WAV,14,0.0,1.0,0.25,BirdNET_GLOBAL_6K_V2.4_Model_FP32.tflite,243B1F02648873F9_20260412_031500_chunk_018.wav,10800,432,435
11235,11238,Columba palumbus,Common Wood-Pigeon,0.9371,243B1F02648873F9_20260412_031500.WAV,14,0.0,1.0,0.25,BirdNET_GLOBAL_6K_V2.4_Model_FP32.tflite,243B1F02648873F9_20260412_031500_chunk_018.wav,10800,435,438
11238,11241,Columba palumbus,Common Wood-Pigeon,0.6947,243B1F02648873F9_20260412_031500.WAV,14,0.0,1.0,0.25,BirdNET_GLOBAL_6K_V2.4_Model_FP32.tflite,243B1F02648873F9_20260412_031500_chunk_018.wav,10800,438,441
11241,11244,Pica pica,Eurasian Magpie,0.6911,243B1F02648873F9_20260412_031500.WAV,14,0.0,1.0,0.25,BirdNET_GLOBAL_6K_V2.4_Model_FP32.tflite,243B1F02648873F9_20260412_031500_chunk_018.wav,10800,441,444
11241,11244,Columba palumbus,Common Wood-Pigeon,0.2678,243B1F02648873F9_20260412_031500.WAV,14,0.0,1.0,0.25,BirdNET_GLOBAL_6K_V2.4_Model_FP32.tflite,243B1F02648873F9_20260412_031500_chunk_018.wav,10800,441,444
11244,11247,Columba palumbus,Common Wood-Pigeon,0.9115,243B1F02648873F9_20260412_031500.WAV,14,0.0,1.0,0.25,BirdNET_GLOBAL_6K_V2.4_Model_FP32.tflite,243B1F02648873F9_20260412_031500_chunk_018.wav,10800,444,447
11247,11250,Parus major,Great Tit,0.5517,243B1F02648873F9_20260412_031500.WAV,14,0.0,1.0,0.25,BirdNET_GLOBAL_6K_V2.4_Model_FP32.tflite,243B1F02648873F9_20260412_031500_chunk_018.wav,10800,447,450
11247,11250,Pica pica,Eurasian Magpie,0.3305,243B1F02648873F9_20260412_031500.WAV,14,0.0,1.0,0.25,BirdNET_GLOBAL_6K_V2.4_Model_FP32.tflite,243B1F02648873F9_20260412_031500_chunk_018.wav,10800,447,450
11250,11253,Parus major,Great Tit,0.8032,243B1F02648873F9_20260412_031500.WAV,14,0.0,1.0,0.25,BirdNET_GLOBAL_6K_V2.4_Model_FP32.tflite,243B1F02648873F9_20260412_031500_chunk_018.wav,10800,450,453
11274,11277,Turdus iliacus,Redwing,0.3922,243B1F02648873F9_20260412_031500.WAV,14,0.0,1.0,0.25,BirdNET_GLOBAL_6K_V2.4_Model_FP32.tflite,243B1F02648873F9_20260412_031500_chunk_018.wav,10800,474,477
11277,11280,Regulus regulus,Goldcrest,0.3941,243B1F02648873F9_20260412_031500.WAV,14,0.0,1.0,0.25,BirdNET_GLOBAL_6K_V2.4_Model_FP32.tflite,243B1F02648873F9_20260412_031500_chunk_018.wav,10800,477,480
11292,11295,Larus argentatus,Herring Gull,0.5162,243B1F02648873F9_20260412_031500.WAV,14,0.0,1.0,0.25,BirdNET_GLOBAL_6K_V2.4_Model_FP32.tflite,243B1F02648873F9_20260412_031500_chunk_018.wav,10800,492,495
11298,11301,Larus argentatus,Herring Gull,0.3459,243B1F02648873F9_20260412_031500.WAV,14,0.0,1.0,0.25,BirdNET_GLOBAL_6K_V2.4_Model_FP32.tflite,243B1F02648873F9_20260412_031500_chunk_018.wav,10800,498,501
11304,11307,Larus argentatus,Herring Gull,0.6952,243B1F02648873F9_20260412_031500.WAV,14,0.0,1.0,0.25,BirdNET_GLOBAL_6K_V2.4_Model_FP32.tflite,243B1F02648873F9_20260412_031500_chunk_018.wav,10800,504,507
11307,11310,Regulus regulus,Goldcrest,0.3211,243B1F02648873F9_20260412_031500.WAV,14,0.0,1.0,0.25,BirdNET_GLOBAL_6K_V2.4_Model_FP32.tflite,243B1F02648873F9_20260412_031500_chunk_018.wav,10800,507,510
11310,11313,Larus argentatus,Herring Gull,0.6830,243B1F02648873F9_20260412_031500.WAV,14,0.0,1.0,0.25,BirdNET_GLOBAL_6K_V2.4_Model_FP32.tflite,243B1F02648873F9_20260412_031500_chunk_018.wav,10800,510,513
11310,11313,Regulus regulus,Goldcrest,0.3868,243B1F02648873F9_20260412_031500.WAV,14,0.0,1.0,0.25,BirdNET_GLOBAL_6K_V2.4_Model_FP32.tflite,243B1F02648873F9_20260412_031500_chunk_018.wav,10800,510,513
11313,11316,Larus argentatus,Herring Gull,0.5179,243B1F02648873F9_20260412_031500.WAV,14,0.0,1.0,0.25,BirdNET_GLOBAL_6K_V2.4_Model_FP32.tflite,243B1F02648873F9_20260412_031500_chunk_018.wav,10800,513,516
11316,11319,Larus argentatus,Herring Gull,0.3247,243B1F02648873F9_20260412_031500.WAV,14,0.0,1.0,0.25,BirdNET_GLOBAL_6K_V2.4_Model_FP32.tflite,243B1F02648873F9_20260412_031500_chunk_018.wav,10800,516,519
11319,11322,Larus argentatus,Herring Gull,0.7338,243B1F02648873F9_20260412_031500.WAV,14,0.0,1.0,0.25,BirdNET_GLOBAL_6K_V2.4_Model_FP32.tflite,243B1F02648873F9_20260412_031500_chunk_018.wav,10800,519,522
11322,11325,Larus argentatus,Herring Gull,0.8476,243B1F02648873F9_20260412_031500.WAV,14,0.0,1.0,0.25,BirdNET_GLOBAL_6K_V2.4_Model_FP32.tflite,243B1F02648873F9_20260412_031500_chunk_018.wav,10800,522,525
11328,11331,Larus argentatus,Herring Gull,0.6376,243B1F02648873F9_20260412_031500.WAV,14,0.0,1.0,0.25,BirdNET_GLOBAL_6K_V2.4_Model_FP32.tflite,243B1F02648873F9_20260412_031500_chunk_018.wav,10800,528,531
11331,11334,Larus argentatus,Herring Gull,0.5292,243B1F02648873F9_20260412_031500.WAV,14,0.0,1.0,0.25,BirdNET_GLOBAL_6K_V2.4_Model_FP32.tflite,243B1F02648873F9_20260412_031500_chunk_018.wav,10800,531,534
11334,11337,Certhia familiaris,Eurasian Treecreeper,0.4326,243B1F02648873F9_20260412_031500.WAV,14,0.0,1.0,0.25,BirdNET_GLOBAL_6K_V2.4_Model_FP32.tflite,243B1F02648873F9_20260412_031500_chunk_018.wav,10800,534,537
11337,11340,Larus argentatus,Herring Gull,0.4077,243B1F02648873F9_20260412_031500.WAV,14,0.0,1.0,0.25,BirdNET_GLOBAL_6K_V2.4_Model_FP32.tflite,243B1F02648873F9_20260412_031500_chunk_018.wav,10800,537,540
11355,11358,Certhia familiaris,Eurasian Treecreeper,0.3338,243B1F02648873F9_20260412_031500.WAV,14,0.0,1.0,0.25,BirdNET_GLOBAL_6K_V2.4_Model_FP32.tflite,243B1F02648873F9_20260412_031500_chunk_018.wav,10800,555,558
11364,11367,Certhia familiaris,Eurasian Treecreeper,0.2797,243B1F02648873F9_20260412_031500.WAV,14,0.0,1.0,0.25,BirdNET_GLOBAL_6K_V2.4_Model_FP32.tflite,243B1F02648873F9_20260412_031500_chunk_018.wav,10800,564,567
11379,11382,Certhia familiaris,Eurasian Treecreeper,0.5945,243B1F02648873F9_20260412_031500.WAV,14,0.0,1.0,0.25,BirdNET_GLOBAL_6K_V2.4_Model_FP32.tflite,243B1F02648873F9_20260412_031500_chunk_018.wav,10800,579,582
11382,11385,Certhia familiaris,Eurasian Treecreeper,0.3322,243B1F02648873F9_20260412_031500.WAV,14,0.0,1.0,0.25,BirdNET_GLOBAL_6K_V2.4_Model_FP32.tflite,243B1F02648873F9_20260412_031500_chunk_018.wav,10800,582,585
11388,11391,Larus argentatus,Herring Gull,0.2741,243B1F02648873F9_20260412_031500.WAV,14,0.0,1.0,0.25,BirdNET_GLOBAL_6K_V2.4_Model_FP32.tflite,243B1F02648873F9_20260412_031500_chunk_018.wav,10800,588,591
11397,11399.98,Larus argentatus,Herring Gull,0.2616,243B1F02648873F9_20260412_031500.WAV,14,0.0,1.0,0.25,BirdNET_GLOBAL_6K_V2.4_Model_FP32.tflite,243B1F02648873F9_20260412_031500_chunk_018.wav,10800,597,599.98
11400,11403,Cyanistes caeruleus,Eurasian Blue Tit,0.8847,243B1F02648873F9_20260412_031500.WAV,14,0.0,1.0,0.25,BirdNET_GLOBAL_6K_V2.4_Model_FP32.tflite,243B1F02648873F9_20260412_031500_chunk_019.wav,11400,0,3
11403,11406,Cyanistes caeruleus,Eurasian Blue Tit,0.8669,243B1F02648873F9_20260412_031500.WAV,14,0.0,1.0,0.25,BirdNET_GLOBAL_6K_V2.4_Model_FP32.tflite,243B1F02648873F9_20260412_031500_chunk_019.wav,11400,3,6
11406,11409,Cyanistes caeruleus,Eurasian Blue Tit,0.9823,243B1F02648873F9_20260412_031500.WAV,14,0.0,1.0,0.25,BirdNET_GLOBAL_6K_V2.4_Model_FP32.tflite,243B1F02648873F9_20260412_031500_chunk_019.wav,11400,6,9
11409,11412,Cyanistes caeruleus,Eurasian Blue Tit,0.7277,243B1F02648873F9_20260412_031500.WAV,14,0.0,1.0,0.25,BirdNET_GLOBAL_6K_V2.4_Model_FP32.tflite,243B1F02648873F9_20260412_031500_chunk_019.wav,11400,9,12
11412,11415,Cyanistes caeruleus,Eurasian Blue Tit,0.3684,243B1F02648873F9_20260412_031500.WAV,14,0.0,1.0,0.25,BirdNET_GLOBAL_6K_V2.4_Model_FP32.tflite,243B1F02648873F9_20260412_031500_chunk_019.wav,11400,12,15
11421,11424,Cyanistes caeruleus,Eurasian Blue Tit,0.9974,243B1F02648873F9_20260412_031500.WAV,14,0.0,1.0,0.25,BirdNET_GLOBAL_6K_V2.4_Model_FP32.tflite,243B1F02648873F9_20260412_031500_chunk_019.wav,11400,21,24
11424,11427,Regulus regulus,Goldcrest,0.4778,243B1F02648873F9_20260412_031500.WAV,14,0.0,1.0,0.25,BirdNET_GLOBAL_6K_V2.4_Model_FP32.tflite,243B1F02648873F9_20260412_031500_chunk_019.wav,11400,24,27
11427,11430,Cyanistes caeruleus,Eurasian Blue Tit,0.8694,243B1F02648873F9_20260412_031500.WAV,14,0.0,1.0,0.25,BirdNET_GLOBAL_6K_V2.4_Model_FP32.tflite,243B1F02648873F9_20260412_031500_chunk_019.wav,11400,27,30
11430,11433,Cyanistes caeruleus,Eurasian Blue Tit,0.4438,243B1F02648873F9_20260412_031500.WAV,14,0.0,1.0,0.25,BirdNET_GLOBAL_6K_V2.4_Model_FP32.tflite,243B1F02648873F9_20260412_031500_chunk_019.wav,11400,30,33
11433,11436,Cyanistes caeruleus,Eurasian Blue Tit,0.8275,243B1F02648873F9_20260412_031500.WAV,14,0.0,1.0,0.25,BirdNET_GLOBAL_6K_V2.4_Model_FP32.tflite,243B1F02648873F9_20260412_031500_chunk_019.wav,11400,33,36
11436,11439,Cyanistes caeruleus,Eurasian Blue Tit,0.9987,243B1F02648873F9_20260412_031500.WAV,14,0.0,1.0,0.25,BirdNET_GLOBAL_6K_V2.4_Model_FP32.tflite,243B1F02648873F9_20260412_031500_chunk_019.wav,11400,36,39
11439,11442,Cyanistes caeruleus,Eurasian Blue Tit,0.7612,243B1F02648873F9_20260412_031500.WAV,14,0.0,1.0,0.25,BirdNET_GLOBAL_6K_V2.4_Model_FP32.tflite,243B1F02648873F9_20260412_031500_chunk_019.wav,11400,39,42
11439,11442,Troglodytes troglodytes,Eurasian Wren,0.2705,243B1F02648873F9_20260412_031500.WAV,14,0.0,1.0,0.25,BirdNET_GLOBAL_6K_V2.4_Model_FP32.tflite,243B1F02648873F9_20260412_031500_chunk_019.wav,11400,39,42
11442,11445,Cyanistes caeruleus,Eurasian Blue Tit,0.8358,243B1F02648873F9_20260412_031500.WAV,14,0.0,1.0,0.25,BirdNET_GLOBAL_6K_V2.4_Model_FP32.tflite,243B1F02648873F9_20260412_031500_chunk_019.wav,11400,42,45
11445,11448,Cyanistes caeruleus,Eurasian Blue Tit,0.9565,243B1F02648873F9_20260412_031500.WAV,14,0.0,1.0,0.25,BirdNET_GLOBAL_6K_V2.4_Model_FP32.tflite,243B1F02648873F9_20260412_031500_chunk_019.wav,11400,45,48
11448,11451,Cyanistes caeruleus,Eurasian Blue Tit,0.9948,243B1F02648873F9_20260412_031500.WAV,14,0.0,1.0,0.25,BirdNET_GLOBAL_6K_V2.4_Model_FP32.tflite,243B1F02648873F9_20260412_031500_chunk_019.wav,11400,48,51
11451,11454,Troglodytes troglodytes,Eurasian Wren,0.3691,243B1F02648873F9_20260412_031500.WAV,14,0.0,1.0,0.25,BirdNET_GLOBAL_6K_V2.4_Model_FP32.tflite,243B1F02648873F9_20260412_031500_chunk_019.wav,11400,51,54
11451,11454,Cyanistes caeruleus,Eurasian Blue Tit,0.3151,243B1F02648873F9_20260412_031500.WAV,14,0.0,1.0,0.25,BirdNET_GLOBAL_6K_V2.4_Model_FP32.tflite,243B1F02648873F9_20260412_031500_chunk_019.wav,11400,51,54
11454,11457,Cyanistes caeruleus,Eurasian Blue Tit,0.8670,243B1F02648873F9_20260412_031500.WAV,14,0.0,1.0,0.25,BirdNET_GLOBAL_6K_V2.4_Model_FP32.tflite,243B1F02648873F9_20260412_031500_chunk_019.wav,11400,54,57
11457,11460,Cyanistes caeruleus,Eurasian Blue Tit,0.5356,243B1F02648873F9_20260412_031500.WAV,14,0.0,1.0,0.25,BirdNET_GLOBAL_6K_V2.4_Model_FP32.tflite,243B1F02648873F9_20260412_031500_chunk_019.wav,11400,57,60
11460,11463,Cyanistes caeruleus,Eurasian Blue Tit,0.9510,243B1F02648873F9_20260412_031500.WAV,14,0.0,1.0,0.25,BirdNET_GLOBAL_6K_V2.4_Model_FP32.tflite,243B1F02648873F9_20260412_031500_chunk_019.wav,11400,60,63
11463,11466,Sylvia atricapilla,Eurasian Blackcap,0.5941,243B1F02648873F9_20260412_031500.WAV,14,0.0,1.0,0.25,BirdNET_GLOBAL_6K_V2.4_Model_FP32.tflite,243B1F02648873F9_20260412_031500_chunk_019.wav,11400,63,66
11466,11469,Cyanistes caeruleus,Eurasian Blue Tit,0.2761,243B1F02648873F9_20260412_031500.WAV,14,0.0,1.0,0.25,BirdNET_GLOBAL_6K_V2.4_Model_FP32.tflite,243B1F02648873F9_20260412_031500_chunk_019.wav,11400,66,69
11469,11472,Cyanistes caeruleus,Eurasian Blue Tit,0.5890,243B1F02648873F9_20260412_031500.WAV,14,0.0,1.0,0.25,BirdNET_GLOBAL_6K_V2.4_Model_FP32.tflite,243B1F02648873F9_20260412_031500_chunk_019.wav,11400,69,72
11472,11475,Sylvia atricapilla,Eurasian Blackcap,0.7348,243B1F02648873F9_20260412_031500.WAV,14,0.0,1.0,0.25,BirdNET_GLOBAL_6K_V2.4_Model_FP32.tflite,243B1F02648873F9_20260412_031500_chunk_019.wav,11400,72,75
11478,11481,Cyanistes caeruleus,Eurasian Blue Tit,0.5367,243B1F02648873F9_20260412_031500.WAV,14,0.0,1.0,0.25,BirdNET_GLOBAL_6K_V2.4_Model_FP32.tflite,243B1F02648873F9_20260412_031500_chunk_019.wav,11400,78,81
11481,11484,Sylvia atricapilla,Eurasian Blackcap,0.8194,243B1F02648873F9_20260412_031500.WAV,14,0.0,1.0,0.25,BirdNET_GLOBAL_6K_V2.4_Model_FP32.tflite,243B1F02648873F9_20260412_031500_chunk_019.wav,11400,81,84
11484,11487,Cyanistes caeruleus,Eurasian Blue Tit,0.9397,243B1F02648873F9_20260412_031500.WAV,14,0.0,1.0,0.25,BirdNET_GLOBAL_6K_V2.4_Model_FP32.tflite,243B1F02648873F9_20260412_031500_chunk_019.wav,11400,84,87
11487,11490,Aegithalos caudatus,Long-tailed Tit,0.2801,243B1F02648873F9_20260412_031500.WAV,14,0.0,1.0,0.25,BirdNET_GLOBAL_6K_V2.4_Model_FP32.tflite,243B1F02648873F9_20260412_031500_chunk_019.wav,11400,87,90
11490,11493,Certhia familiaris,Eurasian Treecreeper,0.5600,243B1F02648873F9_20260412_031500.WAV,14,0.0,1.0,0.25,BirdNET_GLOBAL_6K_V2.4_Model_FP32.tflite,243B1F02648873F9_20260412_031500_chunk_019.wav,11400,90,93
11493,11496,Cyanistes caeruleus,Eurasian Blue Tit,0.6999,243B1F02648873F9_20260412_031500.WAV,14,0.0,1.0,0.25,BirdNET_GLOBAL_6K_V2.4_Model_FP32.tflite,243B1F02648873F9_20260412_031500_chunk_019.wav,11400,93,96
11499,11502,Columba palumbus,Common Wood-Pigeon,0.3372,243B1F02648873F9_20260412_031500.WAV,14,0.0,1.0,0.25,BirdNET_GLOBAL_6K_V2.4_Model_FP32.tflite,243B1F02648873F9_20260412_031500_chunk_019.wav,11400,99,102
11499,11502,Cyanistes caeruleus,Eurasian Blue Tit,0.3265,243B1F02648873F9_20260412_031500.WAV,14,0.0,1.0,0.25,BirdNET_GLOBAL_6K_V2.4_Model_FP32.tflite,243B1F02648873F9_20260412_031500_chunk_019.wav,11400,99,102
11502,11505,Sylvia atricapilla,Eurasian Blackcap,0.6100,243B1F02648873F9_20260412_031500.WAV,14,0.0,1.0,0.25,BirdNET_GLOBAL_6K_V2.4_Model_FP32.tflite,243B1F02648873F9_20260412_031500_chunk_019.wav,11400,102,105
11505,11508,Cyanistes caeruleus,Eurasian Blue Tit,0.7561,243B1F02648873F9_20260412_031500.WAV,14,0.0,1.0,0.25,BirdNET_GLOBAL_6K_V2.4_Model_FP32.tflite,243B1F02648873F9_20260412_031500_chunk_019.wav,11400,105,108
11508,11511,Erithacus rubecula,European Robin,0.2800,243B1F02648873F9_20260412_031500.WAV,14,0.0,1.0,0.25,BirdNET_GLOBAL_6K_V2.4_Model_FP32.tflite,243B1F02648873F9_20260412_031500_chunk_019.wav,11400,108,111
11514,11517,Cyanistes caeruleus,Eurasian Blue Tit,0.7023,243B1F02648873F9_20260412_031500.WAV,14,0.0,1.0,0.25,BirdNET_GLOBAL_6K_V2.4_Model_FP32.tflite,243B1F02648873F9_20260412_031500_chunk_019.wav,11400,114,117
11526,11529,Sylvia atricapilla,Eurasian Blackcap,0.8911,243B1F02648873F9_20260412_031500.WAV,14,0.0,1.0,0.25,BirdNET_GLOBAL_6K_V2.4_Model_FP32.tflite,243B1F02648873F9_20260412_031500_chunk_019.wav,11400,126,129
11529,11532,Columba palumbus,Common Wood-Pigeon,0.7972,243B1F02648873F9_20260412_031500.WAV,14,0.0,1.0,0.25,BirdNET_GLOBAL_6K_V2.4_Model_FP32.tflite,243B1F02648873F9_20260412_031500_chunk_019.wav,11400,129,132
11532,11535,Columba palumbus,Common Wood-Pigeon,0.5714,243B1F02648873F9_20260412_031500.WAV,14,0.0,1.0,0.25,BirdNET_GLOBAL_6K_V2.4_Model_FP32.tflite,243B1F02648873F9_20260412_031500_chunk_019.wav,11400,132,135
11535,11538,Columba palumbus,Common Wood-Pigeon,0.8012,243B1F02648873F9_20260412_031500.WAV,14,0.0,1.0,0.25,BirdNET_GLOBAL_6K_V2.4_Model_FP32.tflite,243B1F02648873F9_20260412_031500_chunk_019.wav,11400,135,138
11538,11541,Columba palumbus,Common Wood-Pigeon,0.7876,243B1F02648873F9_20260412_031500.WAV,14,0.0,1.0,0.25,BirdNET_GLOBAL_6K_V2.4_Model_FP32.tflite,243B1F02648873F9_20260412_031500_chunk_019.wav,11400,138,141
11541,11544,Columba palumbus,Common Wood-Pigeon,0.4347,243B1F02648873F9_20260412_031500.WAV,14,0.0,1.0,0.25,BirdNET_GLOBAL_6K_V2.4_Model_FP32.tflite,243B1F02648873F9_20260412_031500_chunk_019.wav,11400,141,144
11544,11547,Streptopelia decaocto,Eurasian Collared-Dove,0.2582,243B1F02648873F9_20260412_031500.WAV,14,0.0,1.0,0.25,BirdNET_GLOBAL_6K_V2.4_Model_FP32.tflite,243B1F02648873F9_20260412_031500_chunk_019.wav,11400,144,147
11547,11550,Columba palumbus,Common Wood-Pigeon,0.7759,243B1F02648873F9_20260412_031500.WAV,14,0.0,1.0,0.25,BirdNET_GLOBAL_6K_V2.4_Model_FP32.tflite,243B1F02648873F9_20260412_031500_chunk_019.wav,11400,147,150
11553,11556,Troglodytes troglodytes,Eurasian Wren,0.9336,243B1F02648873F9_20260412_031500.WAV,14,0.0,1.0,0.25,BirdNET_GLOBAL_6K_V2.4_Model_FP32.tflite,243B1F02648873F9_20260412_031500_chunk_019.wav,11400,153,156
11556,11559,Troglodytes troglodytes,Eurasian Wren,0.9840,243B1F02648873F9_20260412_031500.WAV,14,0.0,1.0,0.25,BirdNET_GLOBAL_6K_V2.4_Model_FP32.tflite,243B1F02648873F9_20260412_031500_chunk_019.wav,11400,156,159
11562,11565,Columba oenas,Stock Dove,0.3517,243B1F02648873F9_20260412_031500.WAV,14,0.0,1.0,0.25,BirdNET_GLOBAL_6K_V2.4_Model_FP32.tflite,243B1F02648873F9_20260412_031500_chunk_019.wav,11400,162,165
11565,11568,Columba palumbus,Common Wood-Pigeon,0.2823,243B1F02648873F9_20260412_031500.WAV,14,0.0,1.0,0.25,BirdNET_GLOBAL_6K_V2.4_Model_FP32.tflite,243B1F02648873F9_20260412_031500_chunk_019.wav,11400,165,168
11574,11577,Troglodytes troglodytes,Eurasian Wren,0.8906,243B1F02648873F9_20260412_031500.WAV,14,0.0,1.0,0.25,BirdNET_GLOBAL_6K_V2.4_Model_FP32.tflite,243B1F02648873F9_20260412_031500_chunk_019.wav,11400,174,177
11577,11580,Troglodytes troglodytes,Eurasian Wren,0.5816,243B1F02648873F9_20260412_031500.WAV,14,0.0,1.0,0.25,BirdNET_GLOBAL_6K_V2.4_Model_FP32.tflite,243B1F02648873F9_20260412_031500_chunk_019.wav,11400,177,180
11580,11583,Columba palumbus,Common Wood-Pigeon,0.4049,243B1F02648873F9_20260412_031500.WAV,14,0.0,1.0,0.25,BirdNET_GLOBAL_6K_V2.4_Model_FP32.tflite,243B1F02648873F9_20260412_031500_chunk_019.wav,11400,180,183
11586,11589,Troglodytes troglodytes,Eurasian Wren,0.4330,243B1F02648873F9_20260412_031500.WAV,14,0.0,1.0,0.25,BirdNET_GLOBAL_6K_V2.4_Model_FP32.tflite,243B1F02648873F9_20260412_031500_chunk_019.wav,11400,186,189
11589,11592,Troglodytes troglodytes,Eurasian Wren,0.4331,243B1F02648873F9_20260412_031500.WAV,14,0.0,1.0,0.25,BirdNET_GLOBAL_6K_V2.4_Model_FP32.tflite,243B1F02648873F9_20260412_031500_chunk_019.wav,11400,189,192
11589,11592,Columba palumbus,Common Wood-Pigeon,0.3772,243B1F02648873F9_20260412_031500.WAV,14,0.0,1.0,0.25,BirdNET_GLOBAL_6K_V2.4_Model_FP32.tflite,243B1F02648873F9_20260412_031500_chunk_019.wav,11400,189,192
11592,11595,Sylvia atricapilla,Eurasian Blackcap,0.7050,243B1F02648873F9_20260412_031500.WAV,14,0.0,1.0,0.25,BirdNET_GLOBAL_6K_V2.4_Model_FP32.tflite,243B1F02648873F9_20260412_031500_chunk_019.wav,11400,192,195
11595,11598,Sylvia atricapilla,Eurasian Blackcap,0.4324,243B1F02648873F9_20260412_031500.WAV,14,0.0,1.0,0.25,BirdNET_GLOBAL_6K_V2.4_Model_FP32.tflite,243B1F02648873F9_20260412_031500_chunk_019.wav,11400,195,198
11598,11601,Troglodytes troglodytes,Eurasian Wren,0.7134,243B1F02648873F9_20260412_031500.WAV,14,0.0,1.0,0.25,BirdNET_GLOBAL_6K_V2.4_Model_FP32.tflite,243B1F02648873F9_20260412_031500_chunk_019.wav,11400,198,201
11601,11604,Troglodytes troglodytes,Eurasian Wren,0.9279,243B1F02648873F9_20260412_031500.WAV,14,0.0,1.0,0.25,BirdNET_GLOBAL_6K_V2.4_Model_FP32.tflite,243B1F02648873F9_20260412_031500_chunk_019.wav,11400,201,204
11607,11610,Troglodytes troglodytes,Eurasian Wren,0.7464,243B1F02648873F9_20260412_031500.WAV,14,0.0,1.0,0.25,BirdNET_GLOBAL_6K_V2.4_Model_FP32.tflite,243B1F02648873F9_20260412_031500_chunk_019.wav,11400,207,210
11610,11613,Sylvia atricapilla,Eurasian Blackcap,0.4330,243B1F02648873F9_20260412_031500.WAV,14,0.0,1.0,0.25,BirdNET_GLOBAL_6K_V2.4_Model_FP32.tflite,243B1F02648873F9_20260412_031500_chunk_019.wav,11400,210,213
11610,11613,Troglodytes troglodytes,Eurasian Wren,0.2548,243B1F02648873F9_20260412_031500.WAV,14,0.0,1.0,0.25,BirdNET_GLOBAL_6K_V2.4_Model_FP32.tflite,243B1F02648873F9_20260412_031500_chunk_019.wav,11400,210,213
11619,11622,Troglodytes troglodytes,Eurasian Wren,0.9686,243B1F02648873F9_20260412_031500.WAV,14,0.0,1.0,0.25,BirdNET_GLOBAL_6K_V2.4_Model_FP32.tflite,243B1F02648873F9_20260412_031500_chunk_019.wav,11400,219,222
11622,11625,Troglodytes troglodytes,Eurasian Wren,0.9877,243B1F02648873F9_20260412_031500.WAV,14,0.0,1.0,0.25,BirdNET_GLOBAL_6K_V2.4_Model_FP32.tflite,243B1F02648873F9_20260412_031500_chunk_019.wav,11400,222,225
11628,11631,Sylvia atricapilla,Eurasian Blackcap,0.7707,243B1F02648873F9_20260412_031500.WAV,14,0.0,1.0,0.25,BirdNET_GLOBAL_6K_V2.4_Model_FP32.tflite,243B1F02648873F9_20260412_031500_chunk_019.wav,11400,228,231
11628,11631,Troglodytes troglodytes,Eurasian Wren,0.3637,243B1F02648873F9_20260412_031500.WAV,14,0.0,1.0,0.25,BirdNET_GLOBAL_6K_V2.4_Model_FP32.tflite,243B1F02648873F9_20260412_031500_chunk_019.wav,11400,228,231
11631,11634,Troglodytes troglodytes,Eurasian Wren,0.6734,243B1F02648873F9_20260412_031500.WAV,14,0.0,1.0,0.25,BirdNET_GLOBAL_6K_V2.4_Model_FP32.tflite,243B1F02648873F9_20260412_031500_chunk_019.wav,11400,231,234
11631,11634,Columba oenas,Stock Dove,0.4064,243B1F02648873F9_20260412_031500.WAV,14,0.0,1.0,0.25,BirdNET_GLOBAL_6K_V2.4_Model_FP32.tflite,243B1F02648873F9_20260412_031500_chunk_019.wav,11400,231,234
11634,11637,Columba palumbus,Common Wood-Pigeon,0.3570,243B1F02648873F9_20260412_031500.WAV,14,0.0,1.0,0.25,BirdNET_GLOBAL_6K_V2.4_Model_FP32.tflite,243B1F02648873F9_20260412_031500_chunk_019.wav,11400,234,237
11640,11643,Columba palumbus,Common Wood-Pigeon,0.3579,243B1F02648873F9_20260412_031500.WAV,14,0.0,1.0,0.25,BirdNET_GLOBAL_6K_V2.4_Model_FP32.tflite,243B1F02648873F9_20260412_031500_chunk_019.wav,11400,240,243
11646,11649,Columba palumbus,Common Wood-Pigeon,0.7968,243B1F02648873F9_20260412_031500.WAV,14,0.0,1.0,0.25,BirdNET_GLOBAL_6K_V2.4_Model_FP32.tflite,243B1F02648873F9_20260412_031500_chunk_019.wav,11400,246,249
11646,11649,Troglodytes troglodytes,Eurasian Wren,0.4674,243B1F02648873F9_20260412_031500.WAV,14,0.0,1.0,0.25,BirdNET_GLOBAL_6K_V2.4_Model_FP32.tflite,243B1F02648873F9_20260412_031500_chunk_019.wav,11400,246,249
11649,11652,Columba palumbus,Common Wood-Pigeon,0.8637,243B1F02648873F9_20260412_031500.WAV,14,0.0,1.0,0.25,BirdNET_GLOBAL_6K_V2.4_Model_FP32.tflite,243B1F02648873F9_20260412_031500_chunk_019.wav,11400,249,252
11649,11652,Troglodytes troglodytes,Eurasian Wren,0.4947,243B1F02648873F9_20260412_031500.WAV,14,0.0,1.0,0.25,BirdNET_GLOBAL_6K_V2.4_Model_FP32.tflite,243B1F02648873F9_20260412_031500_chunk_019.wav,11400,249,252
11652,11655,Columba palumbus,Common Wood-Pigeon,0.8996,243B1F02648873F9_20260412_031500.WAV,14,0.0,1.0,0.25,BirdNET_GLOBAL_6K_V2.4_Model_FP32.tflite,243B1F02648873F9_20260412_031500_chunk_019.wav,11400,252,255
11655,11658,Columba palumbus,Common Wood-Pigeon,0.8620,243B1F02648873F9_20260412_031500.WAV,14,0.0,1.0,0.25,BirdNET_GLOBAL_6K_V2.4_Model_FP32.tflite,243B1F02648873F9_20260412_031500_chunk_019.wav,11400,255,258
11658,11661,Columba palumbus,Common Wood-Pigeon,0.7488,243B1F02648873F9_20260412_031500.WAV,14,0.0,1.0,0.25,BirdNET_GLOBAL_6K_V2.4_Model_FP32.tflite,243B1F02648873F9_20260412_031500_chunk_019.wav,11400,258,261
11661,11664,Columba palumbus,Common Wood-Pigeon,0.7638,243B1F02648873F9_20260412_031500.WAV,14,0.0,1.0,0.25,BirdNET_GLOBAL_6K_V2.4_Model_FP32.tflite,243B1F02648873F9_20260412_031500_chunk_019.wav,11400,261,264
11664,11667,Columba palumbus,Common Wood-Pigeon,0.6218,243B1F02648873F9_20260412_031500.WAV,14,0.0,1.0,0.25,BirdNET_GLOBAL_6K_V2.4_Model_FP32.tflite,243B1F02648873F9_20260412_031500_chunk_019.wav,11400,264,267
11667,11670,Erithacus rubecula,European Robin,0.3374,243B1F02648873F9_20260412_031500.WAV,14,0.0,1.0,0.25,BirdNET_GLOBAL_6K_V2.4_Model_FP32.tflite,243B1F02648873F9_20260412_031500_chunk_019.wav,11400,267,270
11673,11676,Troglodytes troglodytes,Eurasian Wren,0.7505,243B1F02648873F9_20260412_031500.WAV,14,0.0,1.0,0.25,BirdNET_GLOBAL_6K_V2.4_Model_FP32.tflite,243B1F02648873F9_20260412_031500_chunk_019.wav,11400,273,276
11676,11679,Sylvia atricapilla,Eurasian Blackcap,0.8722,243B1F02648873F9_20260412_031500.WAV,14,0.0,1.0,0.25,BirdNET_GLOBAL_6K_V2.4_Model_FP32.tflite,243B1F02648873F9_20260412_031500_chunk_019.wav,11400,276,279
11682,11685,Pica pica,Eurasian Magpie,0.9403,243B1F02648873F9_20260412_031500.WAV,14,0.0,1.0,0.25,BirdNET_GLOBAL_6K_V2.4_Model_FP32.tflite,243B1F02648873F9_20260412_031500_chunk_019.wav,11400,282,285
11685,11688,Pica pica,Eurasian Magpie,0.9439,243B1F02648873F9_20260412_031500.WAV,14,0.0,1.0,0.25,BirdNET_GLOBAL_6K_V2.4_Model_FP32.tflite,243B1F02648873F9_20260412_031500_chunk_019.wav,11400,285,288
11688,11691,Pica pica,Eurasian Magpie,0.9599,243B1F02648873F9_20260412_031500.WAV,14,0.0,1.0,0.25,BirdNET_GLOBAL_6K_V2.4_Model_FP32.tflite,243B1F02648873F9_20260412_031500_chunk_019.wav,11400,288,291
11691,11694,Erithacus rubecula,European Robin,0.2880,243B1F02648873F9_20260412_031500.WAV,14,0.0,1.0,0.25,BirdNET_GLOBAL_6K_V2.4_Model_FP32.tflite,243B1F02648873F9_20260412_031500_chunk_019.wav,11400,291,294
11700,11703,Erithacus rubecula,European Robin,0.7631,243B1F02648873F9_20260412_031500.WAV,14,0.0,1.0,0.25,BirdNET_GLOBAL_6K_V2.4_Model_FP32.tflite,243B1F02648873F9_20260412_031500_chunk_019.wav,11400,300,303
11706,11709,Troglodytes troglodytes,Eurasian Wren,0.2591,243B1F02648873F9_20260412_031500.WAV,14,0.0,1.0,0.25,BirdNET_GLOBAL_6K_V2.4_Model_FP32.tflite,243B1F02648873F9_20260412_031500_chunk_019.wav,11400,306,309
11712,11715,Pica pica,Eurasian Magpie,0.9437,243B1F02648873F9_20260412_031500.WAV,14,0.0,1.0,0.25,BirdNET_GLOBAL_6K_V2.4_Model_FP32.tflite,243B1F02648873F9_20260412_031500_chunk_019.wav,11400,312,315
11715,11718,Columba palumbus,Common Wood-Pigeon,0.6454,243B1F02648873F9_20260412_031500.WAV,14,0.0,1.0,0.25,BirdNET_GLOBAL_6K_V2.4_Model_FP32.tflite,243B1F02648873F9_20260412_031500_chunk_019.wav,11400,315,318
11724,11727,Cyanistes caeruleus,Eurasian Blue Tit,0.6482,243B1F02648873F9_20260412_031500.WAV,14,0.0,1.0,0.25,BirdNET_GLOBAL_6K_V2.4_Model_FP32.tflite,243B1F02648873F9_20260412_031500_chunk_019.wav,11400,324,327
11730,11733,Cyanistes caeruleus,Eurasian Blue Tit,0.7162,243B1F02648873F9_20260412_031500.WAV,14,0.0,1.0,0.25,BirdNET_GLOBAL_6K_V2.4_Model_FP32.tflite,243B1F02648873F9_20260412_031500_chunk_019.wav,11400,330,333
11733,11736,Cyanistes caeruleus,Eurasian Blue Tit,0.2737,243B1F02648873F9_20260412_031500.WAV,14,0.0,1.0,0.25,BirdNET_GLOBAL_6K_V2.4_Model_FP32.tflite,243B1F02648873F9_20260412_031500_chunk_019.wav,11400,333,336
11736,11739,Cyanistes caeruleus,Eurasian Blue Tit,0.5060,243B1F02648873F9_20260412_031500.WAV,14,0.0,1.0,0.25,BirdNET_GLOBAL_6K_V2.4_Model_FP32.tflite,243B1F02648873F9_20260412_031500_chunk_019.wav,11400,336,339
11739,11742,Cyanistes caeruleus,Eurasian Blue Tit,0.2743,243B1F02648873F9_20260412_031500.WAV,14,0.0,1.0,0.25,BirdNET_GLOBAL_6K_V2.4_Model_FP32.tflite,243B1F02648873F9_20260412_031500_chunk_019.wav,11400,339,342
11769,11772,Cyanistes caeruleus,Eurasian Blue Tit,0.2925,243B1F02648873F9_20260412_031500.WAV,14,0.0,1.0,0.25,BirdNET_GLOBAL_6K_V2.4_Model_FP32.tflite,243B1F02648873F9_20260412_031500_chunk_019.wav,11400,369,372
11772,11775,Columba livia,Rock Pigeon,0.2690,243B1F02648873F9_20260412_031500.WAV,14,0.0,1.0,0.25,BirdNET_GLOBAL_6K_V2.4_Model_FP32.tflite,243B1F02648873F9_20260412_031500_chunk_019.wav,11400,372,375
11775,11778,Columba palumbus,Common Wood-Pigeon,0.5912,243B1F02648873F9_20260412_031500.WAV,14,0.0,1.0,0.25,BirdNET_GLOBAL_6K_V2.4_Model_FP32.tflite,243B1F02648873F9_20260412_031500_chunk_019.wav,11400,375,378
11778,11781,Columba palumbus,Common Wood-Pigeon,0.7350,243B1F02648873F9_20260412_031500.WAV,14,0.0,1.0,0.25,BirdNET_GLOBAL_6K_V2.4_Model_FP32.tflite,243B1F02648873F9_20260412_031500_chunk_019.wav,11400,378,381
11781,11784,Columba palumbus,Common Wood-Pigeon,0.9074,243B1F02648873F9_20260412_031500.WAV,14,0.0,1.0,0.25,BirdNET_GLOBAL_6K_V2.4_Model_FP32.tflite,243B1F02648873F9_20260412_031500_chunk_019.wav,11400,381,384
11784,11787,Columba palumbus,Common Wood-Pigeon,0.3062,243B1F02648873F9_20260412_031500.WAV,14,0.0,1.0,0.25,BirdNET_GLOBAL_6K_V2.4_Model_FP32.tflite,243B1F02648873F9_20260412_031500_chunk_019.wav,11400,384,387
11790,11793,Columba palumbus,Common Wood-Pigeon,0.8910,243B1F02648873F9_20260412_031500.WAV,14,0.0,1.0,0.25,BirdNET_GLOBAL_6K_V2.4_Model_FP32.tflite,243B1F02648873F9_20260412_031500_chunk_019.wav,11400,390,393
11793,11796,Columba palumbus,Common Wood-Pigeon,0.8725,243B1F02648873F9_20260412_031500.WAV,14,0.0,1.0,0.25,BirdNET_GLOBAL_6K_V2.4_Model_FP32.tflite,243B1F02648873F9_20260412_031500_chunk_019.wav,11400,393,396
11796,11799,Streptopelia decaocto,Eurasian Collared-Dove,0.6883,243B1F02648873F9_20260412_031500.WAV,14,0.0,1.0,0.25,BirdNET_GLOBAL_6K_V2.4_Model_FP32.tflite,243B1F02648873F9_20260412_031500_chunk_019.wav,11400,396,399
11796,11799,Columba palumbus,Common Wood-Pigeon,0.6042,243B1F02648873F9_20260412_031500.WAV,14,0.0,1.0,0.25,BirdNET_GLOBAL_6K_V2.4_Model_FP32.tflite,243B1F02648873F9_20260412_031500_chunk_019.wav,11400,396,399
11799,11802,Columba palumbus,Common Wood-Pigeon,0.9772,243B1F02648873F9_20260412_031500.WAV,14,0.0,1.0,0.25,BirdNET_GLOBAL_6K_V2.4_Model_FP32.tflite,243B1F02648873F9_20260412_031500_chunk_019.wav,11400,399,402
11811,11814,Columba palumbus,Common Wood-Pigeon,0.7964,243B1F02648873F9_20260412_031500.WAV,14,0.0,1.0,0.25,BirdNET_GLOBAL_6K_V2.4_Model_FP32.tflite,243B1F02648873F9_20260412_031500_chunk_019.wav,11400,411,414
11814,11817,Columba palumbus,Common Wood-Pigeon,0.7798,243B1F02648873F9_20260412_031500.WAV,14,0.0,1.0,0.25,BirdNET_GLOBAL_6K_V2.4_Model_FP32.tflite,243B1F02648873F9_20260412_031500_chunk_019.wav,11400,414,417
11817,11820,Columba palumbus,Common Wood-Pigeon,0.9489,243B1F02648873F9_20260412_031500.WAV,14,0.0,1.0,0.25,BirdNET_GLOBAL_6K_V2.4_Model_FP32.tflite,243B1F02648873F9_20260412_031500_chunk_019.wav,11400,417,420
11820,11823,Columba palumbus,Common Wood-Pigeon,0.7995,243B1F02648873F9_20260412_031500.WAV,14,0.0,1.0,0.25,BirdNET_GLOBAL_6K_V2.4_Model_FP32.tflite,243B1F02648873F9_20260412_031500_chunk_019.wav,11400,420,423
11835,11838,Columba palumbus,Common Wood-Pigeon,0.5738,243B1F02648873F9_20260412_031500.WAV,14,0.0,1.0,0.25,BirdNET_GLOBAL_6K_V2.4_Model_FP32.tflite,243B1F02648873F9_20260412_031500_chunk_019.wav,11400,435,438
11838,11841,Columba palumbus,Common Wood-Pigeon,0.4246,243B1F02648873F9_20260412_031500.WAV,14,0.0,1.0,0.25,BirdNET_GLOBAL_6K_V2.4_Model_FP32.tflite,243B1F02648873F9_20260412_031500_chunk_019.wav,11400,438,441
11850,11853,Columba palumbus,Common Wood-Pigeon,0.2900,243B1F02648873F9_20260412_031500.WAV,14,0.0,1.0,0.25,BirdNET_GLOBAL_6K_V2.4_Model_FP32.tflite,243B1F02648873F9_20260412_031500_chunk_019.wav,11400,450,453
11856,11859,Columba palumbus,Common Wood-Pigeon,0.7009,243B1F02648873F9_20260412_031500.WAV,14,0.0,1.0,0.25,BirdNET_GLOBAL_6K_V2.4_Model_FP32.tflite,243B1F02648873F9_20260412_031500_chunk_019.wav,11400,456,459
11859,11862,Columba palumbus,Common Wood-Pigeon,0.8338,243B1F02648873F9_20260412_031500.WAV,14,0.0,1.0,0.25,BirdNET_GLOBAL_6K_V2.4_Model_FP32.tflite,243B1F02648873F9_20260412_031500_chunk_019.wav,11400,459,462
11862,11865,Columba palumbus,Common Wood-Pigeon,0.8073,243B1F02648873F9_20260412_031500.WAV,14,0.0,1.0,0.25,BirdNET_GLOBAL_6K_V2.4_Model_FP32.tflite,243B1F02648873F9_20260412_031500_chunk_019.wav,11400,462,465
11877,11880,Columba palumbus,Common Wood-Pigeon,0.9039,243B1F02648873F9_20260412_031500.WAV,14,0.0,1.0,0.25,BirdNET_GLOBAL_6K_V2.4_Model_FP32.tflite,243B1F02648873F9_20260412_031500_chunk_019.wav,11400,477,480
11880,11883,Columba palumbus,Common Wood-Pigeon,0.8442,243B1F02648873F9_20260412_031500.WAV,14,0.0,1.0,0.25,BirdNET_GLOBAL_6K_V2.4_Model_FP32.tflite,243B1F02648873F9_20260412_031500_chunk_019.wav,11400,480,483
11892,11895,Cyanistes caeruleus,Eurasian Blue Tit,0.2528,243B1F02648873F9_20260412_031500.WAV,14,0.0,1.0,0.25,BirdNET_GLOBAL_6K_V2.4_Model_FP32.tflite,243B1F02648873F9_20260412_031500_chunk_019.wav,11400,492,495
11895,11898,Certhia familiaris,Eurasian Treecreeper,0.5891,243B1F02648873F9_20260412_031500.WAV,14,0.0,1.0,0.25,BirdNET_GLOBAL_6K_V2.4_Model_FP32.tflite,243B1F02648873F9_20260412_031500_chunk_019.wav,11400,495,498
11901,11904,Troglodytes troglodytes,Eurasian Wren,0.9888,243B1F02648873F9_20260412_031500.WAV,14,0.0,1.0,0.25,BirdNET_GLOBAL_6K_V2.4_Model_FP32.tflite,243B1F02648873F9_20260412_031500_chunk_019.wav,11400,501,504
11904,11907,Troglodytes troglodytes,Eurasian Wren,0.6932,243B1F02648873F9_20260412_031500.WAV,14,0.0,1.0,0.25,BirdNET_GLOBAL_6K_V2.4_Model_FP32.tflite,243B1F02648873F9_20260412_031500_chunk_019.wav,11400,504,507
11913,11916,Larus argentatus,Herring Gull,0.8272,243B1F02648873F9_20260412_031500.WAV,14,0.0,1.0,0.25,BirdNET_GLOBAL_6K_V2.4_Model_FP32.tflite,243B1F02648873F9_20260412_031500_chunk_019.wav,11400,513,516
11913,11916,Troglodytes troglodytes,Eurasian Wren,0.3742,243B1F02648873F9_20260412_031500.WAV,14,0.0,1.0,0.25,BirdNET_GLOBAL_6K_V2.4_Model_FP32.tflite,243B1F02648873F9_20260412_031500_chunk_019.wav,11400,513,516
11916,11919,Troglodytes troglodytes,Eurasian Wren,0.8019,243B1F02648873F9_20260412_031500.WAV,14,0.0,1.0,0.25,BirdNET_GLOBAL_6K_V2.4_Model_FP32.tflite,243B1F02648873F9_20260412_031500_chunk_019.wav,11400,516,519
11919,11922,Corvus corone,Carrion Crow,0.3265,243B1F02648873F9_20260412_031500.WAV,14,0.0,1.0,0.25,BirdNET_GLOBAL_6K_V2.4_Model_FP32.tflite,243B1F02648873F9_20260412_031500_chunk_019.wav,11400,519,522
11928,11931,Troglodytes troglodytes,Eurasian Wren,0.8217,243B1F02648873F9_20260412_031500.WAV,14,0.0,1.0,0.25,BirdNET_GLOBAL_6K_V2.4_Model_FP32.tflite,243B1F02648873F9_20260412_031500_chunk_019.wav,11400,528,531
11931,11934,Troglodytes troglodytes,Eurasian Wren,0.9816,243B1F02648873F9_20260412_031500.WAV,14,0.0,1.0,0.25,BirdNET_GLOBAL_6K_V2.4_Model_FP32.tflite,243B1F02648873F9_20260412_031500_chunk_019.wav,11400,531,534
11940,11943,Troglodytes troglodytes,Eurasian Wren,0.8659,243B1F02648873F9_20260412_031500.WAV,14,0.0,1.0,0.25,BirdNET_GLOBAL_6K_V2.4_Model_FP32.tflite,243B1F02648873F9_20260412_031500_chunk_019.wav,11400,540,543
11943,11946,Troglodytes troglodytes,Eurasian Wren,0.9769,243B1F02648873F9_20260412_031500.WAV,14,0.0,1.0,0.25,BirdNET_GLOBAL_6K_V2.4_Model_FP32.tflite,243B1F02648873F9_20260412_031500_chunk_019.wav,11400,543,546
11949,11952,Pica pica,Eurasian Magpie,0.5032,243B1F02648873F9_20260412_031500.WAV,14,0.0,1.0,0.25,BirdNET_GLOBAL_6K_V2.4_Model_FP32.tflite,243B1F02648873F9_20260412_031500_chunk_019.wav,11400,549,552
11952,11955,Troglodytes troglodytes,Eurasian Wren,0.9971,243B1F02648873F9_20260412_031500.WAV,14,0.0,1.0,0.25,BirdNET_GLOBAL_6K_V2.4_Model_FP32.tflite,243B1F02648873F9_20260412_031500_chunk_019.wav,11400,552,555
11955,11958,Troglodytes troglodytes,Eurasian Wren,0.9847,243B1F02648873F9_20260412_031500.WAV,14,0.0,1.0,0.25,BirdNET_GLOBAL_6K_V2.4_Model_FP32.tflite,243B1F02648873F9_20260412_031500_chunk_019.wav,11400,555,558
11958,11961,Regulus regulus,Goldcrest,0.3665,243B1F02648873F9_20260412_031500.WAV,14,0.0,1.0,0.25,BirdNET_GLOBAL_6K_V2.4_Model_FP32.tflite,243B1F02648873F9_20260412_031500_chunk_019.wav,11400,558,561
11961,11964,Columba palumbus,Common Wood-Pigeon,0.5478,243B1F02648873F9_20260412_031500.WAV,14,0.0,1.0,0.25,BirdNET_GLOBAL_6K_V2.4_Model_FP32.tflite,243B1F02648873F9_20260412_031500_chunk_019.wav,11400,561,564
11964,11967,Columba palumbus,Common Wood-Pigeon,0.5736,243B1F02648873F9_20260412_031500.WAV,14,0.0,1.0,0.25,BirdNET_GLOBAL_6K_V2.4_Model_FP32.tflite,243B1F02648873F9_20260412_031500_chunk_019.wav,11400,564,567
11976,11979,Troglodytes troglodytes,Eurasian Wren,0.4154,243B1F02648873F9_20260412_031500.WAV,14,0.0,1.0,0.25,BirdNET_GLOBAL_6K_V2.4_Model_FP32.tflite,243B1F02648873F9_20260412_031500_chunk_019.wav,11400,576,579
11979,11982,Troglodytes troglodytes,Eurasian Wren,0.2866,243B1F02648873F9_20260412_031500.WAV,14,0.0,1.0,0.25,BirdNET_GLOBAL_6K_V2.4_Model_FP32.tflite,243B1F02648873F9_20260412_031500_chunk_019.wav,11400,579,582
11985,11988,Cyanistes caeruleus,Eurasian Blue Tit,0.2792,243B1F02648873F9_20260412_031500.WAV,14,0.0,1.0,0.25,BirdNET_GLOBAL_6K_V2.4_Model_FP32.tflite,243B1F02648873F9_20260412_031500_chunk_019.wav,11400,585,588
11988,11991,Troglodytes troglodytes,Eurasian Wren,0.5331,243B1F02648873F9_20260412_031500.WAV,14,0.0,1.0,0.25,BirdNET_GLOBAL_6K_V2.4_Model_FP32.tflite,243B1F02648873F9_20260412_031500_chunk_019.wav,11400,588,591
11994,11997,Columba palumbus,Common Wood-Pigeon,0.8159,243B1F02648873F9_20260412_031500.WAV,14,0.0,1.0,0.25,BirdNET_GLOBAL_6K_V2.4_Model_FP32.tflite,243B1F02648873F9_20260412_031500_chunk_019.wav,11400,594,597
12000,12003,Aegithalos caudatus,Long-tailed Tit,0.2911,243B1F02648873F9_20260412_031500.WAV,14,0.0,1.0,0.25,BirdNET_GLOBAL_6K_V2.4_Model_FP32.tflite,243B1F02648873F9_20260412_031500_chunk_020.wav,12000,0,3
12003,12006,Troglodytes troglodytes,Eurasian Wren,0.8047,243B1F02648873F9_20260412_031500.WAV,14,0.0,1.0,0.25,BirdNET_GLOBAL_6K_V2.4_Model_FP32.tflite,243B1F02648873F9_20260412_031500_chunk_020.wav,12000,3,6
12006,12009,Troglodytes troglodytes,Eurasian Wren,0.3273,243B1F02648873F9_20260412_031500.WAV,14,0.0,1.0,0.25,BirdNET_GLOBAL_6K_V2.4_Model_FP32.tflite,243B1F02648873F9_20260412_031500_chunk_020.wav,12000,6,9
12018,12021,Cyanistes caeruleus,Eurasian Blue Tit,0.2797,243B1F02648873F9_20260412_031500.WAV,14,0.0,1.0,0.25,BirdNET_GLOBAL_6K_V2.4_Model_FP32.tflite,243B1F02648873F9_20260412_031500_chunk_020.wav,12000,18,21
12021,12024,Columba palumbus,Common Wood-Pigeon,0.5206,243B1F02648873F9_20260412_031500.WAV,14,0.0,1.0,0.25,BirdNET_GLOBAL_6K_V2.4_Model_FP32.tflite,243B1F02648873F9_20260412_031500_chunk_020.wav,12000,21,24
12024,12027,Columba palumbus,Common Wood-Pigeon,0.7831,243B1F02648873F9_20260412_031500.WAV,14,0.0,1.0,0.25,BirdNET_GLOBAL_6K_V2.4_Model_FP32.tflite,243B1F02648873F9_20260412_031500_chunk_020.wav,12000,24,27
12027,12030,Columba palumbus,Common Wood-Pigeon,0.8506,243B1F02648873F9_20260412_031500.WAV,14,0.0,1.0,0.25,BirdNET_GLOBAL_6K_V2.4_Model_FP32.tflite,243B1F02648873F9_20260412_031500_chunk_020.wav,12000,27,30
12036,12039,Columba palumbus,Common Wood-Pigeon,0.8626,243B1F02648873F9_20260412_031500.WAV,14,0.0,1.0,0.25,BirdNET_GLOBAL_6K_V2.4_Model_FP32.tflite,243B1F02648873F9_20260412_031500_chunk_020.wav,12000,36,39
12039,12042,Columba palumbus,Common Wood-Pigeon,0.9811,243B1F02648873F9_20260412_031500.WAV,14,0.0,1.0,0.25,BirdNET_GLOBAL_6K_V2.4_Model_FP32.tflite,243B1F02648873F9_20260412_031500_chunk_020.wav,12000,39,42
12042,12045,Columba palumbus,Common Wood-Pigeon,0.9000,243B1F02648873F9_20260412_031500.WAV,14,0.0,1.0,0.25,BirdNET_GLOBAL_6K_V2.4_Model_FP32.tflite,243B1F02648873F9_20260412_031500_chunk_020.wav,12000,42,45
12045,12048,Columba oenas,Stock Dove,0.4606,243B1F02648873F9_20260412_031500.WAV,14,0.0,1.0,0.25,BirdNET_GLOBAL_6K_V2.4_Model_FP32.tflite,243B1F02648873F9_20260412_031500_chunk_020.wav,12000,45,48
12048,12051,Streptopelia decaocto,Eurasian Collared-Dove,0.5459,243B1F02648873F9_20260412_031500.WAV,14,0.0,1.0,0.25,BirdNET_GLOBAL_6K_V2.4_Model_FP32.tflite,243B1F02648873F9_20260412_031500_chunk_020.wav,12000,48,51
12051,12054,Columba palumbus,Common Wood-Pigeon,0.6566,243B1F02648873F9_20260412_031500.WAV,14,0.0,1.0,0.25,BirdNET_GLOBAL_6K_V2.4_Model_FP32.tflite,243B1F02648873F9_20260412_031500_chunk_020.wav,12000,51,54
12054,12057,Columba palumbus,Common Wood-Pigeon,0.8028,243B1F02648873F9_20260412_031500.WAV,14,0.0,1.0,0.25,BirdNET_GLOBAL_6K_V2.4_Model_FP32.tflite,243B1F02648873F9_20260412_031500_chunk_020.wav,12000,54,57
12060,12063,Columba oenas,Stock Dove,0.5626,243B1F02648873F9_20260412_031500.WAV,14,0.0,1.0,0.25,BirdNET_GLOBAL_6K_V2.4_Model_FP32.tflite,243B1F02648873F9_20260412_031500_chunk_020.wav,12000,60,63
12063,12066,Columba palumbus,Common Wood-Pigeon,0.7280,243B1F02648873F9_20260412_031500.WAV,14,0.0,1.0,0.25,BirdNET_GLOBAL_6K_V2.4_Model_FP32.tflite,243B1F02648873F9_20260412_031500_chunk_020.wav,12000,63,66
12063,12066,Columba oenas,Stock Dove,0.3586,243B1F02648873F9_20260412_031500.WAV,14,0.0,1.0,0.25,BirdNET_GLOBAL_6K_V2.4_Model_FP32.tflite,243B1F02648873F9_20260412_031500_chunk_020.wav,12000,63,66
12066,12069,Columba palumbus,Common Wood-Pigeon,0.5768,243B1F02648873F9_20260412_031500.WAV,14,0.0,1.0,0.25,BirdNET_GLOBAL_6K_V2.4_Model_FP32.tflite,243B1F02648873F9_20260412_031500_chunk_020.wav,12000,66,69
12069,12072,Columba palumbus,Common Wood-Pigeon,0.8338,243B1F02648873F9_20260412_031500.WAV,14,0.0,1.0,0.25,BirdNET_GLOBAL_6K_V2.4_Model_FP32.tflite,243B1F02648873F9_20260412_031500_chunk_020.wav,12000,69,72
12069,12072,Columba oenas,Stock Dove,0.5133,243B1F02648873F9_20260412_031500.WAV,14,0.0,1.0,0.25,BirdNET_GLOBAL_6K_V2.4_Model_FP32.tflite,243B1F02648873F9_20260412_031500_chunk_020.wav,12000,69,72
12072,12075,Columba palumbus,Common Wood-Pigeon,0.8262,243B1F02648873F9_20260412_031500.WAV,14,0.0,1.0,0.25,BirdNET_GLOBAL_6K_V2.4_Model_FP32.tflite,243B1F02648873F9_20260412_031500_chunk_020.wav,12000,72,75
12075,12078,Columba palumbus,Common Wood-Pigeon,0.8056,243B1F02648873F9_20260412_031500.WAV,14,0.0,1.0,0.25,BirdNET_GLOBAL_6K_V2.4_Model_FP32.tflite,243B1F02648873F9_20260412_031500_chunk_020.wav,12000,75,78
12078,12081,Columba palumbus,Common Wood-Pigeon,0.3703,243B1F02648873F9_20260412_031500.WAV,14,0.0,1.0,0.25,BirdNET_GLOBAL_6K_V2.4_Model_FP32.tflite,243B1F02648873F9_20260412_031500_chunk_020.wav,12000,78,81
12081,12084,Columba palumbus,Common Wood-Pigeon,0.6368,243B1F02648873F9_20260412_031500.WAV,14,0.0,1.0,0.25,BirdNET_GLOBAL_6K_V2.4_Model_FP32.tflite,243B1F02648873F9_20260412_031500_chunk_020.wav,12000,81,84
12081,12084,Certhia familiaris,Eurasian Treecreeper,0.2628,243B1F02648873F9_20260412_031500.WAV,14,0.0,1.0,0.25,BirdNET_GLOBAL_6K_V2.4_Model_FP32.tflite,243B1F02648873F9_20260412_031500_chunk_020.wav,12000,81,84
12084,12087,Parus major,Great Tit,0.3146,243B1F02648873F9_20260412_031500.WAV,14,0.0,1.0,0.25,BirdNET_GLOBAL_6K_V2.4_Model_FP32.tflite,243B1F02648873F9_20260412_031500_chunk_020.wav,12000,84,87
12087,12090,Pica pica,Eurasian Magpie,0.4695,243B1F02648873F9_20260412_031500.WAV,14,0.0,1.0,0.25,BirdNET_GLOBAL_6K_V2.4_Model_FP32.tflite,243B1F02648873F9_20260412_031500_chunk_020.wav,12000,87,90
12093,12096,Parus major,Great Tit,0.3276,243B1F02648873F9_20260412_031500.WAV,14,0.0,1.0,0.25,BirdNET_GLOBAL_6K_V2.4_Model_FP32.tflite,243B1F02648873F9_20260412_031500_chunk_020.wav,12000,93,96
12096,12099,Parus major,Great Tit,0.4900,243B1F02648873F9_20260412_031500.WAV,14,0.0,1.0,0.25,BirdNET_GLOBAL_6K_V2.4_Model_FP32.tflite,243B1F02648873F9_20260412_031500_chunk_020.wav,12000,96,99
12102,12105,Parus major,Great Tit,0.4152,243B1F02648873F9_20260412_031500.WAV,14,0.0,1.0,0.25,BirdNET_GLOBAL_6K_V2.4_Model_FP32.tflite,243B1F02648873F9_20260412_031500_chunk_020.wav,12000,102,105
12108,12111,Columba palumbus,Common Wood-Pigeon,0.4709,243B1F02648873F9_20260412_031500.WAV,14,0.0,1.0,0.25,BirdNET_GLOBAL_6K_V2.4_Model_FP32.tflite,243B1F02648873F9_20260412_031500_chunk_020.wav,12000,108,111
12111,12114,Columba palumbus,Common Wood-Pigeon,0.6894,243B1F02648873F9_20260412_031500.WAV,14,0.0,1.0,0.25,BirdNET_GLOBAL_6K_V2.4_Model_FP32.tflite,243B1F02648873F9_20260412_031500_chunk_020.wav,12000,111,114
12114,12117,Columba palumbus,Common Wood-Pigeon,0.4822,243B1F02648873F9_20260412_031500.WAV,14,0.0,1.0,0.25,BirdNET_GLOBAL_6K_V2.4_Model_FP32.tflite,243B1F02648873F9_20260412_031500_chunk_020.wav,12000,114,117
12117,12120,Columba palumbus,Common Wood-Pigeon,0.4665,243B1F02648873F9_20260412_031500.WAV,14,0.0,1.0,0.25,BirdNET_GLOBAL_6K_V2.4_Model_FP32.tflite,243B1F02648873F9_20260412_031500_chunk_020.wav,12000,117,120
12117,12120,Corvus corone,Carrion Crow,0.3784,243B1F02648873F9_20260412_031500.WAV,14,0.0,1.0,0.25,BirdNET_GLOBAL_6K_V2.4_Model_FP32.tflite,243B1F02648873F9_20260412_031500_chunk_020.wav,12000,117,120
12129,12132,Columba palumbus,Common Wood-Pigeon,0.5155,243B1F02648873F9_20260412_031500.WAV,14,0.0,1.0,0.25,BirdNET_GLOBAL_6K_V2.4_Model_FP32.tflite,243B1F02648873F9_20260412_031500_chunk_020.wav,12000,129,132
12135,12138,Columba palumbus,Common Wood-Pigeon,0.5223,243B1F02648873F9_20260412_031500.WAV,14,0.0,1.0,0.25,BirdNET_GLOBAL_6K_V2.4_Model_FP32.tflite,243B1F02648873F9_20260412_031500_chunk_020.wav,12000,135,138
12138,12141,Regulus regulus,Goldcrest,0.2961,243B1F02648873F9_20260412_031500.WAV,14,0.0,1.0,0.25,BirdNET_GLOBAL_6K_V2.4_Model_FP32.tflite,243B1F02648873F9_20260412_031500_chunk_020.wav,12000,138,141
12141,12144,Columba palumbus,Common Wood-Pigeon,0.6172,243B1F02648873F9_20260412_031500.WAV,14,0.0,1.0,0.25,BirdNET_GLOBAL_6K_V2.4_Model_FP32.tflite,243B1F02648873F9_20260412_031500_chunk_020.wav,12000,141,144
12144,12147,Regulus regulus,Goldcrest,0.5358,243B1F02648873F9_20260412_031500.WAV,14,0.0,1.0,0.25,BirdNET_GLOBAL_6K_V2.4_Model_FP32.tflite,243B1F02648873F9_20260412_031500_chunk_020.wav,12000,144,147
12150,12153,Columba palumbus,Common Wood-Pigeon,0.7619,243B1F02648873F9_20260412_031500.WAV,14,0.0,1.0,0.25,BirdNET_GLOBAL_6K_V2.4_Model_FP32.tflite,243B1F02648873F9_20260412_031500_chunk_020.wav,12000,150,153
12159,12162,Columba palumbus,Common Wood-Pigeon,0.8755,243B1F02648873F9_20260412_031500.WAV,14,0.0,1.0,0.25,BirdNET_GLOBAL_6K_V2.4_Model_FP32.tflite,243B1F02648873F9_20260412_031500_chunk_020.wav,12000,159,162
12162,12165,Columba palumbus,Common Wood-Pigeon,0.6210,243B1F02648873F9_20260412_031500.WAV,14,0.0,1.0,0.25,BirdNET_GLOBAL_6K_V2.4_Model_FP32.tflite,243B1F02648873F9_20260412_031500_chunk_020.wav,12000,162,165
12165,12168,Columba palumbus,Common Wood-Pigeon,0.5197,243B1F02648873F9_20260412_031500.WAV,14,0.0,1.0,0.25,BirdNET_GLOBAL_6K_V2.4_Model_FP32.tflite,243B1F02648873F9_20260412_031500_chunk_020.wav,12000,165,168
12171,12174,Columba palumbus,Common Wood-Pigeon,0.2822,243B1F02648873F9_20260412_031500.WAV,14,0.0,1.0,0.25,BirdNET_GLOBAL_6K_V2.4_Model_FP32.tflite,243B1F02648873F9_20260412_031500_chunk_020.wav,12000,171,174
12174,12177,Columba palumbus,Common Wood-Pigeon,0.4822,243B1F02648873F9_20260412_031500.WAV,14,0.0,1.0,0.25,BirdNET_GLOBAL_6K_V2.4_Model_FP32.tflite,243B1F02648873F9_20260412_031500_chunk_020.wav,12000,174,177
12192,12195,Regulus regulus,Goldcrest,0.3060,243B1F02648873F9_20260412_031500.WAV,14,0.0,1.0,0.25,BirdNET_GLOBAL_6K_V2.4_Model_FP32.tflite,243B1F02648873F9_20260412_031500_chunk_020.wav,12000,192,195
12198,12201,Streptopelia decaocto,Eurasian Collared-Dove,0.6272,243B1F02648873F9_20260412_031500.WAV,14,0.0,1.0,0.25,BirdNET_GLOBAL_6K_V2.4_Model_FP32.tflite,243B1F02648873F9_20260412_031500_chunk_020.wav,12000,198,201
12201,12204,Columba palumbus,Common Wood-Pigeon,0.4571,243B1F02648873F9_20260412_031500.WAV,14,0.0,1.0,0.25,BirdNET_GLOBAL_6K_V2.4_Model_FP32.tflite,243B1F02648873F9_20260412_031500_chunk_020.wav,12000,201,204
12210,12213,Columba palumbus,Common Wood-Pigeon,0.3427,243B1F02648873F9_20260412_031500.WAV,14,0.0,1.0,0.25,BirdNET_GLOBAL_6K_V2.4_Model_FP32.tflite,243B1F02648873F9_20260412_031500_chunk_020.wav,12000,210,213
12219,12222,Regulus regulus,Goldcrest,0.4078,243B1F02648873F9_20260412_031500.WAV,14,0.0,1.0,0.25,BirdNET_GLOBAL_6K_V2.4_Model_FP32.tflite,243B1F02648873F9_20260412_031500_chunk_020.wav,12000,219,222
12228,12231,Corvus corone,Carrion Crow,0.6788,243B1F02648873F9_20260412_031500.WAV,14,0.0,1.0,0.25,BirdNET_GLOBAL_6K_V2.4_Model_FP32.tflite,243B1F02648873F9_20260412_031500_chunk_020.wav,12000,228,231
12228,12231,Corvus cornix,Hooded Crow,0.6505,243B1F02648873F9_20260412_031500.WAV,14,0.0,1.0,0.25,BirdNET_GLOBAL_6K_V2.4_Model_FP32.tflite,243B1F02648873F9_20260412_031500_chunk_020.wav,12000,228,231
12231,12234,Corvus cornix,Hooded Crow,0.5744,243B1F02648873F9_20260412_031500.WAV,14,0.0,1.0,0.25,BirdNET_GLOBAL_6K_V2.4_Model_FP32.tflite,243B1F02648873F9_20260412_031500_chunk_020.wav,12000,231,234
12231,12234,Corvus corone,Carrion Crow,0.3212,243B1F02648873F9_20260412_031500.WAV,14,0.0,1.0,0.25,BirdNET_GLOBAL_6K_V2.4_Model_FP32.tflite,243B1F02648873F9_20260412_031500_chunk_020.wav,12000,231,234
12234,12237,Carduelis carduelis,European Goldfinch,0.7696,243B1F02648873F9_20260412_031500.WAV,14,0.0,1.0,0.25,BirdNET_GLOBAL_6K_V2.4_Model_FP32.tflite,243B1F02648873F9_20260412_031500_chunk_020.wav,12000,234,237
12237,12240,Columba palumbus,Common Wood-Pigeon,0.8346,243B1F02648873F9_20260412_031500.WAV,14,0.0,1.0,0.25,BirdNET_GLOBAL_6K_V2.4_Model_FP32.tflite,243B1F02648873F9_20260412_031500_chunk_020.wav,12000,237,240
12240,12243,Columba palumbus,Common Wood-Pigeon,0.9296,243B1F02648873F9_20260412_031500.WAV,14,0.0,1.0,0.25,BirdNET_GLOBAL_6K_V2.4_Model_FP32.tflite,243B1F02648873F9_20260412_031500_chunk_020.wav,12000,240,243
12243,12246,Columba palumbus,Common Wood-Pigeon,0.4728,243B1F02648873F9_20260412_031500.WAV,14,0.0,1.0,0.25,BirdNET_GLOBAL_6K_V2.4_Model_FP32.tflite,243B1F02648873F9_20260412_031500_chunk_020.wav,12000,243,246
12243,12246,Columba livia,Rock Pigeon,0.2962,243B1F02648873F9_20260412_031500.WAV,14,0.0,1.0,0.25,BirdNET_GLOBAL_6K_V2.4_Model_FP32.tflite,243B1F02648873F9_20260412_031500_chunk_020.wav,12000,243,246
12246,12249,Columba palumbus,Common Wood-Pigeon,0.7102,243B1F02648873F9_20260412_031500.WAV,14,0.0,1.0,0.25,BirdNET_GLOBAL_6K_V2.4_Model_FP32.tflite,243B1F02648873F9_20260412_031500_chunk_020.wav,12000,246,249
12249,12252,Columba palumbus,Common Wood-Pigeon,0.5349,243B1F02648873F9_20260412_031500.WAV,14,0.0,1.0,0.25,BirdNET_GLOBAL_6K_V2.4_Model_FP32.tflite,243B1F02648873F9_20260412_031500_chunk_020.wav,12000,249,252
12252,12255,Columba palumbus,Common Wood-Pigeon,0.4018,243B1F02648873F9_20260412_031500.WAV,14,0.0,1.0,0.25,BirdNET_GLOBAL_6K_V2.4_Model_FP32.tflite,243B1F02648873F9_20260412_031500_chunk_020.wav,12000,252,255
12258,12261,Regulus regulus,Goldcrest,0.3331,243B1F02648873F9_20260412_031500.WAV,14,0.0,1.0,0.25,BirdNET_GLOBAL_6K_V2.4_Model_FP32.tflite,243B1F02648873F9_20260412_031500_chunk_020.wav,12000,258,261
12273,12276,Pica pica,Eurasian Magpie,0.8567,243B1F02648873F9_20260412_031500.WAV,14,0.0,1.0,0.25,BirdNET_GLOBAL_6K_V2.4_Model_FP32.tflite,243B1F02648873F9_20260412_031500_chunk_020.wav,12000,273,276
12285,12288,Corvus cornix,Hooded Crow,0.4356,243B1F02648873F9_20260412_031500.WAV,14,0.0,1.0,0.25,BirdNET_GLOBAL_6K_V2.4_Model_FP32.tflite,243B1F02648873F9_20260412_031500_chunk_020.wav,12000,285,288
12291,12294,Columba palumbus,Common Wood-Pigeon,0.8121,243B1F02648873F9_20260412_031500.WAV,14,0.0,1.0,0.25,BirdNET_GLOBAL_6K_V2.4_Model_FP32.tflite,243B1F02648873F9_20260412_031500_chunk_020.wav,12000,291,294
12294,12297,Columba palumbus,Common Wood-Pigeon,0.2682,243B1F02648873F9_20260412_031500.WAV,14,0.0,1.0,0.25,BirdNET_GLOBAL_6K_V2.4_Model_FP32.tflite,243B1F02648873F9_20260412_031500_chunk_020.wav,12000,294,297
12303,12306,Certhia familiaris,Eurasian Treecreeper,0.4018,243B1F02648873F9_20260412_031500.WAV,14,0.0,1.0,0.25,BirdNET_GLOBAL_6K_V2.4_Model_FP32.tflite,243B1F02648873F9_20260412_031500_chunk_020.wav,12000,303,306
12309,12312,Columba palumbus,Common Wood-Pigeon,0.6788,243B1F02648873F9_20260412_031500.WAV,14,0.0,1.0,0.25,BirdNET_GLOBAL_6K_V2.4_Model_FP32.tflite,243B1F02648873F9_20260412_031500_chunk_020.wav,12000,309,312
12315,12318,Corvus cornix,Hooded Crow,0.5412,243B1F02648873F9_20260412_031500.WAV,14,0.0,1.0,0.25,BirdNET_GLOBAL_6K_V2.4_Model_FP32.tflite,243B1F02648873F9_20260412_031500_chunk_020.wav,12000,315,318
12315,12318,Corvus corone,Carrion Crow,0.2756,243B1F02648873F9_20260412_031500.WAV,14,0.0,1.0,0.25,BirdNET_GLOBAL_6K_V2.4_Model_FP32.tflite,243B1F02648873F9_20260412_031500_chunk_020.wav,12000,315,318
12318,12321,Corvus cornix,Hooded Crow,0.6662,243B1F02648873F9_20260412_031500.WAV,14,0.0,1.0,0.25,BirdNET_GLOBAL_6K_V2.4_Model_FP32.tflite,243B1F02648873F9_20260412_031500_chunk_020.wav,12000,318,321
12318,12321,Corvus corone,Carrion Crow,0.4339,243B1F02648873F9_20260412_031500.WAV,14,0.0,1.0,0.25,BirdNET_GLOBAL_6K_V2.4_Model_FP32.tflite,243B1F02648873F9_20260412_031500_chunk_020.wav,12000,318,321
12330,12333,Troglodytes troglodytes,Eurasian Wren,0.4458,243B1F02648873F9_20260412_031500.WAV,14,0.0,1.0,0.25,BirdNET_GLOBAL_6K_V2.4_Model_FP32.tflite,243B1F02648873F9_20260412_031500_chunk_020.wav,12000,330,333
12333,12336,Troglodytes troglodytes,Eurasian Wren,0.8597,243B1F02648873F9_20260412_031500.WAV,14,0.0,1.0,0.25,BirdNET_GLOBAL_6K_V2.4_Model_FP32.tflite,243B1F02648873F9_20260412_031500_chunk_020.wav,12000,333,336
12345,12348,Troglodytes troglodytes,Eurasian Wren,0.7608,243B1F02648873F9_20260412_031500.WAV,14,0.0,1.0,0.25,BirdNET_GLOBAL_6K_V2.4_Model_FP32.tflite,243B1F02648873F9_20260412_031500_chunk_020.wav,12000,345,348
12354,12357,Pica pica,Eurasian Magpie,0.3056,243B1F02648873F9_20260412_031500.WAV,14,0.0,1.0,0.25,BirdNET_GLOBAL_6K_V2.4_Model_FP32.tflite,243B1F02648873F9_20260412_031500_chunk_020.wav,12000,354,357
12360,12363,Troglodytes troglodytes,Eurasian Wren,0.4745,243B1F02648873F9_20260412_031500.WAV,14,0.0,1.0,0.25,BirdNET_GLOBAL_6K_V2.4_Model_FP32.tflite,243B1F02648873F9_20260412_031500_chunk_020.wav,12000,360,363
12363,12366,Troglodytes troglodytes,Eurasian Wren,0.4853,243B1F02648873F9_20260412_031500.WAV,14,0.0,1.0,0.25,BirdNET_GLOBAL_6K_V2.4_Model_FP32.tflite,243B1F02648873F9_20260412_031500_chunk_020.wav,12000,363,366
12366,12369,Erithacus rubecula,European Robin,0.6044,243B1F02648873F9_20260412_031500.WAV,14,0.0,1.0,0.25,BirdNET_GLOBAL_6K_V2.4_Model_FP32.tflite,243B1F02648873F9_20260412_031500_chunk_020.wav,12000,366,369
12372,12375,Troglodytes troglodytes,Eurasian Wren,0.5987,243B1F02648873F9_20260412_031500.WAV,14,0.0,1.0,0.25,BirdNET_GLOBAL_6K_V2.4_Model_FP32.tflite,243B1F02648873F9_20260412_031500_chunk_020.wav,12000,372,375
12399,12402,Columba palumbus,Common Wood-Pigeon,0.2769,243B1F02648873F9_20260412_031500.WAV,14,0.0,1.0,0.25,BirdNET_GLOBAL_6K_V2.4_Model_FP32.tflite,243B1F02648873F9_20260412_031500_chunk_020.wav,12000,399,402
12402,12405,Columba palumbus,Common Wood-Pigeon,0.3746,243B1F02648873F9_20260412_031500.WAV,14,0.0,1.0,0.25,BirdNET_GLOBAL_6K_V2.4_Model_FP32.tflite,243B1F02648873F9_20260412_031500_chunk_020.wav,12000,402,405
12408,12411,Turdus merula,Eurasian Blackbird,0.3631,243B1F02648873F9_20260412_031500.WAV,14,0.0,1.0,0.25,BirdNET_GLOBAL_6K_V2.4_Model_FP32.tflite,243B1F02648873F9_20260412_031500_chunk_020.wav,12000,408,411
12414,12417,Certhia familiaris,Eurasian Treecreeper,0.3442,243B1F02648873F9_20260412_031500.WAV,14,0.0,1.0,0.25,BirdNET_GLOBAL_6K_V2.4_Model_FP32.tflite,243B1F02648873F9_20260412_031500_chunk_020.wav,12000,414,417
12420,12423,Parus major,Great Tit,0.3158,243B1F02648873F9_20260412_031500.WAV,14,0.0,1.0,0.25,BirdNET_GLOBAL_6K_V2.4_Model_FP32.tflite,243B1F02648873F9_20260412_031500_chunk_020.wav,12000,420,423
12420,12423,Periparus ater,Coal Tit,0.3117,243B1F02648873F9_20260412_031500.WAV,14,0.0,1.0,0.25,BirdNET_GLOBAL_6K_V2.4_Model_FP32.tflite,243B1F02648873F9_20260412_031500_chunk_020.wav,12000,420,423
12423,12426,Columba palumbus,Common Wood-Pigeon,0.8989,243B1F02648873F9_20260412_031500.WAV,14,0.0,1.0,0.25,BirdNET_GLOBAL_6K_V2.4_Model_FP32.tflite,243B1F02648873F9_20260412_031500_chunk_020.wav,12000,423,426
12435,12438,Certhia familiaris,Eurasian Treecreeper,0.3610,243B1F02648873F9_20260412_031500.WAV,14,0.0,1.0,0.25,BirdNET_GLOBAL_6K_V2.4_Model_FP32.tflite,243B1F02648873F9_20260412_031500_chunk_020.wav,12000,435,438
12444,12447,Certhia familiaris,Eurasian Treecreeper,0.6053,243B1F02648873F9_20260412_031500.WAV,14,0.0,1.0,0.25,BirdNET_GLOBAL_6K_V2.4_Model_FP32.tflite,243B1F02648873F9_20260412_031500_chunk_020.wav,12000,444,447
12447,12450,Certhia familiaris,Eurasian Treecreeper,0.5531,243B1F02648873F9_20260412_031500.WAV,14,0.0,1.0,0.25,BirdNET_GLOBAL_6K_V2.4_Model_FP32.tflite,243B1F02648873F9_20260412_031500_chunk_020.wav,12000,447,450
12450,12453,Regulus regulus,Goldcrest,0.2744,243B1F02648873F9_20260412_031500.WAV,14,0.0,1.0,0.25,BirdNET_GLOBAL_6K_V2.4_Model_FP32.tflite,243B1F02648873F9_20260412_031500_chunk_020.wav,12000,450,453
12453,12456,Parus major,Great Tit,0.5010,243B1F02648873F9_20260412_031500.WAV,14,0.0,1.0,0.25,BirdNET_GLOBAL_6K_V2.4_Model_FP32.tflite,243B1F02648873F9_20260412_031500_chunk_020.wav,12000,453,456
12462,12465,Parus major,Great Tit,0.3540,243B1F02648873F9_20260412_031500.WAV,14,0.0,1.0,0.25,BirdNET_GLOBAL_6K_V2.4_Model_FP32.tflite,243B1F02648873F9_20260412_031500_chunk_020.wav,12000,462,465
12471,12474,Parus major,Great Tit,0.3586,243B1F02648873F9_20260412_031500.WAV,14,0.0,1.0,0.25,BirdNET_GLOBAL_6K_V2.4_Model_FP32.tflite,243B1F02648873F9_20260412_031500_chunk_020.wav,12000,471,474
12477,12480,Columba palumbus,Common Wood-Pigeon,0.2884,243B1F02648873F9_20260412_031500.WAV,14,0.0,1.0,0.25,BirdNET_GLOBAL_6K_V2.4_Model_FP32.tflite,243B1F02648873F9_20260412_031500_chunk_020.wav,12000,477,480
12492,12495,Troglodytes troglodytes,Eurasian Wren,0.3463,243B1F02648873F9_20260412_031500.WAV,14,0.0,1.0,0.25,BirdNET_GLOBAL_6K_V2.4_Model_FP32.tflite,243B1F02648873F9_20260412_031500_chunk_020.wav,12000,492,495
12495,12498,Periparus ater,Coal Tit,0.2645,243B1F02648873F9_20260412_031500.WAV,14,0.0,1.0,0.25,BirdNET_GLOBAL_6K_V2.4_Model_FP32.tflite,243B1F02648873F9_20260412_031500_chunk_020.wav,12000,495,498
12501,12504,Troglodytes troglodytes,Eurasian Wren,0.5218,243B1F02648873F9_20260412_031500.WAV,14,0.0,1.0,0.25,BirdNET_GLOBAL_6K_V2.4_Model_FP32.tflite,243B1F02648873F9_20260412_031500_chunk_020.wav,12000,501,504
12507,12510,Columba palumbus,Common Wood-Pigeon,0.5875,243B1F02648873F9_20260412_031500.WAV,14,0.0,1.0,0.25,BirdNET_GLOBAL_6K_V2.4_Model_FP32.tflite,243B1F02648873F9_20260412_031500_chunk_020.wav,12000,507,510
12510,12513,Parus major,Great Tit,0.3724,243B1F02648873F9_20260412_031500.WAV,14,0.0,1.0,0.25,BirdNET_GLOBAL_6K_V2.4_Model_FP32.tflite,243B1F02648873F9_20260412_031500_chunk_020.wav,12000,510,513
12510,12513,Columba palumbus,Common Wood-Pigeon,0.2921,243B1F02648873F9_20260412_031500.WAV,14,0.0,1.0,0.25,BirdNET_GLOBAL_6K_V2.4_Model_FP32.tflite,243B1F02648873F9_20260412_031500_chunk_020.wav,12000,510,513
12513,12516,Columba palumbus,Common Wood-Pigeon,0.8655,243B1F02648873F9_20260412_031500.WAV,14,0.0,1.0,0.25,BirdNET_GLOBAL_6K_V2.4_Model_FP32.tflite,243B1F02648873F9_20260412_031500_chunk_020.wav,12000,513,516
12513,12516,Columba livia,Rock Pigeon,0.3587,243B1F02648873F9_20260412_031500.WAV,14,0.0,1.0,0.25,BirdNET_GLOBAL_6K_V2.4_Model_FP32.tflite,243B1F02648873F9_20260412_031500_chunk_020.wav,12000,513,516
12516,12519,Columba palumbus,Common Wood-Pigeon,0.6434,243B1F02648873F9_20260412_031500.WAV,14,0.0,1.0,0.25,BirdNET_GLOBAL_6K_V2.4_Model_FP32.tflite,243B1F02648873F9_20260412_031500_chunk_020.wav,12000,516,519
12516,12519,Parus major,Great Tit,0.3485,243B1F02648873F9_20260412_031500.WAV,14,0.0,1.0,0.25,BirdNET_GLOBAL_6K_V2.4_Model_FP32.tflite,243B1F02648873F9_20260412_031500_chunk_020.wav,12000,516,519
12525,12528,Columba palumbus,Common Wood-Pigeon,0.4063,243B1F02648873F9_20260412_031500.WAV,14,0.0,1.0,0.25,BirdNET_GLOBAL_6K_V2.4_Model_FP32.tflite,243B1F02648873F9_20260412_031500_chunk_020.wav,12000,525,528
12525,12528,Certhia familiaris,Eurasian Treecreeper,0.2787,243B1F02648873F9_20260412_031500.WAV,14,0.0,1.0,0.25,BirdNET_GLOBAL_6K_V2.4_Model_FP32.tflite,243B1F02648873F9_20260412_031500_chunk_020.wav,12000,525,528
12528,12531,Certhia familiaris,Eurasian Treecreeper,0.2538,243B1F02648873F9_20260412_031500.WAV,14,0.0,1.0,0.25,BirdNET_GLOBAL_6K_V2.4_Model_FP32.tflite,243B1F02648873F9_20260412_031500_chunk_020.wav,12000,528,531
12531,12534,Columba palumbus,Common Wood-Pigeon,0.6062,243B1F02648873F9_20260412_031500.WAV,14,0.0,1.0,0.25,BirdNET_GLOBAL_6K_V2.4_Model_FP32.tflite,243B1F02648873F9_20260412_031500_chunk_020.wav,12000,531,534
12534,12537,Parus major,Great Tit,0.6757,243B1F02648873F9_20260412_031500.WAV,14,0.0,1.0,0.25,BirdNET_GLOBAL_6K_V2.4_Model_FP32.tflite,243B1F02648873F9_20260412_031500_chunk_020.wav,12000,534,537
12537,12540,Certhia familiaris,Eurasian Treecreeper,0.6071,243B1F02648873F9_20260412_031500.WAV,14,0.0,1.0,0.25,BirdNET_GLOBAL_6K_V2.4_Model_FP32.tflite,243B1F02648873F9_20260412_031500_chunk_020.wav,12000,537,540
12543,12546,Parus major,Great Tit,0.2617,243B1F02648873F9_20260412_031500.WAV,14,0.0,1.0,0.25,BirdNET_GLOBAL_6K_V2.4_Model_FP32.tflite,243B1F02648873F9_20260412_031500_chunk_020.wav,12000,543,546
12546,12549,Parus major,Great Tit,0.7509,243B1F02648873F9_20260412_031500.WAV,14,0.0,1.0,0.25,BirdNET_GLOBAL_6K_V2.4_Model_FP32.tflite,243B1F02648873F9_20260412_031500_chunk_020.wav,12000,546,549
12549,12552,Columba palumbus,Common Wood-Pigeon,0.9259,243B1F02648873F9_20260412_031500.WAV,14,0.0,1.0,0.25,BirdNET_GLOBAL_6K_V2.4_Model_FP32.tflite,243B1F02648873F9_20260412_031500_chunk_020.wav,12000,549,552
12549,12552,Certhia familiaris,Eurasian Treecreeper,0.4950,243B1F02648873F9_20260412_031500.WAV,14,0.0,1.0,0.25,BirdNET_GLOBAL_6K_V2.4_Model_FP32.tflite,243B1F02648873F9_20260412_031500_chunk_020.wav,12000,549,552
12552,12555,Columba palumbus,Common Wood-Pigeon,0.9761,243B1F02648873F9_20260412_031500.WAV,14,0.0,1.0,0.25,BirdNET_GLOBAL_6K_V2.4_Model_FP32.tflite,243B1F02648873F9_20260412_031500_chunk_020.wav,12000,552,555
12552,12555,Parus major,Great Tit,0.2645,243B1F02648873F9_20260412_031500.WAV,14,0.0,1.0,0.25,BirdNET_GLOBAL_6K_V2.4_Model_FP32.tflite,243B1F02648873F9_20260412_031500_chunk_020.wav,12000,552,555
12555,12558,Columba palumbus,Common Wood-Pigeon,0.9294,243B1F02648873F9_20260412_031500.WAV,14,0.0,1.0,0.25,BirdNET_GLOBAL_6K_V2.4_Model_FP32.tflite,243B1F02648873F9_20260412_031500_chunk_020.wav,12000,555,558
12558,12561,Columba palumbus,Common Wood-Pigeon,0.4943,243B1F02648873F9_20260412_031500.WAV,14,0.0,1.0,0.25,BirdNET_GLOBAL_6K_V2.4_Model_FP32.tflite,243B1F02648873F9_20260412_031500_chunk_020.wav,12000,558,561
12561,12564,Parus major,Great Tit,0.5188,243B1F02648873F9_20260412_031500.WAV,14,0.0,1.0,0.25,BirdNET_GLOBAL_6K_V2.4_Model_FP32.tflite,243B1F02648873F9_20260412_031500_chunk_020.wav,12000,561,564
12561,12564,Certhia familiaris,Eurasian Treecreeper,0.3995,243B1F02648873F9_20260412_031500.WAV,14,0.0,1.0,0.25,BirdNET_GLOBAL_6K_V2.4_Model_FP32.tflite,243B1F02648873F9_20260412_031500_chunk_020.wav,12000,561,564
12579,12582,Certhia familiaris,Eurasian Treecreeper,0.7617,243B1F02648873F9_20260412_031500.WAV,14,0.0,1.0,0.25,BirdNET_GLOBAL_6K_V2.4_Model_FP32.tflite,243B1F02648873F9_20260412_031500_chunk_020.wav,12000,579,582
12582,12585,Certhia familiaris,Eurasian Treecreeper,0.3960,243B1F02648873F9_20260412_031500.WAV,14,0.0,1.0,0.25,BirdNET_GLOBAL_6K_V2.4_Model_FP32.tflite,243B1F02648873F9_20260412_031500_chunk_020.wav,12000,582,585
12585,12588,Certhia familiaris,Eurasian Treecreeper,0.2623,243B1F02648873F9_20260412_031500.WAV,14,0.0,1.0,0.25,BirdNET_GLOBAL_6K_V2.4_Model_FP32.tflite,243B1F02648873F9_20260412_031500_chunk_020.wav,12000,585,588
12591,12594,Larus argentatus,Herring Gull,0.3973,243B1F02648873F9_20260412_031500.WAV,14,0.0,1.0,0.25,BirdNET_GLOBAL_6K_V2.4_Model_FP32.tflite,243B1F02648873F9_20260412_031500_chunk_020.wav,12000,591,594
12600,12603,Columba palumbus,Common Wood-Pigeon,0.2590,243B1F02648873F9_20260412_031500.WAV,14,0.0,1.0,0.25,BirdNET_GLOBAL_6K_V2.4_Model_FP32.tflite,243B1F02648873F9_20260412_031500_chunk_021.wav,12600,0,3
12603,12606,Columba palumbus,Common Wood-Pigeon,0.5078,243B1F02648873F9_20260412_031500.WAV,14,0.0,1.0,0.25,BirdNET_GLOBAL_6K_V2.4_Model_FP32.tflite,243B1F02648873F9_20260412_031500_chunk_021.wav,12600,3,6
12603,12606,Certhia familiaris,Eurasian Treecreeper,0.3835,243B1F02648873F9_20260412_031500.WAV,14,0.0,1.0,0.25,BirdNET_GLOBAL_6K_V2.4_Model_FP32.tflite,243B1F02648873F9_20260412_031500_chunk_021.wav,12600,3,6
12618,12621,Certhia familiaris,Eurasian Treecreeper,0.6552,243B1F02648873F9_20260412_031500.WAV,14,0.0,1.0,0.25,BirdNET_GLOBAL_6K_V2.4_Model_FP32.tflite,243B1F02648873F9_20260412_031500_chunk_021.wav,12600,18,21
12621,12624,Cyanistes caeruleus,Eurasian Blue Tit,0.3895,243B1F02648873F9_20260412_031500.WAV,14,0.0,1.0,0.25,BirdNET_GLOBAL_6K_V2.4_Model_FP32.tflite,243B1F02648873F9_20260412_031500_chunk_021.wav,12600,21,24
12627,12630,Certhia familiaris,Eurasian Treecreeper,0.3238,243B1F02648873F9_20260412_031500.WAV,14,0.0,1.0,0.25,BirdNET_GLOBAL_6K_V2.4_Model_FP32.tflite,243B1F02648873F9_20260412_031500_chunk_021.wav,12600,27,30
12630,12633,Columba palumbus,Common Wood-Pigeon,0.6749,243B1F02648873F9_20260412_031500.WAV,14,0.0,1.0,0.25,BirdNET_GLOBAL_6K_V2.4_Model_FP32.tflite,243B1F02648873F9_20260412_031500_chunk_021.wav,12600,30,33
12642,12645,Cyanistes caeruleus,Eurasian Blue Tit,0.5915,243B1F02648873F9_20260412_031500.WAV,14,0.0,1.0,0.25,BirdNET_GLOBAL_6K_V2.4_Model_FP32.tflite,243B1F02648873F9_20260412_031500_chunk_021.wav,12600,42,45
12654,12657,Columba palumbus,Common Wood-Pigeon,0.9571,243B1F02648873F9_20260412_031500.WAV,14,0.0,1.0,0.25,BirdNET_GLOBAL_6K_V2.4_Model_FP32.tflite,243B1F02648873F9_20260412_031500_chunk_021.wav,12600,54,57
12657,12660,Columba palumbus,Common Wood-Pigeon,0.9597,243B1F02648873F9_20260412_031500.WAV,14,0.0,1.0,0.25,BirdNET_GLOBAL_6K_V2.4_Model_FP32.tflite,243B1F02648873F9_20260412_031500_chunk_021.wav,12600,57,60
12660,12663,Columba palumbus,Common Wood-Pigeon,0.9720,243B1F02648873F9_20260412_031500.WAV,14,0.0,1.0,0.25,BirdNET_GLOBAL_6K_V2.4_Model_FP32.tflite,243B1F02648873F9_20260412_031500_chunk_021.wav,12600,60,63
12663,12666,Columba palumbus,Common Wood-Pigeon,0.9888,243B1F02648873F9_20260412_031500.WAV,14,0.0,1.0,0.25,BirdNET_GLOBAL_6K_V2.4_Model_FP32.tflite,243B1F02648873F9_20260412_031500_chunk_021.wav,12600,63,66
12669,12672,Certhia familiaris,Eurasian Treecreeper,0.3897,243B1F02648873F9_20260412_031500.WAV,14,0.0,1.0,0.25,BirdNET_GLOBAL_6K_V2.4_Model_FP32.tflite,243B1F02648873F9_20260412_031500_chunk_021.wav,12600,69,72
12672,12675,Columba palumbus,Common Wood-Pigeon,0.9383,243B1F02648873F9_20260412_031500.WAV,14,0.0,1.0,0.25,BirdNET_GLOBAL_6K_V2.4_Model_FP32.tflite,243B1F02648873F9_20260412_031500_chunk_021.wav,12600,72,75
12675,12678,Columba palumbus,Common Wood-Pigeon,0.2724,243B1F02648873F9_20260412_031500.WAV,14,0.0,1.0,0.25,BirdNET_GLOBAL_6K_V2.4_Model_FP32.tflite,243B1F02648873F9_20260412_031500_chunk_021.wav,12600,75,78
12678,12681,Columba palumbus,Common Wood-Pigeon,0.8276,243B1F02648873F9_20260412_031500.WAV,14,0.0,1.0,0.25,BirdNET_GLOBAL_6K_V2.4_Model_FP32.tflite,243B1F02648873F9_20260412_031500_chunk_021.wav,12600,78,81
12681,12684,Columba oenas,Stock Dove,0.3537,243B1F02648873F9_20260412_031500.WAV,14,0.0,1.0,0.25,BirdNET_GLOBAL_6K_V2.4_Model_FP32.tflite,243B1F02648873F9_20260412_031500_chunk_021.wav,12600,81,84
12684,12687,Columba palumbus,Common Wood-Pigeon,0.3631,243B1F02648873F9_20260412_031500.WAV,14,0.0,1.0,0.25,BirdNET_GLOBAL_6K_V2.4_Model_FP32.tflite,243B1F02648873F9_20260412_031500_chunk_021.wav,12600,84,87
12708,12711,Regulus regulus,Goldcrest,0.4552,243B1F02648873F9_20260412_031500.WAV,14,0.0,1.0,0.25,BirdNET_GLOBAL_6K_V2.4_Model_FP32.tflite,243B1F02648873F9_20260412_031500_chunk_021.wav,12600,108,111
12729,12732,Columba palumbus,Common Wood-Pigeon,0.3348,243B1F02648873F9_20260412_031500.WAV,14,0.0,1.0,0.25,BirdNET_GLOBAL_6K_V2.4_Model_FP32.tflite,243B1F02648873F9_20260412_031500_chunk_021.wav,12600,129,132
12738,12741,Certhia familiaris,Eurasian Treecreeper,0.5834,243B1F02648873F9_20260412_031500.WAV,14,0.0,1.0,0.25,BirdNET_GLOBAL_6K_V2.4_Model_FP32.tflite,243B1F02648873F9_20260412_031500_chunk_021.wav,12600,138,141
12744,12747,Corvus cornix,Hooded Crow,0.8502,243B1F02648873F9_20260412_031500.WAV,14,0.0,1.0,0.25,BirdNET_GLOBAL_6K_V2.4_Model_FP32.tflite,243B1F02648873F9_20260412_031500_chunk_021.wav,12600,144,147
12744,12747,Corvus corone,Carrion Crow,0.7315,243B1F02648873F9_20260412_031500.WAV,14,0.0,1.0,0.25,BirdNET_GLOBAL_6K_V2.4_Model_FP32.tflite,243B1F02648873F9_20260412_031500_chunk_021.wav,12600,144,147
12747,12750,Certhia familiaris,Eurasian Treecreeper,0.3482,243B1F02648873F9_20260412_031500.WAV,14,0.0,1.0,0.25,BirdNET_GLOBAL_6K_V2.4_Model_FP32.tflite,243B1F02648873F9_20260412_031500_chunk_021.wav,12600,147,150
12753,12756,Certhia familiaris,Eurasian Treecreeper,0.8946,243B1F02648873F9_20260412_031500.WAV,14,0.0,1.0,0.25,BirdNET_GLOBAL_6K_V2.4_Model_FP32.tflite,243B1F02648873F9_20260412_031500_chunk_021.wav,12600,153,156
12756,12759,Certhia familiaris,Eurasian Treecreeper,0.6975,243B1F02648873F9_20260412_031500.WAV,14,0.0,1.0,0.25,BirdNET_GLOBAL_6K_V2.4_Model_FP32.tflite,243B1F02648873F9_20260412_031500_chunk_021.wav,12600,156,159
12756,12759,Corvus corone,Carrion Crow,0.5339,243B1F02648873F9_20260412_031500.WAV,14,0.0,1.0,0.25,BirdNET_GLOBAL_6K_V2.4_Model_FP32.tflite,243B1F02648873F9_20260412_031500_chunk_021.wav,12600,156,159
12756,12759,Corvus cornix,Hooded Crow,0.4930,243B1F02648873F9_20260412_031500.WAV,14,0.0,1.0,0.25,BirdNET_GLOBAL_6K_V2.4_Model_FP32.tflite,243B1F02648873F9_20260412_031500_chunk_021.wav,12600,156,159
12759,12762,Corvus cornix,Hooded Crow,0.5310,243B1F02648873F9_20260412_031500.WAV,14,0.0,1.0,0.25,BirdNET_GLOBAL_6K_V2.4_Model_FP32.tflite,243B1F02648873F9_20260412_031500_chunk_021.wav,12600,159,162
12759,12762,Corvus corone,Carrion Crow,0.5140,243B1F02648873F9_20260412_031500.WAV,14,0.0,1.0,0.25,BirdNET_GLOBAL_6K_V2.4_Model_FP32.tflite,243B1F02648873F9_20260412_031500_chunk_021.wav,12600,159,162
12777,12780,Corvus corone,Carrion Crow,0.3369,243B1F02648873F9_20260412_031500.WAV,14,0.0,1.0,0.25,BirdNET_GLOBAL_6K_V2.4_Model_FP32.tflite,243B1F02648873F9_20260412_031500_chunk_021.wav,12600,177,180
12780,12783,Troglodytes troglodytes,Eurasian Wren,0.7640,243B1F02648873F9_20260412_031500.WAV,14,0.0,1.0,0.25,BirdNET_GLOBAL_6K_V2.4_Model_FP32.tflite,243B1F02648873F9_20260412_031500_chunk_021.wav,12600,180,183
12783,12786,Troglodytes troglodytes,Eurasian Wren,0.3619,243B1F02648873F9_20260412_031500.WAV,14,0.0,1.0,0.25,BirdNET_GLOBAL_6K_V2.4_Model_FP32.tflite,243B1F02648873F9_20260412_031500_chunk_021.wav,12600,183,186
12786,12789,Dendrocopos major,Great Spotted Woodpecker,0.4810,243B1F02648873F9_20260412_031500.WAV,14,0.0,1.0,0.25,BirdNET_GLOBAL_6K_V2.4_Model_FP32.tflite,243B1F02648873F9_20260412_031500_chunk_021.wav,12600,186,189
12792,12795,Troglodytes troglodytes,Eurasian Wren,0.9449,243B1F02648873F9_20260412_031500.WAV,14,0.0,1.0,0.25,BirdNET_GLOBAL_6K_V2.4_Model_FP32.tflite,243B1F02648873F9_20260412_031500_chunk_021.wav,12600,192,195
12798,12801,Troglodytes troglodytes,Eurasian Wren,0.4449,243B1F02648873F9_20260412_031500.WAV,14,0.0,1.0,0.25,BirdNET_GLOBAL_6K_V2.4_Model_FP32.tflite,243B1F02648873F9_20260412_031500_chunk_021.wav,12600,198,201
12807,12810,Corvus corone,Carrion Crow,0.3554,243B1F02648873F9_20260412_031500.WAV,14,0.0,1.0,0.25,BirdNET_GLOBAL_6K_V2.4_Model_FP32.tflite,243B1F02648873F9_20260412_031500_chunk_021.wav,12600,207,210
12813,12816,Corvus corone,Carrion Crow,0.4072,243B1F02648873F9_20260412_031500.WAV,14,0.0,1.0,0.25,BirdNET_GLOBAL_6K_V2.4_Model_FP32.tflite,243B1F02648873F9_20260412_031500_chunk_021.wav,12600,213,216
12816,12819,Columba palumbus,Common Wood-Pigeon,0.8959,243B1F02648873F9_20260412_031500.WAV,14,0.0,1.0,0.25,BirdNET_GLOBAL_6K_V2.4_Model_FP32.tflite,243B1F02648873F9_20260412_031500_chunk_021.wav,12600,216,219
12819,12822,Troglodytes troglodytes,Eurasian Wren,0.3018,243B1F02648873F9_20260412_031500.WAV,14,0.0,1.0,0.25,BirdNET_GLOBAL_6K_V2.4_Model_FP32.tflite,243B1F02648873F9_20260412_031500_chunk_021.wav,12600,219,222
12819,12822,Corvus cornix,Hooded Crow,0.2705,243B1F02648873F9_20260412_031500.WAV,14,0.0,1.0,0.25,BirdNET_GLOBAL_6K_V2.4_Model_FP32.tflite,243B1F02648873F9_20260412_031500_chunk_021.wav,12600,219,222
12822,12825,Columba palumbus,Common Wood-Pigeon,0.3190,243B1F02648873F9_20260412_031500.WAV,14,0.0,1.0,0.25,BirdNET_GLOBAL_6K_V2.4_Model_FP32.tflite,243B1F02648873F9_20260412_031500_chunk_021.wav,12600,222,225
12828,12831,Cyanistes caeruleus,Eurasian Blue Tit,0.6930,243B1F02648873F9_20260412_031500.WAV,14,0.0,1.0,0.25,BirdNET_GLOBAL_6K_V2.4_Model_FP32.tflite,243B1F02648873F9_20260412_031500_chunk_021.wav,12600,228,231
12831,12834,Cyanistes caeruleus,Eurasian Blue Tit,0.4218,243B1F02648873F9_20260412_031500.WAV,14,0.0,1.0,0.25,BirdNET_GLOBAL_6K_V2.4_Model_FP32.tflite,243B1F02648873F9_20260412_031500_chunk_021.wav,12600,231,234
12837,12840,Corvus corone,Carrion Crow,0.2867,243B1F02648873F9_20260412_031500.WAV,14,0.0,1.0,0.25,BirdNET_GLOBAL_6K_V2.4_Model_FP32.tflite,243B1F02648873F9_20260412_031500_chunk_021.wav,12600,237,240
12846,12849,Troglodytes troglodytes,Eurasian Wren,0.4461,243B1F02648873F9_20260412_031500.WAV,14,0.0,1.0,0.25,BirdNET_GLOBAL_6K_V2.4_Model_FP32.tflite,243B1F02648873F9_20260412_031500_chunk_021.wav,12600,246,249
12849,12852,Troglodytes troglodytes,Eurasian Wren,0.5214,243B1F02648873F9_20260412_031500.WAV,14,0.0,1.0,0.25,BirdNET_GLOBAL_6K_V2.4_Model_FP32.tflite,243B1F02648873F9_20260412_031500_chunk_021.wav,12600,249,252
12852,12855,Troglodytes troglodytes,Eurasian Wren,0.6356,243B1F02648873F9_20260412_031500.WAV,14,0.0,1.0,0.25,BirdNET_GLOBAL_6K_V2.4_Model_FP32.tflite,243B1F02648873F9_20260412_031500_chunk_021.wav,12600,252,255
12855,12858,Troglodytes troglodytes,Eurasian Wren,0.6871,243B1F02648873F9_20260412_031500.WAV,14,0.0,1.0,0.25,BirdNET_GLOBAL_6K_V2.4_Model_FP32.tflite,243B1F02648873F9_20260412_031500_chunk_021.wav,12600,255,258
12861,12864,Columba palumbus,Common Wood-Pigeon,0.3831,243B1F02648873F9_20260412_031500.WAV,14,0.0,1.0,0.25,BirdNET_GLOBAL_6K_V2.4_Model_FP32.tflite,243B1F02648873F9_20260412_031500_chunk_021.wav,12600,261,264
12861,12864,Troglodytes troglodytes,Eurasian Wren,0.2681,243B1F02648873F9_20260412_031500.WAV,14,0.0,1.0,0.25,BirdNET_GLOBAL_6K_V2.4_Model_FP32.tflite,243B1F02648873F9_20260412_031500_chunk_021.wav,12600,261,264
12864,12867,Columba palumbus,Common Wood-Pigeon,0.5431,243B1F02648873F9_20260412_031500.WAV,14,0.0,1.0,0.25,BirdNET_GLOBAL_6K_V2.4_Model_FP32.tflite,243B1F02648873F9_20260412_031500_chunk_021.wav,12600,264,267
12867,12870,Columba palumbus,Common Wood-Pigeon,0.5996,243B1F02648873F9_20260412_031500.WAV,14,0.0,1.0,0.25,BirdNET_GLOBAL_6K_V2.4_Model_FP32.tflite,243B1F02648873F9_20260412_031500_chunk_021.wav,12600,267,270
12870,12873,Columba palumbus,Common Wood-Pigeon,0.4571,243B1F02648873F9_20260412_031500.WAV,14,0.0,1.0,0.25,BirdNET_GLOBAL_6K_V2.4_Model_FP32.tflite,243B1F02648873F9_20260412_031500_chunk_021.wav,12600,270,273
12879,12882,Certhia familiaris,Eurasian Treecreeper,0.3724,243B1F02648873F9_20260412_031500.WAV,14,0.0,1.0,0.25,BirdNET_GLOBAL_6K_V2.4_Model_FP32.tflite,243B1F02648873F9_20260412_031500_chunk_021.wav,12600,279,282
12885,12888,Troglodytes troglodytes,Eurasian Wren,0.5644,243B1F02648873F9_20260412_031500.WAV,14,0.0,1.0,0.25,BirdNET_GLOBAL_6K_V2.4_Model_FP32.tflite,243B1F02648873F9_20260412_031500_chunk_021.wav,12600,285,288
12888,12891,Troglodytes troglodytes,Eurasian Wren,0.4101,243B1F02648873F9_20260412_031500.WAV,14,0.0,1.0,0.25,BirdNET_GLOBAL_6K_V2.4_Model_FP32.tflite,243B1F02648873F9_20260412_031500_chunk_021.wav,12600,288,291
12891,12894,Troglodytes troglodytes,Eurasian Wren,0.3629,243B1F02648873F9_20260412_031500.WAV,14,0.0,1.0,0.25,BirdNET_GLOBAL_6K_V2.4_Model_FP32.tflite,243B1F02648873F9_20260412_031500_chunk_021.wav,12600,291,294
12894,12897,Troglodytes troglodytes,Eurasian Wren,0.8546,243B1F02648873F9_20260412_031500.WAV,14,0.0,1.0,0.25,BirdNET_GLOBAL_6K_V2.4_Model_FP32.tflite,243B1F02648873F9_20260412_031500_chunk_021.wav,12600,294,297
12897,12900,Troglodytes troglodytes,Eurasian Wren,0.4001,243B1F02648873F9_20260412_031500.WAV,14,0.0,1.0,0.25,BirdNET_GLOBAL_6K_V2.4_Model_FP32.tflite,243B1F02648873F9_20260412_031500_chunk_021.wav,12600,297,300
12900,12903,Troglodytes troglodytes,Eurasian Wren,0.6157,243B1F02648873F9_20260412_031500.WAV,14,0.0,1.0,0.25,BirdNET_GLOBAL_6K_V2.4_Model_FP32.tflite,243B1F02648873F9_20260412_031500_chunk_021.wav,12600,300,303
12903,12906,Troglodytes troglodytes,Eurasian Wren,0.7332,243B1F02648873F9_20260412_031500.WAV,14,0.0,1.0,0.25,BirdNET_GLOBAL_6K_V2.4_Model_FP32.tflite,243B1F02648873F9_20260412_031500_chunk_021.wav,12600,303,306
12906,12909,Troglodytes troglodytes,Eurasian Wren,0.6406,243B1F02648873F9_20260412_031500.WAV,14,0.0,1.0,0.25,BirdNET_GLOBAL_6K_V2.4_Model_FP32.tflite,243B1F02648873F9_20260412_031500_chunk_021.wav,12600,306,309
12909,12912,Troglodytes troglodytes,Eurasian Wren,0.8871,243B1F02648873F9_20260412_031500.WAV,14,0.0,1.0,0.25,BirdNET_GLOBAL_6K_V2.4_Model_FP32.tflite,243B1F02648873F9_20260412_031500_chunk_021.wav,12600,309,312
12912,12915,Troglodytes troglodytes,Eurasian Wren,0.3224,243B1F02648873F9_20260412_031500.WAV,14,0.0,1.0,0.25,BirdNET_GLOBAL_6K_V2.4_Model_FP32.tflite,243B1F02648873F9_20260412_031500_chunk_021.wav,12600,312,315
12915,12918,Troglodytes troglodytes,Eurasian Wren,0.3429,243B1F02648873F9_20260412_031500.WAV,14,0.0,1.0,0.25,BirdNET_GLOBAL_6K_V2.4_Model_FP32.tflite,243B1F02648873F9_20260412_031500_chunk_021.wav,12600,315,318
12924,12927,Parus major,Great Tit,0.2696,243B1F02648873F9_20260412_031500.WAV,14,0.0,1.0,0.25,BirdNET_GLOBAL_6K_V2.4_Model_FP32.tflite,243B1F02648873F9_20260412_031500_chunk_021.wav,12600,324,327
12930,12933,Certhia familiaris,Eurasian Treecreeper,0.2717,243B1F02648873F9_20260412_031500.WAV,14,0.0,1.0,0.25,BirdNET_GLOBAL_6K_V2.4_Model_FP32.tflite,243B1F02648873F9_20260412_031500_chunk_021.wav,12600,330,333
12936,12939,Certhia familiaris,Eurasian Treecreeper,0.7543,243B1F02648873F9_20260412_031500.WAV,14,0.0,1.0,0.25,BirdNET_GLOBAL_6K_V2.4_Model_FP32.tflite,243B1F02648873F9_20260412_031500_chunk_021.wav,12600,336,339
12942,12945,Parus major,Great Tit,0.5703,243B1F02648873F9_20260412_031500.WAV,14,0.0,1.0,0.25,BirdNET_GLOBAL_6K_V2.4_Model_FP32.tflite,243B1F02648873F9_20260412_031500_chunk_021.wav,12600,342,345
12945,12948,Parus major,Great Tit,0.7321,243B1F02648873F9_20260412_031500.WAV,14,0.0,1.0,0.25,BirdNET_GLOBAL_6K_V2.4_Model_FP32.tflite,243B1F02648873F9_20260412_031500_chunk_021.wav,12600,345,348
12948,12951,Parus major,Great Tit,0.2619,243B1F02648873F9_20260412_031500.WAV,14,0.0,1.0,0.25,BirdNET_GLOBAL_6K_V2.4_Model_FP32.tflite,243B1F02648873F9_20260412_031500_chunk_021.wav,12600,348,351
12954,12957,Parus major,Great Tit,0.4279,243B1F02648873F9_20260412_031500.WAV,14,0.0,1.0,0.25,BirdNET_GLOBAL_6K_V2.4_Model_FP32.tflite,243B1F02648873F9_20260412_031500_chunk_021.wav,12600,354,357
12957,12960,Parus major,Great Tit,0.4451,243B1F02648873F9_20260412_031500.WAV,14,0.0,1.0,0.25,BirdNET_GLOBAL_6K_V2.4_Model_FP32.tflite,243B1F02648873F9_20260412_031500_chunk_021.wav,12600,357,360
12960,12963,Parus major,Great Tit,0.5120,243B1F02648873F9_20260412_031500.WAV,14,0.0,1.0,0.25,BirdNET_GLOBAL_6K_V2.4_Model_FP32.tflite,243B1F02648873F9_20260412_031500_chunk_021.wav,12600,360,363
12963,12966,Parus major,Great Tit,0.5927,243B1F02648873F9_20260412_031500.WAV,14,0.0,1.0,0.25,BirdNET_GLOBAL_6K_V2.4_Model_FP32.tflite,243B1F02648873F9_20260412_031500_chunk_021.wav,12600,363,366
12975,12978,Troglodytes troglodytes,Eurasian Wren,0.4657,243B1F02648873F9_20260412_031500.WAV,14,0.0,1.0,0.25,BirdNET_GLOBAL_6K_V2.4_Model_FP32.tflite,243B1F02648873F9_20260412_031500_chunk_021.wav,12600,375,378
12978,12981,Parus major,Great Tit,0.3951,243B1F02648873F9_20260412_031500.WAV,14,0.0,1.0,0.25,BirdNET_GLOBAL_6K_V2.4_Model_FP32.tflite,243B1F02648873F9_20260412_031500_chunk_021.wav,12600,378,381
12981,12984,Troglodytes troglodytes,Eurasian Wren,0.8641,243B1F02648873F9_20260412_031500.WAV,14,0.0,1.0,0.25,BirdNET_GLOBAL_6K_V2.4_Model_FP32.tflite,243B1F02648873F9_20260412_031500_chunk_021.wav,12600,381,384
12984,12987,Troglodytes troglodytes,Eurasian Wren,0.6928,243B1F02648873F9_20260412_031500.WAV,14,0.0,1.0,0.25,BirdNET_GLOBAL_6K_V2.4_Model_FP32.tflite,243B1F02648873F9_20260412_031500_chunk_021.wav,12600,384,387
12990,12993,Dendrocopos major,Great Spotted Woodpecker,0.3236,243B1F02648873F9_20260412_031500.WAV,14,0.0,1.0,0.25,BirdNET_GLOBAL_6K_V2.4_Model_FP32.tflite,243B1F02648873F9_20260412_031500_chunk_021.wav,12600,390,393
12996,12999,Phylloscopus collybita,Common Chiffchaff,0.3639,243B1F02648873F9_20260412_031500.WAV,14,0.0,1.0,0.25,BirdNET_GLOBAL_6K_V2.4_Model_FP32.tflite,243B1F02648873F9_20260412_031500_chunk_021.wav,12600,396,399
13002,13005,Parus major,Great Tit,0.3086,243B1F02648873F9_20260412_031500.WAV,14,0.0,1.0,0.25,BirdNET_GLOBAL_6K_V2.4_Model_FP32.tflite,243B1F02648873F9_20260412_031500_chunk_021.wav,12600,402,405
13002,13005,Columba palumbus,Common Wood-Pigeon,0.2581,243B1F02648873F9_20260412_031500.WAV,14,0.0,1.0,0.25,BirdNET_GLOBAL_6K_V2.4_Model_FP32.tflite,243B1F02648873F9_20260412_031500_chunk_021.wav,12600,402,405
13005,13008,Troglodytes troglodytes,Eurasian Wren,0.9732,243B1F02648873F9_20260412_031500.WAV,14,0.0,1.0,0.25,BirdNET_GLOBAL_6K_V2.4_Model_FP32.tflite,243B1F02648873F9_20260412_031500_chunk_021.wav,12600,405,408
13008,13011,Troglodytes troglodytes,Eurasian Wren,0.9968,243B1F02648873F9_20260412_031500.WAV,14,0.0,1.0,0.25,BirdNET_GLOBAL_6K_V2.4_Model_FP32.tflite,243B1F02648873F9_20260412_031500_chunk_021.wav,12600,408,411
13011,13014,Troglodytes troglodytes,Eurasian Wren,0.9900,243B1F02648873F9_20260412_031500.WAV,14,0.0,1.0,0.25,BirdNET_GLOBAL_6K_V2.4_Model_FP32.tflite,243B1F02648873F9_20260412_031500_chunk_021.wav,12600,411,414
13023,13026,Troglodytes troglodytes,Eurasian Wren,0.9814,243B1F02648873F9_20260412_031500.WAV,14,0.0,1.0,0.25,BirdNET_GLOBAL_6K_V2.4_Model_FP32.tflite,243B1F02648873F9_20260412_031500_chunk_021.wav,12600,423,426
13026,13029,Troglodytes troglodytes,Eurasian Wren,0.9970,243B1F02648873F9_20260412_031500.WAV,14,0.0,1.0,0.25,BirdNET_GLOBAL_6K_V2.4_Model_FP32.tflite,243B1F02648873F9_20260412_031500_chunk_021.wav,12600,426,429
13029,13032,Troglodytes troglodytes,Eurasian Wren,0.9931,243B1F02648873F9_20260412_031500.WAV,14,0.0,1.0,0.25,BirdNET_GLOBAL_6K_V2.4_Model_FP32.tflite,243B1F02648873F9_20260412_031500_chunk_021.wav,12600,429,432
13041,13044,Troglodytes troglodytes,Eurasian Wren,0.9931,243B1F02648873F9_20260412_031500.WAV,14,0.0,1.0,0.25,BirdNET_GLOBAL_6K_V2.4_Model_FP32.tflite,243B1F02648873F9_20260412_031500_chunk_021.wav,12600,441,444
13044,13047,Larus fuscus,Lesser Black-backed Gull,0.3690,243B1F02648873F9_20260412_031500.WAV,14,0.0,1.0,0.25,BirdNET_GLOBAL_6K_V2.4_Model_FP32.tflite,243B1F02648873F9_20260412_031500_chunk_021.wav,12600,444,447
13047,13050,Larus fuscus,Lesser Black-backed Gull,0.6769,243B1F02648873F9_20260412_031500.WAV,14,0.0,1.0,0.25,BirdNET_GLOBAL_6K_V2.4_Model_FP32.tflite,243B1F02648873F9_20260412_031500_chunk_021.wav,12600,447,450
13050,13053,Troglodytes troglodytes,Eurasian Wren,0.9925,243B1F02648873F9_20260412_031500.WAV,14,0.0,1.0,0.25,BirdNET_GLOBAL_6K_V2.4_Model_FP32.tflite,243B1F02648873F9_20260412_031500_chunk_021.wav,12600,450,453
13053,13056,Troglodytes troglodytes,Eurasian Wren,0.9995,243B1F02648873F9_20260412_031500.WAV,14,0.0,1.0,0.25,BirdNET_GLOBAL_6K_V2.4_Model_FP32.tflite,243B1F02648873F9_20260412_031500_chunk_021.wav,12600,453,456
13065,13068,Corvus cornix,Hooded Crow,0.8250,243B1F02648873F9_20260412_031500.WAV,14,0.0,1.0,0.25,BirdNET_GLOBAL_6K_V2.4_Model_FP32.tflite,243B1F02648873F9_20260412_031500_chunk_021.wav,12600,465,468
13065,13068,Corvus corone,Carrion Crow,0.4481,243B1F02648873F9_20260412_031500.WAV,14,0.0,1.0,0.25,BirdNET_GLOBAL_6K_V2.4_Model_FP32.tflite,243B1F02648873F9_20260412_031500_chunk_021.wav,12600,465,468
13068,13071,Corvus cornix,Hooded Crow,0.5762,243B1F02648873F9_20260412_031500.WAV,14,0.0,1.0,0.25,BirdNET_GLOBAL_6K_V2.4_Model_FP32.tflite,243B1F02648873F9_20260412_031500_chunk_021.wav,12600,468,471
13068,13071,Corvus corone,Carrion Crow,0.4184,243B1F02648873F9_20260412_031500.WAV,14,0.0,1.0,0.25,BirdNET_GLOBAL_6K_V2.4_Model_FP32.tflite,243B1F02648873F9_20260412_031500_chunk_021.wav,12600,468,471
13074,13077,Corvus cornix,Hooded Crow,0.7667,243B1F02648873F9_20260412_031500.WAV,14,0.0,1.0,0.25,BirdNET_GLOBAL_6K_V2.4_Model_FP32.tflite,243B1F02648873F9_20260412_031500_chunk_021.wav,12600,474,477
13077,13080,Corvus cornix,Hooded Crow,0.9159,243B1F02648873F9_20260412_031500.WAV,14,0.0,1.0,0.25,BirdNET_GLOBAL_6K_V2.4_Model_FP32.tflite,243B1F02648873F9_20260412_031500_chunk_021.wav,12600,477,480
13077,13080,Corvus corone,Carrion Crow,0.3678,243B1F02648873F9_20260412_031500.WAV,14,0.0,1.0,0.25,BirdNET_GLOBAL_6K_V2.4_Model_FP32.tflite,243B1F02648873F9_20260412_031500_chunk_021.wav,12600,477,480
13080,13083,Corvus cornix,Hooded Crow,0.9536,243B1F02648873F9_20260412_031500.WAV,14,0.0,1.0,0.25,BirdNET_GLOBAL_6K_V2.4_Model_FP32.tflite,243B1F02648873F9_20260412_031500_chunk_021.wav,12600,480,483
13083,13086,Corvus cornix,Hooded Crow,0.8774,243B1F02648873F9_20260412_031500.WAV,14,0.0,1.0,0.25,BirdNET_GLOBAL_6K_V2.4_Model_FP32.tflite,243B1F02648873F9_20260412_031500_chunk_021.wav,12600,483,486
13083,13086,Corvus corone,Carrion Crow,0.3930,243B1F02648873F9_20260412_031500.WAV,14,0.0,1.0,0.25,BirdNET_GLOBAL_6K_V2.4_Model_FP32.tflite,243B1F02648873F9_20260412_031500_chunk_021.wav,12600,483,486
13086,13089,Corvus cornix,Hooded Crow,0.9337,243B1F02648873F9_20260412_031500.WAV,14,0.0,1.0,0.25,BirdNET_GLOBAL_6K_V2.4_Model_FP32.tflite,243B1F02648873F9_20260412_031500_chunk_021.wav,12600,486,489
13086,13089,Corvus corone,Carrion Crow,0.2756,243B1F02648873F9_20260412_031500.WAV,14,0.0,1.0,0.25,BirdNET_GLOBAL_6K_V2.4_Model_FP32.tflite,243B1F02648873F9_20260412_031500_chunk_021.wav,12600,486,489
13089,13092,Corvus cornix,Hooded Crow,0.4704,243B1F02648873F9_20260412_031500.WAV,14,0.0,1.0,0.25,BirdNET_GLOBAL_6K_V2.4_Model_FP32.tflite,243B1F02648873F9_20260412_031500_chunk_021.wav,12600,489,492
13092,13095,Corvus cornix,Hooded Crow,0.7165,243B1F02648873F9_20260412_031500.WAV,14,0.0,1.0,0.25,BirdNET_GLOBAL_6K_V2.4_Model_FP32.tflite,243B1F02648873F9_20260412_031500_chunk_021.wav,12600,492,495
13092,13095,Corvus corone,Carrion Crow,0.3240,243B1F02648873F9_20260412_031500.WAV,14,0.0,1.0,0.25,BirdNET_GLOBAL_6K_V2.4_Model_FP32.tflite,243B1F02648873F9_20260412_031500_chunk_021.wav,12600,492,495
13095,13098,Corvus corone,Carrion Crow,0.2773,243B1F02648873F9_20260412_031500.WAV,14,0.0,1.0,0.25,BirdNET_GLOBAL_6K_V2.4_Model_FP32.tflite,243B1F02648873F9_20260412_031500_chunk_021.wav,12600,495,498
13098,13101,Corvus corone,Carrion Crow,0.4451,243B1F02648873F9_20260412_031500.WAV,14,0.0,1.0,0.25,BirdNET_GLOBAL_6K_V2.4_Model_FP32.tflite,243B1F02648873F9_20260412_031500_chunk_021.wav,12600,498,501
13098,13101,Corvus monedula,Eurasian Jackdaw,0.3756,243B1F02648873F9_20260412_031500.WAV,14,0.0,1.0,0.25,BirdNET_GLOBAL_6K_V2.4_Model_FP32.tflite,243B1F02648873F9_20260412_031500_chunk_021.wav,12600,498,501
13101,13104,Corvus monedula,Eurasian Jackdaw,0.5407,243B1F02648873F9_20260412_031500.WAV,14,0.0,1.0,0.25,BirdNET_GLOBAL_6K_V2.4_Model_FP32.tflite,243B1F02648873F9_20260412_031500_chunk_021.wav,12600,501,504
13107,13110,Corvus corone,Carrion Crow,0.6826,243B1F02648873F9_20260412_031500.WAV,14,0.0,1.0,0.25,BirdNET_GLOBAL_6K_V2.4_Model_FP32.tflite,243B1F02648873F9_20260412_031500_chunk_021.wav,12600,507,510
13107,13110,Corvus cornix,Hooded Crow,0.3985,243B1F02648873F9_20260412_031500.WAV,14,0.0,1.0,0.25,BirdNET_GLOBAL_6K_V2.4_Model_FP32.tflite,243B1F02648873F9_20260412_031500_chunk_021.wav,12600,507,510
13113,13116,Troglodytes troglodytes,Eurasian Wren,0.9937,243B1F02648873F9_20260412_031500.WAV,14,0.0,1.0,0.25,BirdNET_GLOBAL_6K_V2.4_Model_FP32.tflite,243B1F02648873F9_20260412_031500_chunk_021.wav,12600,513,516
13116,13119,Troglodytes troglodytes,Eurasian Wren,0.9762,243B1F02648873F9_20260412_031500.WAV,14,0.0,1.0,0.25,BirdNET_GLOBAL_6K_V2.4_Model_FP32.tflite,243B1F02648873F9_20260412_031500_chunk_021.wav,12600,516,519
13119,13122,Columba palumbus,Common Wood-Pigeon,0.6011,243B1F02648873F9_20260412_031500.WAV,14,0.0,1.0,0.25,BirdNET_GLOBAL_6K_V2.4_Model_FP32.tflite,243B1F02648873F9_20260412_031500_chunk_021.wav,12600,519,522
13122,13125,Columba palumbus,Common Wood-Pigeon,0.8136,243B1F02648873F9_20260412_031500.WAV,14,0.0,1.0,0.25,BirdNET_GLOBAL_6K_V2.4_Model_FP32.tflite,243B1F02648873F9_20260412_031500_chunk_021.wav,12600,522,525
13122,13125,Certhia familiaris,Eurasian Treecreeper,0.3519,243B1F02648873F9_20260412_031500.WAV,14,0.0,1.0,0.25,BirdNET_GLOBAL_6K_V2.4_Model_FP32.tflite,243B1F02648873F9_20260412_031500_chunk_021.wav,12600,522,525
13125,13128,Columba palumbus,Common Wood-Pigeon,0.8808,243B1F02648873F9_20260412_031500.WAV,14,0.0,1.0,0.25,BirdNET_GLOBAL_6K_V2.4_Model_FP32.tflite,243B1F02648873F9_20260412_031500_chunk_021.wav,12600,525,528
13128,13131,Troglodytes troglodytes,Eurasian Wren,0.9905,243B1F02648873F9_20260412_031500.WAV,14,0.0,1.0,0.25,BirdNET_GLOBAL_6K_V2.4_Model_FP32.tflite,243B1F02648873F9_20260412_031500_chunk_021.wav,12600,528,531
13131,13134,Troglodytes troglodytes,Eurasian Wren,0.9984,243B1F02648873F9_20260412_031500.WAV,14,0.0,1.0,0.25,BirdNET_GLOBAL_6K_V2.4_Model_FP32.tflite,243B1F02648873F9_20260412_031500_chunk_021.wav,12600,531,534
13134,13137,Troglodytes troglodytes,Eurasian Wren,0.9910,243B1F02648873F9_20260412_031500.WAV,14,0.0,1.0,0.25,BirdNET_GLOBAL_6K_V2.4_Model_FP32.tflite,243B1F02648873F9_20260412_031500_chunk_021.wav,12600,534,537
13140,13143,Troglodytes troglodytes,Eurasian Wren,0.9800,243B1F02648873F9_20260412_031500.WAV,14,0.0,1.0,0.25,BirdNET_GLOBAL_6K_V2.4_Model_FP32.tflite,243B1F02648873F9_20260412_031500_chunk_021.wav,12600,540,543
13143,13146,Troglodytes troglodytes,Eurasian Wren,0.9943,243B1F02648873F9_20260412_031500.WAV,14,0.0,1.0,0.25,BirdNET_GLOBAL_6K_V2.4_Model_FP32.tflite,243B1F02648873F9_20260412_031500_chunk_021.wav,12600,543,546
13146,13149,Troglodytes troglodytes,Eurasian Wren,0.9427,243B1F02648873F9_20260412_031500.WAV,14,0.0,1.0,0.25,BirdNET_GLOBAL_6K_V2.4_Model_FP32.tflite,243B1F02648873F9_20260412_031500_chunk_021.wav,12600,546,549
13146,13149,Columba palumbus,Common Wood-Pigeon,0.3588,243B1F02648873F9_20260412_031500.WAV,14,0.0,1.0,0.25,BirdNET_GLOBAL_6K_V2.4_Model_FP32.tflite,243B1F02648873F9_20260412_031500_chunk_021.wav,12600,546,549
13149,13152,Columba palumbus,Common Wood-Pigeon,0.9032,243B1F02648873F9_20260412_031500.WAV,14,0.0,1.0,0.25,BirdNET_GLOBAL_6K_V2.4_Model_FP32.tflite,243B1F02648873F9_20260412_031500_chunk_021.wav,12600,549,552
13152,13155,Columba palumbus,Common Wood-Pigeon,0.9653,243B1F02648873F9_20260412_031500.WAV,14,0.0,1.0,0.25,BirdNET_GLOBAL_6K_V2.4_Model_FP32.tflite,243B1F02648873F9_20260412_031500_chunk_021.wav,12600,552,555
13155,13158,Columba palumbus,Common Wood-Pigeon,0.9064,243B1F02648873F9_20260412_031500.WAV,14,0.0,1.0,0.25,BirdNET_GLOBAL_6K_V2.4_Model_FP32.tflite,243B1F02648873F9_20260412_031500_chunk_021.wav,12600,555,558
13158,13161,Troglodytes troglodytes,Eurasian Wren,0.9907,243B1F02648873F9_20260412_031500.WAV,14,0.0,1.0,0.25,BirdNET_GLOBAL_6K_V2.4_Model_FP32.tflite,243B1F02648873F9_20260412_031500_chunk_021.wav,12600,558,561
13161,13164,Troglodytes troglodytes,Eurasian Wren,0.9613,243B1F02648873F9_20260412_031500.WAV,14,0.0,1.0,0.25,BirdNET_GLOBAL_6K_V2.4_Model_FP32.tflite,243B1F02648873F9_20260412_031500_chunk_021.wav,12600,561,564
13164,13167,Columba palumbus,Common Wood-Pigeon,0.8980,243B1F02648873F9_20260412_031500.WAV,14,0.0,1.0,0.25,BirdNET_GLOBAL_6K_V2.4_Model_FP32.tflite,243B1F02648873F9_20260412_031500_chunk_021.wav,12600,564,567
13167,13170,Columba palumbus,Common Wood-Pigeon,0.9874,243B1F02648873F9_20260412_031500.WAV,14,0.0,1.0,0.25,BirdNET_GLOBAL_6K_V2.4_Model_FP32.tflite,243B1F02648873F9_20260412_031500_chunk_021.wav,12600,567,570
13170,13173,Columba palumbus,Common Wood-Pigeon,0.9951,243B1F02648873F9_20260412_031500.WAV,14,0.0,1.0,0.25,BirdNET_GLOBAL_6K_V2.4_Model_FP32.tflite,243B1F02648873F9_20260412_031500_chunk_021.wav,12600,570,573
13173,13176,Columba palumbus,Common Wood-Pigeon,0.9839,243B1F02648873F9_20260412_031500.WAV,14,0.0,1.0,0.25,BirdNET_GLOBAL_6K_V2.4_Model_FP32.tflite,243B1F02648873F9_20260412_031500_chunk_021.wav,12600,573,576
13173,13176,Troglodytes troglodytes,Eurasian Wren,0.4129,243B1F02648873F9_20260412_031500.WAV,14,0.0,1.0,0.25,BirdNET_GLOBAL_6K_V2.4_Model_FP32.tflite,243B1F02648873F9_20260412_031500_chunk_021.wav,12600,573,576
13176,13179,Troglodytes troglodytes,Eurasian Wren,0.9432,243B1F02648873F9_20260412_031500.WAV,14,0.0,1.0,0.25,BirdNET_GLOBAL_6K_V2.4_Model_FP32.tflite,243B1F02648873F9_20260412_031500_chunk_021.wav,12600,576,579
13176,13179,Columba palumbus,Common Wood-Pigeon,0.5763,243B1F02648873F9_20260412_031500.WAV,14,0.0,1.0,0.25,BirdNET_GLOBAL_6K_V2.4_Model_FP32.tflite,243B1F02648873F9_20260412_031500_chunk_021.wav,12600,576,579
13179,13182,Troglodytes troglodytes,Eurasian Wren,0.6539,243B1F02648873F9_20260412_031500.WAV,14,0.0,1.0,0.25,BirdNET_GLOBAL_6K_V2.4_Model_FP32.tflite,243B1F02648873F9_20260412_031500_chunk_021.wav,12600,579,582
13179,13182,Columba palumbus,Common Wood-Pigeon,0.4149,243B1F02648873F9_20260412_031500.WAV,14,0.0,1.0,0.25,BirdNET_GLOBAL_6K_V2.4_Model_FP32.tflite,243B1F02648873F9_20260412_031500_chunk_021.wav,12600,579,582
13185,13188,Certhia familiaris,Eurasian Treecreeper,0.6765,243B1F02648873F9_20260412_031500.WAV,14,0.0,1.0,0.25,BirdNET_GLOBAL_6K_V2.4_Model_FP32.tflite,243B1F02648873F9_20260412_031500_chunk_021.wav,12600,585,588
13188,13191,Troglodytes troglodytes,Eurasian Wren,0.8671,243B1F02648873F9_20260412_031500.WAV,14,0.0,1.0,0.25,BirdNET_GLOBAL_6K_V2.4_Model_FP32.tflite,243B1F02648873F9_20260412_031500_chunk_021.wav,12600,588,591
13191,13194,Troglodytes troglodytes,Eurasian Wren,0.9912,243B1F02648873F9_20260412_031500.WAV,14,0.0,1.0,0.25,BirdNET_GLOBAL_6K_V2.4_Model_FP32.tflite,243B1F02648873F9_20260412_031500_chunk_021.wav,12600,591,594
13194,13197,Troglodytes troglodytes,Eurasian Wren,0.8287,243B1F02648873F9_20260412_031500.WAV,14,0.0,1.0,0.25,BirdNET_GLOBAL_6K_V2.4_Model_FP32.tflite,243B1F02648873F9_20260412_031500_chunk_021.wav,12600,594,597
13197,13199.98,Columba palumbus,Common Wood-Pigeon,0.4697,243B1F02648873F9_20260412_031500.WAV,14,0.0,1.0,0.25,BirdNET_GLOBAL_6K_V2.4_Model_FP32.tflite,243B1F02648873F9_20260412_031500_chunk_021.wav,12600,597,599.98
13197,13199.98,Certhia familiaris,Eurasian Treecreeper,0.3913,243B1F02648873F9_20260412_031500.WAV,14,0.0,1.0,0.25,BirdNET_GLOBAL_6K_V2.4_Model_FP32.tflite,243B1F02648873F9_20260412_031500_chunk_021.wav,12600,597,599.98
13200,13203,Columba palumbus,Common Wood-Pigeon,0.9263,243B1F02648873F9_20260412_031500.WAV,14,0.0,1.0,0.25,BirdNET_GLOBAL_6K_V2.4_Model_FP32.tflite,243B1F02648873F9_20260412_031500_chunk_022.wav,13200,0,3
13203,13206,Columba palumbus,Common Wood-Pigeon,0.9418,243B1F02648873F9_20260412_031500.WAV,14,0.0,1.0,0.25,BirdNET_GLOBAL_6K_V2.4_Model_FP32.tflite,243B1F02648873F9_20260412_031500_chunk_022.wav,13200,3,6
13206,13209,Columba palumbus,Common Wood-Pigeon,0.6733,243B1F02648873F9_20260412_031500.WAV,14,0.0,1.0,0.25,BirdNET_GLOBAL_6K_V2.4_Model_FP32.tflite,243B1F02648873F9_20260412_031500_chunk_022.wav,13200,6,9
13218,13221,Certhia familiaris,Eurasian Treecreeper,0.2615,243B1F02648873F9_20260412_031500.WAV,14,0.0,1.0,0.25,BirdNET_GLOBAL_6K_V2.4_Model_FP32.tflite,243B1F02648873F9_20260412_031500_chunk_022.wav,13200,18,21
13224,13227,Columba palumbus,Common Wood-Pigeon,0.3168,243B1F02648873F9_20260412_031500.WAV,14,0.0,1.0,0.25,BirdNET_GLOBAL_6K_V2.4_Model_FP32.tflite,243B1F02648873F9_20260412_031500_chunk_022.wav,13200,24,27
13227,13230,Regulus regulus,Goldcrest,0.8152,243B1F02648873F9_20260412_031500.WAV,14,0.0,1.0,0.25,BirdNET_GLOBAL_6K_V2.4_Model_FP32.tflite,243B1F02648873F9_20260412_031500_chunk_022.wav,13200,27,30
13227,13230,Columba palumbus,Common Wood-Pigeon,0.6838,243B1F02648873F9_20260412_031500.WAV,14,0.0,1.0,0.25,BirdNET_GLOBAL_6K_V2.4_Model_FP32.tflite,243B1F02648873F9_20260412_031500_chunk_022.wav,13200,27,30
13230,13233,Certhia familiaris,Eurasian Treecreeper,0.5338,243B1F02648873F9_20260412_031500.WAV,14,0.0,1.0,0.25,BirdNET_GLOBAL_6K_V2.4_Model_FP32.tflite,243B1F02648873F9_20260412_031500_chunk_022.wav,13200,30,33
13230,13233,Columba palumbus,Common Wood-Pigeon,0.4626,243B1F02648873F9_20260412_031500.WAV,14,0.0,1.0,0.25,BirdNET_GLOBAL_6K_V2.4_Model_FP32.tflite,243B1F02648873F9_20260412_031500_chunk_022.wav,13200,30,33
13233,13236,Columba palumbus,Common Wood-Pigeon,0.4113,243B1F02648873F9_20260412_031500.WAV,14,0.0,1.0,0.25,BirdNET_GLOBAL_6K_V2.4_Model_FP32.tflite,243B1F02648873F9_20260412_031500_chunk_022.wav,13200,33,36
13236,13239,Certhia familiaris,Eurasian Treecreeper,0.5058,243B1F02648873F9_20260412_031500.WAV,14,0.0,1.0,0.25,BirdNET_GLOBAL_6K_V2.4_Model_FP32.tflite,243B1F02648873F9_20260412_031500_chunk_022.wav,13200,36,39
13239,13242,Certhia familiaris,Eurasian Treecreeper,0.6539,243B1F02648873F9_20260412_031500.WAV,14,0.0,1.0,0.25,BirdNET_GLOBAL_6K_V2.4_Model_FP32.tflite,243B1F02648873F9_20260412_031500_chunk_022.wav,13200,39,42
13242,13245,Certhia familiaris,Eurasian Treecreeper,0.5094,243B1F02648873F9_20260412_031500.WAV,14,0.0,1.0,0.25,BirdNET_GLOBAL_6K_V2.4_Model_FP32.tflite,243B1F02648873F9_20260412_031500_chunk_022.wav,13200,42,45
13248,13251,Turdus iliacus,Redwing,0.4410,243B1F02648873F9_20260412_031500.WAV,14,0.0,1.0,0.25,BirdNET_GLOBAL_6K_V2.4_Model_FP32.tflite,243B1F02648873F9_20260412_031500_chunk_022.wav,13200,48,51
13248,13251,Certhia familiaris,Eurasian Treecreeper,0.2927,243B1F02648873F9_20260412_031500.WAV,14,0.0,1.0,0.25,BirdNET_GLOBAL_6K_V2.4_Model_FP32.tflite,243B1F02648873F9_20260412_031500_chunk_022.wav,13200,48,51
13254,13257,Certhia familiaris,Eurasian Treecreeper,0.2896,243B1F02648873F9_20260412_031500.WAV,14,0.0,1.0,0.25,BirdNET_GLOBAL_6K_V2.4_Model_FP32.tflite,243B1F02648873F9_20260412_031500_chunk_022.wav,13200,54,57
13257,13260,Certhia familiaris,Eurasian Treecreeper,0.3090,243B1F02648873F9_20260412_031500.WAV,14,0.0,1.0,0.25,BirdNET_GLOBAL_6K_V2.4_Model_FP32.tflite,243B1F02648873F9_20260412_031500_chunk_022.wav,13200,57,60
13263,13266,Certhia familiaris,Eurasian Treecreeper,0.5691,243B1F02648873F9_20260412_031500.WAV,14,0.0,1.0,0.25,BirdNET_GLOBAL_6K_V2.4_Model_FP32.tflite,243B1F02648873F9_20260412_031500_chunk_022.wav,13200,63,66
13263,13266,Carduelis carduelis,European Goldfinch,0.4059,243B1F02648873F9_20260412_031500.WAV,14,0.0,1.0,0.25,BirdNET_GLOBAL_6K_V2.4_Model_FP32.tflite,243B1F02648873F9_20260412_031500_chunk_022.wav,13200,63,66
13269,13272,Carduelis carduelis,European Goldfinch,0.6065,243B1F02648873F9_20260412_031500.WAV,14,0.0,1.0,0.25,BirdNET_GLOBAL_6K_V2.4_Model_FP32.tflite,243B1F02648873F9_20260412_031500_chunk_022.wav,13200,69,72
13269,13272,Columba palumbus,Common Wood-Pigeon,0.3386,243B1F02648873F9_20260412_031500.WAV,14,0.0,1.0,0.25,BirdNET_GLOBAL_6K_V2.4_Model_FP32.tflite,243B1F02648873F9_20260412_031500_chunk_022.wav,13200,69,72
13272,13275,Certhia familiaris,Eurasian Treecreeper,0.2772,243B1F02648873F9_20260412_031500.WAV,14,0.0,1.0,0.25,BirdNET_GLOBAL_6K_V2.4_Model_FP32.tflite,243B1F02648873F9_20260412_031500_chunk_022.wav,13200,72,75
13275,13278,Columba palumbus,Common Wood-Pigeon,0.4687,243B1F02648873F9_20260412_031500.WAV,14,0.0,1.0,0.25,BirdNET_GLOBAL_6K_V2.4_Model_FP32.tflite,243B1F02648873F9_20260412_031500_chunk_022.wav,13200,75,78
13284,13287,Certhia familiaris,Eurasian Treecreeper,0.3736,243B1F02648873F9_20260412_031500.WAV,14,0.0,1.0,0.25,BirdNET_GLOBAL_6K_V2.4_Model_FP32.tflite,243B1F02648873F9_20260412_031500_chunk_022.wav,13200,84,87
13290,13293,Certhia familiaris,Eurasian Treecreeper,0.6585,243B1F02648873F9_20260412_031500.WAV,14,0.0,1.0,0.25,BirdNET_GLOBAL_6K_V2.4_Model_FP32.tflite,243B1F02648873F9_20260412_031500_chunk_022.wav,13200,90,93
13299,13302,Certhia familiaris,Eurasian Treecreeper,0.3886,243B1F02648873F9_20260412_031500.WAV,14,0.0,1.0,0.25,BirdNET_GLOBAL_6K_V2.4_Model_FP32.tflite,243B1F02648873F9_20260412_031500_chunk_022.wav,13200,99,102
13305,13308,Columba palumbus,Common Wood-Pigeon,0.4654,243B1F02648873F9_20260412_031500.WAV,14,0.0,1.0,0.25,BirdNET_GLOBAL_6K_V2.4_Model_FP32.tflite,243B1F02648873F9_20260412_031500_chunk_022.wav,13200,105,108
13314,13317,Certhia familiaris,Eurasian Treecreeper,0.7969,243B1F02648873F9_20260412_031500.WAV,14,0.0,1.0,0.25,BirdNET_GLOBAL_6K_V2.4_Model_FP32.tflite,243B1F02648873F9_20260412_031500_chunk_022.wav,13200,114,117
13323,13326,Certhia familiaris,Eurasian Treecreeper,0.3639,243B1F02648873F9_20260412_031500.WAV,14,0.0,1.0,0.25,BirdNET_GLOBAL_6K_V2.4_Model_FP32.tflite,243B1F02648873F9_20260412_031500_chunk_022.wav,13200,123,126
13326,13329,Turdus viscivorus,Mistle Thrush,0.4680,243B1F02648873F9_20260412_031500.WAV,14,0.0,1.0,0.25,BirdNET_GLOBAL_6K_V2.4_Model_FP32.tflite,243B1F02648873F9_20260412_031500_chunk_022.wav,13200,126,129
13329,13332,Certhia familiaris,Eurasian Treecreeper,0.4146,243B1F02648873F9_20260412_031500.WAV,14,0.0,1.0,0.25,BirdNET_GLOBAL_6K_V2.4_Model_FP32.tflite,243B1F02648873F9_20260412_031500_chunk_022.wav,13200,129,132
13332,13335,Turdus merula,Eurasian Blackbird,0.6779,243B1F02648873F9_20260412_031500.WAV,14,0.0,1.0,0.25,BirdNET_GLOBAL_6K_V2.4_Model_FP32.tflite,243B1F02648873F9_20260412_031500_chunk_022.wav,13200,132,135
13341,13344,Columba palumbus,Common Wood-Pigeon,0.5360,243B1F02648873F9_20260412_031500.WAV,14,0.0,1.0,0.25,BirdNET_GLOBAL_6K_V2.4_Model_FP32.tflite,243B1F02648873F9_20260412_031500_chunk_022.wav,13200,141,144
13341,13344,Certhia familiaris,Eurasian Treecreeper,0.4052,243B1F02648873F9_20260412_031500.WAV,14,0.0,1.0,0.25,BirdNET_GLOBAL_6K_V2.4_Model_FP32.tflite,243B1F02648873F9_20260412_031500_chunk_022.wav,13200,141,144
13344,13347,Columba palumbus,Common Wood-Pigeon,0.3179,243B1F02648873F9_20260412_031500.WAV,14,0.0,1.0,0.25,BirdNET_GLOBAL_6K_V2.4_Model_FP32.tflite,243B1F02648873F9_20260412_031500_chunk_022.wav,13200,144,147
13347,13350,Columba palumbus,Common Wood-Pigeon,0.5406,243B1F02648873F9_20260412_031500.WAV,14,0.0,1.0,0.25,BirdNET_GLOBAL_6K_V2.4_Model_FP32.tflite,243B1F02648873F9_20260412_031500_chunk_022.wav,13200,147,150
13356,13359,Certhia familiaris,Eurasian Treecreeper,0.4086,243B1F02648873F9_20260412_031500.WAV,14,0.0,1.0,0.25,BirdNET_GLOBAL_6K_V2.4_Model_FP32.tflite,243B1F02648873F9_20260412_031500_chunk_022.wav,13200,156,159
13362,13365,Certhia familiaris,Eurasian Treecreeper,0.6898,243B1F02648873F9_20260412_031500.WAV,14,0.0,1.0,0.25,BirdNET_GLOBAL_6K_V2.4_Model_FP32.tflite,243B1F02648873F9_20260412_031500_chunk_022.wav,13200,162,165
13365,13368,Columba palumbus,Common Wood-Pigeon,0.8674,243B1F02648873F9_20260412_031500.WAV,14,0.0,1.0,0.25,BirdNET_GLOBAL_6K_V2.4_Model_FP32.tflite,243B1F02648873F9_20260412_031500_chunk_022.wav,13200,165,168
13368,13371,Columba palumbus,Common Wood-Pigeon,0.5004,243B1F02648873F9_20260412_031500.WAV,14,0.0,1.0,0.25,BirdNET_GLOBAL_6K_V2.4_Model_FP32.tflite,243B1F02648873F9_20260412_031500_chunk_022.wav,13200,168,171
13377,13380,Certhia familiaris,Eurasian Treecreeper,0.8289,243B1F02648873F9_20260412_031500.WAV,14,0.0,1.0,0.25,BirdNET_GLOBAL_6K_V2.4_Model_FP32.tflite,243B1F02648873F9_20260412_031500_chunk_022.wav,13200,177,180
13380,13383,Regulus regulus,Goldcrest,0.3443,243B1F02648873F9_20260412_031500.WAV,14,0.0,1.0,0.25,BirdNET_GLOBAL_6K_V2.4_Model_FP32.tflite,243B1F02648873F9_20260412_031500_chunk_022.wav,13200,180,183
13383,13386,Columba oenas,Stock Dove,0.2962,243B1F02648873F9_20260412_031500.WAV,14,0.0,1.0,0.25,BirdNET_GLOBAL_6K_V2.4_Model_FP32.tflite,243B1F02648873F9_20260412_031500_chunk_022.wav,13200,183,186
13389,13392,Certhia familiaris,Eurasian Treecreeper,0.8026,243B1F02648873F9_20260412_031500.WAV,14,0.0,1.0,0.25,BirdNET_GLOBAL_6K_V2.4_Model_FP32.tflite,243B1F02648873F9_20260412_031500_chunk_022.wav,13200,189,192
13392,13395,Certhia familiaris,Eurasian Treecreeper,0.7905,243B1F02648873F9_20260412_031500.WAV,14,0.0,1.0,0.25,BirdNET_GLOBAL_6K_V2.4_Model_FP32.tflite,243B1F02648873F9_20260412_031500_chunk_022.wav,13200,192,195
13395,13398,Columba palumbus,Common Wood-Pigeon,0.9267,243B1F02648873F9_20260412_031500.WAV,14,0.0,1.0,0.25,BirdNET_GLOBAL_6K_V2.4_Model_FP32.tflite,243B1F02648873F9_20260412_031500_chunk_022.wav,13200,195,198
13398,13401,Columba palumbus,Common Wood-Pigeon,0.8574,243B1F02648873F9_20260412_031500.WAV,14,0.0,1.0,0.25,BirdNET_GLOBAL_6K_V2.4_Model_FP32.tflite,243B1F02648873F9_20260412_031500_chunk_022.wav,13200,198,201
13398,13401,Certhia familiaris,Eurasian Treecreeper,0.5907,243B1F02648873F9_20260412_031500.WAV,14,0.0,1.0,0.25,BirdNET_GLOBAL_6K_V2.4_Model_FP32.tflite,243B1F02648873F9_20260412_031500_chunk_022.wav,13200,198,201
13401,13404,Columba palumbus,Common Wood-Pigeon,0.9611,243B1F02648873F9_20260412_031500.WAV,14,0.0,1.0,0.25,BirdNET_GLOBAL_6K_V2.4_Model_FP32.tflite,243B1F02648873F9_20260412_031500_chunk_022.wav,13200,201,204
13404,13407,Columba palumbus,Common Wood-Pigeon,0.9859,243B1F02648873F9_20260412_031500.WAV,14,0.0,1.0,0.25,BirdNET_GLOBAL_6K_V2.4_Model_FP32.tflite,243B1F02648873F9_20260412_031500_chunk_022.wav,13200,204,207
13434,13437,Troglodytes troglodytes,Eurasian Wren,0.9655,243B1F02648873F9_20260412_031500.WAV,14,0.0,1.0,0.25,BirdNET_GLOBAL_6K_V2.4_Model_FP32.tflite,243B1F02648873F9_20260412_031500_chunk_022.wav,13200,234,237
13437,13440,Regulus regulus,Goldcrest,0.3106,243B1F02648873F9_20260412_031500.WAV,14,0.0,1.0,0.25,BirdNET_GLOBAL_6K_V2.4_Model_FP32.tflite,243B1F02648873F9_20260412_031500_chunk_022.wav,13200,237,240
13437,13440,Columba palumbus,Common Wood-Pigeon,0.2552,243B1F02648873F9_20260412_031500.WAV,14,0.0,1.0,0.25,BirdNET_GLOBAL_6K_V2.4_Model_FP32.tflite,243B1F02648873F9_20260412_031500_chunk_022.wav,13200,237,240
13440,13443,Columba palumbus,Common Wood-Pigeon,0.2650,243B1F02648873F9_20260412_031500.WAV,14,0.0,1.0,0.25,BirdNET_GLOBAL_6K_V2.4_Model_FP32.tflite,243B1F02648873F9_20260412_031500_chunk_022.wav,13200,240,243
13443,13446,Troglodytes troglodytes,Eurasian Wren,0.9073,243B1F02648873F9_20260412_031500.WAV,14,0.0,1.0,0.25,BirdNET_GLOBAL_6K_V2.4_Model_FP32.tflite,243B1F02648873F9_20260412_031500_chunk_022.wav,13200,243,246
13446,13449,Troglodytes troglodytes,Eurasian Wren,0.9769,243B1F02648873F9_20260412_031500.WAV,14,0.0,1.0,0.25,BirdNET_GLOBAL_6K_V2.4_Model_FP32.tflite,243B1F02648873F9_20260412_031500_chunk_022.wav,13200,246,249
13452,13455,Turdus merula,Eurasian Blackbird,0.2642,243B1F02648873F9_20260412_031500.WAV,14,0.0,1.0,0.25,BirdNET_GLOBAL_6K_V2.4_Model_FP32.tflite,243B1F02648873F9_20260412_031500_chunk_022.wav,13200,252,255
13458,13461,Troglodytes troglodytes,Eurasian Wren,0.9900,243B1F02648873F9_20260412_031500.WAV,14,0.0,1.0,0.25,BirdNET_GLOBAL_6K_V2.4_Model_FP32.tflite,243B1F02648873F9_20260412_031500_chunk_022.wav,13200,258,261
13461,13464,Troglodytes troglodytes,Eurasian Wren,0.9887,243B1F02648873F9_20260412_031500.WAV,14,0.0,1.0,0.25,BirdNET_GLOBAL_6K_V2.4_Model_FP32.tflite,243B1F02648873F9_20260412_031500_chunk_022.wav,13200,261,264
13464,13467,Troglodytes troglodytes,Eurasian Wren,0.5595,243B1F02648873F9_20260412_031500.WAV,14,0.0,1.0,0.25,BirdNET_GLOBAL_6K_V2.4_Model_FP32.tflite,243B1F02648873F9_20260412_031500_chunk_022.wav,13200,264,267
13476,13479,Troglodytes troglodytes,Eurasian Wren,0.9616,243B1F02648873F9_20260412_031500.WAV,14,0.0,1.0,0.25,BirdNET_GLOBAL_6K_V2.4_Model_FP32.tflite,243B1F02648873F9_20260412_031500_chunk_022.wav,13200,276,279
13479,13482,Troglodytes troglodytes,Eurasian Wren,0.8945,243B1F02648873F9_20260412_031500.WAV,14,0.0,1.0,0.25,BirdNET_GLOBAL_6K_V2.4_Model_FP32.tflite,243B1F02648873F9_20260412_031500_chunk_022.wav,13200,279,282
13482,13485,Troglodytes troglodytes,Eurasian Wren,0.9133,243B1F02648873F9_20260412_031500.WAV,14,0.0,1.0,0.25,BirdNET_GLOBAL_6K_V2.4_Model_FP32.tflite,243B1F02648873F9_20260412_031500_chunk_022.wav,13200,282,285
13482,13485,Columba palumbus,Common Wood-Pigeon,0.6269,243B1F02648873F9_20260412_031500.WAV,14,0.0,1.0,0.25,BirdNET_GLOBAL_6K_V2.4_Model_FP32.tflite,243B1F02648873F9_20260412_031500_chunk_022.wav,13200,282,285
13485,13488,Troglodytes troglodytes,Eurasian Wren,0.2984,243B1F02648873F9_20260412_031500.WAV,14,0.0,1.0,0.25,BirdNET_GLOBAL_6K_V2.4_Model_FP32.tflite,243B1F02648873F9_20260412_031500_chunk_022.wav,13200,285,288
13488,13491,Columba palumbus,Common Wood-Pigeon,0.7567,243B1F02648873F9_20260412_031500.WAV,14,0.0,1.0,0.25,BirdNET_GLOBAL_6K_V2.4_Model_FP32.tflite,243B1F02648873F9_20260412_031500_chunk_022.wav,13200,288,291
13500,13503,Columba palumbus,Common Wood-Pigeon,0.8787,243B1F02648873F9_20260412_031500.WAV,14,0.0,1.0,0.25,BirdNET_GLOBAL_6K_V2.4_Model_FP32.tflite,243B1F02648873F9_20260412_031500_chunk_022.wav,13200,300,303
13500,13503,Troglodytes troglodytes,Eurasian Wren,0.6076,243B1F02648873F9_20260412_031500.WAV,14,0.0,1.0,0.25,BirdNET_GLOBAL_6K_V2.4_Model_FP32.tflite,243B1F02648873F9_20260412_031500_chunk_022.wav,13200,300,303
13503,13506,Columba palumbus,Common Wood-Pigeon,0.7826,243B1F02648873F9_20260412_031500.WAV,14,0.0,1.0,0.25,BirdNET_GLOBAL_6K_V2.4_Model_FP32.tflite,243B1F02648873F9_20260412_031500_chunk_022.wav,13200,303,306
13506,13509,Columba palumbus,Common Wood-Pigeon,0.5962,243B1F02648873F9_20260412_031500.WAV,14,0.0,1.0,0.25,BirdNET_GLOBAL_6K_V2.4_Model_FP32.tflite,243B1F02648873F9_20260412_031500_chunk_022.wav,13200,306,309
13509,13512,Troglodytes troglodytes,Eurasian Wren,0.8443,243B1F02648873F9_20260412_031500.WAV,14,0.0,1.0,0.25,BirdNET_GLOBAL_6K_V2.4_Model_FP32.tflite,243B1F02648873F9_20260412_031500_chunk_022.wav,13200,309,312
13512,13515,Troglodytes troglodytes,Eurasian Wren,0.9717,243B1F02648873F9_20260412_031500.WAV,14,0.0,1.0,0.25,BirdNET_GLOBAL_6K_V2.4_Model_FP32.tflite,243B1F02648873F9_20260412_031500_chunk_022.wav,13200,312,315
13515,13518,Troglodytes troglodytes,Eurasian Wren,0.7821,243B1F02648873F9_20260412_031500.WAV,14,0.0,1.0,0.25,BirdNET_GLOBAL_6K_V2.4_Model_FP32.tflite,243B1F02648873F9_20260412_031500_chunk_022.wav,13200,315,318
13521,13524,Columba palumbus,Common Wood-Pigeon,0.4653,243B1F02648873F9_20260412_031500.WAV,14,0.0,1.0,0.25,BirdNET_GLOBAL_6K_V2.4_Model_FP32.tflite,243B1F02648873F9_20260412_031500_chunk_022.wav,13200,321,324
13524,13527,Troglodytes troglodytes,Eurasian Wren,0.6684,243B1F02648873F9_20260412_031500.WAV,14,0.0,1.0,0.25,BirdNET_GLOBAL_6K_V2.4_Model_FP32.tflite,243B1F02648873F9_20260412_031500_chunk_022.wav,13200,324,327
13524,13527,Columba palumbus,Common Wood-Pigeon,0.2700,243B1F02648873F9_20260412_031500.WAV,14,0.0,1.0,0.25,BirdNET_GLOBAL_6K_V2.4_Model_FP32.tflite,243B1F02648873F9_20260412_031500_chunk_022.wav,13200,324,327
13527,13530,Columba palumbus,Common Wood-Pigeon,0.5997,243B1F02648873F9_20260412_031500.WAV,14,0.0,1.0,0.25,BirdNET_GLOBAL_6K_V2.4_Model_FP32.tflite,243B1F02648873F9_20260412_031500_chunk_022.wav,13200,327,330
13527,13530,Troglodytes troglodytes,Eurasian Wren,0.4602,243B1F02648873F9_20260412_031500.WAV,14,0.0,1.0,0.25,BirdNET_GLOBAL_6K_V2.4_Model_FP32.tflite,243B1F02648873F9_20260412_031500_chunk_022.wav,13200,327,330
13530,13533,Troglodytes troglodytes,Eurasian Wren,0.5855,243B1F02648873F9_20260412_031500.WAV,14,0.0,1.0,0.25,BirdNET_GLOBAL_6K_V2.4_Model_FP32.tflite,243B1F02648873F9_20260412_031500_chunk_022.wav,13200,330,333
13536,13539,Columba palumbus,Common Wood-Pigeon,0.8599,243B1F02648873F9_20260412_031500.WAV,14,0.0,1.0,0.25,BirdNET_GLOBAL_6K_V2.4_Model_FP32.tflite,243B1F02648873F9_20260412_031500_chunk_022.wav,13200,336,339
13539,13542,Columba palumbus,Common Wood-Pigeon,0.9689,243B1F02648873F9_20260412_031500.WAV,14,0.0,1.0,0.25,BirdNET_GLOBAL_6K_V2.4_Model_FP32.tflite,243B1F02648873F9_20260412_031500_chunk_022.wav,13200,339,342
13542,13545,Columba palumbus,Common Wood-Pigeon,0.5997,243B1F02648873F9_20260412_031500.WAV,14,0.0,1.0,0.25,BirdNET_GLOBAL_6K_V2.4_Model_FP32.tflite,243B1F02648873F9_20260412_031500_chunk_022.wav,13200,342,345
13551,13554,Columba palumbus,Common Wood-Pigeon,0.2529,243B1F02648873F9_20260412_031500.WAV,14,0.0,1.0,0.25,BirdNET_GLOBAL_6K_V2.4_Model_FP32.tflite,243B1F02648873F9_20260412_031500_chunk_022.wav,13200,351,354
13554,13557,Columba palumbus,Common Wood-Pigeon,0.3160,243B1F02648873F9_20260412_031500.WAV,14,0.0,1.0,0.25,BirdNET_GLOBAL_6K_V2.4_Model_FP32.tflite,243B1F02648873F9_20260412_031500_chunk_022.wav,13200,354,357
13557,13560,Columba palumbus,Common Wood-Pigeon,0.9706,243B1F02648873F9_20260412_031500.WAV,14,0.0,1.0,0.25,BirdNET_GLOBAL_6K_V2.4_Model_FP32.tflite,243B1F02648873F9_20260412_031500_chunk_022.wav,13200,357,360
13560,13563,Columba palumbus,Common Wood-Pigeon,0.8742,243B1F02648873F9_20260412_031500.WAV,14,0.0,1.0,0.25,BirdNET_GLOBAL_6K_V2.4_Model_FP32.tflite,243B1F02648873F9_20260412_031500_chunk_022.wav,13200,360,363
13563,13566,Streptopelia decaocto,Eurasian Collared-Dove,0.4916,243B1F02648873F9_20260412_031500.WAV,14,0.0,1.0,0.25,BirdNET_GLOBAL_6K_V2.4_Model_FP32.tflite,243B1F02648873F9_20260412_031500_chunk_022.wav,13200,363,366
13563,13566,Columba palumbus,Common Wood-Pigeon,0.4089,243B1F02648873F9_20260412_031500.WAV,14,0.0,1.0,0.25,BirdNET_GLOBAL_6K_V2.4_Model_FP32.tflite,243B1F02648873F9_20260412_031500_chunk_022.wav,13200,363,366
13572,13575,Regulus regulus,Goldcrest,0.2975,243B1F02648873F9_20260412_031500.WAV,14,0.0,1.0,0.25,BirdNET_GLOBAL_6K_V2.4_Model_FP32.tflite,243B1F02648873F9_20260412_031500_chunk_022.wav,13200,372,375
13575,13578,Buteo buteo,Common Buzzard,0.6652,243B1F02648873F9_20260412_031500.WAV,14,0.0,1.0,0.25,BirdNET_GLOBAL_6K_V2.4_Model_FP32.tflite,243B1F02648873F9_20260412_031500_chunk_022.wav,13200,375,378
13584,13587,Turdus viscivorus,Mistle Thrush,0.3633,243B1F02648873F9_20260412_031500.WAV,14,0.0,1.0,0.25,BirdNET_GLOBAL_6K_V2.4_Model_FP32.tflite,243B1F02648873F9_20260412_031500_chunk_022.wav,13200,384,387
13596,13599,Pica pica,Eurasian Magpie,0.9277,243B1F02648873F9_20260412_031500.WAV,14,0.0,1.0,0.25,BirdNET_GLOBAL_6K_V2.4_Model_FP32.tflite,243B1F02648873F9_20260412_031500_chunk_022.wav,13200,396,399
13599,13602,Regulus regulus,Goldcrest,0.8521,243B1F02648873F9_20260412_031500.WAV,14,0.0,1.0,0.25,BirdNET_GLOBAL_6K_V2.4_Model_FP32.tflite,243B1F02648873F9_20260412_031500_chunk_022.wav,13200,399,402
13605,13608,Columba palumbus,Common Wood-Pigeon,0.3431,243B1F02648873F9_20260412_031500.WAV,14,0.0,1.0,0.25,BirdNET_GLOBAL_6K_V2.4_Model_FP32.tflite,243B1F02648873F9_20260412_031500_chunk_022.wav,13200,405,408
13611,13614,Columba palumbus,Common Wood-Pigeon,0.9864,243B1F02648873F9_20260412_031500.WAV,14,0.0,1.0,0.25,BirdNET_GLOBAL_6K_V2.4_Model_FP32.tflite,243B1F02648873F9_20260412_031500_chunk_022.wav,13200,411,414
13614,13617,Columba palumbus,Common Wood-Pigeon,0.8966,243B1F02648873F9_20260412_031500.WAV,14,0.0,1.0,0.25,BirdNET_GLOBAL_6K_V2.4_Model_FP32.tflite,243B1F02648873F9_20260412_031500_chunk_022.wav,13200,414,417
13617,13620,Columba palumbus,Common Wood-Pigeon,0.8359,243B1F02648873F9_20260412_031500.WAV,14,0.0,1.0,0.25,BirdNET_GLOBAL_6K_V2.4_Model_FP32.tflite,243B1F02648873F9_20260412_031500_chunk_022.wav,13200,417,420
13620,13623,Columba palumbus,Common Wood-Pigeon,0.9525,243B1F02648873F9_20260412_031500.WAV,14,0.0,1.0,0.25,BirdNET_GLOBAL_6K_V2.4_Model_FP32.tflite,243B1F02648873F9_20260412_031500_chunk_022.wav,13200,420,423
13623,13626,Columba palumbus,Common Wood-Pigeon,0.7965,243B1F02648873F9_20260412_031500.WAV,14,0.0,1.0,0.25,BirdNET_GLOBAL_6K_V2.4_Model_FP32.tflite,243B1F02648873F9_20260412_031500_chunk_022.wav,13200,423,426
13626,13629,Columba palumbus,Common Wood-Pigeon,0.8302,243B1F02648873F9_20260412_031500.WAV,14,0.0,1.0,0.25,BirdNET_GLOBAL_6K_V2.4_Model_FP32.tflite,243B1F02648873F9_20260412_031500_chunk_022.wav,13200,426,429
13644,13647,Turdus viscivorus,Mistle Thrush,0.5782,243B1F02648873F9_20260412_031500.WAV,14,0.0,1.0,0.25,BirdNET_GLOBAL_6K_V2.4_Model_FP32.tflite,243B1F02648873F9_20260412_031500_chunk_022.wav,13200,444,447
13665,13668,Columba palumbus,Common Wood-Pigeon,0.5871,243B1F02648873F9_20260412_031500.WAV,14,0.0,1.0,0.25,BirdNET_GLOBAL_6K_V2.4_Model_FP32.tflite,243B1F02648873F9_20260412_031500_chunk_022.wav,13200,465,468
13668,13671,Columba palumbus,Common Wood-Pigeon,0.8603,243B1F02648873F9_20260412_031500.WAV,14,0.0,1.0,0.25,BirdNET_GLOBAL_6K_V2.4_Model_FP32.tflite,243B1F02648873F9_20260412_031500_chunk_022.wav,13200,468,471
13671,13674,Columba palumbus,Common Wood-Pigeon,0.7979,243B1F02648873F9_20260412_031500.WAV,14,0.0,1.0,0.25,BirdNET_GLOBAL_6K_V2.4_Model_FP32.tflite,243B1F02648873F9_20260412_031500_chunk_022.wav,13200,471,474
13674,13677,Columba palumbus,Common Wood-Pigeon,0.8122,243B1F02648873F9_20260412_031500.WAV,14,0.0,1.0,0.25,BirdNET_GLOBAL_6K_V2.4_Model_FP32.tflite,243B1F02648873F9_20260412_031500_chunk_022.wav,13200,474,477
13677,13680,Columba palumbus,Common Wood-Pigeon,0.6677,243B1F02648873F9_20260412_031500.WAV,14,0.0,1.0,0.25,BirdNET_GLOBAL_6K_V2.4_Model_FP32.tflite,243B1F02648873F9_20260412_031500_chunk_022.wav,13200,477,480
13680,13683,Columba oenas,Stock Dove,0.8821,243B1F02648873F9_20260412_031500.WAV,14,0.0,1.0,0.25,BirdNET_GLOBAL_6K_V2.4_Model_FP32.tflite,243B1F02648873F9_20260412_031500_chunk_022.wav,13200,480,483
13686,13689,Troglodytes troglodytes,Eurasian Wren,0.5387,243B1F02648873F9_20260412_031500.WAV,14,0.0,1.0,0.25,BirdNET_GLOBAL_6K_V2.4_Model_FP32.tflite,243B1F02648873F9_20260412_031500_chunk_022.wav,13200,486,489
13689,13692,Troglodytes troglodytes,Eurasian Wren,0.6013,243B1F02648873F9_20260412_031500.WAV,14,0.0,1.0,0.25,BirdNET_GLOBAL_6K_V2.4_Model_FP32.tflite,243B1F02648873F9_20260412_031500_chunk_022.wav,13200,489,492
13692,13695,Troglodytes troglodytes,Eurasian Wren,0.6607,243B1F02648873F9_20260412_031500.WAV,14,0.0,1.0,0.25,BirdNET_GLOBAL_6K_V2.4_Model_FP32.tflite,243B1F02648873F9_20260412_031500_chunk_022.wav,13200,492,495
13698,13701,Regulus regulus,Goldcrest,0.3931,243B1F02648873F9_20260412_031500.WAV,14,0.0,1.0,0.25,BirdNET_GLOBAL_6K_V2.4_Model_FP32.tflite,243B1F02648873F9_20260412_031500_chunk_022.wav,13200,498,501
13701,13704,Troglodytes troglodytes,Eurasian Wren,0.2753,243B1F02648873F9_20260412_031500.WAV,14,0.0,1.0,0.25,BirdNET_GLOBAL_6K_V2.4_Model_FP32.tflite,243B1F02648873F9_20260412_031500_chunk_022.wav,13200,501,504
13704,13707,Turdus merula,Eurasian Blackbird,0.5593,243B1F02648873F9_20260412_031500.WAV,14,0.0,1.0,0.25,BirdNET_GLOBAL_6K_V2.4_Model_FP32.tflite,243B1F02648873F9_20260412_031500_chunk_022.wav,13200,504,507
13719,13722,Columba oenas,Stock Dove,0.5944,243B1F02648873F9_20260412_031500.WAV,14,0.0,1.0,0.25,BirdNET_GLOBAL_6K_V2.4_Model_FP32.tflite,243B1F02648873F9_20260412_031500_chunk_022.wav,13200,519,522
13719,13722,Troglodytes troglodytes,Eurasian Wren,0.4342,243B1F02648873F9_20260412_031500.WAV,14,0.0,1.0,0.25,BirdNET_GLOBAL_6K_V2.4_Model_FP32.tflite,243B1F02648873F9_20260412_031500_chunk_022.wav,13200,519,522
13722,13725,Troglodytes troglodytes,Eurasian Wren,0.5379,243B1F02648873F9_20260412_031500.WAV,14,0.0,1.0,0.25,BirdNET_GLOBAL_6K_V2.4_Model_FP32.tflite,243B1F02648873F9_20260412_031500_chunk_022.wav,13200,522,525
13722,13725,Columba palumbus,Common Wood-Pigeon,0.3244,243B1F02648873F9_20260412_031500.WAV,14,0.0,1.0,0.25,BirdNET_GLOBAL_6K_V2.4_Model_FP32.tflite,243B1F02648873F9_20260412_031500_chunk_022.wav,13200,522,525
13725,13728,Columba palumbus,Common Wood-Pigeon,0.9617,243B1F02648873F9_20260412_031500.WAV,14,0.0,1.0,0.25,BirdNET_GLOBAL_6K_V2.4_Model_FP32.tflite,243B1F02648873F9_20260412_031500_chunk_022.wav,13200,525,528
13728,13731,Columba palumbus,Common Wood-Pigeon,0.4532,243B1F02648873F9_20260412_031500.WAV,14,0.0,1.0,0.25,BirdNET_GLOBAL_6K_V2.4_Model_FP32.tflite,243B1F02648873F9_20260412_031500_chunk_022.wav,13200,528,531
13731,13734,Columba palumbus,Common Wood-Pigeon,0.7621,243B1F02648873F9_20260412_031500.WAV,14,0.0,1.0,0.25,BirdNET_GLOBAL_6K_V2.4_Model_FP32.tflite,243B1F02648873F9_20260412_031500_chunk_022.wav,13200,531,534
13731,13734,Troglodytes troglodytes,Eurasian Wren,0.4904,243B1F02648873F9_20260412_031500.WAV,14,0.0,1.0,0.25,BirdNET_GLOBAL_6K_V2.4_Model_FP32.tflite,243B1F02648873F9_20260412_031500_chunk_022.wav,13200,531,534
13734,13737,Troglodytes troglodytes,Eurasian Wren,0.4894,243B1F02648873F9_20260412_031500.WAV,14,0.0,1.0,0.25,BirdNET_GLOBAL_6K_V2.4_Model_FP32.tflite,243B1F02648873F9_20260412_031500_chunk_022.wav,13200,534,537
13734,13737,Columba palumbus,Common Wood-Pigeon,0.4555,243B1F02648873F9_20260412_031500.WAV,14,0.0,1.0,0.25,BirdNET_GLOBAL_6K_V2.4_Model_FP32.tflite,243B1F02648873F9_20260412_031500_chunk_022.wav,13200,534,537
13737,13740,Columba palumbus,Common Wood-Pigeon,0.3776,243B1F02648873F9_20260412_031500.WAV,14,0.0,1.0,0.25,BirdNET_GLOBAL_6K_V2.4_Model_FP32.tflite,243B1F02648873F9_20260412_031500_chunk_022.wav,13200,537,540
13746,13749,Troglodytes troglodytes,Eurasian Wren,0.8277,243B1F02648873F9_20260412_031500.WAV,14,0.0,1.0,0.25,BirdNET_GLOBAL_6K_V2.4_Model_FP32.tflite,243B1F02648873F9_20260412_031500_chunk_022.wav,13200,546,549
13749,13752,Troglodytes troglodytes,Eurasian Wren,0.8290,243B1F02648873F9_20260412_031500.WAV,14,0.0,1.0,0.25,BirdNET_GLOBAL_6K_V2.4_Model_FP32.tflite,243B1F02648873F9_20260412_031500_chunk_022.wav,13200,549,552
13755,13758,Troglodytes troglodytes,Eurasian Wren,0.8352,243B1F02648873F9_20260412_031500.WAV,14,0.0,1.0,0.25,BirdNET_GLOBAL_6K_V2.4_Model_FP32.tflite,243B1F02648873F9_20260412_031500_chunk_022.wav,13200,555,558
13758,13761,Columba palumbus,Common Wood-Pigeon,0.4532,243B1F02648873F9_20260412_031500.WAV,14,0.0,1.0,0.25,BirdNET_GLOBAL_6K_V2.4_Model_FP32.tflite,243B1F02648873F9_20260412_031500_chunk_022.wav,13200,558,561
13758,13761,Troglodytes troglodytes,Eurasian Wren,0.4020,243B1F02648873F9_20260412_031500.WAV,14,0.0,1.0,0.25,BirdNET_GLOBAL_6K_V2.4_Model_FP32.tflite,243B1F02648873F9_20260412_031500_chunk_022.wav,13200,558,561
13761,13764,Columba palumbus,Common Wood-Pigeon,0.7665,243B1F02648873F9_20260412_031500.WAV,14,0.0,1.0,0.25,BirdNET_GLOBAL_6K_V2.4_Model_FP32.tflite,243B1F02648873F9_20260412_031500_chunk_022.wav,13200,561,564
13761,13764,Columba oenas,Stock Dove,0.6498,243B1F02648873F9_20260412_031500.WAV,14,0.0,1.0,0.25,BirdNET_GLOBAL_6K_V2.4_Model_FP32.tflite,243B1F02648873F9_20260412_031500_chunk_022.wav,13200,561,564
13764,13767,Columba palumbus,Common Wood-Pigeon,0.6315,243B1F02648873F9_20260412_031500.WAV,14,0.0,1.0,0.25,BirdNET_GLOBAL_6K_V2.4_Model_FP32.tflite,243B1F02648873F9_20260412_031500_chunk_022.wav,13200,564,567
13767,13770,Troglodytes troglodytes,Eurasian Wren,0.7462,243B1F02648873F9_20260412_031500.WAV,14,0.0,1.0,0.25,BirdNET_GLOBAL_6K_V2.4_Model_FP32.tflite,243B1F02648873F9_20260412_031500_chunk_022.wav,13200,567,570
13788,13791,Columba palumbus,Common Wood-Pigeon,0.2825,243B1F02648873F9_20260412_031500.WAV,14,0.0,1.0,0.25,BirdNET_GLOBAL_6K_V2.4_Model_FP32.tflite,243B1F02648873F9_20260412_031500_chunk_022.wav,13200,588,591
13815,13818,Columba palumbus,Common Wood-Pigeon,0.4705,243B1F02648873F9_20260412_031500.WAV,14,0.0,1.0,0.25,BirdNET_GLOBAL_6K_V2.4_Model_FP32.tflite,243B1F02648873F9_20260412_031500_chunk_023.wav,13800,15,18
13818,13821,Columba palumbus,Common Wood-Pigeon,0.5792,243B1F02648873F9_20260412_031500.WAV,14,0.0,1.0,0.25,BirdNET_GLOBAL_6K_V2.4_Model_FP32.tflite,243B1F02648873F9_20260412_031500_chunk_023.wav,13800,18,21
13824,13827,Columba palumbus,Common Wood-Pigeon,0.4456,243B1F02648873F9_20260412_031500.WAV,14,0.0,1.0,0.25,BirdNET_GLOBAL_6K_V2.4_Model_FP32.tflite,243B1F02648873F9_20260412_031500_chunk_023.wav,13800,24,27
13839,13842,Regulus regulus,Goldcrest,0.3404,243B1F02648873F9_20260412_031500.WAV,14,0.0,1.0,0.25,BirdNET_GLOBAL_6K_V2.4_Model_FP32.tflite,243B1F02648873F9_20260412_031500_chunk_023.wav,13800,39,42
13842,13845,Regulus regulus,Goldcrest,0.3247,243B1F02648873F9_20260412_031500.WAV,14,0.0,1.0,0.25,BirdNET_GLOBAL_6K_V2.4_Model_FP32.tflite,243B1F02648873F9_20260412_031500_chunk_023.wav,13800,42,45
13857,13860,Carduelis carduelis,European Goldfinch,0.3235,243B1F02648873F9_20260412_031500.WAV,14,0.0,1.0,0.25,BirdNET_GLOBAL_6K_V2.4_Model_FP32.tflite,243B1F02648873F9_20260412_031500_chunk_023.wav,13800,57,60
13860,13863,Carduelis carduelis,European Goldfinch,0.8601,243B1F02648873F9_20260412_031500.WAV,14,0.0,1.0,0.25,BirdNET_GLOBAL_6K_V2.4_Model_FP32.tflite,243B1F02648873F9_20260412_031500_chunk_023.wav,13800,60,63
13869,13872,Turdus iliacus,Redwing,0.3219,243B1F02648873F9_20260412_031500.WAV,14,0.0,1.0,0.25,BirdNET_GLOBAL_6K_V2.4_Model_FP32.tflite,243B1F02648873F9_20260412_031500_chunk_023.wav,13800,69,72
13875,13878,Regulus regulus,Goldcrest,0.4226,243B1F02648873F9_20260412_031500.WAV,14,0.0,1.0,0.25,BirdNET_GLOBAL_6K_V2.4_Model_FP32.tflite,243B1F02648873F9_20260412_031500_chunk_023.wav,13800,75,78
13878,13881,Columba palumbus,Common Wood-Pigeon,0.9016,243B1F02648873F9_20260412_031500.WAV,14,0.0,1.0,0.25,BirdNET_GLOBAL_6K_V2.4_Model_FP32.tflite,243B1F02648873F9_20260412_031500_chunk_023.wav,13800,78,81
13881,13884,Columba palumbus,Common Wood-Pigeon,0.7281,243B1F02648873F9_20260412_031500.WAV,14,0.0,1.0,0.25,BirdNET_GLOBAL_6K_V2.4_Model_FP32.tflite,243B1F02648873F9_20260412_031500_chunk_023.wav,13800,81,84
13881,13884,Regulus regulus,Goldcrest,0.3577,243B1F02648873F9_20260412_031500.WAV,14,0.0,1.0,0.25,BirdNET_GLOBAL_6K_V2.4_Model_FP32.tflite,243B1F02648873F9_20260412_031500_chunk_023.wav,13800,81,84
13884,13887,Columba palumbus,Common Wood-Pigeon,0.8052,243B1F02648873F9_20260412_031500.WAV,14,0.0,1.0,0.25,BirdNET_GLOBAL_6K_V2.4_Model_FP32.tflite,243B1F02648873F9_20260412_031500_chunk_023.wav,13800,84,87
13887,13890,Columba palumbus,Common Wood-Pigeon,0.4910,243B1F02648873F9_20260412_031500.WAV,14,0.0,1.0,0.25,BirdNET_GLOBAL_6K_V2.4_Model_FP32.tflite,243B1F02648873F9_20260412_031500_chunk_023.wav,13800,87,90
13890,13893,Carduelis carduelis,European Goldfinch,0.3198,243B1F02648873F9_20260412_031500.WAV,14,0.0,1.0,0.25,BirdNET_GLOBAL_6K_V2.4_Model_FP32.tflite,243B1F02648873F9_20260412_031500_chunk_023.wav,13800,90,93
13896,13899,Regulus regulus,Goldcrest,0.4461,243B1F02648873F9_20260412_031500.WAV,14,0.0,1.0,0.25,BirdNET_GLOBAL_6K_V2.4_Model_FP32.tflite,243B1F02648873F9_20260412_031500_chunk_023.wav,13800,96,99
13902,13905,Tringa totanus,Common Redshank,0.3787,243B1F02648873F9_20260412_031500.WAV,14,0.0,1.0,0.25,BirdNET_GLOBAL_6K_V2.4_Model_FP32.tflite,243B1F02648873F9_20260412_031500_chunk_023.wav,13800,102,105
13914,13917,Columba palumbus,Common Wood-Pigeon,0.4365,243B1F02648873F9_20260412_031500.WAV,14,0.0,1.0,0.25,BirdNET_GLOBAL_6K_V2.4_Model_FP32.tflite,243B1F02648873F9_20260412_031500_chunk_023.wav,13800,114,117
13917,13920,Columba palumbus,Common Wood-Pigeon,0.9566,243B1F02648873F9_20260412_031500.WAV,14,0.0,1.0,0.25,BirdNET_GLOBAL_6K_V2.4_Model_FP32.tflite,243B1F02648873F9_20260412_031500_chunk_023.wav,13800,117,120
13920,13923,Columba palumbus,Common Wood-Pigeon,0.8921,243B1F02648873F9_20260412_031500.WAV,14,0.0,1.0,0.25,BirdNET_GLOBAL_6K_V2.4_Model_FP32.tflite,243B1F02648873F9_20260412_031500_chunk_023.wav,13800,120,123
13923,13926,Columba palumbus,Common Wood-Pigeon,0.9137,243B1F02648873F9_20260412_031500.WAV,14,0.0,1.0,0.25,BirdNET_GLOBAL_6K_V2.4_Model_FP32.tflite,243B1F02648873F9_20260412_031500_chunk_023.wav,13800,123,126
13926,13929,Columba palumbus,Common Wood-Pigeon,0.6978,243B1F02648873F9_20260412_031500.WAV,14,0.0,1.0,0.25,BirdNET_GLOBAL_6K_V2.4_Model_FP32.tflite,243B1F02648873F9_20260412_031500_chunk_023.wav,13800,126,129
13938,13941,Columba palumbus,Common Wood-Pigeon,0.8486,243B1F02648873F9_20260412_031500.WAV,14,0.0,1.0,0.25,BirdNET_GLOBAL_6K_V2.4_Model_FP32.tflite,243B1F02648873F9_20260412_031500_chunk_023.wav,13800,138,141
13941,13944,Columba palumbus,Common Wood-Pigeon,0.8935,243B1F02648873F9_20260412_031500.WAV,14,0.0,1.0,0.25,BirdNET_GLOBAL_6K_V2.4_Model_FP32.tflite,243B1F02648873F9_20260412_031500_chunk_023.wav,13800,141,144
13944,13947,Columba palumbus,Common Wood-Pigeon,0.8658,243B1F02648873F9_20260412_031500.WAV,14,0.0,1.0,0.25,BirdNET_GLOBAL_6K_V2.4_Model_FP32.tflite,243B1F02648873F9_20260412_031500_chunk_023.wav,13800,144,147
13947,13950,Columba palumbus,Common Wood-Pigeon,0.5254,243B1F02648873F9_20260412_031500.WAV,14,0.0,1.0,0.25,BirdNET_GLOBAL_6K_V2.4_Model_FP32.tflite,243B1F02648873F9_20260412_031500_chunk_023.wav,13800,147,150
13953,13956,Turdus viscivorus,Mistle Thrush,0.3441,243B1F02648873F9_20260412_031500.WAV,14,0.0,1.0,0.25,BirdNET_GLOBAL_6K_V2.4_Model_FP32.tflite,243B1F02648873F9_20260412_031500_chunk_023.wav,13800,153,156
13956,13959,Columba palumbus,Common Wood-Pigeon,0.3988,243B1F02648873F9_20260412_031500.WAV,14,0.0,1.0,0.25,BirdNET_GLOBAL_6K_V2.4_Model_FP32.tflite,243B1F02648873F9_20260412_031500_chunk_023.wav,13800,156,159
13968,13971,Columba palumbus,Common Wood-Pigeon,0.8399,243B1F02648873F9_20260412_031500.WAV,14,0.0,1.0,0.25,BirdNET_GLOBAL_6K_V2.4_Model_FP32.tflite,243B1F02648873F9_20260412_031500_chunk_023.wav,13800,168,171
13971,13974,Columba palumbus,Common Wood-Pigeon,0.8796,243B1F02648873F9_20260412_031500.WAV,14,0.0,1.0,0.25,BirdNET_GLOBAL_6K_V2.4_Model_FP32.tflite,243B1F02648873F9_20260412_031500_chunk_023.wav,13800,171,174
13974,13977,Columba palumbus,Common Wood-Pigeon,0.9231,243B1F02648873F9_20260412_031500.WAV,14,0.0,1.0,0.25,BirdNET_GLOBAL_6K_V2.4_Model_FP32.tflite,243B1F02648873F9_20260412_031500_chunk_023.wav,13800,174,177
13977,13980,Columba palumbus,Common Wood-Pigeon,0.9323,243B1F02648873F9_20260412_031500.WAV,14,0.0,1.0,0.25,BirdNET_GLOBAL_6K_V2.4_Model_FP32.tflite,243B1F02648873F9_20260412_031500_chunk_023.wav,13800,177,180
13980,13983,Columba palumbus,Common Wood-Pigeon,0.9700,243B1F02648873F9_20260412_031500.WAV,14,0.0,1.0,0.25,BirdNET_GLOBAL_6K_V2.4_Model_FP32.tflite,243B1F02648873F9_20260412_031500_chunk_023.wav,13800,180,183
13986,13989,Columba palumbus,Common Wood-Pigeon,0.3417,243B1F02648873F9_20260412_031500.WAV,14,0.0,1.0,0.25,BirdNET_GLOBAL_6K_V2.4_Model_FP32.tflite,243B1F02648873F9_20260412_031500_chunk_023.wav,13800,186,189
13998,14001,Columba palumbus,Common Wood-Pigeon,0.2910,243B1F02648873F9_20260412_031500.WAV,14,0.0,1.0,0.25,BirdNET_GLOBAL_6K_V2.4_Model_FP32.tflite,243B1F02648873F9_20260412_031500_chunk_023.wav,13800,198,201
14001,14004,Columba palumbus,Common Wood-Pigeon,0.9188,243B1F02648873F9_20260412_031500.WAV,14,0.0,1.0,0.25,BirdNET_GLOBAL_6K_V2.4_Model_FP32.tflite,243B1F02648873F9_20260412_031500_chunk_023.wav,13800,201,204
14004,14007,Columba palumbus,Common Wood-Pigeon,0.9813,243B1F02648873F9_20260412_031500.WAV,14,0.0,1.0,0.25,BirdNET_GLOBAL_6K_V2.4_Model_FP32.tflite,243B1F02648873F9_20260412_031500_chunk_023.wav,13800,204,207
14007,14010,Columba palumbus,Common Wood-Pigeon,0.6600,243B1F02648873F9_20260412_031500.WAV,14,0.0,1.0,0.25,BirdNET_GLOBAL_6K_V2.4_Model_FP32.tflite,243B1F02648873F9_20260412_031500_chunk_023.wav,13800,207,210
14013,14016,Columba palumbus,Common Wood-Pigeon,0.3142,243B1F02648873F9_20260412_031500.WAV,14,0.0,1.0,0.25,BirdNET_GLOBAL_6K_V2.4_Model_FP32.tflite,243B1F02648873F9_20260412_031500_chunk_023.wav,13800,213,216
14016,14019,Columba palumbus,Common Wood-Pigeon,0.6386,243B1F02648873F9_20260412_031500.WAV,14,0.0,1.0,0.25,BirdNET_GLOBAL_6K_V2.4_Model_FP32.tflite,243B1F02648873F9_20260412_031500_chunk_023.wav,13800,216,219
14019,14022,Columba palumbus,Common Wood-Pigeon,0.8247,243B1F02648873F9_20260412_031500.WAV,14,0.0,1.0,0.25,BirdNET_GLOBAL_6K_V2.4_Model_FP32.tflite,243B1F02648873F9_20260412_031500_chunk_023.wav,13800,219,222
14022,14025,Columba palumbus,Common Wood-Pigeon,0.3480,243B1F02648873F9_20260412_031500.WAV,14,0.0,1.0,0.25,BirdNET_GLOBAL_6K_V2.4_Model_FP32.tflite,243B1F02648873F9_20260412_031500_chunk_023.wav,13800,222,225
14034,14037,Troglodytes troglodytes,Eurasian Wren,0.8020,243B1F02648873F9_20260412_031500.WAV,14,0.0,1.0,0.25,BirdNET_GLOBAL_6K_V2.4_Model_FP32.tflite,243B1F02648873F9_20260412_031500_chunk_023.wav,13800,234,237
14037,14040,Troglodytes troglodytes,Eurasian Wren,0.9110,243B1F02648873F9_20260412_031500.WAV,14,0.0,1.0,0.25,BirdNET_GLOBAL_6K_V2.4_Model_FP32.tflite,243B1F02648873F9_20260412_031500_chunk_023.wav,13800,237,240
14040,14043,Certhia familiaris,Eurasian Treecreeper,0.3949,243B1F02648873F9_20260412_031500.WAV,14,0.0,1.0,0.25,BirdNET_GLOBAL_6K_V2.4_Model_FP32.tflite,243B1F02648873F9_20260412_031500_chunk_023.wav,13800,240,243
14046,14049,Carduelis carduelis,European Goldfinch,0.2701,243B1F02648873F9_20260412_031500.WAV,14,0.0,1.0,0.25,BirdNET_GLOBAL_6K_V2.4_Model_FP32.tflite,243B1F02648873F9_20260412_031500_chunk_023.wav,13800,246,249
14049,14052,Columba palumbus,Common Wood-Pigeon,0.9916,243B1F02648873F9_20260412_031500.WAV,14,0.0,1.0,0.25,BirdNET_GLOBAL_6K_V2.4_Model_FP32.tflite,243B1F02648873F9_20260412_031500_chunk_023.wav,13800,249,252
14052,14055,Columba palumbus,Common Wood-Pigeon,0.9838,243B1F02648873F9_20260412_031500.WAV,14,0.0,1.0,0.25,BirdNET_GLOBAL_6K_V2.4_Model_FP32.tflite,243B1F02648873F9_20260412_031500_chunk_023.wav,13800,252,255
14055,14058,Columba palumbus,Common Wood-Pigeon,0.9877,243B1F02648873F9_20260412_031500.WAV,14,0.0,1.0,0.25,BirdNET_GLOBAL_6K_V2.4_Model_FP32.tflite,243B1F02648873F9_20260412_031500_chunk_023.wav,13800,255,258
14058,14061,Columba palumbus,Common Wood-Pigeon,0.9798,243B1F02648873F9_20260412_031500.WAV,14,0.0,1.0,0.25,BirdNET_GLOBAL_6K_V2.4_Model_FP32.tflite,243B1F02648873F9_20260412_031500_chunk_023.wav,13800,258,261
14061,14064,Columba palumbus,Common Wood-Pigeon,0.7979,243B1F02648873F9_20260412_031500.WAV,14,0.0,1.0,0.25,BirdNET_GLOBAL_6K_V2.4_Model_FP32.tflite,243B1F02648873F9_20260412_031500_chunk_023.wav,13800,261,264
14067,14070,Columba palumbus,Common Wood-Pigeon,0.3647,243B1F02648873F9_20260412_031500.WAV,14,0.0,1.0,0.25,BirdNET_GLOBAL_6K_V2.4_Model_FP32.tflite,243B1F02648873F9_20260412_031500_chunk_023.wav,13800,267,270
14070,14073,Columba palumbus,Common Wood-Pigeon,0.8010,243B1F02648873F9_20260412_031500.WAV,14,0.0,1.0,0.25,BirdNET_GLOBAL_6K_V2.4_Model_FP32.tflite,243B1F02648873F9_20260412_031500_chunk_023.wav,13800,270,273
14073,14076,Columba palumbus,Common Wood-Pigeon,0.6344,243B1F02648873F9_20260412_031500.WAV,14,0.0,1.0,0.25,BirdNET_GLOBAL_6K_V2.4_Model_FP32.tflite,243B1F02648873F9_20260412_031500_chunk_023.wav,13800,273,276
14076,14079,Columba palumbus,Common Wood-Pigeon,0.5309,243B1F02648873F9_20260412_031500.WAV,14,0.0,1.0,0.25,BirdNET_GLOBAL_6K_V2.4_Model_FP32.tflite,243B1F02648873F9_20260412_031500_chunk_023.wav,13800,276,279
14076,14079,Streptopelia decaocto,Eurasian Collared-Dove,0.3551,243B1F02648873F9_20260412_031500.WAV,14,0.0,1.0,0.25,BirdNET_GLOBAL_6K_V2.4_Model_FP32.tflite,243B1F02648873F9_20260412_031500_chunk_023.wav,13800,276,279
14079,14082,Columba palumbus,Common Wood-Pigeon,0.8204,243B1F02648873F9_20260412_031500.WAV,14,0.0,1.0,0.25,BirdNET_GLOBAL_6K_V2.4_Model_FP32.tflite,243B1F02648873F9_20260412_031500_chunk_023.wav,13800,279,282
14082,14085,Carduelis carduelis,European Goldfinch,0.3386,243B1F02648873F9_20260412_031500.WAV,14,0.0,1.0,0.25,BirdNET_GLOBAL_6K_V2.4_Model_FP32.tflite,243B1F02648873F9_20260412_031500_chunk_023.wav,13800,282,285
14085,14088,Larus argentatus,Herring Gull,0.2595,243B1F02648873F9_20260412_031500.WAV,14,0.0,1.0,0.25,BirdNET_GLOBAL_6K_V2.4_Model_FP32.tflite,243B1F02648873F9_20260412_031500_chunk_023.wav,13800,285,288
14088,14091,Larus argentatus,Herring Gull,0.3326,243B1F02648873F9_20260412_031500.WAV,14,0.0,1.0,0.25,BirdNET_GLOBAL_6K_V2.4_Model_FP32.tflite,243B1F02648873F9_20260412_031500_chunk_023.wav,13800,288,291
14091,14094,Larus argentatus,Herring Gull,0.2801,243B1F02648873F9_20260412_031500.WAV,14,0.0,1.0,0.25,BirdNET_GLOBAL_6K_V2.4_Model_FP32.tflite,243B1F02648873F9_20260412_031500_chunk_023.wav,13800,291,294
14094,14097,Carduelis carduelis,European Goldfinch,0.8453,243B1F02648873F9_20260412_031500.WAV,14,0.0,1.0,0.25,BirdNET_GLOBAL_6K_V2.4_Model_FP32.tflite,243B1F02648873F9_20260412_031500_chunk_023.wav,13800,294,297
14100,14103,Carduelis carduelis,European Goldfinch,0.7327,243B1F02648873F9_20260412_031500.WAV,14,0.0,1.0,0.25,BirdNET_GLOBAL_6K_V2.4_Model_FP32.tflite,243B1F02648873F9_20260412_031500_chunk_023.wav,13800,300,303
14103,14106,Carduelis carduelis,European Goldfinch,0.5581,243B1F02648873F9_20260412_031500.WAV,14,0.0,1.0,0.25,BirdNET_GLOBAL_6K_V2.4_Model_FP32.tflite,243B1F02648873F9_20260412_031500_chunk_023.wav,13800,303,306
14103,14106,Columba palumbus,Common Wood-Pigeon,0.2539,243B1F02648873F9_20260412_031500.WAV,14,0.0,1.0,0.25,BirdNET_GLOBAL_6K_V2.4_Model_FP32.tflite,243B1F02648873F9_20260412_031500_chunk_023.wav,13800,303,306
14106,14109,Columba palumbus,Common Wood-Pigeon,0.7774,243B1F02648873F9_20260412_031500.WAV,14,0.0,1.0,0.25,BirdNET_GLOBAL_6K_V2.4_Model_FP32.tflite,243B1F02648873F9_20260412_031500_chunk_023.wav,13800,306,309
14115,14118,Carduelis carduelis,European Goldfinch,0.6233,243B1F02648873F9_20260412_031500.WAV,14,0.0,1.0,0.25,BirdNET_GLOBAL_6K_V2.4_Model_FP32.tflite,243B1F02648873F9_20260412_031500_chunk_023.wav,13800,315,318
14127,14130,Carduelis carduelis,European Goldfinch,0.4178,243B1F02648873F9_20260412_031500.WAV,14,0.0,1.0,0.25,BirdNET_GLOBAL_6K_V2.4_Model_FP32.tflite,243B1F02648873F9_20260412_031500_chunk_023.wav,13800,327,330
14130,14133,Carduelis carduelis,European Goldfinch,0.2865,243B1F02648873F9_20260412_031500.WAV,14,0.0,1.0,0.25,BirdNET_GLOBAL_6K_V2.4_Model_FP32.tflite,243B1F02648873F9_20260412_031500_chunk_023.wav,13800,330,333
14133,14136,Carduelis carduelis,European Goldfinch,0.9637,243B1F02648873F9_20260412_031500.WAV,14,0.0,1.0,0.25,BirdNET_GLOBAL_6K_V2.4_Model_FP32.tflite,243B1F02648873F9_20260412_031500_chunk_023.wav,13800,333,336
14136,14139,Carduelis carduelis,European Goldfinch,0.7630,243B1F02648873F9_20260412_031500.WAV,14,0.0,1.0,0.25,BirdNET_GLOBAL_6K_V2.4_Model_FP32.tflite,243B1F02648873F9_20260412_031500_chunk_023.wav,13800,336,339
14139,14142,Columba palumbus,Common Wood-Pigeon,0.3679,243B1F02648873F9_20260412_031500.WAV,14,0.0,1.0,0.25,BirdNET_GLOBAL_6K_V2.4_Model_FP32.tflite,243B1F02648873F9_20260412_031500_chunk_023.wav,13800,339,342
14142,14145,Columba palumbus,Common Wood-Pigeon,0.5949,243B1F02648873F9_20260412_031500.WAV,14,0.0,1.0,0.25,BirdNET_GLOBAL_6K_V2.4_Model_FP32.tflite,243B1F02648873F9_20260412_031500_chunk_023.wav,13800,342,345
14142,14145,Carduelis carduelis,European Goldfinch,0.4627,243B1F02648873F9_20260412_031500.WAV,14,0.0,1.0,0.25,BirdNET_GLOBAL_6K_V2.4_Model_FP32.tflite,243B1F02648873F9_20260412_031500_chunk_023.wav,13800,342,345
14148,14151,Carduelis carduelis,European Goldfinch,0.9546,243B1F02648873F9_20260412_031500.WAV,14,0.0,1.0,0.25,BirdNET_GLOBAL_6K_V2.4_Model_FP32.tflite,243B1F02648873F9_20260412_031500_chunk_023.wav,13800,348,351
14151,14154,Carduelis carduelis,European Goldfinch,0.5509,243B1F02648873F9_20260412_031500.WAV,14,0.0,1.0,0.25,BirdNET_GLOBAL_6K_V2.4_Model_FP32.tflite,243B1F02648873F9_20260412_031500_chunk_023.wav,13800,351,354
14154,14157,Carduelis carduelis,European Goldfinch,0.5559,243B1F02648873F9_20260412_031500.WAV,14,0.0,1.0,0.25,BirdNET_GLOBAL_6K_V2.4_Model_FP32.tflite,243B1F02648873F9_20260412_031500_chunk_023.wav,13800,354,357
14163,14166,Columba palumbus,Common Wood-Pigeon,0.3527,243B1F02648873F9_20260412_031500.WAV,14,0.0,1.0,0.25,BirdNET_GLOBAL_6K_V2.4_Model_FP32.tflite,243B1F02648873F9_20260412_031500_chunk_023.wav,13800,363,366
14163,14166,Carduelis carduelis,European Goldfinch,0.3315,243B1F02648873F9_20260412_031500.WAV,14,0.0,1.0,0.25,BirdNET_GLOBAL_6K_V2.4_Model_FP32.tflite,243B1F02648873F9_20260412_031500_chunk_023.wav,13800,363,366
14166,14169,Columba palumbus,Common Wood-Pigeon,0.6531,243B1F02648873F9_20260412_031500.WAV,14,0.0,1.0,0.25,BirdNET_GLOBAL_6K_V2.4_Model_FP32.tflite,243B1F02648873F9_20260412_031500_chunk_023.wav,13800,366,369
14166,14169,Carduelis carduelis,European Goldfinch,0.3381,243B1F02648873F9_20260412_031500.WAV,14,0.0,1.0,0.25,BirdNET_GLOBAL_6K_V2.4_Model_FP32.tflite,243B1F02648873F9_20260412_031500_chunk_023.wav,13800,366,369
14169,14172,Columba palumbus,Common Wood-Pigeon,0.7747,243B1F02648873F9_20260412_031500.WAV,14,0.0,1.0,0.25,BirdNET_GLOBAL_6K_V2.4_Model_FP32.tflite,243B1F02648873F9_20260412_031500_chunk_023.wav,13800,369,372
14172,14175,Columba palumbus,Common Wood-Pigeon,0.7097,243B1F02648873F9_20260412_031500.WAV,14,0.0,1.0,0.25,BirdNET_GLOBAL_6K_V2.4_Model_FP32.tflite,243B1F02648873F9_20260412_031500_chunk_023.wav,13800,372,375
14175,14178,Carduelis carduelis,European Goldfinch,0.7400,243B1F02648873F9_20260412_031500.WAV,14,0.0,1.0,0.25,BirdNET_GLOBAL_6K_V2.4_Model_FP32.tflite,243B1F02648873F9_20260412_031500_chunk_023.wav,13800,375,378
14181,14184,Columba palumbus,Common Wood-Pigeon,0.7341,243B1F02648873F9_20260412_031500.WAV,14,0.0,1.0,0.25,BirdNET_GLOBAL_6K_V2.4_Model_FP32.tflite,243B1F02648873F9_20260412_031500_chunk_023.wav,13800,381,384
14187,14190,Columba palumbus,Common Wood-Pigeon,0.4191,243B1F02648873F9_20260412_031500.WAV,14,0.0,1.0,0.25,BirdNET_GLOBAL_6K_V2.4_Model_FP32.tflite,243B1F02648873F9_20260412_031500_chunk_023.wav,13800,387,390
14190,14193,Columba palumbus,Common Wood-Pigeon,0.8711,243B1F02648873F9_20260412_031500.WAV,14,0.0,1.0,0.25,BirdNET_GLOBAL_6K_V2.4_Model_FP32.tflite,243B1F02648873F9_20260412_031500_chunk_023.wav,13800,390,393
14193,14196,Columba palumbus,Common Wood-Pigeon,0.8079,243B1F02648873F9_20260412_031500.WAV,14,0.0,1.0,0.25,BirdNET_GLOBAL_6K_V2.4_Model_FP32.tflite,243B1F02648873F9_20260412_031500_chunk_023.wav,13800,393,396
14196,14199,Columba palumbus,Common Wood-Pigeon,0.9719,243B1F02648873F9_20260412_031500.WAV,14,0.0,1.0,0.25,BirdNET_GLOBAL_6K_V2.4_Model_FP32.tflite,243B1F02648873F9_20260412_031500_chunk_023.wav,13800,396,399
14199,14202,Columba palumbus,Common Wood-Pigeon,0.7978,243B1F02648873F9_20260412_031500.WAV,14,0.0,1.0,0.25,BirdNET_GLOBAL_6K_V2.4_Model_FP32.tflite,243B1F02648873F9_20260412_031500_chunk_023.wav,13800,399,402
14211,14214,Troglodytes troglodytes,Eurasian Wren,0.7519,243B1F02648873F9_20260412_031500.WAV,14,0.0,1.0,0.25,BirdNET_GLOBAL_6K_V2.4_Model_FP32.tflite,243B1F02648873F9_20260412_031500_chunk_023.wav,13800,411,414
14214,14217,Troglodytes troglodytes,Eurasian Wren,0.9911,243B1F02648873F9_20260412_031500.WAV,14,0.0,1.0,0.25,BirdNET_GLOBAL_6K_V2.4_Model_FP32.tflite,243B1F02648873F9_20260412_031500_chunk_023.wav,13800,414,417
14223,14226,Columba palumbus,Common Wood-Pigeon,0.7532,243B1F02648873F9_20260412_031500.WAV,14,0.0,1.0,0.25,BirdNET_GLOBAL_6K_V2.4_Model_FP32.tflite,243B1F02648873F9_20260412_031500_chunk_023.wav,13800,423,426
14226,14229,Columba palumbus,Common Wood-Pigeon,0.8217,243B1F02648873F9_20260412_031500.WAV,14,0.0,1.0,0.25,BirdNET_GLOBAL_6K_V2.4_Model_FP32.tflite,243B1F02648873F9_20260412_031500_chunk_023.wav,13800,426,429
14244,14247,Troglodytes troglodytes,Eurasian Wren,0.9954,243B1F02648873F9_20260412_031500.WAV,14,0.0,1.0,0.25,BirdNET_GLOBAL_6K_V2.4_Model_FP32.tflite,243B1F02648873F9_20260412_031500_chunk_023.wav,13800,444,447
14247,14250,Troglodytes troglodytes,Eurasian Wren,0.8851,243B1F02648873F9_20260412_031500.WAV,14,0.0,1.0,0.25,BirdNET_GLOBAL_6K_V2.4_Model_FP32.tflite,243B1F02648873F9_20260412_031500_chunk_023.wav,13800,447,450
14247,14250,Columba palumbus,Common Wood-Pigeon,0.3214,243B1F02648873F9_20260412_031500.WAV,14,0.0,1.0,0.25,BirdNET_GLOBAL_6K_V2.4_Model_FP32.tflite,243B1F02648873F9_20260412_031500_chunk_023.wav,13800,447,450
14250,14253,Columba palumbus,Common Wood-Pigeon,0.9154,243B1F02648873F9_20260412_031500.WAV,14,0.0,1.0,0.25,BirdNET_GLOBAL_6K_V2.4_Model_FP32.tflite,243B1F02648873F9_20260412_031500_chunk_023.wav,13800,450,453
14253,14256,Columba palumbus,Common Wood-Pigeon,0.4672,243B1F02648873F9_20260412_031500.WAV,14,0.0,1.0,0.25,BirdNET_GLOBAL_6K_V2.4_Model_FP32.tflite,243B1F02648873F9_20260412_031500_chunk_023.wav,13800,453,456
14265,14268,Carduelis carduelis,European Goldfinch,0.5616,243B1F02648873F9_20260412_031500.WAV,14,0.0,1.0,0.25,BirdNET_GLOBAL_6K_V2.4_Model_FP32.tflite,243B1F02648873F9_20260412_031500_chunk_023.wav,13800,465,468
14271,14274,Troglodytes troglodytes,Eurasian Wren,0.3832,243B1F02648873F9_20260412_031500.WAV,14,0.0,1.0,0.25,BirdNET_GLOBAL_6K_V2.4_Model_FP32.tflite,243B1F02648873F9_20260412_031500_chunk_023.wav,13800,471,474
14286,14289,Cyanistes caeruleus,Eurasian Blue Tit,0.5959,243B1F02648873F9_20260412_031500.WAV,14,0.0,1.0,0.25,BirdNET_GLOBAL_6K_V2.4_Model_FP32.tflite,243B1F02648873F9_20260412_031500_chunk_023.wav,13800,486,489
14295,14298,Columba palumbus,Common Wood-Pigeon,0.2945,243B1F02648873F9_20260412_031500.WAV,14,0.0,1.0,0.25,BirdNET_GLOBAL_6K_V2.4_Model_FP32.tflite,243B1F02648873F9_20260412_031500_chunk_023.wav,13800,495,498
14298,14301,Columba palumbus,Common Wood-Pigeon,0.5491,243B1F02648873F9_20260412_031500.WAV,14,0.0,1.0,0.25,BirdNET_GLOBAL_6K_V2.4_Model_FP32.tflite,243B1F02648873F9_20260412_031500_chunk_023.wav,13800,498,501
14301,14304,Columba palumbus,Common Wood-Pigeon,0.5306,243B1F02648873F9_20260412_031500.WAV,14,0.0,1.0,0.25,BirdNET_GLOBAL_6K_V2.4_Model_FP32.tflite,243B1F02648873F9_20260412_031500_chunk_023.wav,13800,501,504
14304,14307,Certhia familiaris,Eurasian Treecreeper,0.4490,243B1F02648873F9_20260412_031500.WAV,14,0.0,1.0,0.25,BirdNET_GLOBAL_6K_V2.4_Model_FP32.tflite,243B1F02648873F9_20260412_031500_chunk_023.wav,13800,504,507
14310,14313,Troglodytes troglodytes,Eurasian Wren,0.2994,243B1F02648873F9_20260412_031500.WAV,14,0.0,1.0,0.25,BirdNET_GLOBAL_6K_V2.4_Model_FP32.tflite,243B1F02648873F9_20260412_031500_chunk_023.wav,13800,510,513
14313,14316,Certhia familiaris,Eurasian Treecreeper,0.3248,243B1F02648873F9_20260412_031500.WAV,14,0.0,1.0,0.25,BirdNET_GLOBAL_6K_V2.4_Model_FP32.tflite,243B1F02648873F9_20260412_031500_chunk_023.wav,13800,513,516
14316,14319,Cyanistes caeruleus,Eurasian Blue Tit,0.2859,243B1F02648873F9_20260412_031500.WAV,14,0.0,1.0,0.25,BirdNET_GLOBAL_6K_V2.4_Model_FP32.tflite,243B1F02648873F9_20260412_031500_chunk_023.wav,13800,516,519
14322,14325,Troglodytes troglodytes,Eurasian Wren,0.3333,243B1F02648873F9_20260412_031500.WAV,14,0.0,1.0,0.25,BirdNET_GLOBAL_6K_V2.4_Model_FP32.tflite,243B1F02648873F9_20260412_031500_chunk_023.wav,13800,522,525
14325,14328,Corvus cornix,Hooded Crow,0.7242,243B1F02648873F9_20260412_031500.WAV,14,0.0,1.0,0.25,BirdNET_GLOBAL_6K_V2.4_Model_FP32.tflite,243B1F02648873F9_20260412_031500_chunk_023.wav,13800,525,528
14325,14328,Corvus corone,Carrion Crow,0.4982,243B1F02648873F9_20260412_031500.WAV,14,0.0,1.0,0.25,BirdNET_GLOBAL_6K_V2.4_Model_FP32.tflite,243B1F02648873F9_20260412_031500_chunk_023.wav,13800,525,528
14337,14340,Turdus merula,Eurasian Blackbird,0.7012,243B1F02648873F9_20260412_031500.WAV,14,0.0,1.0,0.25,BirdNET_GLOBAL_6K_V2.4_Model_FP32.tflite,243B1F02648873F9_20260412_031500_chunk_023.wav,13800,537,540
14349,14352,Turdus iliacus,Redwing,0.6354,243B1F02648873F9_20260412_031500.WAV,14,0.0,1.0,0.25,BirdNET_GLOBAL_6K_V2.4_Model_FP32.tflite,243B1F02648873F9_20260412_031500_chunk_023.wav,13800,549,552
14367,14370,Turdus iliacus,Redwing,0.7894,243B1F02648873F9_20260412_031500.WAV,14,0.0,1.0,0.25,BirdNET_GLOBAL_6K_V2.4_Model_FP32.tflite,243B1F02648873F9_20260412_031500_chunk_023.wav,13800,567,570
14409,14412,Corvus cornix,Hooded Crow,0.6022,243B1F02648873F9_20260412_031500.WAV,14,0.0,1.0,0.25,BirdNET_GLOBAL_6K_V2.4_Model_FP32.tflite,243B1F02648873F9_20260412_031500_chunk_024.wav,14400,9,12
14409,14412,Corvus corone,Carrion Crow,0.4868,243B1F02648873F9_20260412_031500.WAV,14,0.0,1.0,0.25,BirdNET_GLOBAL_6K_V2.4_Model_FP32.tflite,243B1F02648873F9_20260412_031500_chunk_024.wav,14400,9,12
14415,14418,Erithacus rubecula,European Robin,0.2619,243B1F02648873F9_20260412_031500.WAV,14,0.0,1.0,0.25,BirdNET_GLOBAL_6K_V2.4_Model_FP32.tflite,243B1F02648873F9_20260412_031500_chunk_024.wav,14400,15,18
14418,14421,Certhia familiaris,Eurasian Treecreeper,0.3079,243B1F02648873F9_20260412_031500.WAV,14,0.0,1.0,0.25,BirdNET_GLOBAL_6K_V2.4_Model_FP32.tflite,243B1F02648873F9_20260412_031500_chunk_024.wav,14400,18,21
14421,14424,Cyanistes caeruleus,Eurasian Blue Tit,0.9473,243B1F02648873F9_20260412_031500.WAV,14,0.0,1.0,0.25,BirdNET_GLOBAL_6K_V2.4_Model_FP32.tflite,243B1F02648873F9_20260412_031500_chunk_024.wav,14400,21,24
14427,14430,Certhia familiaris,Eurasian Treecreeper,0.3406,243B1F02648873F9_20260412_031500.WAV,14,0.0,1.0,0.25,BirdNET_GLOBAL_6K_V2.4_Model_FP32.tflite,243B1F02648873F9_20260412_031500_chunk_024.wav,14400,27,30
14442,14445,Columba palumbus,Common Wood-Pigeon,0.8445,243B1F02648873F9_20260412_031500.WAV,14,0.0,1.0,0.25,BirdNET_GLOBAL_6K_V2.4_Model_FP32.tflite,243B1F02648873F9_20260412_031500_chunk_024.wav,14400,42,45
14445,14448,Columba palumbus,Common Wood-Pigeon,0.8907,243B1F02648873F9_20260412_031500.WAV,14,0.0,1.0,0.25,BirdNET_GLOBAL_6K_V2.4_Model_FP32.tflite,243B1F02648873F9_20260412_031500_chunk_024.wav,14400,45,48
14448,14451,Columba palumbus,Common Wood-Pigeon,0.5504,243B1F02648873F9_20260412_031500.WAV,14,0.0,1.0,0.25,BirdNET_GLOBAL_6K_V2.4_Model_FP32.tflite,243B1F02648873F9_20260412_031500_chunk_024.wav,14400,48,51
14451,14454,Columba oenas,Stock Dove,0.5507,243B1F02648873F9_20260412_031500.WAV,14,0.0,1.0,0.25,BirdNET_GLOBAL_6K_V2.4_Model_FP32.tflite,243B1F02648873F9_20260412_031500_chunk_024.wav,14400,51,54
14457,14460,Troglodytes troglodytes,Eurasian Wren,0.3324,243B1F02648873F9_20260412_031500.WAV,14,0.0,1.0,0.25,BirdNET_GLOBAL_6K_V2.4_Model_FP32.tflite,243B1F02648873F9_20260412_031500_chunk_024.wav,14400,57,60
14460,14463,Certhia familiaris,Eurasian Treecreeper,0.3906,243B1F02648873F9_20260412_031500.WAV,14,0.0,1.0,0.25,BirdNET_GLOBAL_6K_V2.4_Model_FP32.tflite,243B1F02648873F9_20260412_031500_chunk_024.wav,14400,60,63
14466,14469,Columba palumbus,Common Wood-Pigeon,0.3605,243B1F02648873F9_20260412_031500.WAV,14,0.0,1.0,0.25,BirdNET_GLOBAL_6K_V2.4_Model_FP32.tflite,243B1F02648873F9_20260412_031500_chunk_024.wav,14400,66,69
14469,14472,Columba palumbus,Common Wood-Pigeon,0.8814,243B1F02648873F9_20260412_031500.WAV,14,0.0,1.0,0.25,BirdNET_GLOBAL_6K_V2.4_Model_FP32.tflite,243B1F02648873F9_20260412_031500_chunk_024.wav,14400,69,72
14472,14475,Columba palumbus,Common Wood-Pigeon,0.6894,243B1F02648873F9_20260412_031500.WAV,14,0.0,1.0,0.25,BirdNET_GLOBAL_6K_V2.4_Model_FP32.tflite,243B1F02648873F9_20260412_031500_chunk_024.wav,14400,72,75
14475,14478,Columba palumbus,Common Wood-Pigeon,0.7350,243B1F02648873F9_20260412_031500.WAV,14,0.0,1.0,0.25,BirdNET_GLOBAL_6K_V2.4_Model_FP32.tflite,243B1F02648873F9_20260412_031500_chunk_024.wav,14400,75,78
14478,14481,Columba palumbus,Common Wood-Pigeon,0.9469,243B1F02648873F9_20260412_031500.WAV,14,0.0,1.0,0.25,BirdNET_GLOBAL_6K_V2.4_Model_FP32.tflite,243B1F02648873F9_20260412_031500_chunk_024.wav,14400,78,81
14481,14484,Columba palumbus,Common Wood-Pigeon,0.4719,243B1F02648873F9_20260412_031500.WAV,14,0.0,1.0,0.25,BirdNET_GLOBAL_6K_V2.4_Model_FP32.tflite,243B1F02648873F9_20260412_031500_chunk_024.wav,14400,81,84
14487,14490,Troglodytes troglodytes,Eurasian Wren,0.2781,243B1F02648873F9_20260412_031500.WAV,14,0.0,1.0,0.25,BirdNET_GLOBAL_6K_V2.4_Model_FP32.tflite,243B1F02648873F9_20260412_031500_chunk_024.wav,14400,87,90
14490,14493,Troglodytes troglodytes,Eurasian Wren,0.8806,243B1F02648873F9_20260412_031500.WAV,14,0.0,1.0,0.25,BirdNET_GLOBAL_6K_V2.4_Model_FP32.tflite,243B1F02648873F9_20260412_031500_chunk_024.wav,14400,90,93
14529,14532,Columba palumbus,Common Wood-Pigeon,0.6267,243B1F02648873F9_20260412_031500.WAV,14,0.0,1.0,0.25,BirdNET_GLOBAL_6K_V2.4_Model_FP32.tflite,243B1F02648873F9_20260412_031500_chunk_024.wav,14400,129,132
14532,14535,Columba palumbus,Common Wood-Pigeon,0.8252,243B1F02648873F9_20260412_031500.WAV,14,0.0,1.0,0.25,BirdNET_GLOBAL_6K_V2.4_Model_FP32.tflite,243B1F02648873F9_20260412_031500_chunk_024.wav,14400,132,135
14535,14538,Columba palumbus,Common Wood-Pigeon,0.8126,243B1F02648873F9_20260412_031500.WAV,14,0.0,1.0,0.25,BirdNET_GLOBAL_6K_V2.4_Model_FP32.tflite,243B1F02648873F9_20260412_031500_chunk_024.wav,14400,135,138
14538,14541,Columba palumbus,Common Wood-Pigeon,0.9289,243B1F02648873F9_20260412_031500.WAV,14,0.0,1.0,0.25,BirdNET_GLOBAL_6K_V2.4_Model_FP32.tflite,243B1F02648873F9_20260412_031500_chunk_024.wav,14400,138,141
14544,14547,Certhia familiaris,Eurasian Treecreeper,0.2853,243B1F02648873F9_20260412_031500.WAV,14,0.0,1.0,0.25,BirdNET_GLOBAL_6K_V2.4_Model_FP32.tflite,243B1F02648873F9_20260412_031500_chunk_024.wav,14400,144,147
14553,14556,Troglodytes troglodytes,Eurasian Wren,0.3496,243B1F02648873F9_20260412_031500.WAV,14,0.0,1.0,0.25,BirdNET_GLOBAL_6K_V2.4_Model_FP32.tflite,243B1F02648873F9_20260412_031500_chunk_024.wav,14400,153,156
14556,14559,Columba palumbus,Common Wood-Pigeon,0.4518,243B1F02648873F9_20260412_031500.WAV,14,0.0,1.0,0.25,BirdNET_GLOBAL_6K_V2.4_Model_FP32.tflite,243B1F02648873F9_20260412_031500_chunk_024.wav,14400,156,159
14559,14562,Columba palumbus,Common Wood-Pigeon,0.4975,243B1F02648873F9_20260412_031500.WAV,14,0.0,1.0,0.25,BirdNET_GLOBAL_6K_V2.4_Model_FP32.tflite,243B1F02648873F9_20260412_031500_chunk_024.wav,14400,159,162
14574,14577,Columba palumbus,Common Wood-Pigeon,0.7867,243B1F02648873F9_20260412_031500.WAV,14,0.0,1.0,0.25,BirdNET_GLOBAL_6K_V2.4_Model_FP32.tflite,243B1F02648873F9_20260412_031500_chunk_024.wav,14400,174,177
14577,14580,Columba palumbus,Common Wood-Pigeon,0.8425,243B1F02648873F9_20260412_031500.WAV,14,0.0,1.0,0.25,BirdNET_GLOBAL_6K_V2.4_Model_FP32.tflite,243B1F02648873F9_20260412_031500_chunk_024.wav,14400,177,180
14580,14583,Columba palumbus,Common Wood-Pigeon,0.9186,243B1F02648873F9_20260412_031500.WAV,14,0.0,1.0,0.25,BirdNET_GLOBAL_6K_V2.4_Model_FP32.tflite,243B1F02648873F9_20260412_031500_chunk_024.wav,14400,180,183
14592,14595,Troglodytes troglodytes,Eurasian Wren,0.3162,243B1F02648873F9_20260412_031500.WAV,14,0.0,1.0,0.25,BirdNET_GLOBAL_6K_V2.4_Model_FP32.tflite,243B1F02648873F9_20260412_031500_chunk_024.wav,14400,192,195
14619,14622,Columba palumbus,Common Wood-Pigeon,0.4069,243B1F02648873F9_20260412_031500.WAV,14,0.0,1.0,0.25,BirdNET_GLOBAL_6K_V2.4_Model_FP32.tflite,243B1F02648873F9_20260412_031500_chunk_024.wav,14400,219,222
14646,14649,Columba palumbus,Common Wood-Pigeon,0.4629,243B1F02648873F9_20260412_031500.WAV,14,0.0,1.0,0.25,BirdNET_GLOBAL_6K_V2.4_Model_FP32.tflite,243B1F02648873F9_20260412_031500_chunk_024.wav,14400,246,249
14649,14652,Columba palumbus,Common Wood-Pigeon,0.6717,243B1F02648873F9_20260412_031500.WAV,14,0.0,1.0,0.25,BirdNET_GLOBAL_6K_V2.4_Model_FP32.tflite,243B1F02648873F9_20260412_031500_chunk_024.wav,14400,249,252
14652,14655,Columba palumbus,Common Wood-Pigeon,0.8917,243B1F02648873F9_20260412_031500.WAV,14,0.0,1.0,0.25,BirdNET_GLOBAL_6K_V2.4_Model_FP32.tflite,243B1F02648873F9_20260412_031500_chunk_024.wav,14400,252,255
14655,14658,Columba palumbus,Common Wood-Pigeon,0.9661,243B1F02648873F9_20260412_031500.WAV,14,0.0,1.0,0.25,BirdNET_GLOBAL_6K_V2.4_Model_FP32.tflite,243B1F02648873F9_20260412_031500_chunk_024.wav,14400,255,258
14658,14661,Columba palumbus,Common Wood-Pigeon,0.4330,243B1F02648873F9_20260412_031500.WAV,14,0.0,1.0,0.25,BirdNET_GLOBAL_6K_V2.4_Model_FP32.tflite,243B1F02648873F9_20260412_031500_chunk_024.wav,14400,258,261
14667,14670,Corvus cornix,Hooded Crow,0.4562,243B1F02648873F9_20260412_031500.WAV,14,0.0,1.0,0.25,BirdNET_GLOBAL_6K_V2.4_Model_FP32.tflite,243B1F02648873F9_20260412_031500_chunk_024.wav,14400,267,270
14667,14670,Corvus corone,Carrion Crow,0.4392,243B1F02648873F9_20260412_031500.WAV,14,0.0,1.0,0.25,BirdNET_GLOBAL_6K_V2.4_Model_FP32.tflite,243B1F02648873F9_20260412_031500_chunk_024.wav,14400,267,270
14670,14673,Regulus regulus,Goldcrest,0.3647,243B1F02648873F9_20260412_031500.WAV,14,0.0,1.0,0.25,BirdNET_GLOBAL_6K_V2.4_Model_FP32.tflite,243B1F02648873F9_20260412_031500_chunk_024.wav,14400,270,273
14673,14676,Larus argentatus,Herring Gull,0.6012,243B1F02648873F9_20260412_031500.WAV,14,0.0,1.0,0.25,BirdNET_GLOBAL_6K_V2.4_Model_FP32.tflite,243B1F02648873F9_20260412_031500_chunk_024.wav,14400,273,276
14679,14682,Columba palumbus,Common Wood-Pigeon,0.3554,243B1F02648873F9_20260412_031500.WAV,14,0.0,1.0,0.25,BirdNET_GLOBAL_6K_V2.4_Model_FP32.tflite,243B1F02648873F9_20260412_031500_chunk_024.wav,14400,279,282
14682,14685,Columba palumbus,Common Wood-Pigeon,0.4549,243B1F02648873F9_20260412_031500.WAV,14,0.0,1.0,0.25,BirdNET_GLOBAL_6K_V2.4_Model_FP32.tflite,243B1F02648873F9_20260412_031500_chunk_024.wav,14400,282,285
14685,14688,Columba palumbus,Common Wood-Pigeon,0.4958,243B1F02648873F9_20260412_031500.WAV,14,0.0,1.0,0.25,BirdNET_GLOBAL_6K_V2.4_Model_FP32.tflite,243B1F02648873F9_20260412_031500_chunk_024.wav,14400,285,288
14688,14691,Corvus cornix,Hooded Crow,0.3941,243B1F02648873F9_20260412_031500.WAV,14,0.0,1.0,0.25,BirdNET_GLOBAL_6K_V2.4_Model_FP32.tflite,243B1F02648873F9_20260412_031500_chunk_024.wav,14400,288,291
14688,14691,Corvus corone,Carrion Crow,0.3840,243B1F02648873F9_20260412_031500.WAV,14,0.0,1.0,0.25,BirdNET_GLOBAL_6K_V2.4_Model_FP32.tflite,243B1F02648873F9_20260412_031500_chunk_024.wav,14400,288,291
14691,14694,Corvus corone,Carrion Crow,0.3130,243B1F02648873F9_20260412_031500.WAV,14,0.0,1.0,0.25,BirdNET_GLOBAL_6K_V2.4_Model_FP32.tflite,243B1F02648873F9_20260412_031500_chunk_024.wav,14400,291,294
14691,14694,Corvus cornix,Hooded Crow,0.2803,243B1F02648873F9_20260412_031500.WAV,14,0.0,1.0,0.25,BirdNET_GLOBAL_6K_V2.4_Model_FP32.tflite,243B1F02648873F9_20260412_031500_chunk_024.wav,14400,291,294
14700,14703,Larus argentatus,Herring Gull,0.4411,243B1F02648873F9_20260412_031500.WAV,14,0.0,1.0,0.25,BirdNET_GLOBAL_6K_V2.4_Model_FP32.tflite,243B1F02648873F9_20260412_031500_chunk_024.wav,14400,300,303
14700,14703,Regulus regulus,Goldcrest,0.3769,243B1F02648873F9_20260412_031500.WAV,14,0.0,1.0,0.25,BirdNET_GLOBAL_6K_V2.4_Model_FP32.tflite,243B1F02648873F9_20260412_031500_chunk_024.wav,14400,300,303
14703,14706,Larus argentatus,Herring Gull,0.2576,243B1F02648873F9_20260412_031500.WAV,14,0.0,1.0,0.25,BirdNET_GLOBAL_6K_V2.4_Model_FP32.tflite,243B1F02648873F9_20260412_031500_chunk_024.wav,14400,303,306
14706,14709,Corvus corone,Carrion Crow,0.5338,243B1F02648873F9_20260412_031500.WAV,14,0.0,1.0,0.25,BirdNET_GLOBAL_6K_V2.4_Model_FP32.tflite,243B1F02648873F9_20260412_031500_chunk_024.wav,14400,306,309
14706,14709,Corvus cornix,Hooded Crow,0.3875,243B1F02648873F9_20260412_031500.WAV,14,0.0,1.0,0.25,BirdNET_GLOBAL_6K_V2.4_Model_FP32.tflite,243B1F02648873F9_20260412_031500_chunk_024.wav,14400,306,309
14709,14712,Corvus cornix,Hooded Crow,0.4757,243B1F02648873F9_20260412_031500.WAV,14,0.0,1.0,0.25,BirdNET_GLOBAL_6K_V2.4_Model_FP32.tflite,243B1F02648873F9_20260412_031500_chunk_024.wav,14400,309,312
14709,14712,Corvus corone,Carrion Crow,0.3143,243B1F02648873F9_20260412_031500.WAV,14,0.0,1.0,0.25,BirdNET_GLOBAL_6K_V2.4_Model_FP32.tflite,243B1F02648873F9_20260412_031500_chunk_024.wav,14400,309,312
14712,14715,Larus argentatus,Herring Gull,0.4034,243B1F02648873F9_20260412_031500.WAV,14,0.0,1.0,0.25,BirdNET_GLOBAL_6K_V2.4_Model_FP32.tflite,243B1F02648873F9_20260412_031500_chunk_024.wav,14400,312,315
14718,14721,Corvus cornix,Hooded Crow,0.3144,243B1F02648873F9_20260412_031500.WAV,14,0.0,1.0,0.25,BirdNET_GLOBAL_6K_V2.4_Model_FP32.tflite,243B1F02648873F9_20260412_031500_chunk_024.wav,14400,318,321
14742,14745,Corvus corone,Carrion Crow,0.4740,243B1F02648873F9_20260412_031500.WAV,14,0.0,1.0,0.25,BirdNET_GLOBAL_6K_V2.4_Model_FP32.tflite,243B1F02648873F9_20260412_031500_chunk_024.wav,14400,342,345
14742,14745,Corvus cornix,Hooded Crow,0.3447,243B1F02648873F9_20260412_031500.WAV,14,0.0,1.0,0.25,BirdNET_GLOBAL_6K_V2.4_Model_FP32.tflite,243B1F02648873F9_20260412_031500_chunk_024.wav,14400,342,345
14745,14748,Corvus corone,Carrion Crow,0.3546,243B1F02648873F9_20260412_031500.WAV,14,0.0,1.0,0.25,BirdNET_GLOBAL_6K_V2.4_Model_FP32.tflite,243B1F02648873F9_20260412_031500_chunk_024.wav,14400,345,348
14748,14751,Corvus corone,Carrion Crow,0.4089,243B1F02648873F9_20260412_031500.WAV,14,0.0,1.0,0.25,BirdNET_GLOBAL_6K_V2.4_Model_FP32.tflite,243B1F02648873F9_20260412_031500_chunk_024.wav,14400,348,351
14748,14751,Corvus cornix,Hooded Crow,0.2675,243B1F02648873F9_20260412_031500.WAV,14,0.0,1.0,0.25,BirdNET_GLOBAL_6K_V2.4_Model_FP32.tflite,243B1F02648873F9_20260412_031500_chunk_024.wav,14400,348,351
14751,14754,Columba palumbus,Common Wood-Pigeon,0.2877,243B1F02648873F9_20260412_031500.WAV,14,0.0,1.0,0.25,BirdNET_GLOBAL_6K_V2.4_Model_FP32.tflite,243B1F02648873F9_20260412_031500_chunk_024.wav,14400,351,354
14763,14766,Corvus corone,Carrion Crow,0.2547,243B1F02648873F9_20260412_031500.WAV,14,0.0,1.0,0.25,BirdNET_GLOBAL_6K_V2.4_Model_FP32.tflite,243B1F02648873F9_20260412_031500_chunk_024.wav,14400,363,366
14766,14769,Corvus corone,Carrion Crow,0.8974,243B1F02648873F9_20260412_031500.WAV,14,0.0,1.0,0.25,BirdNET_GLOBAL_6K_V2.4_Model_FP32.tflite,243B1F02648873F9_20260412_031500_chunk_024.wav,14400,366,369
14766,14769,Corvus cornix,Hooded Crow,0.3176,243B1F02648873F9_20260412_031500.WAV,14,0.0,1.0,0.25,BirdNET_GLOBAL_6K_V2.4_Model_FP32.tflite,243B1F02648873F9_20260412_031500_chunk_024.wav,14400,366,369
14769,14772,Columba palumbus,Common Wood-Pigeon,0.2922,243B1F02648873F9_20260412_031500.WAV,14,0.0,1.0,0.25,BirdNET_GLOBAL_6K_V2.4_Model_FP32.tflite,243B1F02648873F9_20260412_031500_chunk_024.wav,14400,369,372
14772,14775,Columba palumbus,Common Wood-Pigeon,0.9637,243B1F02648873F9_20260412_031500.WAV,14,0.0,1.0,0.25,BirdNET_GLOBAL_6K_V2.4_Model_FP32.tflite,243B1F02648873F9_20260412_031500_chunk_024.wav,14400,372,375
14775,14778,Columba palumbus,Common Wood-Pigeon,0.9239,243B1F02648873F9_20260412_031500.WAV,14,0.0,1.0,0.25,BirdNET_GLOBAL_6K_V2.4_Model_FP32.tflite,243B1F02648873F9_20260412_031500_chunk_024.wav,14400,375,378
14778,14781,Columba palumbus,Common Wood-Pigeon,0.5976,243B1F02648873F9_20260412_031500.WAV,14,0.0,1.0,0.25,BirdNET_GLOBAL_6K_V2.4_Model_FP32.tflite,243B1F02648873F9_20260412_031500_chunk_024.wav,14400,378,381
14781,14784,Columba palumbus,Common Wood-Pigeon,0.5263,243B1F02648873F9_20260412_031500.WAV,14,0.0,1.0,0.25,BirdNET_GLOBAL_6K_V2.4_Model_FP32.tflite,243B1F02648873F9_20260412_031500_chunk_024.wav,14400,381,384
14784,14787,Columba palumbus,Common Wood-Pigeon,0.8045,243B1F02648873F9_20260412_031500.WAV,14,0.0,1.0,0.25,BirdNET_GLOBAL_6K_V2.4_Model_FP32.tflite,243B1F02648873F9_20260412_031500_chunk_024.wav,14400,384,387
14799,14802,Regulus regulus,Goldcrest,0.6192,243B1F02648873F9_20260412_031500.WAV,14,0.0,1.0,0.25,BirdNET_GLOBAL_6K_V2.4_Model_FP32.tflite,243B1F02648873F9_20260412_031500_chunk_024.wav,14400,399,402
14802,14805,Regulus regulus,Goldcrest,0.5977,243B1F02648873F9_20260412_031500.WAV,14,0.0,1.0,0.25,BirdNET_GLOBAL_6K_V2.4_Model_FP32.tflite,243B1F02648873F9_20260412_031500_chunk_024.wav,14400,402,405
14808,14811,Parus major,Great Tit,0.5791,243B1F02648873F9_20260412_031500.WAV,14,0.0,1.0,0.25,BirdNET_GLOBAL_6K_V2.4_Model_FP32.tflite,243B1F02648873F9_20260412_031500_chunk_024.wav,14400,408,411
14844,14847,Columba palumbus,Common Wood-Pigeon,0.5521,243B1F02648873F9_20260412_031500.WAV,14,0.0,1.0,0.25,BirdNET_GLOBAL_6K_V2.4_Model_FP32.tflite,243B1F02648873F9_20260412_031500_chunk_024.wav,14400,444,447
14850,14853,Regulus regulus,Goldcrest,0.6586,243B1F02648873F9_20260412_031500.WAV,14,0.0,1.0,0.25,BirdNET_GLOBAL_6K_V2.4_Model_FP32.tflite,243B1F02648873F9_20260412_031500_chunk_024.wav,14400,450,453
14859,14862,Regulus regulus,Goldcrest,0.3560,243B1F02648873F9_20260412_031500.WAV,14,0.0,1.0,0.25,BirdNET_GLOBAL_6K_V2.4_Model_FP32.tflite,243B1F02648873F9_20260412_031500_chunk_024.wav,14400,459,462
14883,14886,Columba palumbus,Common Wood-Pigeon,0.9003,243B1F02648873F9_20260412_031500.WAV,14,0.0,1.0,0.25,BirdNET_GLOBAL_6K_V2.4_Model_FP32.tflite,243B1F02648873F9_20260412_031500_chunk_024.wav,14400,483,486
14898,14901,Troglodytes troglodytes,Eurasian Wren,0.6468,243B1F02648873F9_20260412_031500.WAV,14,0.0,1.0,0.25,BirdNET_GLOBAL_6K_V2.4_Model_FP32.tflite,243B1F02648873F9_20260412_031500_chunk_024.wav,14400,498,501
14901,14904,Columba palumbus,Common Wood-Pigeon,0.4691,243B1F02648873F9_20260412_031500.WAV,14,0.0,1.0,0.25,BirdNET_GLOBAL_6K_V2.4_Model_FP32.tflite,243B1F02648873F9_20260412_031500_chunk_024.wav,14400,501,504
14904,14907,Columba palumbus,Common Wood-Pigeon,0.3197,243B1F02648873F9_20260412_031500.WAV,14,0.0,1.0,0.25,BirdNET_GLOBAL_6K_V2.4_Model_FP32.tflite,243B1F02648873F9_20260412_031500_chunk_024.wav,14400,504,507
14907,14910,Columba palumbus,Common Wood-Pigeon,0.9670,243B1F02648873F9_20260412_031500.WAV,14,0.0,1.0,0.25,BirdNET_GLOBAL_6K_V2.4_Model_FP32.tflite,243B1F02648873F9_20260412_031500_chunk_024.wav,14400,507,510
14910,14913,Columba palumbus,Common Wood-Pigeon,0.9688,243B1F02648873F9_20260412_031500.WAV,14,0.0,1.0,0.25,BirdNET_GLOBAL_6K_V2.4_Model_FP32.tflite,243B1F02648873F9_20260412_031500_chunk_024.wav,14400,510,513
14913,14916,Columba palumbus,Common Wood-Pigeon,0.9565,243B1F02648873F9_20260412_031500.WAV,14,0.0,1.0,0.25,BirdNET_GLOBAL_6K_V2.4_Model_FP32.tflite,243B1F02648873F9_20260412_031500_chunk_024.wav,14400,513,516
14916,14919,Columba palumbus,Common Wood-Pigeon,0.8530,243B1F02648873F9_20260412_031500.WAV,14,0.0,1.0,0.25,BirdNET_GLOBAL_6K_V2.4_Model_FP32.tflite,243B1F02648873F9_20260412_031500_chunk_024.wav,14400,516,519
14919,14922,Columba palumbus,Common Wood-Pigeon,0.9876,243B1F02648873F9_20260412_031500.WAV,14,0.0,1.0,0.25,BirdNET_GLOBAL_6K_V2.4_Model_FP32.tflite,243B1F02648873F9_20260412_031500_chunk_024.wav,14400,519,522
14922,14925,Columba palumbus,Common Wood-Pigeon,0.7557,243B1F02648873F9_20260412_031500.WAV,14,0.0,1.0,0.25,BirdNET_GLOBAL_6K_V2.4_Model_FP32.tflite,243B1F02648873F9_20260412_031500_chunk_024.wav,14400,522,525
14925,14928,Certhia familiaris,Eurasian Treecreeper,0.2950,243B1F02648873F9_20260412_031500.WAV,14,0.0,1.0,0.25,BirdNET_GLOBAL_6K_V2.4_Model_FP32.tflite,243B1F02648873F9_20260412_031500_chunk_024.wav,14400,525,528
14928,14931,Columba palumbus,Common Wood-Pigeon,0.3741,243B1F02648873F9_20260412_031500.WAV,14,0.0,1.0,0.25,BirdNET_GLOBAL_6K_V2.4_Model_FP32.tflite,243B1F02648873F9_20260412_031500_chunk_024.wav,14400,528,531
14931,14934,Columba palumbus,Common Wood-Pigeon,0.7041,243B1F02648873F9_20260412_031500.WAV,14,0.0,1.0,0.25,BirdNET_GLOBAL_6K_V2.4_Model_FP32.tflite,243B1F02648873F9_20260412_031500_chunk_024.wav,14400,531,534
14934,14937,Columba palumbus,Common Wood-Pigeon,0.7829,243B1F02648873F9_20260412_031500.WAV,14,0.0,1.0,0.25,BirdNET_GLOBAL_6K_V2.4_Model_FP32.tflite,243B1F02648873F9_20260412_031500_chunk_024.wav,14400,534,537
14937,14940,Columba palumbus,Common Wood-Pigeon,0.8236,243B1F02648873F9_20260412_031500.WAV,14,0.0,1.0,0.25,BirdNET_GLOBAL_6K_V2.4_Model_FP32.tflite,243B1F02648873F9_20260412_031500_chunk_024.wav,14400,537,540
14940,14943,Columba palumbus,Common Wood-Pigeon,0.7108,243B1F02648873F9_20260412_031500.WAV,14,0.0,1.0,0.25,BirdNET_GLOBAL_6K_V2.4_Model_FP32.tflite,243B1F02648873F9_20260412_031500_chunk_024.wav,14400,540,543
14949,14952,Columba palumbus,Common Wood-Pigeon,0.9677,243B1F02648873F9_20260412_031500.WAV,14,0.0,1.0,0.25,BirdNET_GLOBAL_6K_V2.4_Model_FP32.tflite,243B1F02648873F9_20260412_031500_chunk_024.wav,14400,549,552
14952,14955,Columba palumbus,Common Wood-Pigeon,0.4874,243B1F02648873F9_20260412_031500.WAV,14,0.0,1.0,0.25,BirdNET_GLOBAL_6K_V2.4_Model_FP32.tflite,243B1F02648873F9_20260412_031500_chunk_024.wav,14400,552,555
14955,14958,Columba palumbus,Common Wood-Pigeon,0.9535,243B1F02648873F9_20260412_031500.WAV,14,0.0,1.0,0.25,BirdNET_GLOBAL_6K_V2.4_Model_FP32.tflite,243B1F02648873F9_20260412_031500_chunk_024.wav,14400,555,558
14970,14973,Troglodytes troglodytes,Eurasian Wren,0.5465,243B1F02648873F9_20260412_031500.WAV,14,0.0,1.0,0.25,BirdNET_GLOBAL_6K_V2.4_Model_FP32.tflite,243B1F02648873F9_20260412_031500_chunk_024.wav,14400,570,573
14976,14979,Columba palumbus,Common Wood-Pigeon,0.4350,243B1F02648873F9_20260412_031500.WAV,14,0.0,1.0,0.25,BirdNET_GLOBAL_6K_V2.4_Model_FP32.tflite,243B1F02648873F9_20260412_031500_chunk_024.wav,14400,576,579
15009,15012,Columba palumbus,Common Wood-Pigeon,0.9670,243B1F02648873F9_20260412_031500.WAV,14,0.0,1.0,0.25,BirdNET_GLOBAL_6K_V2.4_Model_FP32.tflite,243B1F02648873F9_20260412_031500_chunk_025.wav,15000,9,12
15012,15015,Columba palumbus,Common Wood-Pigeon,0.3648,243B1F02648873F9_20260412_031500.WAV,14,0.0,1.0,0.25,BirdNET_GLOBAL_6K_V2.4_Model_FP32.tflite,243B1F02648873F9_20260412_031500_chunk_025.wav,15000,12,15
15015,15018,Columba palumbus,Common Wood-Pigeon,0.7271,243B1F02648873F9_20260412_031500.WAV,14,0.0,1.0,0.25,BirdNET_GLOBAL_6K_V2.4_Model_FP32.tflite,243B1F02648873F9_20260412_031500_chunk_025.wav,15000,15,18
15042,15045,Erithacus rubecula,European Robin,0.3048,243B1F02648873F9_20260412_031500.WAV,14,0.0,1.0,0.25,BirdNET_GLOBAL_6K_V2.4_Model_FP32.tflite,243B1F02648873F9_20260412_031500_chunk_025.wav,15000,42,45
15045,15048,Turdus iliacus,Redwing,0.7812,243B1F02648873F9_20260412_031500.WAV,14,0.0,1.0,0.25,BirdNET_GLOBAL_6K_V2.4_Model_FP32.tflite,243B1F02648873F9_20260412_031500_chunk_025.wav,15000,45,48
15048,15051,Turdus iliacus,Redwing,0.3973,243B1F02648873F9_20260412_031500.WAV,14,0.0,1.0,0.25,BirdNET_GLOBAL_6K_V2.4_Model_FP32.tflite,243B1F02648873F9_20260412_031500_chunk_025.wav,15000,48,51
15048,15051,Erithacus rubecula,European Robin,0.2812,243B1F02648873F9_20260412_031500.WAV,14,0.0,1.0,0.25,BirdNET_GLOBAL_6K_V2.4_Model_FP32.tflite,243B1F02648873F9_20260412_031500_chunk_025.wav,15000,48,51
15051,15054,Erithacus rubecula,European Robin,0.4209,243B1F02648873F9_20260412_031500.WAV,14,0.0,1.0,0.25,BirdNET_GLOBAL_6K_V2.4_Model_FP32.tflite,243B1F02648873F9_20260412_031500_chunk_025.wav,15000,51,54
15054,15057,Regulus regulus,Goldcrest,0.7561,243B1F02648873F9_20260412_031500.WAV,14,0.0,1.0,0.25,BirdNET_GLOBAL_6K_V2.4_Model_FP32.tflite,243B1F02648873F9_20260412_031500_chunk_025.wav,15000,54,57
15060,15063,Columba palumbus,Common Wood-Pigeon,0.7472,243B1F02648873F9_20260412_031500.WAV,14,0.0,1.0,0.25,BirdNET_GLOBAL_6K_V2.4_Model_FP32.tflite,243B1F02648873F9_20260412_031500_chunk_025.wav,15000,60,63
15063,15066,Columba palumbus,Common Wood-Pigeon,0.5543,243B1F02648873F9_20260412_031500.WAV,14,0.0,1.0,0.25,BirdNET_GLOBAL_6K_V2.4_Model_FP32.tflite,243B1F02648873F9_20260412_031500_chunk_025.wav,15000,63,66
15069,15072,Corvus corone,Carrion Crow,0.3755,243B1F02648873F9_20260412_031500.WAV,14,0.0,1.0,0.25,BirdNET_GLOBAL_6K_V2.4_Model_FP32.tflite,243B1F02648873F9_20260412_031500_chunk_025.wav,15000,69,72
15069,15072,Corvus cornix,Hooded Crow,0.2952,243B1F02648873F9_20260412_031500.WAV,14,0.0,1.0,0.25,BirdNET_GLOBAL_6K_V2.4_Model_FP32.tflite,243B1F02648873F9_20260412_031500_chunk_025.wav,15000,69,72
15084,15087,Columba palumbus,Common Wood-Pigeon,0.4951,243B1F02648873F9_20260412_031500.WAV,14,0.0,1.0,0.25,BirdNET_GLOBAL_6K_V2.4_Model_FP32.tflite,243B1F02648873F9_20260412_031500_chunk_025.wav,15000,84,87
15087,15090,Columba palumbus,Common Wood-Pigeon,0.8394,243B1F02648873F9_20260412_031500.WAV,14,0.0,1.0,0.25,BirdNET_GLOBAL_6K_V2.4_Model_FP32.tflite,243B1F02648873F9_20260412_031500_chunk_025.wav,15000,87,90
15090,15093,Columba palumbus,Common Wood-Pigeon,0.8487,243B1F02648873F9_20260412_031500.WAV,14,0.0,1.0,0.25,BirdNET_GLOBAL_6K_V2.4_Model_FP32.tflite,243B1F02648873F9_20260412_031500_chunk_025.wav,15000,90,93
15090,15093,Streptopelia decaocto,Eurasian Collared-Dove,0.4147,243B1F02648873F9_20260412_031500.WAV,14,0.0,1.0,0.25,BirdNET_GLOBAL_6K_V2.4_Model_FP32.tflite,243B1F02648873F9_20260412_031500_chunk_025.wav,15000,90,93
15093,15096,Columba palumbus,Common Wood-Pigeon,0.5454,243B1F02648873F9_20260412_031500.WAV,14,0.0,1.0,0.25,BirdNET_GLOBAL_6K_V2.4_Model_FP32.tflite,243B1F02648873F9_20260412_031500_chunk_025.wav,15000,93,96
15099,15102,Troglodytes troglodytes,Eurasian Wren,0.2689,243B1F02648873F9_20260412_031500.WAV,14,0.0,1.0,0.25,BirdNET_GLOBAL_6K_V2.4_Model_FP32.tflite,243B1F02648873F9_20260412_031500_chunk_025.wav,15000,99,102
15126,15129,Columba palumbus,Common Wood-Pigeon,0.8219,243B1F02648873F9_20260412_031500.WAV,14,0.0,1.0,0.25,BirdNET_GLOBAL_6K_V2.4_Model_FP32.tflite,243B1F02648873F9_20260412_031500_chunk_025.wav,15000,126,129
15129,15132,Columba palumbus,Common Wood-Pigeon,0.9294,243B1F02648873F9_20260412_031500.WAV,14,0.0,1.0,0.25,BirdNET_GLOBAL_6K_V2.4_Model_FP32.tflite,243B1F02648873F9_20260412_031500_chunk_025.wav,15000,129,132
15132,15135,Columba palumbus,Common Wood-Pigeon,0.9447,243B1F02648873F9_20260412_031500.WAV,14,0.0,1.0,0.25,BirdNET_GLOBAL_6K_V2.4_Model_FP32.tflite,243B1F02648873F9_20260412_031500_chunk_025.wav,15000,132,135
15153,15156,Regulus regulus,Goldcrest,0.3061,243B1F02648873F9_20260412_031500.WAV,14,0.0,1.0,0.25,BirdNET_GLOBAL_6K_V2.4_Model_FP32.tflite,243B1F02648873F9_20260412_031500_chunk_025.wav,15000,153,156
15168,15171,Corvus cornix,Hooded Crow,0.2547,243B1F02648873F9_20260412_031500.WAV,14,0.0,1.0,0.25,BirdNET_GLOBAL_6K_V2.4_Model_FP32.tflite,243B1F02648873F9_20260412_031500_chunk_025.wav,15000,168,171
15171,15174,Corvus cornix,Hooded Crow,0.3552,243B1F02648873F9_20260412_031500.WAV,14,0.0,1.0,0.25,BirdNET_GLOBAL_6K_V2.4_Model_FP32.tflite,243B1F02648873F9_20260412_031500_chunk_025.wav,15000,171,174
15171,15174,Corvus corone,Carrion Crow,0.2570,243B1F02648873F9_20260412_031500.WAV,14,0.0,1.0,0.25,BirdNET_GLOBAL_6K_V2.4_Model_FP32.tflite,243B1F02648873F9_20260412_031500_chunk_025.wav,15000,171,174
15186,15189,Carduelis carduelis,European Goldfinch,0.2540,243B1F02648873F9_20260412_031500.WAV,14,0.0,1.0,0.25,BirdNET_GLOBAL_6K_V2.4_Model_FP32.tflite,243B1F02648873F9_20260412_031500_chunk_025.wav,15000,186,189
15189,15192,Troglodytes troglodytes,Eurasian Wren,0.9952,243B1F02648873F9_20260412_031500.WAV,14,0.0,1.0,0.25,BirdNET_GLOBAL_6K_V2.4_Model_FP32.tflite,243B1F02648873F9_20260412_031500_chunk_025.wav,15000,189,192
15192,15195,Columba palumbus,Common Wood-Pigeon,0.4609,243B1F02648873F9_20260412_031500.WAV,14,0.0,1.0,0.25,BirdNET_GLOBAL_6K_V2.4_Model_FP32.tflite,243B1F02648873F9_20260412_031500_chunk_025.wav,15000,192,195
15195,15198,Columba palumbus,Common Wood-Pigeon,0.7996,243B1F02648873F9_20260412_031500.WAV,14,0.0,1.0,0.25,BirdNET_GLOBAL_6K_V2.4_Model_FP32.tflite,243B1F02648873F9_20260412_031500_chunk_025.wav,15000,195,198
15198,15201,Columba palumbus,Common Wood-Pigeon,0.6453,243B1F02648873F9_20260412_031500.WAV,14,0.0,1.0,0.25,BirdNET_GLOBAL_6K_V2.4_Model_FP32.tflite,243B1F02648873F9_20260412_031500_chunk_025.wav,15000,198,201
15201,15204,Columba palumbus,Common Wood-Pigeon,0.7512,243B1F02648873F9_20260412_031500.WAV,14,0.0,1.0,0.25,BirdNET_GLOBAL_6K_V2.4_Model_FP32.tflite,243B1F02648873F9_20260412_031500_chunk_025.wav,15000,201,204
15204,15207,Regulus regulus,Goldcrest,0.3736,243B1F02648873F9_20260412_031500.WAV,14,0.0,1.0,0.25,BirdNET_GLOBAL_6K_V2.4_Model_FP32.tflite,243B1F02648873F9_20260412_031500_chunk_025.wav,15000,204,207
15207,15210,Troglodytes troglodytes,Eurasian Wren,0.9014,243B1F02648873F9_20260412_031500.WAV,14,0.0,1.0,0.25,BirdNET_GLOBAL_6K_V2.4_Model_FP32.tflite,243B1F02648873F9_20260412_031500_chunk_025.wav,15000,207,210
15210,15213,Troglodytes troglodytes,Eurasian Wren,0.9977,243B1F02648873F9_20260412_031500.WAV,14,0.0,1.0,0.25,BirdNET_GLOBAL_6K_V2.4_Model_FP32.tflite,243B1F02648873F9_20260412_031500_chunk_025.wav,15000,210,213
15213,15216,Troglodytes troglodytes,Eurasian Wren,0.9870,243B1F02648873F9_20260412_031500.WAV,14,0.0,1.0,0.25,BirdNET_GLOBAL_6K_V2.4_Model_FP32.tflite,243B1F02648873F9_20260412_031500_chunk_025.wav,15000,213,216
15216,15219,Columba palumbus,Common Wood-Pigeon,0.7549,243B1F02648873F9_20260412_031500.WAV,14,0.0,1.0,0.25,BirdNET_GLOBAL_6K_V2.4_Model_FP32.tflite,243B1F02648873F9_20260412_031500_chunk_025.wav,15000,216,219
15222,15225,Columba palumbus,Common Wood-Pigeon,0.3921,243B1F02648873F9_20260412_031500.WAV,14,0.0,1.0,0.25,BirdNET_GLOBAL_6K_V2.4_Model_FP32.tflite,243B1F02648873F9_20260412_031500_chunk_025.wav,15000,222,225
15228,15231,Columba palumbus,Common Wood-Pigeon,0.7884,243B1F02648873F9_20260412_031500.WAV,14,0.0,1.0,0.25,BirdNET_GLOBAL_6K_V2.4_Model_FP32.tflite,243B1F02648873F9_20260412_031500_chunk_025.wav,15000,228,231
15231,15234,Columba palumbus,Common Wood-Pigeon,0.8270,243B1F02648873F9_20260412_031500.WAV,14,0.0,1.0,0.25,BirdNET_GLOBAL_6K_V2.4_Model_FP32.tflite,243B1F02648873F9_20260412_031500_chunk_025.wav,15000,231,234
15249,15252,Columba palumbus,Common Wood-Pigeon,0.4397,243B1F02648873F9_20260412_031500.WAV,14,0.0,1.0,0.25,BirdNET_GLOBAL_6K_V2.4_Model_FP32.tflite,243B1F02648873F9_20260412_031500_chunk_025.wav,15000,249,252
15255,15258,Carduelis carduelis,European Goldfinch,0.9144,243B1F02648873F9_20260412_031500.WAV,14,0.0,1.0,0.25,BirdNET_GLOBAL_6K_V2.4_Model_FP32.tflite,243B1F02648873F9_20260412_031500_chunk_025.wav,15000,255,258
15258,15261,Columba palumbus,Common Wood-Pigeon,0.3790,243B1F02648873F9_20260412_031500.WAV,14,0.0,1.0,0.25,BirdNET_GLOBAL_6K_V2.4_Model_FP32.tflite,243B1F02648873F9_20260412_031500_chunk_025.wav,15000,258,261
15261,15264,Columba palumbus,Common Wood-Pigeon,0.9314,243B1F02648873F9_20260412_031500.WAV,14,0.0,1.0,0.25,BirdNET_GLOBAL_6K_V2.4_Model_FP32.tflite,243B1F02648873F9_20260412_031500_chunk_025.wav,15000,261,264
15264,15267,Columba palumbus,Common Wood-Pigeon,0.9278,243B1F02648873F9_20260412_031500.WAV,14,0.0,1.0,0.25,BirdNET_GLOBAL_6K_V2.4_Model_FP32.tflite,243B1F02648873F9_20260412_031500_chunk_025.wav,15000,264,267
15267,15270,Columba palumbus,Common Wood-Pigeon,0.8062,243B1F02648873F9_20260412_031500.WAV,14,0.0,1.0,0.25,BirdNET_GLOBAL_6K_V2.4_Model_FP32.tflite,243B1F02648873F9_20260412_031500_chunk_025.wav,15000,267,270
15279,15282,Regulus regulus,Goldcrest,0.7548,243B1F02648873F9_20260412_031500.WAV,14,0.0,1.0,0.25,BirdNET_GLOBAL_6K_V2.4_Model_FP32.tflite,243B1F02648873F9_20260412_031500_chunk_025.wav,15000,279,282
15282,15285,Columba palumbus,Common Wood-Pigeon,0.4902,243B1F02648873F9_20260412_031500.WAV,14,0.0,1.0,0.25,BirdNET_GLOBAL_6K_V2.4_Model_FP32.tflite,243B1F02648873F9_20260412_031500_chunk_025.wav,15000,282,285
15300,15303,Columba palumbus,Common Wood-Pigeon,0.6112,243B1F02648873F9_20260412_031500.WAV,14,0.0,1.0,0.25,BirdNET_GLOBAL_6K_V2.4_Model_FP32.tflite,243B1F02648873F9_20260412_031500_chunk_025.wav,15000,300,303
15306,15309,Columba palumbus,Common Wood-Pigeon,0.4717,243B1F02648873F9_20260412_031500.WAV,14,0.0,1.0,0.25,BirdNET_GLOBAL_6K_V2.4_Model_FP32.tflite,243B1F02648873F9_20260412_031500_chunk_025.wav,15000,306,309
15327,15330,Parus major,Great Tit,0.3603,243B1F02648873F9_20260412_031500.WAV,14,0.0,1.0,0.25,BirdNET_GLOBAL_6K_V2.4_Model_FP32.tflite,243B1F02648873F9_20260412_031500_chunk_025.wav,15000,327,330
15339,15342,Turdus merula,Eurasian Blackbird,0.3027,243B1F02648873F9_20260412_031500.WAV,14,0.0,1.0,0.25,BirdNET_GLOBAL_6K_V2.4_Model_FP32.tflite,243B1F02648873F9_20260412_031500_chunk_025.wav,15000,339,342
15372,15375,Columba palumbus,Common Wood-Pigeon,0.2773,243B1F02648873F9_20260412_031500.WAV,14,0.0,1.0,0.25,BirdNET_GLOBAL_6K_V2.4_Model_FP32.tflite,243B1F02648873F9_20260412_031500_chunk_025.wav,15000,372,375
15381,15384,Regulus regulus,Goldcrest,0.2763,243B1F02648873F9_20260412_031500.WAV,14,0.0,1.0,0.25,BirdNET_GLOBAL_6K_V2.4_Model_FP32.tflite,243B1F02648873F9_20260412_031500_chunk_025.wav,15000,381,384
15387,15390,Troglodytes troglodytes,Eurasian Wren,0.9955,243B1F02648873F9_20260412_031500.WAV,14,0.0,1.0,0.25,BirdNET_GLOBAL_6K_V2.4_Model_FP32.tflite,243B1F02648873F9_20260412_031500_chunk_025.wav,15000,387,390
15390,15393,Troglodytes troglodytes,Eurasian Wren,0.9995,243B1F02648873F9_20260412_031500.WAV,14,0.0,1.0,0.25,BirdNET_GLOBAL_6K_V2.4_Model_FP32.tflite,243B1F02648873F9_20260412_031500_chunk_025.wav,15000,390,393
15444,15447,Columba palumbus,Common Wood-Pigeon,0.8364,243B1F02648873F9_20260412_031500.WAV,14,0.0,1.0,0.25,BirdNET_GLOBAL_6K_V2.4_Model_FP32.tflite,243B1F02648873F9_20260412_031500_chunk_025.wav,15000,444,447
15444,15447,Streptopelia decaocto,Eurasian Collared-Dove,0.2959,243B1F02648873F9_20260412_031500.WAV,14,0.0,1.0,0.25,BirdNET_GLOBAL_6K_V2.4_Model_FP32.tflite,243B1F02648873F9_20260412_031500_chunk_025.wav,15000,444,447
15447,15450,Columba palumbus,Common Wood-Pigeon,0.7670,243B1F02648873F9_20260412_031500.WAV,14,0.0,1.0,0.25,BirdNET_GLOBAL_6K_V2.4_Model_FP32.tflite,243B1F02648873F9_20260412_031500_chunk_025.wav,15000,447,450
15450,15453,Columba palumbus,Common Wood-Pigeon,0.9143,243B1F02648873F9_20260412_031500.WAV,14,0.0,1.0,0.25,BirdNET_GLOBAL_6K_V2.4_Model_FP32.tflite,243B1F02648873F9_20260412_031500_chunk_025.wav,15000,450,453
15453,15456,Columba palumbus,Common Wood-Pigeon,0.9321,243B1F02648873F9_20260412_031500.WAV,14,0.0,1.0,0.25,BirdNET_GLOBAL_6K_V2.4_Model_FP32.tflite,243B1F02648873F9_20260412_031500_chunk_025.wav,15000,453,456
15459,15462,Columba palumbus,Common Wood-Pigeon,0.2977,243B1F02648873F9_20260412_031500.WAV,14,0.0,1.0,0.25,BirdNET_GLOBAL_6K_V2.4_Model_FP32.tflite,243B1F02648873F9_20260412_031500_chunk_025.wav,15000,459,462
15462,15465,Columba palumbus,Common Wood-Pigeon,0.2691,243B1F02648873F9_20260412_031500.WAV,14,0.0,1.0,0.25,BirdNET_GLOBAL_6K_V2.4_Model_FP32.tflite,243B1F02648873F9_20260412_031500_chunk_025.wav,15000,462,465
15465,15468,Corvus corone,Carrion Crow,0.3530,243B1F02648873F9_20260412_031500.WAV,14,0.0,1.0,0.25,BirdNET_GLOBAL_6K_V2.4_Model_FP32.tflite,243B1F02648873F9_20260412_031500_chunk_025.wav,15000,465,468
15468,15471,Columba palumbus,Common Wood-Pigeon,0.2637,243B1F02648873F9_20260412_031500.WAV,14,0.0,1.0,0.25,BirdNET_GLOBAL_6K_V2.4_Model_FP32.tflite,243B1F02648873F9_20260412_031500_chunk_025.wav,15000,468,471
15471,15474,Columba palumbus,Common Wood-Pigeon,0.3352,243B1F02648873F9_20260412_031500.WAV,14,0.0,1.0,0.25,BirdNET_GLOBAL_6K_V2.4_Model_FP32.tflite,243B1F02648873F9_20260412_031500_chunk_025.wav,15000,471,474
15474,15477,Carduelis carduelis,European Goldfinch,0.2717,243B1F02648873F9_20260412_031500.WAV,14,0.0,1.0,0.25,BirdNET_GLOBAL_6K_V2.4_Model_FP32.tflite,243B1F02648873F9_20260412_031500_chunk_025.wav,15000,474,477
15477,15480,Turdus pilaris,Fieldfare,0.4491,243B1F02648873F9_20260412_031500.WAV,14,0.0,1.0,0.25,BirdNET_GLOBAL_6K_V2.4_Model_FP32.tflite,243B1F02648873F9_20260412_031500_chunk_025.wav,15000,477,480
15483,15486,Columba palumbus,Common Wood-Pigeon,0.9336,243B1F02648873F9_20260412_031500.WAV,14,0.0,1.0,0.25,BirdNET_GLOBAL_6K_V2.4_Model_FP32.tflite,243B1F02648873F9_20260412_031500_chunk_025.wav,15000,483,486
15486,15489,Columba palumbus,Common Wood-Pigeon,0.8169,243B1F02648873F9_20260412_031500.WAV,14,0.0,1.0,0.25,BirdNET_GLOBAL_6K_V2.4_Model_FP32.tflite,243B1F02648873F9_20260412_031500_chunk_025.wav,15000,486,489
15489,15492,Columba palumbus,Common Wood-Pigeon,0.3137,243B1F02648873F9_20260412_031500.WAV,14,0.0,1.0,0.25,BirdNET_GLOBAL_6K_V2.4_Model_FP32.tflite,243B1F02648873F9_20260412_031500_chunk_025.wav,15000,489,492
15492,15495,Troglodytes troglodytes,Eurasian Wren,0.9298,243B1F02648873F9_20260412_031500.WAV,14,0.0,1.0,0.25,BirdNET_GLOBAL_6K_V2.4_Model_FP32.tflite,243B1F02648873F9_20260412_031500_chunk_025.wav,15000,492,495
15492,15495,Columba palumbus,Common Wood-Pigeon,0.5668,243B1F02648873F9_20260412_031500.WAV,14,0.0,1.0,0.25,BirdNET_GLOBAL_6K_V2.4_Model_FP32.tflite,243B1F02648873F9_20260412_031500_chunk_025.wav,15000,492,495
15495,15498,Troglodytes troglodytes,Eurasian Wren,0.9623,243B1F02648873F9_20260412_031500.WAV,14,0.0,1.0,0.25,BirdNET_GLOBAL_6K_V2.4_Model_FP32.tflite,243B1F02648873F9_20260412_031500_chunk_025.wav,15000,495,498
15495,15498,Columba palumbus,Common Wood-Pigeon,0.7952,243B1F02648873F9_20260412_031500.WAV,14,0.0,1.0,0.25,BirdNET_GLOBAL_6K_V2.4_Model_FP32.tflite,243B1F02648873F9_20260412_031500_chunk_025.wav,15000,495,498
15498,15501,Troglodytes troglodytes,Eurasian Wren,0.9814,243B1F02648873F9_20260412_031500.WAV,14,0.0,1.0,0.25,BirdNET_GLOBAL_6K_V2.4_Model_FP32.tflite,243B1F02648873F9_20260412_031500_chunk_025.wav,15000,498,501
15498,15501,Columba palumbus,Common Wood-Pigeon,0.3761,243B1F02648873F9_20260412_031500.WAV,14,0.0,1.0,0.25,BirdNET_GLOBAL_6K_V2.4_Model_FP32.tflite,243B1F02648873F9_20260412_031500_chunk_025.wav,15000,498,501
15501,15504,Columba palumbus,Common Wood-Pigeon,0.7468,243B1F02648873F9_20260412_031500.WAV,14,0.0,1.0,0.25,BirdNET_GLOBAL_6K_V2.4_Model_FP32.tflite,243B1F02648873F9_20260412_031500_chunk_025.wav,15000,501,504
15504,15507,Columba palumbus,Common Wood-Pigeon,0.5954,243B1F02648873F9_20260412_031500.WAV,14,0.0,1.0,0.25,BirdNET_GLOBAL_6K_V2.4_Model_FP32.tflite,243B1F02648873F9_20260412_031500_chunk_025.wav,15000,504,507
15507,15510,Troglodytes troglodytes,Eurasian Wren,0.9097,243B1F02648873F9_20260412_031500.WAV,14,0.0,1.0,0.25,BirdNET_GLOBAL_6K_V2.4_Model_FP32.tflite,243B1F02648873F9_20260412_031500_chunk_025.wav,15000,507,510
15510,15513,Troglodytes troglodytes,Eurasian Wren,0.9872,243B1F02648873F9_20260412_031500.WAV,14,0.0,1.0,0.25,BirdNET_GLOBAL_6K_V2.4_Model_FP32.tflite,243B1F02648873F9_20260412_031500_chunk_025.wav,15000,510,513
15516,15519,Troglodytes troglodytes,Eurasian Wren,0.9895,243B1F02648873F9_20260412_031500.WAV,14,0.0,1.0,0.25,BirdNET_GLOBAL_6K_V2.4_Model_FP32.tflite,243B1F02648873F9_20260412_031500_chunk_025.wav,15000,516,519
15534,15537,Columba palumbus,Common Wood-Pigeon,0.8760,243B1F02648873F9_20260412_031500.WAV,14,0.0,1.0,0.25,BirdNET_GLOBAL_6K_V2.4_Model_FP32.tflite,243B1F02648873F9_20260412_031500_chunk_025.wav,15000,534,537
15537,15540,Columba palumbus,Common Wood-Pigeon,0.5257,243B1F02648873F9_20260412_031500.WAV,14,0.0,1.0,0.25,BirdNET_GLOBAL_6K_V2.4_Model_FP32.tflite,243B1F02648873F9_20260412_031500_chunk_025.wav,15000,537,540
15540,15543,Columba palumbus,Common Wood-Pigeon,0.8346,243B1F02648873F9_20260412_031500.WAV,14,0.0,1.0,0.25,BirdNET_GLOBAL_6K_V2.4_Model_FP32.tflite,243B1F02648873F9_20260412_031500_chunk_025.wav,15000,540,543
15543,15546,Columba palumbus,Common Wood-Pigeon,0.6913,243B1F02648873F9_20260412_031500.WAV,14,0.0,1.0,0.25,BirdNET_GLOBAL_6K_V2.4_Model_FP32.tflite,243B1F02648873F9_20260412_031500_chunk_025.wav,15000,543,546
15543,15546,Cyanistes caeruleus,Eurasian Blue Tit,0.2841,243B1F02648873F9_20260412_031500.WAV,14,0.0,1.0,0.25,BirdNET_GLOBAL_6K_V2.4_Model_FP32.tflite,243B1F02648873F9_20260412_031500_chunk_025.wav,15000,543,546
15546,15549,Columba palumbus,Common Wood-Pigeon,0.3858,243B1F02648873F9_20260412_031500.WAV,14,0.0,1.0,0.25,BirdNET_GLOBAL_6K_V2.4_Model_FP32.tflite,243B1F02648873F9_20260412_031500_chunk_025.wav,15000,546,549
15549,15552,Turdus merula,Eurasian Blackbird,0.5522,243B1F02648873F9_20260412_031500.WAV,14,0.0,1.0,0.25,BirdNET_GLOBAL_6K_V2.4_Model_FP32.tflite,243B1F02648873F9_20260412_031500_chunk_025.wav,15000,549,552
15552,15555,Cyanistes caeruleus,Eurasian Blue Tit,0.5350,243B1F02648873F9_20260412_031500.WAV,14,0.0,1.0,0.25,BirdNET_GLOBAL_6K_V2.4_Model_FP32.tflite,243B1F02648873F9_20260412_031500_chunk_025.wav,15000,552,555
15555,15558,Troglodytes troglodytes,Eurasian Wren,0.4768,243B1F02648873F9_20260412_031500.WAV,14,0.0,1.0,0.25,BirdNET_GLOBAL_6K_V2.4_Model_FP32.tflite,243B1F02648873F9_20260412_031500_chunk_025.wav,15000,555,558
15558,15561,Columba palumbus,Common Wood-Pigeon,0.9549,243B1F02648873F9_20260412_031500.WAV,14,0.0,1.0,0.25,BirdNET_GLOBAL_6K_V2.4_Model_FP32.tflite,243B1F02648873F9_20260412_031500_chunk_025.wav,15000,558,561
15561,15564,Columba palumbus,Common Wood-Pigeon,0.8609,243B1F02648873F9_20260412_031500.WAV,14,0.0,1.0,0.25,BirdNET_GLOBAL_6K_V2.4_Model_FP32.tflite,243B1F02648873F9_20260412_031500_chunk_025.wav,15000,561,564
15564,15567,Columba palumbus,Common Wood-Pigeon,0.9484,243B1F02648873F9_20260412_031500.WAV,14,0.0,1.0,0.25,BirdNET_GLOBAL_6K_V2.4_Model_FP32.tflite,243B1F02648873F9_20260412_031500_chunk_025.wav,15000,564,567
15567,15570,Columba palumbus,Common Wood-Pigeon,0.3960,243B1F02648873F9_20260412_031500.WAV,14,0.0,1.0,0.25,BirdNET_GLOBAL_6K_V2.4_Model_FP32.tflite,243B1F02648873F9_20260412_031500_chunk_025.wav,15000,567,570
15570,15573,Cyanistes caeruleus,Eurasian Blue Tit,0.3332,243B1F02648873F9_20260412_031500.WAV,14,0.0,1.0,0.25,BirdNET_GLOBAL_6K_V2.4_Model_FP32.tflite,243B1F02648873F9_20260412_031500_chunk_025.wav,15000,570,573
15576,15579,Columba palumbus,Common Wood-Pigeon,0.6397,243B1F02648873F9_20260412_031500.WAV,14,0.0,1.0,0.25,BirdNET_GLOBAL_6K_V2.4_Model_FP32.tflite,243B1F02648873F9_20260412_031500_chunk_025.wav,15000,576,579
15579,15582,Columba palumbus,Common Wood-Pigeon,0.4313,243B1F02648873F9_20260412_031500.WAV,14,0.0,1.0,0.25,BirdNET_GLOBAL_6K_V2.4_Model_FP32.tflite,243B1F02648873F9_20260412_031500_chunk_025.wav,15000,579,582
15582,15585,Cyanistes caeruleus,Eurasian Blue Tit,0.3112,243B1F02648873F9_20260412_031500.WAV,14,0.0,1.0,0.25,BirdNET_GLOBAL_6K_V2.4_Model_FP32.tflite,243B1F02648873F9_20260412_031500_chunk_025.wav,15000,582,585
15585,15588,Cyanistes caeruleus,Eurasian Blue Tit,0.7613,243B1F02648873F9_20260412_031500.WAV,14,0.0,1.0,0.25,BirdNET_GLOBAL_6K_V2.4_Model_FP32.tflite,243B1F02648873F9_20260412_031500_chunk_025.wav,15000,585,588
15588,15591,Regulus regulus,Goldcrest,0.2781,243B1F02648873F9_20260412_031500.WAV,14,0.0,1.0,0.25,BirdNET_GLOBAL_6K_V2.4_Model_FP32.tflite,243B1F02648873F9_20260412_031500_chunk_025.wav,15000,588,591
15591,15594,Cyanistes caeruleus,Eurasian Blue Tit,0.3988,243B1F02648873F9_20260412_031500.WAV,14,0.0,1.0,0.25,BirdNET_GLOBAL_6K_V2.4_Model_FP32.tflite,243B1F02648873F9_20260412_031500_chunk_025.wav,15000,591,594
15606,15609,Cyanistes caeruleus,Eurasian Blue Tit,0.5982,243B1F02648873F9_20260412_031500.WAV,14,0.0,1.0,0.25,BirdNET_GLOBAL_6K_V2.4_Model_FP32.tflite,243B1F02648873F9_20260412_031500_chunk_026.wav,15600,6,9
15615,15618,Turdus merula,Eurasian Blackbird,0.2893,243B1F02648873F9_20260412_031500.WAV,14,0.0,1.0,0.25,BirdNET_GLOBAL_6K_V2.4_Model_FP32.tflite,243B1F02648873F9_20260412_031500_chunk_026.wav,15600,15,18
15651,15654,Spinus spinus,Eurasian Siskin,0.7394,243B1F02648873F9_20260412_031500.WAV,14,0.0,1.0,0.25,BirdNET_GLOBAL_6K_V2.4_Model_FP32.tflite,243B1F02648873F9_20260412_031500_chunk_026.wav,15600,51,54
15654,15657,Spinus spinus,Eurasian Siskin,0.3096,243B1F02648873F9_20260412_031500.WAV,14,0.0,1.0,0.25,BirdNET_GLOBAL_6K_V2.4_Model_FP32.tflite,243B1F02648873F9_20260412_031500_chunk_026.wav,15600,54,57
15657,15660,Spinus spinus,Eurasian Siskin,0.2911,243B1F02648873F9_20260412_031500.WAV,14,0.0,1.0,0.25,BirdNET_GLOBAL_6K_V2.4_Model_FP32.tflite,243B1F02648873F9_20260412_031500_chunk_026.wav,15600,57,60
15660,15663,Spinus spinus,Eurasian Siskin,0.8423,243B1F02648873F9_20260412_031500.WAV,14,0.0,1.0,0.25,BirdNET_GLOBAL_6K_V2.4_Model_FP32.tflite,243B1F02648873F9_20260412_031500_chunk_026.wav,15600,60,63
15699,15702,Larus argentatus,Herring Gull,0.8970,243B1F02648873F9_20260412_031500.WAV,14,0.0,1.0,0.25,BirdNET_GLOBAL_6K_V2.4_Model_FP32.tflite,243B1F02648873F9_20260412_031500_chunk_026.wav,15600,99,102
15753,15756,Regulus regulus,Goldcrest,0.6663,243B1F02648873F9_20260412_031500.WAV,14,0.0,1.0,0.25,BirdNET_GLOBAL_6K_V2.4_Model_FP32.tflite,243B1F02648873F9_20260412_031500_chunk_026.wav,15600,153,156
15756,15759,Regulus regulus,Goldcrest,0.5099,243B1F02648873F9_20260412_031500.WAV,14,0.0,1.0,0.25,BirdNET_GLOBAL_6K_V2.4_Model_FP32.tflite,243B1F02648873F9_20260412_031500_chunk_026.wav,15600,156,159
15759,15762,Regulus regulus,Goldcrest,0.4816,243B1F02648873F9_20260412_031500.WAV,14,0.0,1.0,0.25,BirdNET_GLOBAL_6K_V2.4_Model_FP32.tflite,243B1F02648873F9_20260412_031500_chunk_026.wav,15600,159,162
15765,15768,Columba palumbus,Common Wood-Pigeon,0.6677,243B1F02648873F9_20260412_031500.WAV,14,0.0,1.0,0.25,BirdNET_GLOBAL_6K_V2.4_Model_FP32.tflite,243B1F02648873F9_20260412_031500_chunk_026.wav,15600,165,168
15765,15768,Regulus regulus,Goldcrest,0.4416,243B1F02648873F9_20260412_031500.WAV,14,0.0,1.0,0.25,BirdNET_GLOBAL_6K_V2.4_Model_FP32.tflite,243B1F02648873F9_20260412_031500_chunk_026.wav,15600,165,168
15768,15771,Regulus regulus,Goldcrest,0.6885,243B1F02648873F9_20260412_031500.WAV,14,0.0,1.0,0.25,BirdNET_GLOBAL_6K_V2.4_Model_FP32.tflite,243B1F02648873F9_20260412_031500_chunk_026.wav,15600,168,171
15768,15771,Columba palumbus,Common Wood-Pigeon,0.4435,243B1F02648873F9_20260412_031500.WAV,14,0.0,1.0,0.25,BirdNET_GLOBAL_6K_V2.4_Model_FP32.tflite,243B1F02648873F9_20260412_031500_chunk_026.wav,15600,168,171
15771,15774,Regulus regulus,Goldcrest,0.2826,243B1F02648873F9_20260412_031500.WAV,14,0.0,1.0,0.25,BirdNET_GLOBAL_6K_V2.4_Model_FP32.tflite,243B1F02648873F9_20260412_031500_chunk_026.wav,15600,171,174
15771,15774,Columba palumbus,Common Wood-Pigeon,0.2773,243B1F02648873F9_20260412_031500.WAV,14,0.0,1.0,0.25,BirdNET_GLOBAL_6K_V2.4_Model_FP32.tflite,243B1F02648873F9_20260412_031500_chunk_026.wav,15600,171,174
15774,15777,Phylloscopus collybita,Common Chiffchaff,0.3066,243B1F02648873F9_20260412_031500.WAV,14,0.0,1.0,0.25,BirdNET_GLOBAL_6K_V2.4_Model_FP32.tflite,243B1F02648873F9_20260412_031500_chunk_026.wav,15600,174,177
15786,15789,Regulus regulus,Goldcrest,0.5230,243B1F02648873F9_20260412_031500.WAV,14,0.0,1.0,0.25,BirdNET_GLOBAL_6K_V2.4_Model_FP32.tflite,243B1F02648873F9_20260412_031500_chunk_026.wav,15600,186,189
15792,15795,Regulus regulus,Goldcrest,0.4558,243B1F02648873F9_20260412_031500.WAV,14,0.0,1.0,0.25,BirdNET_GLOBAL_6K_V2.4_Model_FP32.tflite,243B1F02648873F9_20260412_031500_chunk_026.wav,15600,192,195
15795,15798,Regulus regulus,Goldcrest,0.8548,243B1F02648873F9_20260412_031500.WAV,14,0.0,1.0,0.25,BirdNET_GLOBAL_6K_V2.4_Model_FP32.tflite,243B1F02648873F9_20260412_031500_chunk_026.wav,15600,195,198
15798,15801,Regulus regulus,Goldcrest,0.6981,243B1F02648873F9_20260412_031500.WAV,14,0.0,1.0,0.25,BirdNET_GLOBAL_6K_V2.4_Model_FP32.tflite,243B1F02648873F9_20260412_031500_chunk_026.wav,15600,198,201
15804,15807,Regulus regulus,Goldcrest,0.7289,243B1F02648873F9_20260412_031500.WAV,14,0.0,1.0,0.25,BirdNET_GLOBAL_6K_V2.4_Model_FP32.tflite,243B1F02648873F9_20260412_031500_chunk_026.wav,15600,204,207
15807,15810,Columba palumbus,Common Wood-Pigeon,0.7500,243B1F02648873F9_20260412_031500.WAV,14,0.0,1.0,0.25,BirdNET_GLOBAL_6K_V2.4_Model_FP32.tflite,243B1F02648873F9_20260412_031500_chunk_026.wav,15600,207,210
15807,15810,Phylloscopus collybita,Common Chiffchaff,0.2938,243B1F02648873F9_20260412_031500.WAV,14,0.0,1.0,0.25,BirdNET_GLOBAL_6K_V2.4_Model_FP32.tflite,243B1F02648873F9_20260412_031500_chunk_026.wav,15600,207,210
15810,15813,Columba palumbus,Common Wood-Pigeon,0.8659,243B1F02648873F9_20260412_031500.WAV,14,0.0,1.0,0.25,BirdNET_GLOBAL_6K_V2.4_Model_FP32.tflite,243B1F02648873F9_20260412_031500_chunk_026.wav,15600,210,213
15813,15816,Columba palumbus,Common Wood-Pigeon,0.9843,243B1F02648873F9_20260412_031500.WAV,14,0.0,1.0,0.25,BirdNET_GLOBAL_6K_V2.4_Model_FP32.tflite,243B1F02648873F9_20260412_031500_chunk_026.wav,15600,213,216
15816,15819,Columba oenas,Stock Dove,0.4119,243B1F02648873F9_20260412_031500.WAV,14,0.0,1.0,0.25,BirdNET_GLOBAL_6K_V2.4_Model_FP32.tflite,243B1F02648873F9_20260412_031500_chunk_026.wav,15600,216,219
15816,15819,Columba palumbus,Common Wood-Pigeon,0.3657,243B1F02648873F9_20260412_031500.WAV,14,0.0,1.0,0.25,BirdNET_GLOBAL_6K_V2.4_Model_FP32.tflite,243B1F02648873F9_20260412_031500_chunk_026.wav,15600,216,219
15819,15822,Columba palumbus,Common Wood-Pigeon,0.3878,243B1F02648873F9_20260412_031500.WAV,14,0.0,1.0,0.25,BirdNET_GLOBAL_6K_V2.4_Model_FP32.tflite,243B1F02648873F9_20260412_031500_chunk_026.wav,15600,219,222
15819,15822,Phylloscopus collybita,Common Chiffchaff,0.2508,243B1F02648873F9_20260412_031500.WAV,14,0.0,1.0,0.25,BirdNET_GLOBAL_6K_V2.4_Model_FP32.tflite,243B1F02648873F9_20260412_031500_chunk_026.wav,15600,219,222
15828,15831,Phylloscopus collybita,Common Chiffchaff,0.6036,243B1F02648873F9_20260412_031500.WAV,14,0.0,1.0,0.25,BirdNET_GLOBAL_6K_V2.4_Model_FP32.tflite,243B1F02648873F9_20260412_031500_chunk_026.wav,15600,228,231
15837,15840,Phylloscopus collybita,Common Chiffchaff,0.2970,243B1F02648873F9_20260412_031500.WAV,14,0.0,1.0,0.25,BirdNET_GLOBAL_6K_V2.4_Model_FP32.tflite,243B1F02648873F9_20260412_031500_chunk_026.wav,15600,237,240
15840,15843,Phylloscopus collybita,Common Chiffchaff,0.3605,243B1F02648873F9_20260412_031500.WAV,14,0.0,1.0,0.25,BirdNET_GLOBAL_6K_V2.4_Model_FP32.tflite,243B1F02648873F9_20260412_031500_chunk_026.wav,15600,240,243
15846,15849,Troglodytes troglodytes,Eurasian Wren,0.4027,243B1F02648873F9_20260412_031500.WAV,14,0.0,1.0,0.25,BirdNET_GLOBAL_6K_V2.4_Model_FP32.tflite,243B1F02648873F9_20260412_031500_chunk_026.wav,15600,246,249
15849,15852,Phylloscopus collybita,Common Chiffchaff,0.5072,243B1F02648873F9_20260412_031500.WAV,14,0.0,1.0,0.25,BirdNET_GLOBAL_6K_V2.4_Model_FP32.tflite,243B1F02648873F9_20260412_031500_chunk_026.wav,15600,249,252
15858,15861,Certhia familiaris,Eurasian Treecreeper,0.5993,243B1F02648873F9_20260412_031500.WAV,14,0.0,1.0,0.25,BirdNET_GLOBAL_6K_V2.4_Model_FP32.tflite,243B1F02648873F9_20260412_031500_chunk_026.wav,15600,258,261
15861,15864,Columba palumbus,Common Wood-Pigeon,0.8844,243B1F02648873F9_20260412_031500.WAV,14,0.0,1.0,0.25,BirdNET_GLOBAL_6K_V2.4_Model_FP32.tflite,243B1F02648873F9_20260412_031500_chunk_026.wav,15600,261,264
15864,15867,Columba palumbus,Common Wood-Pigeon,0.5990,243B1F02648873F9_20260412_031500.WAV,14,0.0,1.0,0.25,BirdNET_GLOBAL_6K_V2.4_Model_FP32.tflite,243B1F02648873F9_20260412_031500_chunk_026.wav,15600,264,267
15864,15867,Certhia familiaris,Eurasian Treecreeper,0.5361,243B1F02648873F9_20260412_031500.WAV,14,0.0,1.0,0.25,BirdNET_GLOBAL_6K_V2.4_Model_FP32.tflite,243B1F02648873F9_20260412_031500_chunk_026.wav,15600,264,267
15867,15870,Phylloscopus collybita,Common Chiffchaff,0.6662,243B1F02648873F9_20260412_031500.WAV,14,0.0,1.0,0.25,BirdNET_GLOBAL_6K_V2.4_Model_FP32.tflite,243B1F02648873F9_20260412_031500_chunk_026.wav,15600,267,270
15870,15873,Certhia familiaris,Eurasian Treecreeper,0.5228,243B1F02648873F9_20260412_031500.WAV,14,0.0,1.0,0.25,BirdNET_GLOBAL_6K_V2.4_Model_FP32.tflite,243B1F02648873F9_20260412_031500_chunk_026.wav,15600,270,273
15876,15879,Columba palumbus,Common Wood-Pigeon,0.4349,243B1F02648873F9_20260412_031500.WAV,14,0.0,1.0,0.25,BirdNET_GLOBAL_6K_V2.4_Model_FP32.tflite,243B1F02648873F9_20260412_031500_chunk_026.wav,15600,276,279
15876,15879,Phylloscopus collybita,Common Chiffchaff,0.2826,243B1F02648873F9_20260412_031500.WAV,14,0.0,1.0,0.25,BirdNET_GLOBAL_6K_V2.4_Model_FP32.tflite,243B1F02648873F9_20260412_031500_chunk_026.wav,15600,276,279
15885,15888,Aegithalos caudatus,Long-tailed Tit,0.4079,243B1F02648873F9_20260412_031500.WAV,14,0.0,1.0,0.25,BirdNET_GLOBAL_6K_V2.4_Model_FP32.tflite,243B1F02648873F9_20260412_031500_chunk_026.wav,15600,285,288
15885,15888,Phylloscopus collybita,Common Chiffchaff,0.3206,243B1F02648873F9_20260412_031500.WAV,14,0.0,1.0,0.25,BirdNET_GLOBAL_6K_V2.4_Model_FP32.tflite,243B1F02648873F9_20260412_031500_chunk_026.wav,15600,285,288
15894,15897,Phylloscopus collybita,Common Chiffchaff,0.9193,243B1F02648873F9_20260412_031500.WAV,14,0.0,1.0,0.25,BirdNET_GLOBAL_6K_V2.4_Model_FP32.tflite,243B1F02648873F9_20260412_031500_chunk_026.wav,15600,294,297
15897,15900,Phylloscopus collybita,Common Chiffchaff,0.6419,243B1F02648873F9_20260412_031500.WAV,14,0.0,1.0,0.25,BirdNET_GLOBAL_6K_V2.4_Model_FP32.tflite,243B1F02648873F9_20260412_031500_chunk_026.wav,15600,297,300
15900,15903,Phylloscopus collybita,Common Chiffchaff,0.3728,243B1F02648873F9_20260412_031500.WAV,14,0.0,1.0,0.25,BirdNET_GLOBAL_6K_V2.4_Model_FP32.tflite,243B1F02648873F9_20260412_031500_chunk_026.wav,15600,300,303
15903,15906,Phylloscopus collybita,Common Chiffchaff,0.2537,243B1F02648873F9_20260412_031500.WAV,14,0.0,1.0,0.25,BirdNET_GLOBAL_6K_V2.4_Model_FP32.tflite,243B1F02648873F9_20260412_031500_chunk_026.wav,15600,303,306
15906,15909,Columba oenas,Stock Dove,0.5592,243B1F02648873F9_20260412_031500.WAV,14,0.0,1.0,0.25,BirdNET_GLOBAL_6K_V2.4_Model_FP32.tflite,243B1F02648873F9_20260412_031500_chunk_026.wav,15600,306,309
15906,15909,Columba palumbus,Common Wood-Pigeon,0.3295,243B1F02648873F9_20260412_031500.WAV,14,0.0,1.0,0.25,BirdNET_GLOBAL_6K_V2.4_Model_FP32.tflite,243B1F02648873F9_20260412_031500_chunk_026.wav,15600,306,309
15909,15912,Columba palumbus,Common Wood-Pigeon,0.6862,243B1F02648873F9_20260412_031500.WAV,14,0.0,1.0,0.25,BirdNET_GLOBAL_6K_V2.4_Model_FP32.tflite,243B1F02648873F9_20260412_031500_chunk_026.wav,15600,309,312
15912,15915,Phylloscopus collybita,Common Chiffchaff,0.3339,243B1F02648873F9_20260412_031500.WAV,14,0.0,1.0,0.25,BirdNET_GLOBAL_6K_V2.4_Model_FP32.tflite,243B1F02648873F9_20260412_031500_chunk_026.wav,15600,312,315
15912,15915,Columba oenas,Stock Dove,0.3041,243B1F02648873F9_20260412_031500.WAV,14,0.0,1.0,0.25,BirdNET_GLOBAL_6K_V2.4_Model_FP32.tflite,243B1F02648873F9_20260412_031500_chunk_026.wav,15600,312,315
15915,15918,Columba palumbus,Common Wood-Pigeon,0.4754,243B1F02648873F9_20260412_031500.WAV,14,0.0,1.0,0.25,BirdNET_GLOBAL_6K_V2.4_Model_FP32.tflite,243B1F02648873F9_20260412_031500_chunk_026.wav,15600,315,318
15924,15927,Cyanistes caeruleus,Eurasian Blue Tit,0.5090,243B1F02648873F9_20260412_031500.WAV,14,0.0,1.0,0.25,BirdNET_GLOBAL_6K_V2.4_Model_FP32.tflite,243B1F02648873F9_20260412_031500_chunk_026.wav,15600,324,327
15930,15933,Phylloscopus collybita,Common Chiffchaff,0.3735,243B1F02648873F9_20260412_031500.WAV,14,0.0,1.0,0.25,BirdNET_GLOBAL_6K_V2.4_Model_FP32.tflite,243B1F02648873F9_20260412_031500_chunk_026.wav,15600,330,333
15939,15942,Cyanistes caeruleus,Eurasian Blue Tit,0.4714,243B1F02648873F9_20260412_031500.WAV,14,0.0,1.0,0.25,BirdNET_GLOBAL_6K_V2.4_Model_FP32.tflite,243B1F02648873F9_20260412_031500_chunk_026.wav,15600,339,342
15939,15942,Columba palumbus,Common Wood-Pigeon,0.3863,243B1F02648873F9_20260412_031500.WAV,14,0.0,1.0,0.25,BirdNET_GLOBAL_6K_V2.4_Model_FP32.tflite,243B1F02648873F9_20260412_031500_chunk_026.wav,15600,339,342
15951,15954,Columba palumbus,Common Wood-Pigeon,0.4441,243B1F02648873F9_20260412_031500.WAV,14,0.0,1.0,0.25,BirdNET_GLOBAL_6K_V2.4_Model_FP32.tflite,243B1F02648873F9_20260412_031500_chunk_026.wav,15600,351,354
15951,15954,Phylloscopus collybita,Common Chiffchaff,0.2733,243B1F02648873F9_20260412_031500.WAV,14,0.0,1.0,0.25,BirdNET_GLOBAL_6K_V2.4_Model_FP32.tflite,243B1F02648873F9_20260412_031500_chunk_026.wav,15600,351,354
15954,15957,Columba palumbus,Common Wood-Pigeon,0.5772,243B1F02648873F9_20260412_031500.WAV,14,0.0,1.0,0.25,BirdNET_GLOBAL_6K_V2.4_Model_FP32.tflite,243B1F02648873F9_20260412_031500_chunk_026.wav,15600,354,357
15960,15963,Troglodytes troglodytes,Eurasian Wren,0.6483,243B1F02648873F9_20260412_031500.WAV,14,0.0,1.0,0.25,BirdNET_GLOBAL_6K_V2.4_Model_FP32.tflite,243B1F02648873F9_20260412_031500_chunk_026.wav,15600,360,363
15963,15966,Cyanistes caeruleus,Eurasian Blue Tit,0.4105,243B1F02648873F9_20260412_031500.WAV,14,0.0,1.0,0.25,BirdNET_GLOBAL_6K_V2.4_Model_FP32.tflite,243B1F02648873F9_20260412_031500_chunk_026.wav,15600,363,366
15969,15972,Troglodytes troglodytes,Eurasian Wren,0.4835,243B1F02648873F9_20260412_031500.WAV,14,0.0,1.0,0.25,BirdNET_GLOBAL_6K_V2.4_Model_FP32.tflite,243B1F02648873F9_20260412_031500_chunk_026.wav,15600,369,372
15972,15975,Troglodytes troglodytes,Eurasian Wren,0.9912,243B1F02648873F9_20260412_031500.WAV,14,0.0,1.0,0.25,BirdNET_GLOBAL_6K_V2.4_Model_FP32.tflite,243B1F02648873F9_20260412_031500_chunk_026.wav,15600,372,375
15975,15978,Troglodytes troglodytes,Eurasian Wren,0.5792,243B1F02648873F9_20260412_031500.WAV,14,0.0,1.0,0.25,BirdNET_GLOBAL_6K_V2.4_Model_FP32.tflite,243B1F02648873F9_20260412_031500_chunk_026.wav,15600,375,378
15978,15981,Phylloscopus collybita,Common Chiffchaff,0.8907,243B1F02648873F9_20260412_031500.WAV,14,0.0,1.0,0.25,BirdNET_GLOBAL_6K_V2.4_Model_FP32.tflite,243B1F02648873F9_20260412_031500_chunk_026.wav,15600,378,381
15984,15987,Phylloscopus collybita,Common Chiffchaff,0.8440,243B1F02648873F9_20260412_031500.WAV,14,0.0,1.0,0.25,BirdNET_GLOBAL_6K_V2.4_Model_FP32.tflite,243B1F02648873F9_20260412_031500_chunk_026.wav,15600,384,387
15993,15996,Columba palumbus,Common Wood-Pigeon,0.6101,243B1F02648873F9_20260412_031500.WAV,14,0.0,1.0,0.25,BirdNET_GLOBAL_6K_V2.4_Model_FP32.tflite,243B1F02648873F9_20260412_031500_chunk_026.wav,15600,393,396
15996,15999,Columba palumbus,Common Wood-Pigeon,0.5520,243B1F02648873F9_20260412_031500.WAV,14,0.0,1.0,0.25,BirdNET_GLOBAL_6K_V2.4_Model_FP32.tflite,243B1F02648873F9_20260412_031500_chunk_026.wav,15600,396,399
15999,16002,Columba palumbus,Common Wood-Pigeon,0.8391,243B1F02648873F9_20260412_031500.WAV,14,0.0,1.0,0.25,BirdNET_GLOBAL_6K_V2.4_Model_FP32.tflite,243B1F02648873F9_20260412_031500_chunk_026.wav,15600,399,402
16002,16005,Columba palumbus,Common Wood-Pigeon,0.9437,243B1F02648873F9_20260412_031500.WAV,14,0.0,1.0,0.25,BirdNET_GLOBAL_6K_V2.4_Model_FP32.tflite,243B1F02648873F9_20260412_031500_chunk_026.wav,15600,402,405
16008,16011,Phylloscopus collybita,Common Chiffchaff,0.2945,243B1F02648873F9_20260412_031500.WAV,14,0.0,1.0,0.25,BirdNET_GLOBAL_6K_V2.4_Model_FP32.tflite,243B1F02648873F9_20260412_031500_chunk_026.wav,15600,408,411
16014,16017,Phylloscopus collybita,Common Chiffchaff,0.5188,243B1F02648873F9_20260412_031500.WAV,14,0.0,1.0,0.25,BirdNET_GLOBAL_6K_V2.4_Model_FP32.tflite,243B1F02648873F9_20260412_031500_chunk_026.wav,15600,414,417
16017,16020,Troglodytes troglodytes,Eurasian Wren,0.9785,243B1F02648873F9_20260412_031500.WAV,14,0.0,1.0,0.25,BirdNET_GLOBAL_6K_V2.4_Model_FP32.tflite,243B1F02648873F9_20260412_031500_chunk_026.wav,15600,417,420
16020,16023,Troglodytes troglodytes,Eurasian Wren,0.9929,243B1F02648873F9_20260412_031500.WAV,14,0.0,1.0,0.25,BirdNET_GLOBAL_6K_V2.4_Model_FP32.tflite,243B1F02648873F9_20260412_031500_chunk_026.wav,15600,420,423
16023,16026,Troglodytes troglodytes,Eurasian Wren,0.9669,243B1F02648873F9_20260412_031500.WAV,14,0.0,1.0,0.25,BirdNET_GLOBAL_6K_V2.4_Model_FP32.tflite,243B1F02648873F9_20260412_031500_chunk_026.wav,15600,423,426
16029,16032,Phylloscopus collybita,Common Chiffchaff,0.6059,243B1F02648873F9_20260412_031500.WAV,14,0.0,1.0,0.25,BirdNET_GLOBAL_6K_V2.4_Model_FP32.tflite,243B1F02648873F9_20260412_031500_chunk_026.wav,15600,429,432
16032,16035,Troglodytes troglodytes,Eurasian Wren,0.9268,243B1F02648873F9_20260412_031500.WAV,14,0.0,1.0,0.25,BirdNET_GLOBAL_6K_V2.4_Model_FP32.tflite,243B1F02648873F9_20260412_031500_chunk_026.wav,15600,432,435
16035,16038,Troglodytes troglodytes,Eurasian Wren,0.9915,243B1F02648873F9_20260412_031500.WAV,14,0.0,1.0,0.25,BirdNET_GLOBAL_6K_V2.4_Model_FP32.tflite,243B1F02648873F9_20260412_031500_chunk_026.wav,15600,435,438
16038,16041,Troglodytes troglodytes,Eurasian Wren,0.9887,243B1F02648873F9_20260412_031500.WAV,14,0.0,1.0,0.25,BirdNET_GLOBAL_6K_V2.4_Model_FP32.tflite,243B1F02648873F9_20260412_031500_chunk_026.wav,15600,438,441
16041,16044,Troglodytes troglodytes,Eurasian Wren,0.9628,243B1F02648873F9_20260412_031500.WAV,14,0.0,1.0,0.25,BirdNET_GLOBAL_6K_V2.4_Model_FP32.tflite,243B1F02648873F9_20260412_031500_chunk_026.wav,15600,441,444
16053,16056,Columba palumbus,Common Wood-Pigeon,0.8033,243B1F02648873F9_20260412_031500.WAV,14,0.0,1.0,0.25,BirdNET_GLOBAL_6K_V2.4_Model_FP32.tflite,243B1F02648873F9_20260412_031500_chunk_026.wav,15600,453,456
16056,16059,Columba palumbus,Common Wood-Pigeon,0.8490,243B1F02648873F9_20260412_031500.WAV,14,0.0,1.0,0.25,BirdNET_GLOBAL_6K_V2.4_Model_FP32.tflite,243B1F02648873F9_20260412_031500_chunk_026.wav,15600,456,459
16059,16062,Columba palumbus,Common Wood-Pigeon,0.9405,243B1F02648873F9_20260412_031500.WAV,14,0.0,1.0,0.25,BirdNET_GLOBAL_6K_V2.4_Model_FP32.tflite,243B1F02648873F9_20260412_031500_chunk_026.wav,15600,459,462
16062,16065,Columba palumbus,Common Wood-Pigeon,0.8604,243B1F02648873F9_20260412_031500.WAV,14,0.0,1.0,0.25,BirdNET_GLOBAL_6K_V2.4_Model_FP32.tflite,243B1F02648873F9_20260412_031500_chunk_026.wav,15600,462,465
16071,16074,Columba palumbus,Common Wood-Pigeon,0.6870,243B1F02648873F9_20260412_031500.WAV,14,0.0,1.0,0.25,BirdNET_GLOBAL_6K_V2.4_Model_FP32.tflite,243B1F02648873F9_20260412_031500_chunk_026.wav,15600,471,474
16074,16077,Columba palumbus,Common Wood-Pigeon,0.6802,243B1F02648873F9_20260412_031500.WAV,14,0.0,1.0,0.25,BirdNET_GLOBAL_6K_V2.4_Model_FP32.tflite,243B1F02648873F9_20260412_031500_chunk_026.wav,15600,474,477
16077,16080,Columba palumbus,Common Wood-Pigeon,0.5187,243B1F02648873F9_20260412_031500.WAV,14,0.0,1.0,0.25,BirdNET_GLOBAL_6K_V2.4_Model_FP32.tflite,243B1F02648873F9_20260412_031500_chunk_026.wav,15600,477,480
16080,16083,Columba palumbus,Common Wood-Pigeon,0.3127,243B1F02648873F9_20260412_031500.WAV,14,0.0,1.0,0.25,BirdNET_GLOBAL_6K_V2.4_Model_FP32.tflite,243B1F02648873F9_20260412_031500_chunk_026.wav,15600,480,483
16086,16089,Phylloscopus collybita,Common Chiffchaff,0.2764,243B1F02648873F9_20260412_031500.WAV,14,0.0,1.0,0.25,BirdNET_GLOBAL_6K_V2.4_Model_FP32.tflite,243B1F02648873F9_20260412_031500_chunk_026.wav,15600,486,489
16095,16098,Phylloscopus collybita,Common Chiffchaff,0.2545,243B1F02648873F9_20260412_031500.WAV,14,0.0,1.0,0.25,BirdNET_GLOBAL_6K_V2.4_Model_FP32.tflite,243B1F02648873F9_20260412_031500_chunk_026.wav,15600,495,498
16104,16107,Troglodytes troglodytes,Eurasian Wren,0.4147,243B1F02648873F9_20260412_031500.WAV,14,0.0,1.0,0.25,BirdNET_GLOBAL_6K_V2.4_Model_FP32.tflite,243B1F02648873F9_20260412_031500_chunk_026.wav,15600,504,507
16107,16110,Columba palumbus,Common Wood-Pigeon,0.6562,243B1F02648873F9_20260412_031500.WAV,14,0.0,1.0,0.25,BirdNET_GLOBAL_6K_V2.4_Model_FP32.tflite,243B1F02648873F9_20260412_031500_chunk_026.wav,15600,507,510
16107,16110,Certhia familiaris,Eurasian Treecreeper,0.5695,243B1F02648873F9_20260412_031500.WAV,14,0.0,1.0,0.25,BirdNET_GLOBAL_6K_V2.4_Model_FP32.tflite,243B1F02648873F9_20260412_031500_chunk_026.wav,15600,507,510
16110,16113,Columba palumbus,Common Wood-Pigeon,0.2563,243B1F02648873F9_20260412_031500.WAV,14,0.0,1.0,0.25,BirdNET_GLOBAL_6K_V2.4_Model_FP32.tflite,243B1F02648873F9_20260412_031500_chunk_026.wav,15600,510,513
16113,16116,Columba palumbus,Common Wood-Pigeon,0.5824,243B1F02648873F9_20260412_031500.WAV,14,0.0,1.0,0.25,BirdNET_GLOBAL_6K_V2.4_Model_FP32.tflite,243B1F02648873F9_20260412_031500_chunk_026.wav,15600,513,516
16116,16119,Columba palumbus,Common Wood-Pigeon,0.6001,243B1F02648873F9_20260412_031500.WAV,14,0.0,1.0,0.25,BirdNET_GLOBAL_6K_V2.4_Model_FP32.tflite,243B1F02648873F9_20260412_031500_chunk_026.wav,15600,516,519
16119,16122,Columba palumbus,Common Wood-Pigeon,0.4486,243B1F02648873F9_20260412_031500.WAV,14,0.0,1.0,0.25,BirdNET_GLOBAL_6K_V2.4_Model_FP32.tflite,243B1F02648873F9_20260412_031500_chunk_026.wav,15600,519,522
16119,16122,Carduelis carduelis,European Goldfinch,0.3387,243B1F02648873F9_20260412_031500.WAV,14,0.0,1.0,0.25,BirdNET_GLOBAL_6K_V2.4_Model_FP32.tflite,243B1F02648873F9_20260412_031500_chunk_026.wav,15600,519,522
16122,16125,Columba palumbus,Common Wood-Pigeon,0.6298,243B1F02648873F9_20260412_031500.WAV,14,0.0,1.0,0.25,BirdNET_GLOBAL_6K_V2.4_Model_FP32.tflite,243B1F02648873F9_20260412_031500_chunk_026.wav,15600,522,525
16137,16140,Columba palumbus,Common Wood-Pigeon,0.8839,243B1F02648873F9_20260412_031500.WAV,14,0.0,1.0,0.25,BirdNET_GLOBAL_6K_V2.4_Model_FP32.tflite,243B1F02648873F9_20260412_031500_chunk_026.wav,15600,537,540
16140,16143,Columba palumbus,Common Wood-Pigeon,0.9718,243B1F02648873F9_20260412_031500.WAV,14,0.0,1.0,0.25,BirdNET_GLOBAL_6K_V2.4_Model_FP32.tflite,243B1F02648873F9_20260412_031500_chunk_026.wav,15600,540,543
16143,16146,Columba palumbus,Common Wood-Pigeon,0.9436,243B1F02648873F9_20260412_031500.WAV,14,0.0,1.0,0.25,BirdNET_GLOBAL_6K_V2.4_Model_FP32.tflite,243B1F02648873F9_20260412_031500_chunk_026.wav,15600,543,546
16155,16158,Phylloscopus collybita,Common Chiffchaff,0.2972,243B1F02648873F9_20260412_031500.WAV,14,0.0,1.0,0.25,BirdNET_GLOBAL_6K_V2.4_Model_FP32.tflite,243B1F02648873F9_20260412_031500_chunk_026.wav,15600,555,558
16164,16167,Columba palumbus,Common Wood-Pigeon,0.7113,243B1F02648873F9_20260412_031500.WAV,14,0.0,1.0,0.25,BirdNET_GLOBAL_6K_V2.4_Model_FP32.tflite,243B1F02648873F9_20260412_031500_chunk_026.wav,15600,564,567
16167,16170,Columba palumbus,Common Wood-Pigeon,0.4919,243B1F02648873F9_20260412_031500.WAV,14,0.0,1.0,0.25,BirdNET_GLOBAL_6K_V2.4_Model_FP32.tflite,243B1F02648873F9_20260412_031500_chunk_026.wav,15600,567,570
16170,16173,Columba palumbus,Common Wood-Pigeon,0.8660,243B1F02648873F9_20260412_031500.WAV,14,0.0,1.0,0.25,BirdNET_GLOBAL_6K_V2.4_Model_FP32.tflite,243B1F02648873F9_20260412_031500_chunk_026.wav,15600,570,573
16170,16173,Larus argentatus,Herring Gull,0.6395,243B1F02648873F9_20260412_031500.WAV,14,0.0,1.0,0.25,BirdNET_GLOBAL_6K_V2.4_Model_FP32.tflite,243B1F02648873F9_20260412_031500_chunk_026.wav,15600,570,573
16173,16176,Columba palumbus,Common Wood-Pigeon,0.5007,243B1F02648873F9_20260412_031500.WAV,14,0.0,1.0,0.25,BirdNET_GLOBAL_6K_V2.4_Model_FP32.tflite,243B1F02648873F9_20260412_031500_chunk_026.wav,15600,573,576
16203,16206,Columba oenas,Stock Dove,0.6865,243B1F02648873F9_20260412_031500.WAV,14,0.0,1.0,0.25,BirdNET_GLOBAL_6K_V2.4_Model_FP32.tflite,243B1F02648873F9_20260412_031500_chunk_027.wav,16200,3,6
16203,16206,Phylloscopus collybita,Common Chiffchaff,0.2852,243B1F02648873F9_20260412_031500.WAV,14,0.0,1.0,0.25,BirdNET_GLOBAL_6K_V2.4_Model_FP32.tflite,243B1F02648873F9_20260412_031500_chunk_027.wav,16200,3,6
16212,16215,Picus viridis,Eurasian Green Woodpecker,0.5355,243B1F02648873F9_20260412_031500.WAV,14,0.0,1.0,0.25,BirdNET_GLOBAL_6K_V2.4_Model_FP32.tflite,243B1F02648873F9_20260412_031500_chunk_027.wav,16200,12,15
16218,16221,Columba palumbus,Common Wood-Pigeon,0.4346,243B1F02648873F9_20260412_031500.WAV,14,0.0,1.0,0.25,BirdNET_GLOBAL_6K_V2.4_Model_FP32.tflite,243B1F02648873F9_20260412_031500_chunk_027.wav,16200,18,21
16224,16227,Columba palumbus,Common Wood-Pigeon,0.3222,243B1F02648873F9_20260412_031500.WAV,14,0.0,1.0,0.25,BirdNET_GLOBAL_6K_V2.4_Model_FP32.tflite,243B1F02648873F9_20260412_031500_chunk_027.wav,16200,24,27
16227,16230,Phylloscopus collybita,Common Chiffchaff,0.9862,243B1F02648873F9_20260412_031500.WAV,14,0.0,1.0,0.25,BirdNET_GLOBAL_6K_V2.4_Model_FP32.tflite,243B1F02648873F9_20260412_031500_chunk_027.wav,16200,27,30
16230,16233,Phylloscopus collybita,Common Chiffchaff,0.7959,243B1F02648873F9_20260412_031500.WAV,14,0.0,1.0,0.25,BirdNET_GLOBAL_6K_V2.4_Model_FP32.tflite,243B1F02648873F9_20260412_031500_chunk_027.wav,16200,30,33
16233,16236,Troglodytes troglodytes,Eurasian Wren,0.2899,243B1F02648873F9_20260412_031500.WAV,14,0.0,1.0,0.25,BirdNET_GLOBAL_6K_V2.4_Model_FP32.tflite,243B1F02648873F9_20260412_031500_chunk_027.wav,16200,33,36
16236,16239,Regulus regulus,Goldcrest,0.2532,243B1F02648873F9_20260412_031500.WAV,14,0.0,1.0,0.25,BirdNET_GLOBAL_6K_V2.4_Model_FP32.tflite,243B1F02648873F9_20260412_031500_chunk_027.wav,16200,36,39
16239,16242,Phylloscopus collybita,Common Chiffchaff,0.9501,243B1F02648873F9_20260412_031500.WAV,14,0.0,1.0,0.25,BirdNET_GLOBAL_6K_V2.4_Model_FP32.tflite,243B1F02648873F9_20260412_031500_chunk_027.wav,16200,39,42
16242,16245,Phylloscopus collybita,Common Chiffchaff,0.9315,243B1F02648873F9_20260412_031500.WAV,14,0.0,1.0,0.25,BirdNET_GLOBAL_6K_V2.4_Model_FP32.tflite,243B1F02648873F9_20260412_031500_chunk_027.wav,16200,42,45
16245,16248,Phylloscopus collybita,Common Chiffchaff,0.5533,243B1F02648873F9_20260412_031500.WAV,14,0.0,1.0,0.25,BirdNET_GLOBAL_6K_V2.4_Model_FP32.tflite,243B1F02648873F9_20260412_031500_chunk_027.wav,16200,45,48
16248,16251,Phylloscopus collybita,Common Chiffchaff,0.9901,243B1F02648873F9_20260412_031500.WAV,14,0.0,1.0,0.25,BirdNET_GLOBAL_6K_V2.4_Model_FP32.tflite,243B1F02648873F9_20260412_031500_chunk_027.wav,16200,48,51
16254,16257,Phylloscopus collybita,Common Chiffchaff,0.9913,243B1F02648873F9_20260412_031500.WAV,14,0.0,1.0,0.25,BirdNET_GLOBAL_6K_V2.4_Model_FP32.tflite,243B1F02648873F9_20260412_031500_chunk_027.wav,16200,54,57
16263,16266,Phylloscopus collybita,Common Chiffchaff,0.5698,243B1F02648873F9_20260412_031500.WAV,14,0.0,1.0,0.25,BirdNET_GLOBAL_6K_V2.4_Model_FP32.tflite,243B1F02648873F9_20260412_031500_chunk_027.wav,16200,63,66
16266,16269,Phylloscopus collybita,Common Chiffchaff,0.9293,243B1F02648873F9_20260412_031500.WAV,14,0.0,1.0,0.25,BirdNET_GLOBAL_6K_V2.4_Model_FP32.tflite,243B1F02648873F9_20260412_031500_chunk_027.wav,16200,66,69
16275,16278,Phylloscopus collybita,Common Chiffchaff,0.5567,243B1F02648873F9_20260412_031500.WAV,14,0.0,1.0,0.25,BirdNET_GLOBAL_6K_V2.4_Model_FP32.tflite,243B1F02648873F9_20260412_031500_chunk_027.wav,16200,75,78
16278,16281,Periparus ater,Coal Tit,0.7969,243B1F02648873F9_20260412_031500.WAV,14,0.0,1.0,0.25,BirdNET_GLOBAL_6K_V2.4_Model_FP32.tflite,243B1F02648873F9_20260412_031500_chunk_027.wav,16200,78,81
16284,16287,Phylloscopus collybita,Common Chiffchaff,0.7757,243B1F02648873F9_20260412_031500.WAV,14,0.0,1.0,0.25,BirdNET_GLOBAL_6K_V2.4_Model_FP32.tflite,243B1F02648873F9_20260412_031500_chunk_027.wav,16200,84,87
16293,16296,Periparus ater,Coal Tit,0.7817,243B1F02648873F9_20260412_031500.WAV,14,0.0,1.0,0.25,BirdNET_GLOBAL_6K_V2.4_Model_FP32.tflite,243B1F02648873F9_20260412_031500_chunk_027.wav,16200,93,96
16296,16299,Branta canadensis,Canada Goose,0.3229,243B1F02648873F9_20260412_031500.WAV,14,0.0,1.0,0.25,BirdNET_GLOBAL_6K_V2.4_Model_FP32.tflite,243B1F02648873F9_20260412_031500_chunk_027.wav,16200,96,99
16302,16305,Phylloscopus collybita,Common Chiffchaff,0.5737,243B1F02648873F9_20260412_031500.WAV,14,0.0,1.0,0.25,BirdNET_GLOBAL_6K_V2.4_Model_FP32.tflite,243B1F02648873F9_20260412_031500_chunk_027.wav,16200,102,105
16308,16311,Phylloscopus collybita,Common Chiffchaff,0.5865,243B1F02648873F9_20260412_031500.WAV,14,0.0,1.0,0.25,BirdNET_GLOBAL_6K_V2.4_Model_FP32.tflite,243B1F02648873F9_20260412_031500_chunk_027.wav,16200,108,111
16314,16317,Carduelis carduelis,European Goldfinch,0.9528,243B1F02648873F9_20260412_031500.WAV,14,0.0,1.0,0.25,BirdNET_GLOBAL_6K_V2.4_Model_FP32.tflite,243B1F02648873F9_20260412_031500_chunk_027.wav,16200,114,117
16317,16320,Carduelis carduelis,European Goldfinch,0.6926,243B1F02648873F9_20260412_031500.WAV,14,0.0,1.0,0.25,BirdNET_GLOBAL_6K_V2.4_Model_FP32.tflite,243B1F02648873F9_20260412_031500_chunk_027.wav,16200,117,120
16320,16323,Phylloscopus collybita,Common Chiffchaff,0.4918,243B1F02648873F9_20260412_031500.WAV,14,0.0,1.0,0.25,BirdNET_GLOBAL_6K_V2.4_Model_FP32.tflite,243B1F02648873F9_20260412_031500_chunk_027.wav,16200,120,123
16335,16338,Carduelis carduelis,European Goldfinch,0.7817,243B1F02648873F9_20260412_031500.WAV,14,0.0,1.0,0.25,BirdNET_GLOBAL_6K_V2.4_Model_FP32.tflite,243B1F02648873F9_20260412_031500_chunk_027.wav,16200,135,138
16338,16341,Carduelis carduelis,European Goldfinch,0.8520,243B1F02648873F9_20260412_031500.WAV,14,0.0,1.0,0.25,BirdNET_GLOBAL_6K_V2.4_Model_FP32.tflite,243B1F02648873F9_20260412_031500_chunk_027.wav,16200,138,141
16341,16344,Carduelis carduelis,European Goldfinch,0.3393,243B1F02648873F9_20260412_031500.WAV,14,0.0,1.0,0.25,BirdNET_GLOBAL_6K_V2.4_Model_FP32.tflite,243B1F02648873F9_20260412_031500_chunk_027.wav,16200,141,144
16344,16347,Columba palumbus,Common Wood-Pigeon,0.4672,243B1F02648873F9_20260412_031500.WAV,14,0.0,1.0,0.25,BirdNET_GLOBAL_6K_V2.4_Model_FP32.tflite,243B1F02648873F9_20260412_031500_chunk_027.wav,16200,144,147
16347,16350,Columba palumbus,Common Wood-Pigeon,0.4047,243B1F02648873F9_20260412_031500.WAV,14,0.0,1.0,0.25,BirdNET_GLOBAL_6K_V2.4_Model_FP32.tflite,243B1F02648873F9_20260412_031500_chunk_027.wav,16200,147,150
16350,16353,Columba palumbus,Common Wood-Pigeon,0.4372,243B1F02648873F9_20260412_031500.WAV,14,0.0,1.0,0.25,BirdNET_GLOBAL_6K_V2.4_Model_FP32.tflite,243B1F02648873F9_20260412_031500_chunk_027.wav,16200,150,153
16353,16356,Columba palumbus,Common Wood-Pigeon,0.7007,243B1F02648873F9_20260412_031500.WAV,14,0.0,1.0,0.25,BirdNET_GLOBAL_6K_V2.4_Model_FP32.tflite,243B1F02648873F9_20260412_031500_chunk_027.wav,16200,153,156
16356,16359,Columba palumbus,Common Wood-Pigeon,0.8975,243B1F02648873F9_20260412_031500.WAV,14,0.0,1.0,0.25,BirdNET_GLOBAL_6K_V2.4_Model_FP32.tflite,243B1F02648873F9_20260412_031500_chunk_027.wav,16200,156,159
16371,16374,Phylloscopus collybita,Common Chiffchaff,0.5539,243B1F02648873F9_20260412_031500.WAV,14,0.0,1.0,0.25,BirdNET_GLOBAL_6K_V2.4_Model_FP32.tflite,243B1F02648873F9_20260412_031500_chunk_027.wav,16200,171,174
16377,16380,Regulus regulus,Goldcrest,0.3373,243B1F02648873F9_20260412_031500.WAV,14,0.0,1.0,0.25,BirdNET_GLOBAL_6K_V2.4_Model_FP32.tflite,243B1F02648873F9_20260412_031500_chunk_027.wav,16200,177,180
16392,16395,Columba palumbus,Common Wood-Pigeon,0.7457,243B1F02648873F9_20260412_031500.WAV,14,0.0,1.0,0.25,BirdNET_GLOBAL_6K_V2.4_Model_FP32.tflite,243B1F02648873F9_20260412_031500_chunk_027.wav,16200,192,195
16395,16398,Columba palumbus,Common Wood-Pigeon,0.9191,243B1F02648873F9_20260412_031500.WAV,14,0.0,1.0,0.25,BirdNET_GLOBAL_6K_V2.4_Model_FP32.tflite,243B1F02648873F9_20260412_031500_chunk_027.wav,16200,195,198
16398,16401,Columba palumbus,Common Wood-Pigeon,0.9309,243B1F02648873F9_20260412_031500.WAV,14,0.0,1.0,0.25,BirdNET_GLOBAL_6K_V2.4_Model_FP32.tflite,243B1F02648873F9_20260412_031500_chunk_027.wav,16200,198,201
16401,16404,Columba palumbus,Common Wood-Pigeon,0.8806,243B1F02648873F9_20260412_031500.WAV,14,0.0,1.0,0.25,BirdNET_GLOBAL_6K_V2.4_Model_FP32.tflite,243B1F02648873F9_20260412_031500_chunk_027.wav,16200,201,204
16404,16407,Phylloscopus collybita,Common Chiffchaff,0.3249,243B1F02648873F9_20260412_031500.WAV,14,0.0,1.0,0.25,BirdNET_GLOBAL_6K_V2.4_Model_FP32.tflite,243B1F02648873F9_20260412_031500_chunk_027.wav,16200,204,207
16413,16416,Phylloscopus collybita,Common Chiffchaff,0.5852,243B1F02648873F9_20260412_031500.WAV,14,0.0,1.0,0.25,BirdNET_GLOBAL_6K_V2.4_Model_FP32.tflite,243B1F02648873F9_20260412_031500_chunk_027.wav,16200,213,216
16425,16428,Phylloscopus collybita,Common Chiffchaff,0.4221,243B1F02648873F9_20260412_031500.WAV,14,0.0,1.0,0.25,BirdNET_GLOBAL_6K_V2.4_Model_FP32.tflite,243B1F02648873F9_20260412_031500_chunk_027.wav,16200,225,228
16437,16440,Phylloscopus collybita,Common Chiffchaff,0.3153,243B1F02648873F9_20260412_031500.WAV,14,0.0,1.0,0.25,BirdNET_GLOBAL_6K_V2.4_Model_FP32.tflite,243B1F02648873F9_20260412_031500_chunk_027.wav,16200,237,240
16446,16449,Phylloscopus collybita,Common Chiffchaff,0.2559,243B1F02648873F9_20260412_031500.WAV,14,0.0,1.0,0.25,BirdNET_GLOBAL_6K_V2.4_Model_FP32.tflite,243B1F02648873F9_20260412_031500_chunk_027.wav,16200,246,249
16464,16467,Phylloscopus collybita,Common Chiffchaff,0.3857,243B1F02648873F9_20260412_031500.WAV,14,0.0,1.0,0.25,BirdNET_GLOBAL_6K_V2.4_Model_FP32.tflite,243B1F02648873F9_20260412_031500_chunk_027.wav,16200,264,267
16473,16476,Phylloscopus collybita,Common Chiffchaff,0.6737,243B1F02648873F9_20260412_031500.WAV,14,0.0,1.0,0.25,BirdNET_GLOBAL_6K_V2.4_Model_FP32.tflite,243B1F02648873F9_20260412_031500_chunk_027.wav,16200,273,276
16476,16479,Phylloscopus collybita,Common Chiffchaff,0.5640,243B1F02648873F9_20260412_031500.WAV,14,0.0,1.0,0.25,BirdNET_GLOBAL_6K_V2.4_Model_FP32.tflite,243B1F02648873F9_20260412_031500_chunk_027.wav,16200,276,279
16488,16491,Phylloscopus collybita,Common Chiffchaff,0.7884,243B1F02648873F9_20260412_031500.WAV,14,0.0,1.0,0.25,BirdNET_GLOBAL_6K_V2.4_Model_FP32.tflite,243B1F02648873F9_20260412_031500_chunk_027.wav,16200,288,291
16491,16494,Phylloscopus collybita,Common Chiffchaff,0.5632,243B1F02648873F9_20260412_031500.WAV,14,0.0,1.0,0.25,BirdNET_GLOBAL_6K_V2.4_Model_FP32.tflite,243B1F02648873F9_20260412_031500_chunk_027.wav,16200,291,294
16506,16509,Phylloscopus collybita,Common Chiffchaff,0.6164,243B1F02648873F9_20260412_031500.WAV,14,0.0,1.0,0.25,BirdNET_GLOBAL_6K_V2.4_Model_FP32.tflite,243B1F02648873F9_20260412_031500_chunk_027.wav,16200,306,309
16509,16512,Fulica atra,Eurasian Coot,0.2845,243B1F02648873F9_20260412_031500.WAV,14,0.0,1.0,0.25,BirdNET_GLOBAL_6K_V2.4_Model_FP32.tflite,243B1F02648873F9_20260412_031500_chunk_027.wav,16200,309,312
16515,16518,Phylloscopus collybita,Common Chiffchaff,0.4448,243B1F02648873F9_20260412_031500.WAV,14,0.0,1.0,0.25,BirdNET_GLOBAL_6K_V2.4_Model_FP32.tflite,243B1F02648873F9_20260412_031500_chunk_027.wav,16200,315,318
16530,16533,Phylloscopus collybita,Common Chiffchaff,0.3069,243B1F02648873F9_20260412_031500.WAV,14,0.0,1.0,0.25,BirdNET_GLOBAL_6K_V2.4_Model_FP32.tflite,243B1F02648873F9_20260412_031500_chunk_027.wav,16200,330,333
16536,16539,Phylloscopus collybita,Common Chiffchaff,0.6896,243B1F02648873F9_20260412_031500.WAV,14,0.0,1.0,0.25,BirdNET_GLOBAL_6K_V2.4_Model_FP32.tflite,243B1F02648873F9_20260412_031500_chunk_027.wav,16200,336,339
16542,16545,Phylloscopus collybita,Common Chiffchaff,0.5757,243B1F02648873F9_20260412_031500.WAV,14,0.0,1.0,0.25,BirdNET_GLOBAL_6K_V2.4_Model_FP32.tflite,243B1F02648873F9_20260412_031500_chunk_027.wav,16200,342,345
16545,16548,Columba palumbus,Common Wood-Pigeon,0.8597,243B1F02648873F9_20260412_031500.WAV,14,0.0,1.0,0.25,BirdNET_GLOBAL_6K_V2.4_Model_FP32.tflite,243B1F02648873F9_20260412_031500_chunk_027.wav,16200,345,348
16551,16554,Columba palumbus,Common Wood-Pigeon,0.6548,243B1F02648873F9_20260412_031500.WAV,14,0.0,1.0,0.25,BirdNET_GLOBAL_6K_V2.4_Model_FP32.tflite,243B1F02648873F9_20260412_031500_chunk_027.wav,16200,351,354
16551,16554,Parus major,Great Tit,0.2656,243B1F02648873F9_20260412_031500.WAV,14,0.0,1.0,0.25,BirdNET_GLOBAL_6K_V2.4_Model_FP32.tflite,243B1F02648873F9_20260412_031500_chunk_027.wav,16200,351,354
16554,16557,Columba palumbus,Common Wood-Pigeon,0.6179,243B1F02648873F9_20260412_031500.WAV,14,0.0,1.0,0.25,BirdNET_GLOBAL_6K_V2.4_Model_FP32.tflite,243B1F02648873F9_20260412_031500_chunk_027.wav,16200,354,357
16557,16560,Phylloscopus collybita,Common Chiffchaff,0.4397,243B1F02648873F9_20260412_031500.WAV,14,0.0,1.0,0.25,BirdNET_GLOBAL_6K_V2.4_Model_FP32.tflite,243B1F02648873F9_20260412_031500_chunk_027.wav,16200,357,360
16566,16569,Phylloscopus collybita,Common Chiffchaff,0.3030,243B1F02648873F9_20260412_031500.WAV,14,0.0,1.0,0.25,BirdNET_GLOBAL_6K_V2.4_Model_FP32.tflite,243B1F02648873F9_20260412_031500_chunk_027.wav,16200,366,369
16572,16575,Parus major,Great Tit,0.9251,243B1F02648873F9_20260412_031500.WAV,14,0.0,1.0,0.25,BirdNET_GLOBAL_6K_V2.4_Model_FP32.tflite,243B1F02648873F9_20260412_031500_chunk_027.wav,16200,372,375
16575,16578,Phylloscopus collybita,Common Chiffchaff,0.4694,243B1F02648873F9_20260412_031500.WAV,14,0.0,1.0,0.25,BirdNET_GLOBAL_6K_V2.4_Model_FP32.tflite,243B1F02648873F9_20260412_031500_chunk_027.wav,16200,375,378
16578,16581,Parus major,Great Tit,0.9574,243B1F02648873F9_20260412_031500.WAV,14,0.0,1.0,0.25,BirdNET_GLOBAL_6K_V2.4_Model_FP32.tflite,243B1F02648873F9_20260412_031500_chunk_027.wav,16200,378,381
16584,16587,Parus major,Great Tit,0.9476,243B1F02648873F9_20260412_031500.WAV,14,0.0,1.0,0.25,BirdNET_GLOBAL_6K_V2.4_Model_FP32.tflite,243B1F02648873F9_20260412_031500_chunk_027.wav,16200,384,387
16596,16599,Parus major,Great Tit,0.9337,243B1F02648873F9_20260412_031500.WAV,14,0.0,1.0,0.25,BirdNET_GLOBAL_6K_V2.4_Model_FP32.tflite,243B1F02648873F9_20260412_031500_chunk_027.wav,16200,396,399
16656,16659,Larus argentatus,Herring Gull,0.5333,243B1F02648873F9_20260412_031500.WAV,14,0.0,1.0,0.25,BirdNET_GLOBAL_6K_V2.4_Model_FP32.tflite,243B1F02648873F9_20260412_031500_chunk_027.wav,16200,456,459
16662,16665,Cyanistes caeruleus,Eurasian Blue Tit,0.5843,243B1F02648873F9_20260412_031500.WAV,14,0.0,1.0,0.25,BirdNET_GLOBAL_6K_V2.4_Model_FP32.tflite,243B1F02648873F9_20260412_031500_chunk_027.wav,16200,462,465
16665,16668,Troglodytes troglodytes,Eurasian Wren,0.9652,243B1F02648873F9_20260412_031500.WAV,14,0.0,1.0,0.25,BirdNET_GLOBAL_6K_V2.4_Model_FP32.tflite,243B1F02648873F9_20260412_031500_chunk_027.wav,16200,465,468
16695,16698,Troglodytes troglodytes,Eurasian Wren,0.9937,243B1F02648873F9_20260412_031500.WAV,14,0.0,1.0,0.25,BirdNET_GLOBAL_6K_V2.4_Model_FP32.tflite,243B1F02648873F9_20260412_031500_chunk_027.wav,16200,495,498
16698,16701,Troglodytes troglodytes,Eurasian Wren,0.6561,243B1F02648873F9_20260412_031500.WAV,14,0.0,1.0,0.25,BirdNET_GLOBAL_6K_V2.4_Model_FP32.tflite,243B1F02648873F9_20260412_031500_chunk_027.wav,16200,498,501
16701,16704,Troglodytes troglodytes,Eurasian Wren,0.8786,243B1F02648873F9_20260412_031500.WAV,14,0.0,1.0,0.25,BirdNET_GLOBAL_6K_V2.4_Model_FP32.tflite,243B1F02648873F9_20260412_031500_chunk_027.wav,16200,501,504
16704,16707,Troglodytes troglodytes,Eurasian Wren,0.9874,243B1F02648873F9_20260412_031500.WAV,14,0.0,1.0,0.25,BirdNET_GLOBAL_6K_V2.4_Model_FP32.tflite,243B1F02648873F9_20260412_031500_chunk_027.wav,16200,504,507
16707,16710,Troglodytes troglodytes,Eurasian Wren,0.9145,243B1F02648873F9_20260412_031500.WAV,14,0.0,1.0,0.25,BirdNET_GLOBAL_6K_V2.4_Model_FP32.tflite,243B1F02648873F9_20260412_031500_chunk_027.wav,16200,507,510
16710,16713,Troglodytes troglodytes,Eurasian Wren,0.7301,243B1F02648873F9_20260412_031500.WAV,14,0.0,1.0,0.25,BirdNET_GLOBAL_6K_V2.4_Model_FP32.tflite,243B1F02648873F9_20260412_031500_chunk_027.wav,16200,510,513
16713,16716,Troglodytes troglodytes,Eurasian Wren,0.9823,243B1F02648873F9_20260412_031500.WAV,14,0.0,1.0,0.25,BirdNET_GLOBAL_6K_V2.4_Model_FP32.tflite,243B1F02648873F9_20260412_031500_chunk_027.wav,16200,513,516
16716,16719,Troglodytes troglodytes,Eurasian Wren,0.7069,243B1F02648873F9_20260412_031500.WAV,14,0.0,1.0,0.25,BirdNET_GLOBAL_6K_V2.4_Model_FP32.tflite,243B1F02648873F9_20260412_031500_chunk_027.wav,16200,516,519
16755,16758,Troglodytes troglodytes,Eurasian Wren,0.7671,243B1F02648873F9_20260412_031500.WAV,14,0.0,1.0,0.25,BirdNET_GLOBAL_6K_V2.4_Model_FP32.tflite,243B1F02648873F9_20260412_031500_chunk_027.wav,16200,555,558
16758,16761,Cyanistes caeruleus,Eurasian Blue Tit,0.6896,243B1F02648873F9_20260412_031500.WAV,14,0.0,1.0,0.25,BirdNET_GLOBAL_6K_V2.4_Model_FP32.tflite,243B1F02648873F9_20260412_031500_chunk_027.wav,16200,558,561
16764,16767,Troglodytes troglodytes,Eurasian Wren,0.9888,243B1F02648873F9_20260412_031500.WAV,14,0.0,1.0,0.25,BirdNET_GLOBAL_6K_V2.4_Model_FP32.tflite,243B1F02648873F9_20260412_031500_chunk_027.wav,16200,564,567
16782,16785,Cyanistes caeruleus,Eurasian Blue Tit,0.3380,243B1F02648873F9_20260412_031500.WAV,14,0.0,1.0,0.25,BirdNET_GLOBAL_6K_V2.4_Model_FP32.tflite,243B1F02648873F9_20260412_031500_chunk_027.wav,16200,582,585
16818,16821,Parus major,Great Tit,0.9392,243B1F02648873F9_20260412_031500.WAV,14,0.0,1.0,0.25,BirdNET_GLOBAL_6K_V2.4_Model_FP32.tflite,243B1F02648873F9_20260412_031500_chunk_028.wav,16800,18,21
16821,16824,Parus major,Great Tit,0.9418,243B1F02648873F9_20260412_031500.WAV,14,0.0,1.0,0.25,BirdNET_GLOBAL_6K_V2.4_Model_FP32.tflite,243B1F02648873F9_20260412_031500_chunk_028.wav,16800,21,24
16851,16854,Columba palumbus,Common Wood-Pigeon,0.3255,243B1F02648873F9_20260412_031500.WAV,14,0.0,1.0,0.25,BirdNET_GLOBAL_6K_V2.4_Model_FP32.tflite,243B1F02648873F9_20260412_031500_chunk_028.wav,16800,51,54
16854,16857,Columba palumbus,Common Wood-Pigeon,0.8432,243B1F02648873F9_20260412_031500.WAV,14,0.0,1.0,0.25,BirdNET_GLOBAL_6K_V2.4_Model_FP32.tflite,243B1F02648873F9_20260412_031500_chunk_028.wav,16800,54,57
16857,16860,Columba palumbus,Common Wood-Pigeon,0.5731,243B1F02648873F9_20260412_031500.WAV,14,0.0,1.0,0.25,BirdNET_GLOBAL_6K_V2.4_Model_FP32.tflite,243B1F02648873F9_20260412_031500_chunk_028.wav,16800,57,60
16866,16869,Turdus iliacus,Redwing,0.6628,243B1F02648873F9_20260412_031500.WAV,14,0.0,1.0,0.25,BirdNET_GLOBAL_6K_V2.4_Model_FP32.tflite,243B1F02648873F9_20260412_031500_chunk_028.wav,16800,66,69
16866,16869,Erithacus rubecula,European Robin,0.2785,243B1F02648873F9_20260412_031500.WAV,14,0.0,1.0,0.25,BirdNET_GLOBAL_6K_V2.4_Model_FP32.tflite,243B1F02648873F9_20260412_031500_chunk_028.wav,16800,66,69
16893,16896,Certhia familiaris,Eurasian Treecreeper,0.2980,243B1F02648873F9_20260412_031500.WAV,14,0.0,1.0,0.25,BirdNET_GLOBAL_6K_V2.4_Model_FP32.tflite,243B1F02648873F9_20260412_031500_chunk_028.wav,16800,93,96
16935,16938,Turdus iliacus,Redwing,0.3054,243B1F02648873F9_20260412_031500.WAV,14,0.0,1.0,0.25,BirdNET_GLOBAL_6K_V2.4_Model_FP32.tflite,243B1F02648873F9_20260412_031500_chunk_028.wav,16800,135,138
16965,16968,Certhia familiaris,Eurasian Treecreeper,0.2921,243B1F02648873F9_20260412_031500.WAV,14,0.0,1.0,0.25,BirdNET_GLOBAL_6K_V2.4_Model_FP32.tflite,243B1F02648873F9_20260412_031500_chunk_028.wav,16800,165,168
16974,16977,Certhia familiaris,Eurasian Treecreeper,0.2571,243B1F02648873F9_20260412_031500.WAV,14,0.0,1.0,0.25,BirdNET_GLOBAL_6K_V2.4_Model_FP32.tflite,243B1F02648873F9_20260412_031500_chunk_028.wav,16800,174,177
16989,16992,Columba palumbus,Common Wood-Pigeon,0.2637,243B1F02648873F9_20260412_031500.WAV,14,0.0,1.0,0.25,BirdNET_GLOBAL_6K_V2.4_Model_FP32.tflite,243B1F02648873F9_20260412_031500_chunk_028.wav,16800,189,192
16992,16995,Columba palumbus,Common Wood-Pigeon,0.2717,243B1F02648873F9_20260412_031500.WAV,14,0.0,1.0,0.25,BirdNET_GLOBAL_6K_V2.4_Model_FP32.tflite,243B1F02648873F9_20260412_031500_chunk_028.wav,16800,192,195
17010,17013,Parus major,Great Tit,0.2942,243B1F02648873F9_20260412_031500.WAV,14,0.0,1.0,0.25,BirdNET_GLOBAL_6K_V2.4_Model_FP32.tflite,243B1F02648873F9_20260412_031500_chunk_028.wav,16800,210,213
17016,17019,Phylloscopus collybita,Common Chiffchaff,0.3402,243B1F02648873F9_20260412_031500.WAV,14,0.0,1.0,0.25,BirdNET_GLOBAL_6K_V2.4_Model_FP32.tflite,243B1F02648873F9_20260412_031500_chunk_028.wav,16800,216,219
17034,17037,Columba oenas,Stock Dove,0.2869,243B1F02648873F9_20260412_031500.WAV,14,0.0,1.0,0.25,BirdNET_GLOBAL_6K_V2.4_Model_FP32.tflite,243B1F02648873F9_20260412_031500_chunk_028.wav,16800,234,237
17037,17040,Columba palumbus,Common Wood-Pigeon,0.5332,243B1F02648873F9_20260412_031500.WAV,14,0.0,1.0,0.25,BirdNET_GLOBAL_6K_V2.4_Model_FP32.tflite,243B1F02648873F9_20260412_031500_chunk_028.wav,16800,237,240
17037,17040,Phylloscopus collybita,Common Chiffchaff,0.2817,243B1F02648873F9_20260412_031500.WAV,14,0.0,1.0,0.25,BirdNET_GLOBAL_6K_V2.4_Model_FP32.tflite,243B1F02648873F9_20260412_031500_chunk_028.wav,16800,237,240
17037,17040,Columba oenas,Stock Dove,0.2643,243B1F02648873F9_20260412_031500.WAV,14,0.0,1.0,0.25,BirdNET_GLOBAL_6K_V2.4_Model_FP32.tflite,243B1F02648873F9_20260412_031500_chunk_028.wav,16800,237,240
17040,17043,Phylloscopus collybita,Common Chiffchaff,0.6571,243B1F02648873F9_20260412_031500.WAV,14,0.0,1.0,0.25,BirdNET_GLOBAL_6K_V2.4_Model_FP32.tflite,243B1F02648873F9_20260412_031500_chunk_028.wav,16800,240,243
17052,17055,Phylloscopus collybita,Common Chiffchaff,0.8450,243B1F02648873F9_20260412_031500.WAV,14,0.0,1.0,0.25,BirdNET_GLOBAL_6K_V2.4_Model_FP32.tflite,243B1F02648873F9_20260412_031500_chunk_028.wav,16800,252,255
17064,17067,Phylloscopus collybita,Common Chiffchaff,0.7129,243B1F02648873F9_20260412_031500.WAV,14,0.0,1.0,0.25,BirdNET_GLOBAL_6K_V2.4_Model_FP32.tflite,243B1F02648873F9_20260412_031500_chunk_028.wav,16800,264,267
17070,17073,Columba palumbus,Common Wood-Pigeon,0.6501,243B1F02648873F9_20260412_031500.WAV,14,0.0,1.0,0.25,BirdNET_GLOBAL_6K_V2.4_Model_FP32.tflite,243B1F02648873F9_20260412_031500_chunk_028.wav,16800,270,273
17070,17073,Streptopelia decaocto,Eurasian Collared-Dove,0.3955,243B1F02648873F9_20260412_031500.WAV,14,0.0,1.0,0.25,BirdNET_GLOBAL_6K_V2.4_Model_FP32.tflite,243B1F02648873F9_20260412_031500_chunk_028.wav,16800,270,273
17073,17076,Columba palumbus,Common Wood-Pigeon,0.3275,243B1F02648873F9_20260412_031500.WAV,14,0.0,1.0,0.25,BirdNET_GLOBAL_6K_V2.4_Model_FP32.tflite,243B1F02648873F9_20260412_031500_chunk_028.wav,16800,273,276
17076,17079,Columba palumbus,Common Wood-Pigeon,0.9500,243B1F02648873F9_20260412_031500.WAV,14,0.0,1.0,0.25,BirdNET_GLOBAL_6K_V2.4_Model_FP32.tflite,243B1F02648873F9_20260412_031500_chunk_028.wav,16800,276,279
17079,17082,Columba palumbus,Common Wood-Pigeon,0.5804,243B1F02648873F9_20260412_031500.WAV,14,0.0,1.0,0.25,BirdNET_GLOBAL_6K_V2.4_Model_FP32.tflite,243B1F02648873F9_20260412_031500_chunk_028.wav,16800,279,282
17082,17085,Columba palumbus,Common Wood-Pigeon,0.8136,243B1F02648873F9_20260412_031500.WAV,14,0.0,1.0,0.25,BirdNET_GLOBAL_6K_V2.4_Model_FP32.tflite,243B1F02648873F9_20260412_031500_chunk_028.wav,16800,282,285
17085,17088,Columba palumbus,Common Wood-Pigeon,0.8734,243B1F02648873F9_20260412_031500.WAV,14,0.0,1.0,0.25,BirdNET_GLOBAL_6K_V2.4_Model_FP32.tflite,243B1F02648873F9_20260412_031500_chunk_028.wav,16800,285,288
17088,17091,Columba palumbus,Common Wood-Pigeon,0.6390,243B1F02648873F9_20260412_031500.WAV,14,0.0,1.0,0.25,BirdNET_GLOBAL_6K_V2.4_Model_FP32.tflite,243B1F02648873F9_20260412_031500_chunk_028.wav,16800,288,291
17115,17118,Cyanistes caeruleus,Eurasian Blue Tit,0.3029,243B1F02648873F9_20260412_031500.WAV,14,0.0,1.0,0.25,BirdNET_GLOBAL_6K_V2.4_Model_FP32.tflite,243B1F02648873F9_20260412_031500_chunk_028.wav,16800,315,318
17145,17148,Larus fuscus,Lesser Black-backed Gull,0.2798,243B1F02648873F9_20260412_031500.WAV,14,0.0,1.0,0.25,BirdNET_GLOBAL_6K_V2.4_Model_FP32.tflite,243B1F02648873F9_20260412_031500_chunk_028.wav,16800,345,348
17148,17151,Larus argentatus,Herring Gull,0.4207,243B1F02648873F9_20260412_031500.WAV,14,0.0,1.0,0.25,BirdNET_GLOBAL_6K_V2.4_Model_FP32.tflite,243B1F02648873F9_20260412_031500_chunk_028.wav,16800,348,351
17148,17151,Larus fuscus,Lesser Black-backed Gull,0.3070,243B1F02648873F9_20260412_031500.WAV,14,0.0,1.0,0.25,BirdNET_GLOBAL_6K_V2.4_Model_FP32.tflite,243B1F02648873F9_20260412_031500_chunk_028.wav,16800,348,351
17151,17154,Larus fuscus,Lesser Black-backed Gull,0.3213,243B1F02648873F9_20260412_031500.WAV,14,0.0,1.0,0.25,BirdNET_GLOBAL_6K_V2.4_Model_FP32.tflite,243B1F02648873F9_20260412_031500_chunk_028.wav,16800,351,354
17154,17157,Larus fuscus,Lesser Black-backed Gull,0.6343,243B1F02648873F9_20260412_031500.WAV,14,0.0,1.0,0.25,BirdNET_GLOBAL_6K_V2.4_Model_FP32.tflite,243B1F02648873F9_20260412_031500_chunk_028.wav,16800,354,357
17160,17163,Larus argentatus,Herring Gull,0.2883,243B1F02648873F9_20260412_031500.WAV,14,0.0,1.0,0.25,BirdNET_GLOBAL_6K_V2.4_Model_FP32.tflite,243B1F02648873F9_20260412_031500_chunk_028.wav,16800,360,363
17169,17172,Phylloscopus collybita,Common Chiffchaff,0.4160,243B1F02648873F9_20260412_031500.WAV,14,0.0,1.0,0.25,BirdNET_GLOBAL_6K_V2.4_Model_FP32.tflite,243B1F02648873F9_20260412_031500_chunk_028.wav,16800,369,372
17178,17181,Larus argentatus,Herring Gull,0.6106,243B1F02648873F9_20260412_031500.WAV,14,0.0,1.0,0.25,BirdNET_GLOBAL_6K_V2.4_Model_FP32.tflite,243B1F02648873F9_20260412_031500_chunk_028.wav,16800,378,381
17181,17184,Larus argentatus,Herring Gull,0.8965,243B1F02648873F9_20260412_031500.WAV,14,0.0,1.0,0.25,BirdNET_GLOBAL_6K_V2.4_Model_FP32.tflite,243B1F02648873F9_20260412_031500_chunk_028.wav,16800,381,384
17196,17199,Phylloscopus collybita,Common Chiffchaff,0.6640,243B1F02648873F9_20260412_031500.WAV,14,0.0,1.0,0.25,BirdNET_GLOBAL_6K_V2.4_Model_FP32.tflite,243B1F02648873F9_20260412_031500_chunk_028.wav,16800,396,399
17223,17226,Larus argentatus,Herring Gull,0.2862,243B1F02648873F9_20260412_031500.WAV,14,0.0,1.0,0.25,BirdNET_GLOBAL_6K_V2.4_Model_FP32.tflite,243B1F02648873F9_20260412_031500_chunk_028.wav,16800,423,426
17229,17232,Larus argentatus,Herring Gull,0.4096,243B1F02648873F9_20260412_031500.WAV,14,0.0,1.0,0.25,BirdNET_GLOBAL_6K_V2.4_Model_FP32.tflite,243B1F02648873F9_20260412_031500_chunk_028.wav,16800,429,432
17229,17232,Phylloscopus collybita,Common Chiffchaff,0.3725,243B1F02648873F9_20260412_031500.WAV,14,0.0,1.0,0.25,BirdNET_GLOBAL_6K_V2.4_Model_FP32.tflite,243B1F02648873F9_20260412_031500_chunk_028.wav,16800,429,432
17232,17235,Larus argentatus,Herring Gull,0.6281,243B1F02648873F9_20260412_031500.WAV,14,0.0,1.0,0.25,BirdNET_GLOBAL_6K_V2.4_Model_FP32.tflite,243B1F02648873F9_20260412_031500_chunk_028.wav,16800,432,435
17235,17238,Larus argentatus,Herring Gull,0.8100,243B1F02648873F9_20260412_031500.WAV,14,0.0,1.0,0.25,BirdNET_GLOBAL_6K_V2.4_Model_FP32.tflite,243B1F02648873F9_20260412_031500_chunk_028.wav,16800,435,438
17238,17241,Phylloscopus collybita,Common Chiffchaff,0.6688,243B1F02648873F9_20260412_031500.WAV,14,0.0,1.0,0.25,BirdNET_GLOBAL_6K_V2.4_Model_FP32.tflite,243B1F02648873F9_20260412_031500_chunk_028.wav,16800,438,441
17238,17241,Larus argentatus,Herring Gull,0.5953,243B1F02648873F9_20260412_031500.WAV,14,0.0,1.0,0.25,BirdNET_GLOBAL_6K_V2.4_Model_FP32.tflite,243B1F02648873F9_20260412_031500_chunk_028.wav,16800,438,441
17241,17244,Larus argentatus,Herring Gull,0.6182,243B1F02648873F9_20260412_031500.WAV,14,0.0,1.0,0.25,BirdNET_GLOBAL_6K_V2.4_Model_FP32.tflite,243B1F02648873F9_20260412_031500_chunk_028.wav,16800,441,444
17244,17247,Larus argentatus,Herring Gull,0.8033,243B1F02648873F9_20260412_031500.WAV,14,0.0,1.0,0.25,BirdNET_GLOBAL_6K_V2.4_Model_FP32.tflite,243B1F02648873F9_20260412_031500_chunk_028.wav,16800,444,447
17247,17250,Larus argentatus,Herring Gull,0.7351,243B1F02648873F9_20260412_031500.WAV,14,0.0,1.0,0.25,BirdNET_GLOBAL_6K_V2.4_Model_FP32.tflite,243B1F02648873F9_20260412_031500_chunk_028.wav,16800,447,450
17250,17253,Larus argentatus,Herring Gull,0.8041,243B1F02648873F9_20260412_031500.WAV,14,0.0,1.0,0.25,BirdNET_GLOBAL_6K_V2.4_Model_FP32.tflite,243B1F02648873F9_20260412_031500_chunk_028.wav,16800,450,453
17253,17256,Larus argentatus,Herring Gull,0.5576,243B1F02648873F9_20260412_031500.WAV,14,0.0,1.0,0.25,BirdNET_GLOBAL_6K_V2.4_Model_FP32.tflite,243B1F02648873F9_20260412_031500_chunk_028.wav,16800,453,456
17253,17256,Certhia familiaris,Eurasian Treecreeper,0.2889,243B1F02648873F9_20260412_031500.WAV,14,0.0,1.0,0.25,BirdNET_GLOBAL_6K_V2.4_Model_FP32.tflite,243B1F02648873F9_20260412_031500_chunk_028.wav,16800,453,456
17256,17259,Larus argentatus,Herring Gull,0.4830,243B1F02648873F9_20260412_031500.WAV,14,0.0,1.0,0.25,BirdNET_GLOBAL_6K_V2.4_Model_FP32.tflite,243B1F02648873F9_20260412_031500_chunk_028.wav,16800,456,459
17259,17262,Larus argentatus,Herring Gull,0.8472,243B1F02648873F9_20260412_031500.WAV,14,0.0,1.0,0.25,BirdNET_GLOBAL_6K_V2.4_Model_FP32.tflite,243B1F02648873F9_20260412_031500_chunk_028.wav,16800,459,462
17265,17268,Phylloscopus collybita,Common Chiffchaff,0.2639,243B1F02648873F9_20260412_031500.WAV,14,0.0,1.0,0.25,BirdNET_GLOBAL_6K_V2.4_Model_FP32.tflite,243B1F02648873F9_20260412_031500_chunk_028.wav,16800,465,468
17277,17280,Pyrrhula pyrrhula,Eurasian Bullfinch,0.3941,243B1F02648873F9_20260412_031500.WAV,14,0.0,1.0,0.25,BirdNET_GLOBAL_6K_V2.4_Model_FP32.tflite,243B1F02648873F9_20260412_031500_chunk_028.wav,16800,477,480
17280,17283,Cyanistes caeruleus,Eurasian Blue Tit,0.4567,243B1F02648873F9_20260412_031500.WAV,14,0.0,1.0,0.25,BirdNET_GLOBAL_6K_V2.4_Model_FP32.tflite,243B1F02648873F9_20260412_031500_chunk_028.wav,16800,480,483
17289,17292,Cyanistes caeruleus,Eurasian Blue Tit,0.6775,243B1F02648873F9_20260412_031500.WAV,14,0.0,1.0,0.25,BirdNET_GLOBAL_6K_V2.4_Model_FP32.tflite,243B1F02648873F9_20260412_031500_chunk_028.wav,16800,489,492
17289,17292,Columba palumbus,Common Wood-Pigeon,0.3044,243B1F02648873F9_20260412_031500.WAV,14,0.0,1.0,0.25,BirdNET_GLOBAL_6K_V2.4_Model_FP32.tflite,243B1F02648873F9_20260412_031500_chunk_028.wav,16800,489,492
17292,17295,Cyanistes caeruleus,Eurasian Blue Tit,0.5073,243B1F02648873F9_20260412_031500.WAV,14,0.0,1.0,0.25,BirdNET_GLOBAL_6K_V2.4_Model_FP32.tflite,243B1F02648873F9_20260412_031500_chunk_028.wav,16800,492,495
17295,17298,Cyanistes caeruleus,Eurasian Blue Tit,0.5265,243B1F02648873F9_20260412_031500.WAV,14,0.0,1.0,0.25,BirdNET_GLOBAL_6K_V2.4_Model_FP32.tflite,243B1F02648873F9_20260412_031500_chunk_028.wav,16800,495,498
17304,17307,Phylloscopus collybita,Common Chiffchaff,0.4935,243B1F02648873F9_20260412_031500.WAV,14,0.0,1.0,0.25,BirdNET_GLOBAL_6K_V2.4_Model_FP32.tflite,243B1F02648873F9_20260412_031500_chunk_028.wav,16800,504,507
17310,17313,Certhia familiaris,Eurasian Treecreeper,0.6115,243B1F02648873F9_20260412_031500.WAV,14,0.0,1.0,0.25,BirdNET_GLOBAL_6K_V2.4_Model_FP32.tflite,243B1F02648873F9_20260412_031500_chunk_028.wav,16800,510,513
17319,17322,Cyanistes caeruleus,Eurasian Blue Tit,0.8739,243B1F02648873F9_20260412_031500.WAV,14,0.0,1.0,0.25,BirdNET_GLOBAL_6K_V2.4_Model_FP32.tflite,243B1F02648873F9_20260412_031500_chunk_028.wav,16800,519,522
17328,17331,Cyanistes caeruleus,Eurasian Blue Tit,0.5834,243B1F02648873F9_20260412_031500.WAV,14,0.0,1.0,0.25,BirdNET_GLOBAL_6K_V2.4_Model_FP32.tflite,243B1F02648873F9_20260412_031500_chunk_028.wav,16800,528,531
17328,17331,Columba oenas,Stock Dove,0.3731,243B1F02648873F9_20260412_031500.WAV,14,0.0,1.0,0.25,BirdNET_GLOBAL_6K_V2.4_Model_FP32.tflite,243B1F02648873F9_20260412_031500_chunk_028.wav,16800,528,531
17334,17337,Phylloscopus collybita,Common Chiffchaff,0.5525,243B1F02648873F9_20260412_031500.WAV,14,0.0,1.0,0.25,BirdNET_GLOBAL_6K_V2.4_Model_FP32.tflite,243B1F02648873F9_20260412_031500_chunk_028.wav,16800,534,537
17346,17349,Cyanistes caeruleus,Eurasian Blue Tit,0.7209,243B1F02648873F9_20260412_031500.WAV,14,0.0,1.0,0.25,BirdNET_GLOBAL_6K_V2.4_Model_FP32.tflite,243B1F02648873F9_20260412_031500_chunk_028.wav,16800,546,549
17349,17352,Phylloscopus collybita,Common Chiffchaff,0.2535,243B1F02648873F9_20260412_031500.WAV,14,0.0,1.0,0.25,BirdNET_GLOBAL_6K_V2.4_Model_FP32.tflite,243B1F02648873F9_20260412_031500_chunk_028.wav,16800,549,552
17358,17361,Troglodytes troglodytes,Eurasian Wren,0.2501,243B1F02648873F9_20260412_031500.WAV,14,0.0,1.0,0.25,BirdNET_GLOBAL_6K_V2.4_Model_FP32.tflite,243B1F02648873F9_20260412_031500_chunk_028.wav,16800,558,561
17373,17376,Phylloscopus collybita,Common Chiffchaff,0.3310,243B1F02648873F9_20260412_031500.WAV,14,0.0,1.0,0.25,BirdNET_GLOBAL_6K_V2.4_Model_FP32.tflite,243B1F02648873F9_20260412_031500_chunk_028.wav,16800,573,576
17382,17385,Cyanistes caeruleus,Eurasian Blue Tit,0.3814,243B1F02648873F9_20260412_031500.WAV,14,0.0,1.0,0.25,BirdNET_GLOBAL_6K_V2.4_Model_FP32.tflite,243B1F02648873F9_20260412_031500_chunk_028.wav,16800,582,585
17385,17388,Cyanistes caeruleus,Eurasian Blue Tit,0.3040,243B1F02648873F9_20260412_031500.WAV,14,0.0,1.0,0.25,BirdNET_GLOBAL_6K_V2.4_Model_FP32.tflite,243B1F02648873F9_20260412_031500_chunk_028.wav,16800,585,588
17391,17394,Cyanistes caeruleus,Eurasian Blue Tit,0.7060,243B1F02648873F9_20260412_031500.WAV,14,0.0,1.0,0.25,BirdNET_GLOBAL_6K_V2.4_Model_FP32.tflite,243B1F02648873F9_20260412_031500_chunk_028.wav,16800,591,594
17391,17394,Columba palumbus,Common Wood-Pigeon,0.2641,243B1F02648873F9_20260412_031500.WAV,14,0.0,1.0,0.25,BirdNET_GLOBAL_6K_V2.4_Model_FP32.tflite,243B1F02648873F9_20260412_031500_chunk_028.wav,16800,591,594
17394,17397,Phylloscopus collybita,Common Chiffchaff,0.6713,243B1F02648873F9_20260412_031500.WAV,14,0.0,1.0,0.25,BirdNET_GLOBAL_6K_V2.4_Model_FP32.tflite,243B1F02648873F9_20260412_031500_chunk_028.wav,16800,594,597
17397,17400,Troglodytes troglodytes,Eurasian Wren,0.6970,243B1F02648873F9_20260412_031500.WAV,14,0.0,1.0,0.25,BirdNET_GLOBAL_6K_V2.4_Model_FP32.tflite,243B1F02648873F9_20260412_031500_chunk_028.wav,16800,597,600
17400,17403,Cyanistes caeruleus,Eurasian Blue Tit,0.8694,243B1F02648873F9_20260412_031500.WAV,14,0.0,1.0,0.25,BirdNET_GLOBAL_6K_V2.4_Model_FP32.tflite,243B1F02648873F9_20260412_031500_chunk_029.wav,17400,0,3
17415,17418,Parus major,Great Tit,0.4106,243B1F02648873F9_20260412_031500.WAV,14,0.0,1.0,0.25,BirdNET_GLOBAL_6K_V2.4_Model_FP32.tflite,243B1F02648873F9_20260412_031500_chunk_029.wav,17400,15,18
17433,17436,Columba palumbus,Common Wood-Pigeon,0.5395,243B1F02648873F9_20260412_031500.WAV,14,0.0,1.0,0.25,BirdNET_GLOBAL_6K_V2.4_Model_FP32.tflite,243B1F02648873F9_20260412_031500_chunk_029.wav,17400,33,36
17436,17439,Columba palumbus,Common Wood-Pigeon,0.5230,243B1F02648873F9_20260412_031500.WAV,14,0.0,1.0,0.25,BirdNET_GLOBAL_6K_V2.4_Model_FP32.tflite,243B1F02648873F9_20260412_031500_chunk_029.wav,17400,36,39
17439,17442,Columba palumbus,Common Wood-Pigeon,0.9476,243B1F02648873F9_20260412_031500.WAV,14,0.0,1.0,0.25,BirdNET_GLOBAL_6K_V2.4_Model_FP32.tflite,243B1F02648873F9_20260412_031500_chunk_029.wav,17400,39,42
17442,17445,Columba palumbus,Common Wood-Pigeon,0.6850,243B1F02648873F9_20260412_031500.WAV,14,0.0,1.0,0.25,BirdNET_GLOBAL_6K_V2.4_Model_FP32.tflite,243B1F02648873F9_20260412_031500_chunk_029.wav,17400,42,45
17445,17448,Phylloscopus collybita,Common Chiffchaff,0.4766,243B1F02648873F9_20260412_031500.WAV,14,0.0,1.0,0.25,BirdNET_GLOBAL_6K_V2.4_Model_FP32.tflite,243B1F02648873F9_20260412_031500_chunk_029.wav,17400,45,48
17454,17457,Cyanistes caeruleus,Eurasian Blue Tit,0.5559,243B1F02648873F9_20260412_031500.WAV,14,0.0,1.0,0.25,BirdNET_GLOBAL_6K_V2.4_Model_FP32.tflite,243B1F02648873F9_20260412_031500_chunk_029.wav,17400,54,57
17511,17514,Certhia familiaris,Eurasian Treecreeper,0.7705,243B1F02648873F9_20260412_031500.WAV,14,0.0,1.0,0.25,BirdNET_GLOBAL_6K_V2.4_Model_FP32.tflite,243B1F02648873F9_20260412_031500_chunk_029.wav,17400,111,114
17514,17517,Certhia familiaris,Eurasian Treecreeper,0.4954,243B1F02648873F9_20260412_031500.WAV,14,0.0,1.0,0.25,BirdNET_GLOBAL_6K_V2.4_Model_FP32.tflite,243B1F02648873F9_20260412_031500_chunk_029.wav,17400,114,117
17520,17523,Certhia familiaris,Eurasian Treecreeper,0.9048,243B1F02648873F9_20260412_031500.WAV,14,0.0,1.0,0.25,BirdNET_GLOBAL_6K_V2.4_Model_FP32.tflite,243B1F02648873F9_20260412_031500_chunk_029.wav,17400,120,123
17529,17532,Certhia familiaris,Eurasian Treecreeper,0.6259,243B1F02648873F9_20260412_031500.WAV,14,0.0,1.0,0.25,BirdNET_GLOBAL_6K_V2.4_Model_FP32.tflite,243B1F02648873F9_20260412_031500_chunk_029.wav,17400,129,132
17529,17532,Turdus iliacus,Redwing,0.3322,243B1F02648873F9_20260412_031500.WAV,14,0.0,1.0,0.25,BirdNET_GLOBAL_6K_V2.4_Model_FP32.tflite,243B1F02648873F9_20260412_031500_chunk_029.wav,17400,129,132
17532,17535,Certhia familiaris,Eurasian Treecreeper,0.3216,243B1F02648873F9_20260412_031500.WAV,14,0.0,1.0,0.25,BirdNET_GLOBAL_6K_V2.4_Model_FP32.tflite,243B1F02648873F9_20260412_031500_chunk_029.wav,17400,132,135
17538,17541,Troglodytes troglodytes,Eurasian Wren,0.4139,243B1F02648873F9_20260412_031500.WAV,14,0.0,1.0,0.25,BirdNET_GLOBAL_6K_V2.4_Model_FP32.tflite,243B1F02648873F9_20260412_031500_chunk_029.wav,17400,138,141
17544,17547,Certhia familiaris,Eurasian Treecreeper,0.3513,243B1F02648873F9_20260412_031500.WAV,14,0.0,1.0,0.25,BirdNET_GLOBAL_6K_V2.4_Model_FP32.tflite,243B1F02648873F9_20260412_031500_chunk_029.wav,17400,144,147
17547,17550,Certhia familiaris,Eurasian Treecreeper,0.4081,243B1F02648873F9_20260412_031500.WAV,14,0.0,1.0,0.25,BirdNET_GLOBAL_6K_V2.4_Model_FP32.tflite,243B1F02648873F9_20260412_031500_chunk_029.wav,17400,147,150
17559,17562,Phylloscopus collybita,Common Chiffchaff,0.6943,243B1F02648873F9_20260412_031500.WAV,14,0.0,1.0,0.25,BirdNET_GLOBAL_6K_V2.4_Model_FP32.tflite,243B1F02648873F9_20260412_031500_chunk_029.wav,17400,159,162
17559,17562,Certhia familiaris,Eurasian Treecreeper,0.3912,243B1F02648873F9_20260412_031500.WAV,14,0.0,1.0,0.25,BirdNET_GLOBAL_6K_V2.4_Model_FP32.tflite,243B1F02648873F9_20260412_031500_chunk_029.wav,17400,159,162
17565,17568,Certhia familiaris,Eurasian Treecreeper,0.4437,243B1F02648873F9_20260412_031500.WAV,14,0.0,1.0,0.25,BirdNET_GLOBAL_6K_V2.4_Model_FP32.tflite,243B1F02648873F9_20260412_031500_chunk_029.wav,17400,165,168
17568,17571,Troglodytes troglodytes,Eurasian Wren,0.6368,243B1F02648873F9_20260412_031500.WAV,14,0.0,1.0,0.25,BirdNET_GLOBAL_6K_V2.4_Model_FP32.tflite,243B1F02648873F9_20260412_031500_chunk_029.wav,17400,168,171
17571,17574,Certhia familiaris,Eurasian Treecreeper,0.4866,243B1F02648873F9_20260412_031500.WAV,14,0.0,1.0,0.25,BirdNET_GLOBAL_6K_V2.4_Model_FP32.tflite,243B1F02648873F9_20260412_031500_chunk_029.wav,17400,171,174
17577,17580,Certhia familiaris,Eurasian Treecreeper,0.3516,243B1F02648873F9_20260412_031500.WAV,14,0.0,1.0,0.25,BirdNET_GLOBAL_6K_V2.4_Model_FP32.tflite,243B1F02648873F9_20260412_031500_chunk_029.wav,17400,177,180
17592,17595,Certhia familiaris,Eurasian Treecreeper,0.9179,243B1F02648873F9_20260412_031500.WAV,14,0.0,1.0,0.25,BirdNET_GLOBAL_6K_V2.4_Model_FP32.tflite,243B1F02648873F9_20260412_031500_chunk_029.wav,17400,192,195
17595,17598,Phylloscopus collybita,Common Chiffchaff,0.2842,243B1F02648873F9_20260412_031500.WAV,14,0.0,1.0,0.25,BirdNET_GLOBAL_6K_V2.4_Model_FP32.tflite,243B1F02648873F9_20260412_031500_chunk_029.wav,17400,195,198
17610,17613,Cyanistes caeruleus,Eurasian Blue Tit,0.3422,243B1F02648873F9_20260412_031500.WAV,14,0.0,1.0,0.25,BirdNET_GLOBAL_6K_V2.4_Model_FP32.tflite,243B1F02648873F9_20260412_031500_chunk_029.wav,17400,210,213
17616,17619,Columba palumbus,Common Wood-Pigeon,0.6066,243B1F02648873F9_20260412_031500.WAV,14,0.0,1.0,0.25,BirdNET_GLOBAL_6K_V2.4_Model_FP32.tflite,243B1F02648873F9_20260412_031500_chunk_029.wav,17400,216,219
17619,17622,Cyanistes caeruleus,Eurasian Blue Tit,0.4247,243B1F02648873F9_20260412_031500.WAV,14,0.0,1.0,0.25,BirdNET_GLOBAL_6K_V2.4_Model_FP32.tflite,243B1F02648873F9_20260412_031500_chunk_029.wav,17400,219,222
17631,17634,Phylloscopus collybita,Common Chiffchaff,0.3987,243B1F02648873F9_20260412_031500.WAV,14,0.0,1.0,0.25,BirdNET_GLOBAL_6K_V2.4_Model_FP32.tflite,243B1F02648873F9_20260412_031500_chunk_029.wav,17400,231,234
17637,17640,Troglodytes troglodytes,Eurasian Wren,0.5486,243B1F02648873F9_20260412_031500.WAV,14,0.0,1.0,0.25,BirdNET_GLOBAL_6K_V2.4_Model_FP32.tflite,243B1F02648873F9_20260412_031500_chunk_029.wav,17400,237,240
17640,17643,Troglodytes troglodytes,Eurasian Wren,0.6723,243B1F02648873F9_20260412_031500.WAV,14,0.0,1.0,0.25,BirdNET_GLOBAL_6K_V2.4_Model_FP32.tflite,243B1F02648873F9_20260412_031500_chunk_029.wav,17400,240,243
17646,17649,Picus viridis,Eurasian Green Woodpecker,0.2752,243B1F02648873F9_20260412_031500.WAV,14,0.0,1.0,0.25,BirdNET_GLOBAL_6K_V2.4_Model_FP32.tflite,243B1F02648873F9_20260412_031500_chunk_029.wav,17400,246,249
17652,17655,Troglodytes troglodytes,Eurasian Wren,0.4208,243B1F02648873F9_20260412_031500.WAV,14,0.0,1.0,0.25,BirdNET_GLOBAL_6K_V2.4_Model_FP32.tflite,243B1F02648873F9_20260412_031500_chunk_029.wav,17400,252,255
17661,17664,Phylloscopus collybita,Common Chiffchaff,0.6728,243B1F02648873F9_20260412_031500.WAV,14,0.0,1.0,0.25,BirdNET_GLOBAL_6K_V2.4_Model_FP32.tflite,243B1F02648873F9_20260412_031500_chunk_029.wav,17400,261,264
17667,17670,Troglodytes troglodytes,Eurasian Wren,0.3310,243B1F02648873F9_20260412_031500.WAV,14,0.0,1.0,0.25,BirdNET_GLOBAL_6K_V2.4_Model_FP32.tflite,243B1F02648873F9_20260412_031500_chunk_029.wav,17400,267,270
17676,17679,Phylloscopus collybita,Common Chiffchaff,0.5302,243B1F02648873F9_20260412_031500.WAV,14,0.0,1.0,0.25,BirdNET_GLOBAL_6K_V2.4_Model_FP32.tflite,243B1F02648873F9_20260412_031500_chunk_029.wav,17400,276,279
17679,17682,Certhia familiaris,Eurasian Treecreeper,0.6315,243B1F02648873F9_20260412_031500.WAV,14,0.0,1.0,0.25,BirdNET_GLOBAL_6K_V2.4_Model_FP32.tflite,243B1F02648873F9_20260412_031500_chunk_029.wav,17400,279,282
17682,17685,Phylloscopus collybita,Common Chiffchaff,0.4168,243B1F02648873F9_20260412_031500.WAV,14,0.0,1.0,0.25,BirdNET_GLOBAL_6K_V2.4_Model_FP32.tflite,243B1F02648873F9_20260412_031500_chunk_029.wav,17400,282,285
17685,17688,Phylloscopus collybita,Common Chiffchaff,0.6888,243B1F02648873F9_20260412_031500.WAV,14,0.0,1.0,0.25,BirdNET_GLOBAL_6K_V2.4_Model_FP32.tflite,243B1F02648873F9_20260412_031500_chunk_029.wav,17400,285,288
17688,17691,Certhia familiaris,Eurasian Treecreeper,0.7652,243B1F02648873F9_20260412_031500.WAV,14,0.0,1.0,0.25,BirdNET_GLOBAL_6K_V2.4_Model_FP32.tflite,243B1F02648873F9_20260412_031500_chunk_029.wav,17400,288,291
17694,17697,Phylloscopus collybita,Common Chiffchaff,0.8532,243B1F02648873F9_20260412_031500.WAV,14,0.0,1.0,0.25,BirdNET_GLOBAL_6K_V2.4_Model_FP32.tflite,243B1F02648873F9_20260412_031500_chunk_029.wav,17400,294,297
17697,17700,Certhia familiaris,Eurasian Treecreeper,0.8355,243B1F02648873F9_20260412_031500.WAV,14,0.0,1.0,0.25,BirdNET_GLOBAL_6K_V2.4_Model_FP32.tflite,243B1F02648873F9_20260412_031500_chunk_029.wav,17400,297,300
17700,17703,Certhia familiaris,Eurasian Treecreeper,0.3600,243B1F02648873F9_20260412_031500.WAV,14,0.0,1.0,0.25,BirdNET_GLOBAL_6K_V2.4_Model_FP32.tflite,243B1F02648873F9_20260412_031500_chunk_029.wav,17400,300,303
17703,17706,Regulus regulus,Goldcrest,0.3965,243B1F02648873F9_20260412_031500.WAV,14,0.0,1.0,0.25,BirdNET_GLOBAL_6K_V2.4_Model_FP32.tflite,243B1F02648873F9_20260412_031500_chunk_029.wav,17400,303,306
17703,17706,Phylloscopus collybita,Common Chiffchaff,0.2819,243B1F02648873F9_20260412_031500.WAV,14,0.0,1.0,0.25,BirdNET_GLOBAL_6K_V2.4_Model_FP32.tflite,243B1F02648873F9_20260412_031500_chunk_029.wav,17400,303,306
17709,17712,Regulus regulus,Goldcrest,0.3954,243B1F02648873F9_20260412_031500.WAV,14,0.0,1.0,0.25,BirdNET_GLOBAL_6K_V2.4_Model_FP32.tflite,243B1F02648873F9_20260412_031500_chunk_029.wav,17400,309,312
17715,17718,Regulus regulus,Goldcrest,0.3005,243B1F02648873F9_20260412_031500.WAV,14,0.0,1.0,0.25,BirdNET_GLOBAL_6K_V2.4_Model_FP32.tflite,243B1F02648873F9_20260412_031500_chunk_029.wav,17400,315,318
17715,17718,Phylloscopus collybita,Common Chiffchaff,0.2564,243B1F02648873F9_20260412_031500.WAV,14,0.0,1.0,0.25,BirdNET_GLOBAL_6K_V2.4_Model_FP32.tflite,243B1F02648873F9_20260412_031500_chunk_029.wav,17400,315,318
17727,17730,Troglodytes troglodytes,Eurasian Wren,0.3779,243B1F02648873F9_20260412_031500.WAV,14,0.0,1.0,0.25,BirdNET_GLOBAL_6K_V2.4_Model_FP32.tflite,243B1F02648873F9_20260412_031500_chunk_029.wav,17400,327,330
17730,17733,Troglodytes troglodytes,Eurasian Wren,0.2868,243B1F02648873F9_20260412_031500.WAV,14,0.0,1.0,0.25,BirdNET_GLOBAL_6K_V2.4_Model_FP32.tflite,243B1F02648873F9_20260412_031500_chunk_029.wav,17400,330,333
17733,17736,Columba palumbus,Common Wood-Pigeon,0.4871,243B1F02648873F9_20260412_031500.WAV,14,0.0,1.0,0.25,BirdNET_GLOBAL_6K_V2.4_Model_FP32.tflite,243B1F02648873F9_20260412_031500_chunk_029.wav,17400,333,336
17736,17739,Columba palumbus,Common Wood-Pigeon,0.7165,243B1F02648873F9_20260412_031500.WAV,14,0.0,1.0,0.25,BirdNET_GLOBAL_6K_V2.4_Model_FP32.tflite,243B1F02648873F9_20260412_031500_chunk_029.wav,17400,336,339
17760,17763,Phylloscopus collybita,Common Chiffchaff,0.3381,243B1F02648873F9_20260412_031500.WAV,14,0.0,1.0,0.25,BirdNET_GLOBAL_6K_V2.4_Model_FP32.tflite,243B1F02648873F9_20260412_031500_chunk_029.wav,17400,360,363
17769,17772,Certhia familiaris,Eurasian Treecreeper,0.8571,243B1F02648873F9_20260412_031500.WAV,14,0.0,1.0,0.25,BirdNET_GLOBAL_6K_V2.4_Model_FP32.tflite,243B1F02648873F9_20260412_031500_chunk_029.wav,17400,369,372
17772,17775,Aegithalos caudatus,Long-tailed Tit,0.4022,243B1F02648873F9_20260412_031500.WAV,14,0.0,1.0,0.25,BirdNET_GLOBAL_6K_V2.4_Model_FP32.tflite,243B1F02648873F9_20260412_031500_chunk_029.wav,17400,372,375
17775,17778,Certhia familiaris,Eurasian Treecreeper,0.2764,243B1F02648873F9_20260412_031500.WAV,14,0.0,1.0,0.25,BirdNET_GLOBAL_6K_V2.4_Model_FP32.tflite,243B1F02648873F9_20260412_031500_chunk_029.wav,17400,375,378
17790,17793,Columba palumbus,Common Wood-Pigeon,0.3957,243B1F02648873F9_20260412_031500.WAV,14,0.0,1.0,0.25,BirdNET_GLOBAL_6K_V2.4_Model_FP32.tflite,243B1F02648873F9_20260412_031500_chunk_029.wav,17400,390,393
17793,17796,Columba palumbus,Common Wood-Pigeon,0.6138,243B1F02648873F9_20260412_031500.WAV,14,0.0,1.0,0.25,BirdNET_GLOBAL_6K_V2.4_Model_FP32.tflite,243B1F02648873F9_20260412_031500_chunk_029.wav,17400,393,396
17793,17796,Phylloscopus collybita,Common Chiffchaff,0.2930,243B1F02648873F9_20260412_031500.WAV,14,0.0,1.0,0.25,BirdNET_GLOBAL_6K_V2.4_Model_FP32.tflite,243B1F02648873F9_20260412_031500_chunk_029.wav,17400,393,396
17796,17799,Columba palumbus,Common Wood-Pigeon,0.6017,243B1F02648873F9_20260412_031500.WAV,14,0.0,1.0,0.25,BirdNET_GLOBAL_6K_V2.4_Model_FP32.tflite,243B1F02648873F9_20260412_031500_chunk_029.wav,17400,396,399
17799,17802,Phylloscopus collybita,Common Chiffchaff,0.8466,243B1F02648873F9_20260412_031500.WAV,14,0.0,1.0,0.25,BirdNET_GLOBAL_6K_V2.4_Model_FP32.tflite,243B1F02648873F9_20260412_031500_chunk_029.wav,17400,399,402
17805,17808,Aegithalos caudatus,Long-tailed Tit,0.4702,243B1F02648873F9_20260412_031500.WAV,14,0.0,1.0,0.25,BirdNET_GLOBAL_6K_V2.4_Model_FP32.tflite,243B1F02648873F9_20260412_031500_chunk_029.wav,17400,405,408
17808,17811,Troglodytes troglodytes,Eurasian Wren,0.4919,243B1F02648873F9_20260412_031500.WAV,14,0.0,1.0,0.25,BirdNET_GLOBAL_6K_V2.4_Model_FP32.tflite,243B1F02648873F9_20260412_031500_chunk_029.wav,17400,408,411
17811,17814,Troglodytes troglodytes,Eurasian Wren,0.5113,243B1F02648873F9_20260412_031500.WAV,14,0.0,1.0,0.25,BirdNET_GLOBAL_6K_V2.4_Model_FP32.tflite,243B1F02648873F9_20260412_031500_chunk_029.wav,17400,411,414
17814,17817,Phylloscopus collybita,Common Chiffchaff,0.6021,243B1F02648873F9_20260412_031500.WAV,14,0.0,1.0,0.25,BirdNET_GLOBAL_6K_V2.4_Model_FP32.tflite,243B1F02648873F9_20260412_031500_chunk_029.wav,17400,414,417
17820,17823,Troglodytes troglodytes,Eurasian Wren,0.3235,243B1F02648873F9_20260412_031500.WAV,14,0.0,1.0,0.25,BirdNET_GLOBAL_6K_V2.4_Model_FP32.tflite,243B1F02648873F9_20260412_031500_chunk_029.wav,17400,420,423
17823,17826,Troglodytes troglodytes,Eurasian Wren,0.6292,243B1F02648873F9_20260412_031500.WAV,14,0.0,1.0,0.25,BirdNET_GLOBAL_6K_V2.4_Model_FP32.tflite,243B1F02648873F9_20260412_031500_chunk_029.wav,17400,423,426
17826,17829,Phylloscopus collybita,Common Chiffchaff,0.5146,243B1F02648873F9_20260412_031500.WAV,14,0.0,1.0,0.25,BirdNET_GLOBAL_6K_V2.4_Model_FP32.tflite,243B1F02648873F9_20260412_031500_chunk_029.wav,17400,426,429
17832,17835,Certhia familiaris,Eurasian Treecreeper,0.4152,243B1F02648873F9_20260412_031500.WAV,14,0.0,1.0,0.25,BirdNET_GLOBAL_6K_V2.4_Model_FP32.tflite,243B1F02648873F9_20260412_031500_chunk_029.wav,17400,432,435
17838,17841,Phylloscopus collybita,Common Chiffchaff,0.4202,243B1F02648873F9_20260412_031500.WAV,14,0.0,1.0,0.25,BirdNET_GLOBAL_6K_V2.4_Model_FP32.tflite,243B1F02648873F9_20260412_031500_chunk_029.wav,17400,438,441
17847,17850,Phylloscopus collybita,Common Chiffchaff,0.7635,243B1F02648873F9_20260412_031500.WAV,14,0.0,1.0,0.25,BirdNET_GLOBAL_6K_V2.4_Model_FP32.tflite,243B1F02648873F9_20260412_031500_chunk_029.wav,17400,447,450
17859,17862,Columba palumbus,Common Wood-Pigeon,0.5740,243B1F02648873F9_20260412_031500.WAV,14,0.0,1.0,0.25,BirdNET_GLOBAL_6K_V2.4_Model_FP32.tflite,243B1F02648873F9_20260412_031500_chunk_029.wav,17400,459,462
17862,17865,Streptopelia decaocto,Eurasian Collared-Dove,0.4509,243B1F02648873F9_20260412_031500.WAV,14,0.0,1.0,0.25,BirdNET_GLOBAL_6K_V2.4_Model_FP32.tflite,243B1F02648873F9_20260412_031500_chunk_029.wav,17400,462,465
17862,17865,Columba palumbus,Common Wood-Pigeon,0.3030,243B1F02648873F9_20260412_031500.WAV,14,0.0,1.0,0.25,BirdNET_GLOBAL_6K_V2.4_Model_FP32.tflite,243B1F02648873F9_20260412_031500_chunk_029.wav,17400,462,465
17871,17874,Parus major,Great Tit,0.7255,243B1F02648873F9_20260412_031500.WAV,14,0.0,1.0,0.25,BirdNET_GLOBAL_6K_V2.4_Model_FP32.tflite,243B1F02648873F9_20260412_031500_chunk_029.wav,17400,471,474
17874,17877,Troglodytes troglodytes,Eurasian Wren,0.6057,243B1F02648873F9_20260412_031500.WAV,14,0.0,1.0,0.25,BirdNET_GLOBAL_6K_V2.4_Model_FP32.tflite,243B1F02648873F9_20260412_031500_chunk_029.wav,17400,474,477
17877,17880,Columba palumbus,Common Wood-Pigeon,0.5249,243B1F02648873F9_20260412_031500.WAV,14,0.0,1.0,0.25,BirdNET_GLOBAL_6K_V2.4_Model_FP32.tflite,243B1F02648873F9_20260412_031500_chunk_029.wav,17400,477,480
17880,17883,Columba palumbus,Common Wood-Pigeon,0.2675,243B1F02648873F9_20260412_031500.WAV,14,0.0,1.0,0.25,BirdNET_GLOBAL_6K_V2.4_Model_FP32.tflite,243B1F02648873F9_20260412_031500_chunk_029.wav,17400,480,483
17883,17886,Parus major,Great Tit,0.8157,243B1F02648873F9_20260412_031500.WAV,14,0.0,1.0,0.25,BirdNET_GLOBAL_6K_V2.4_Model_FP32.tflite,243B1F02648873F9_20260412_031500_chunk_029.wav,17400,483,486
17886,17889,Columba palumbus,Common Wood-Pigeon,0.2834,243B1F02648873F9_20260412_031500.WAV,14,0.0,1.0,0.25,BirdNET_GLOBAL_6K_V2.4_Model_FP32.tflite,243B1F02648873F9_20260412_031500_chunk_029.wav,17400,486,489
17889,17892,Parus major,Great Tit,0.8427,243B1F02648873F9_20260412_031500.WAV,14,0.0,1.0,0.25,BirdNET_GLOBAL_6K_V2.4_Model_FP32.tflite,243B1F02648873F9_20260412_031500_chunk_029.wav,17400,489,492
17898,17901,Parus major,Great Tit,0.8286,243B1F02648873F9_20260412_031500.WAV,14,0.0,1.0,0.25,BirdNET_GLOBAL_6K_V2.4_Model_FP32.tflite,243B1F02648873F9_20260412_031500_chunk_029.wav,17400,498,501
17901,17904,Certhia familiaris,Eurasian Treecreeper,0.4367,243B1F02648873F9_20260412_031500.WAV,14,0.0,1.0,0.25,BirdNET_GLOBAL_6K_V2.4_Model_FP32.tflite,243B1F02648873F9_20260412_031500_chunk_029.wav,17400,501,504
17904,17907,Columba palumbus,Common Wood-Pigeon,0.2970,243B1F02648873F9_20260412_031500.WAV,14,0.0,1.0,0.25,BirdNET_GLOBAL_6K_V2.4_Model_FP32.tflite,243B1F02648873F9_20260412_031500_chunk_029.wav,17400,504,507
17907,17910,Parus major,Great Tit,0.5346,243B1F02648873F9_20260412_031500.WAV,14,0.0,1.0,0.25,BirdNET_GLOBAL_6K_V2.4_Model_FP32.tflite,243B1F02648873F9_20260412_031500_chunk_029.wav,17400,507,510
17907,17910,Phylloscopus collybita,Common Chiffchaff,0.3918,243B1F02648873F9_20260412_031500.WAV,14,0.0,1.0,0.25,BirdNET_GLOBAL_6K_V2.4_Model_FP32.tflite,243B1F02648873F9_20260412_031500_chunk_029.wav,17400,507,510
17910,17913,Parus major,Great Tit,0.8442,243B1F02648873F9_20260412_031500.WAV,14,0.0,1.0,0.25,BirdNET_GLOBAL_6K_V2.4_Model_FP32.tflite,243B1F02648873F9_20260412_031500_chunk_029.wav,17400,510,513
17919,17922,Parus major,Great Tit,0.9415,243B1F02648873F9_20260412_031500.WAV,14,0.0,1.0,0.25,BirdNET_GLOBAL_6K_V2.4_Model_FP32.tflite,243B1F02648873F9_20260412_031500_chunk_029.wav,17400,519,522
17925,17928,Aegithalos caudatus,Long-tailed Tit,0.4958,243B1F02648873F9_20260412_031500.WAV,14,0.0,1.0,0.25,BirdNET_GLOBAL_6K_V2.4_Model_FP32.tflite,243B1F02648873F9_20260412_031500_chunk_029.wav,17400,525,528
17928,17931,Parus major,Great Tit,0.7469,243B1F02648873F9_20260412_031500.WAV,14,0.0,1.0,0.25,BirdNET_GLOBAL_6K_V2.4_Model_FP32.tflite,243B1F02648873F9_20260412_031500_chunk_029.wav,17400,528,531
17934,17937,Parus major,Great Tit,0.9477,243B1F02648873F9_20260412_031500.WAV,14,0.0,1.0,0.25,BirdNET_GLOBAL_6K_V2.4_Model_FP32.tflite,243B1F02648873F9_20260412_031500_chunk_029.wav,17400,534,537
17940,17943,Parus major,Great Tit,0.9472,243B1F02648873F9_20260412_031500.WAV,14,0.0,1.0,0.25,BirdNET_GLOBAL_6K_V2.4_Model_FP32.tflite,243B1F02648873F9_20260412_031500_chunk_029.wav,17400,540,543
17940,17943,Columba palumbus,Common Wood-Pigeon,0.7806,243B1F02648873F9_20260412_031500.WAV,14,0.0,1.0,0.25,BirdNET_GLOBAL_6K_V2.4_Model_FP32.tflite,243B1F02648873F9_20260412_031500_chunk_029.wav,17400,540,543
17943,17946,Columba palumbus,Common Wood-Pigeon,0.6125,243B1F02648873F9_20260412_031500.WAV,14,0.0,1.0,0.25,BirdNET_GLOBAL_6K_V2.4_Model_FP32.tflite,243B1F02648873F9_20260412_031500_chunk_029.wav,17400,543,546
17946,17949,Parus major,Great Tit,0.9848,243B1F02648873F9_20260412_031500.WAV,14,0.0,1.0,0.25,BirdNET_GLOBAL_6K_V2.4_Model_FP32.tflite,243B1F02648873F9_20260412_031500_chunk_029.wav,17400,546,549
17955,17958,Columba palumbus,Common Wood-Pigeon,0.3151,243B1F02648873F9_20260412_031500.WAV,14,0.0,1.0,0.25,BirdNET_GLOBAL_6K_V2.4_Model_FP32.tflite,243B1F02648873F9_20260412_031500_chunk_029.wav,17400,555,558
17958,17961,Columba palumbus,Common Wood-Pigeon,0.6325,243B1F02648873F9_20260412_031500.WAV,14,0.0,1.0,0.25,BirdNET_GLOBAL_6K_V2.4_Model_FP32.tflite,243B1F02648873F9_20260412_031500_chunk_029.wav,17400,558,561
17967,17970,Troglodytes troglodytes,Eurasian Wren,0.9892,243B1F02648873F9_20260412_031500.WAV,14,0.0,1.0,0.25,BirdNET_GLOBAL_6K_V2.4_Model_FP32.tflite,243B1F02648873F9_20260412_031500_chunk_029.wav,17400,567,570
17970,17973,Troglodytes troglodytes,Eurasian Wren,0.9921,243B1F02648873F9_20260412_031500.WAV,14,0.0,1.0,0.25,BirdNET_GLOBAL_6K_V2.4_Model_FP32.tflite,243B1F02648873F9_20260412_031500_chunk_029.wav,17400,570,573
17976,17979,Columba palumbus,Common Wood-Pigeon,0.9087,243B1F02648873F9_20260412_031500.WAV,14,0.0,1.0,0.25,BirdNET_GLOBAL_6K_V2.4_Model_FP32.tflite,243B1F02648873F9_20260412_031500_chunk_029.wav,17400,576,579
17979,17982,Troglodytes troglodytes,Eurasian Wren,0.9374,243B1F02648873F9_20260412_031500.WAV,14,0.0,1.0,0.25,BirdNET_GLOBAL_6K_V2.4_Model_FP32.tflite,243B1F02648873F9_20260412_031500_chunk_029.wav,17400,579,582
17979,17982,Columba palumbus,Common Wood-Pigeon,0.4622,243B1F02648873F9_20260412_031500.WAV,14,0.0,1.0,0.25,BirdNET_GLOBAL_6K_V2.4_Model_FP32.tflite,243B1F02648873F9_20260412_031500_chunk_029.wav,17400,579,582
17982,17985,Troglodytes troglodytes,Eurasian Wren,0.8824,243B1F02648873F9_20260412_031500.WAV,14,0.0,1.0,0.25,BirdNET_GLOBAL_6K_V2.4_Model_FP32.tflite,243B1F02648873F9_20260412_031500_chunk_029.wav,17400,582,585
17985,17988,Columba palumbus,Common Wood-Pigeon,0.4179,243B1F02648873F9_20260412_031500.WAV,14,0.0,1.0,0.25,BirdNET_GLOBAL_6K_V2.4_Model_FP32.tflite,243B1F02648873F9_20260412_031500_chunk_029.wav,17400,585,588
17985,17988,Phylloscopus collybita,Common Chiffchaff,0.3128,243B1F02648873F9_20260412_031500.WAV,14,0.0,1.0,0.25,BirdNET_GLOBAL_6K_V2.4_Model_FP32.tflite,243B1F02648873F9_20260412_031500_chunk_029.wav,17400,585,588
17988,17991,Troglodytes troglodytes,Eurasian Wren,0.9831,243B1F02648873F9_20260412_031500.WAV,14,0.0,1.0,0.25,BirdNET_GLOBAL_6K_V2.4_Model_FP32.tflite,243B1F02648873F9_20260412_031500_chunk_029.wav,17400,588,591
17991,17994,Troglodytes troglodytes,Eurasian Wren,0.8866,243B1F02648873F9_20260412_031500.WAV,14,0.0,1.0,0.25,BirdNET_GLOBAL_6K_V2.4_Model_FP32.tflite,243B1F02648873F9_20260412_031500_chunk_029.wav,17400,591,594
17994,17997,Streptopelia decaocto,Eurasian Collared-Dove,0.4719,243B1F02648873F9_20260412_031500.WAV,14,0.0,1.0,0.25,BirdNET_GLOBAL_6K_V2.4_Model_FP32.tflite,243B1F02648873F9_20260412_031500_chunk_029.wav,17400,594,597
17994,17997,Phylloscopus collybita,Common Chiffchaff,0.4131,243B1F02648873F9_20260412_031500.WAV,14,0.0,1.0,0.25,BirdNET_GLOBAL_6K_V2.4_Model_FP32.tflite,243B1F02648873F9_20260412_031500_chunk_029.wav,17400,594,597
17997,17999.98,Columba palumbus,Common Wood-Pigeon,0.6947,243B1F02648873F9_20260412_031500.WAV,14,0.0,1.0,0.25,BirdNET_GLOBAL_6K_V2.4_Model_FP32.tflite,243B1F02648873F9_20260412_031500_chunk_029.wav,17400,597,599.98
18015,18018,Columba palumbus,Common Wood-Pigeon,0.7711,243B1F02648873F9_20260412_031500.WAV,14,0.0,1.0,0.25,BirdNET_GLOBAL_6K_V2.4_Model_FP32.tflite,243B1F02648873F9_20260412_031500_chunk_030.wav,18000,15,18
18018,18021,Columba palumbus,Common Wood-Pigeon,0.6128,243B1F02648873F9_20260412_031500.WAV,14,0.0,1.0,0.25,BirdNET_GLOBAL_6K_V2.4_Model_FP32.tflite,243B1F02648873F9_20260412_031500_chunk_030.wav,18000,18,21
18018,18021,Streptopelia decaocto,Eurasian Collared-Dove,0.4657,243B1F02648873F9_20260412_031500.WAV,14,0.0,1.0,0.25,BirdNET_GLOBAL_6K_V2.4_Model_FP32.tflite,243B1F02648873F9_20260412_031500_chunk_030.wav,18000,18,21
18021,18024,Columba palumbus,Common Wood-Pigeon,0.9312,243B1F02648873F9_20260412_031500.WAV,14,0.0,1.0,0.25,BirdNET_GLOBAL_6K_V2.4_Model_FP32.tflite,243B1F02648873F9_20260412_031500_chunk_030.wav,18000,21,24
18024,18027,Columba palumbus,Common Wood-Pigeon,0.7456,243B1F02648873F9_20260412_031500.WAV,14,0.0,1.0,0.25,BirdNET_GLOBAL_6K_V2.4_Model_FP32.tflite,243B1F02648873F9_20260412_031500_chunk_030.wav,18000,24,27
18024,18027,Columba oenas,Stock Dove,0.2575,243B1F02648873F9_20260412_031500.WAV,14,0.0,1.0,0.25,BirdNET_GLOBAL_6K_V2.4_Model_FP32.tflite,243B1F02648873F9_20260412_031500_chunk_030.wav,18000,24,27
18027,18030,Columba palumbus,Common Wood-Pigeon,0.3193,243B1F02648873F9_20260412_031500.WAV,14,0.0,1.0,0.25,BirdNET_GLOBAL_6K_V2.4_Model_FP32.tflite,243B1F02648873F9_20260412_031500_chunk_030.wav,18000,27,30
18036,18039,Certhia familiaris,Eurasian Treecreeper,0.4671,243B1F02648873F9_20260412_031500.WAV,14,0.0,1.0,0.25,BirdNET_GLOBAL_6K_V2.4_Model_FP32.tflite,243B1F02648873F9_20260412_031500_chunk_030.wav,18000,36,39
18039,18042,Certhia familiaris,Eurasian Treecreeper,0.5005,243B1F02648873F9_20260412_031500.WAV,14,0.0,1.0,0.25,BirdNET_GLOBAL_6K_V2.4_Model_FP32.tflite,243B1F02648873F9_20260412_031500_chunk_030.wav,18000,39,42
18060,18063,Certhia familiaris,Eurasian Treecreeper,0.2659,243B1F02648873F9_20260412_031500.WAV,14,0.0,1.0,0.25,BirdNET_GLOBAL_6K_V2.4_Model_FP32.tflite,243B1F02648873F9_20260412_031500_chunk_030.wav,18000,60,63
18063,18066,Turdus merula,Eurasian Blackbird,0.3416,243B1F02648873F9_20260412_031500.WAV,14,0.0,1.0,0.25,BirdNET_GLOBAL_6K_V2.4_Model_FP32.tflite,243B1F02648873F9_20260412_031500_chunk_030.wav,18000,63,66
18075,18078,Cyanistes caeruleus,Eurasian Blue Tit,0.7457,243B1F02648873F9_20260412_031500.WAV,14,0.0,1.0,0.25,BirdNET_GLOBAL_6K_V2.4_Model_FP32.tflite,243B1F02648873F9_20260412_031500_chunk_030.wav,18000,75,78
18081,18084,Turdus merula,Eurasian Blackbird,0.3384,243B1F02648873F9_20260412_031500.WAV,14,0.0,1.0,0.25,BirdNET_GLOBAL_6K_V2.4_Model_FP32.tflite,243B1F02648873F9_20260412_031500_chunk_030.wav,18000,81,84
18084,18087,Cyanistes caeruleus,Eurasian Blue Tit,0.6058,243B1F02648873F9_20260412_031500.WAV,14,0.0,1.0,0.25,BirdNET_GLOBAL_6K_V2.4_Model_FP32.tflite,243B1F02648873F9_20260412_031500_chunk_030.wav,18000,84,87
18102,18105,Columba palumbus,Common Wood-Pigeon,0.2882,243B1F02648873F9_20260412_031500.WAV,14,0.0,1.0,0.25,BirdNET_GLOBAL_6K_V2.4_Model_FP32.tflite,243B1F02648873F9_20260412_031500_chunk_030.wav,18000,102,105
18108,18111,Larus argentatus,Herring Gull,0.3803,243B1F02648873F9_20260412_031500.WAV,14,0.0,1.0,0.25,BirdNET_GLOBAL_6K_V2.4_Model_FP32.tflite,243B1F02648873F9_20260412_031500_chunk_030.wav,18000,108,111
18114,18117,Certhia familiaris,Eurasian Treecreeper,0.2505,243B1F02648873F9_20260412_031500.WAV,14,0.0,1.0,0.25,BirdNET_GLOBAL_6K_V2.4_Model_FP32.tflite,243B1F02648873F9_20260412_031500_chunk_030.wav,18000,114,117
18126,18129,Columba palumbus,Common Wood-Pigeon,0.3109,243B1F02648873F9_20260412_031500.WAV,14,0.0,1.0,0.25,BirdNET_GLOBAL_6K_V2.4_Model_FP32.tflite,243B1F02648873F9_20260412_031500_chunk_030.wav,18000,126,129
18129,18132,Regulus regulus,Goldcrest,0.9245,243B1F02648873F9_20260412_031500.WAV,14,0.0,1.0,0.25,BirdNET_GLOBAL_6K_V2.4_Model_FP32.tflite,243B1F02648873F9_20260412_031500_chunk_030.wav,18000,129,132
18132,18135,Certhia familiaris,Eurasian Treecreeper,0.3889,243B1F02648873F9_20260412_031500.WAV,14,0.0,1.0,0.25,BirdNET_GLOBAL_6K_V2.4_Model_FP32.tflite,243B1F02648873F9_20260412_031500_chunk_030.wav,18000,132,135
18132,18135,Columba palumbus,Common Wood-Pigeon,0.2650,243B1F02648873F9_20260412_031500.WAV,14,0.0,1.0,0.25,BirdNET_GLOBAL_6K_V2.4_Model_FP32.tflite,243B1F02648873F9_20260412_031500_chunk_030.wav,18000,132,135
18135,18138,Columba palumbus,Common Wood-Pigeon,0.6243,243B1F02648873F9_20260412_031500.WAV,14,0.0,1.0,0.25,BirdNET_GLOBAL_6K_V2.4_Model_FP32.tflite,243B1F02648873F9_20260412_031500_chunk_030.wav,18000,135,138
18138,18141,Columba palumbus,Common Wood-Pigeon,0.6133,243B1F02648873F9_20260412_031500.WAV,14,0.0,1.0,0.25,BirdNET_GLOBAL_6K_V2.4_Model_FP32.tflite,243B1F02648873F9_20260412_031500_chunk_030.wav,18000,138,141
18138,18141,Certhia familiaris,Eurasian Treecreeper,0.4215,243B1F02648873F9_20260412_031500.WAV,14,0.0,1.0,0.25,BirdNET_GLOBAL_6K_V2.4_Model_FP32.tflite,243B1F02648873F9_20260412_031500_chunk_030.wav,18000,138,141
18141,18144,Columba palumbus,Common Wood-Pigeon,0.9655,243B1F02648873F9_20260412_031500.WAV,14,0.0,1.0,0.25,BirdNET_GLOBAL_6K_V2.4_Model_FP32.tflite,243B1F02648873F9_20260412_031500_chunk_030.wav,18000,141,144
18144,18147,Columba palumbus,Common Wood-Pigeon,0.5642,243B1F02648873F9_20260412_031500.WAV,14,0.0,1.0,0.25,BirdNET_GLOBAL_6K_V2.4_Model_FP32.tflite,243B1F02648873F9_20260412_031500_chunk_030.wav,18000,144,147
18147,18150,Certhia familiaris,Eurasian Treecreeper,0.5105,243B1F02648873F9_20260412_031500.WAV,14,0.0,1.0,0.25,BirdNET_GLOBAL_6K_V2.4_Model_FP32.tflite,243B1F02648873F9_20260412_031500_chunk_030.wav,18000,147,150
18150,18153,Certhia familiaris,Eurasian Treecreeper,0.5433,243B1F02648873F9_20260412_031500.WAV,14,0.0,1.0,0.25,BirdNET_GLOBAL_6K_V2.4_Model_FP32.tflite,243B1F02648873F9_20260412_031500_chunk_030.wav,18000,150,153
18162,18165,Columba palumbus,Common Wood-Pigeon,0.6006,243B1F02648873F9_20260412_031500.WAV,14,0.0,1.0,0.25,BirdNET_GLOBAL_6K_V2.4_Model_FP32.tflite,243B1F02648873F9_20260412_031500_chunk_030.wav,18000,162,165
18165,18168,Columba palumbus,Common Wood-Pigeon,0.3422,243B1F02648873F9_20260412_031500.WAV,14,0.0,1.0,0.25,BirdNET_GLOBAL_6K_V2.4_Model_FP32.tflite,243B1F02648873F9_20260412_031500_chunk_030.wav,18000,165,168
18168,18171,Columba palumbus,Common Wood-Pigeon,0.3241,243B1F02648873F9_20260412_031500.WAV,14,0.0,1.0,0.25,BirdNET_GLOBAL_6K_V2.4_Model_FP32.tflite,243B1F02648873F9_20260412_031500_chunk_030.wav,18000,168,171
18171,18174,Columba palumbus,Common Wood-Pigeon,0.7031,243B1F02648873F9_20260412_031500.WAV,14,0.0,1.0,0.25,BirdNET_GLOBAL_6K_V2.4_Model_FP32.tflite,243B1F02648873F9_20260412_031500_chunk_030.wav,18000,171,174
18171,18174,Pica pica,Eurasian Magpie,0.5553,243B1F02648873F9_20260412_031500.WAV,14,0.0,1.0,0.25,BirdNET_GLOBAL_6K_V2.4_Model_FP32.tflite,243B1F02648873F9_20260412_031500_chunk_030.wav,18000,171,174
18177,18180,Certhia familiaris,Eurasian Treecreeper,0.4175,243B1F02648873F9_20260412_031500.WAV,14,0.0,1.0,0.25,BirdNET_GLOBAL_6K_V2.4_Model_FP32.tflite,243B1F02648873F9_20260412_031500_chunk_030.wav,18000,177,180
18195,18198,Certhia familiaris,Eurasian Treecreeper,0.4798,243B1F02648873F9_20260412_031500.WAV,14,0.0,1.0,0.25,BirdNET_GLOBAL_6K_V2.4_Model_FP32.tflite,243B1F02648873F9_20260412_031500_chunk_030.wav,18000,195,198
18198,18201,Regulus regulus,Goldcrest,0.8380,243B1F02648873F9_20260412_031500.WAV,14,0.0,1.0,0.25,BirdNET_GLOBAL_6K_V2.4_Model_FP32.tflite,243B1F02648873F9_20260412_031500_chunk_030.wav,18000,198,201
18204,18207,Regulus regulus,Goldcrest,0.2611,243B1F02648873F9_20260412_031500.WAV,14,0.0,1.0,0.25,BirdNET_GLOBAL_6K_V2.4_Model_FP32.tflite,243B1F02648873F9_20260412_031500_chunk_030.wav,18000,204,207
18207,18210,Pica pica,Eurasian Magpie,0.5172,243B1F02648873F9_20260412_031500.WAV,14,0.0,1.0,0.25,BirdNET_GLOBAL_6K_V2.4_Model_FP32.tflite,243B1F02648873F9_20260412_031500_chunk_030.wav,18000,207,210
18210,18213,Regulus regulus,Goldcrest,0.4386,243B1F02648873F9_20260412_031500.WAV,14,0.0,1.0,0.25,BirdNET_GLOBAL_6K_V2.4_Model_FP32.tflite,243B1F02648873F9_20260412_031500_chunk_030.wav,18000,210,213
18210,18213,Pica pica,Eurasian Magpie,0.3119,243B1F02648873F9_20260412_031500.WAV,14,0.0,1.0,0.25,BirdNET_GLOBAL_6K_V2.4_Model_FP32.tflite,243B1F02648873F9_20260412_031500_chunk_030.wav,18000,210,213
18222,18225,Pica pica,Eurasian Magpie,0.6363,243B1F02648873F9_20260412_031500.WAV,14,0.0,1.0,0.25,BirdNET_GLOBAL_6K_V2.4_Model_FP32.tflite,243B1F02648873F9_20260412_031500_chunk_030.wav,18000,222,225
18231,18234,Regulus regulus,Goldcrest,0.8763,243B1F02648873F9_20260412_031500.WAV,14,0.0,1.0,0.25,BirdNET_GLOBAL_6K_V2.4_Model_FP32.tflite,243B1F02648873F9_20260412_031500_chunk_030.wav,18000,231,234
18237,18240,Regulus regulus,Goldcrest,0.5369,243B1F02648873F9_20260412_031500.WAV,14,0.0,1.0,0.25,BirdNET_GLOBAL_6K_V2.4_Model_FP32.tflite,243B1F02648873F9_20260412_031500_chunk_030.wav,18000,237,240
18240,18243,Regulus regulus,Goldcrest,0.3132,243B1F02648873F9_20260412_031500.WAV,14,0.0,1.0,0.25,BirdNET_GLOBAL_6K_V2.4_Model_FP32.tflite,243B1F02648873F9_20260412_031500_chunk_030.wav,18000,240,243
18249,18252,Cyanistes caeruleus,Eurasian Blue Tit,0.5896,243B1F02648873F9_20260412_031500.WAV,14,0.0,1.0,0.25,BirdNET_GLOBAL_6K_V2.4_Model_FP32.tflite,243B1F02648873F9_20260412_031500_chunk_030.wav,18000,249,252
18276,18279,Regulus regulus,Goldcrest,0.8803,243B1F02648873F9_20260412_031500.WAV,14,0.0,1.0,0.25,BirdNET_GLOBAL_6K_V2.4_Model_FP32.tflite,243B1F02648873F9_20260412_031500_chunk_030.wav,18000,276,279
18279,18282,Regulus regulus,Goldcrest,0.8102,243B1F02648873F9_20260412_031500.WAV,14,0.0,1.0,0.25,BirdNET_GLOBAL_6K_V2.4_Model_FP32.tflite,243B1F02648873F9_20260412_031500_chunk_030.wav,18000,279,282
18285,18288,Certhia familiaris,Eurasian Treecreeper,0.3242,243B1F02648873F9_20260412_031500.WAV,14,0.0,1.0,0.25,BirdNET_GLOBAL_6K_V2.4_Model_FP32.tflite,243B1F02648873F9_20260412_031500_chunk_030.wav,18000,285,288
18288,18291,Regulus regulus,Goldcrest,0.4842,243B1F02648873F9_20260412_031500.WAV,14,0.0,1.0,0.25,BirdNET_GLOBAL_6K_V2.4_Model_FP32.tflite,243B1F02648873F9_20260412_031500_chunk_030.wav,18000,288,291
18297,18300,Regulus regulus,Goldcrest,0.6733,243B1F02648873F9_20260412_031500.WAV,14,0.0,1.0,0.25,BirdNET_GLOBAL_6K_V2.4_Model_FP32.tflite,243B1F02648873F9_20260412_031500_chunk_030.wav,18000,297,300
18300,18303,Regulus regulus,Goldcrest,0.4760,243B1F02648873F9_20260412_031500.WAV,14,0.0,1.0,0.25,BirdNET_GLOBAL_6K_V2.4_Model_FP32.tflite,243B1F02648873F9_20260412_031500_chunk_030.wav,18000,300,303
18315,18318,Columba palumbus,Common Wood-Pigeon,0.8420,243B1F02648873F9_20260412_031500.WAV,14,0.0,1.0,0.25,BirdNET_GLOBAL_6K_V2.4_Model_FP32.tflite,243B1F02648873F9_20260412_031500_chunk_030.wav,18000,315,318
18318,18321,Columba palumbus,Common Wood-Pigeon,0.9355,243B1F02648873F9_20260412_031500.WAV,14,0.0,1.0,0.25,BirdNET_GLOBAL_6K_V2.4_Model_FP32.tflite,243B1F02648873F9_20260412_031500_chunk_030.wav,18000,318,321
18321,18324,Columba palumbus,Common Wood-Pigeon,0.9024,243B1F02648873F9_20260412_031500.WAV,14,0.0,1.0,0.25,BirdNET_GLOBAL_6K_V2.4_Model_FP32.tflite,243B1F02648873F9_20260412_031500_chunk_030.wav,18000,321,324
18324,18327,Columba palumbus,Common Wood-Pigeon,0.5979,243B1F02648873F9_20260412_031500.WAV,14,0.0,1.0,0.25,BirdNET_GLOBAL_6K_V2.4_Model_FP32.tflite,243B1F02648873F9_20260412_031500_chunk_030.wav,18000,324,327
18327,18330,Columba palumbus,Common Wood-Pigeon,0.9270,243B1F02648873F9_20260412_031500.WAV,14,0.0,1.0,0.25,BirdNET_GLOBAL_6K_V2.4_Model_FP32.tflite,243B1F02648873F9_20260412_031500_chunk_030.wav,18000,327,330
18351,18354,Turdus iliacus,Redwing,0.4477,243B1F02648873F9_20260412_031500.WAV,14,0.0,1.0,0.25,BirdNET_GLOBAL_6K_V2.4_Model_FP32.tflite,243B1F02648873F9_20260412_031500_chunk_030.wav,18000,351,354
18360,18363,Columba palumbus,Common Wood-Pigeon,0.8980,243B1F02648873F9_20260412_031500.WAV,14,0.0,1.0,0.25,BirdNET_GLOBAL_6K_V2.4_Model_FP32.tflite,243B1F02648873F9_20260412_031500_chunk_030.wav,18000,360,363
18363,18366,Columba palumbus,Common Wood-Pigeon,0.9137,243B1F02648873F9_20260412_031500.WAV,14,0.0,1.0,0.25,BirdNET_GLOBAL_6K_V2.4_Model_FP32.tflite,243B1F02648873F9_20260412_031500_chunk_030.wav,18000,363,366
18366,18369,Columba palumbus,Common Wood-Pigeon,0.8975,243B1F02648873F9_20260412_031500.WAV,14,0.0,1.0,0.25,BirdNET_GLOBAL_6K_V2.4_Model_FP32.tflite,243B1F02648873F9_20260412_031500_chunk_030.wav,18000,366,369
18369,18372,Cyanistes caeruleus,Eurasian Blue Tit,0.2684,243B1F02648873F9_20260412_031500.WAV,14,0.0,1.0,0.25,BirdNET_GLOBAL_6K_V2.4_Model_FP32.tflite,243B1F02648873F9_20260412_031500_chunk_030.wav,18000,369,372
18375,18378,Columba palumbus,Common Wood-Pigeon,0.5975,243B1F02648873F9_20260412_031500.WAV,14,0.0,1.0,0.25,BirdNET_GLOBAL_6K_V2.4_Model_FP32.tflite,243B1F02648873F9_20260412_031500_chunk_030.wav,18000,375,378
18378,18381,Columba palumbus,Common Wood-Pigeon,0.8588,243B1F02648873F9_20260412_031500.WAV,14,0.0,1.0,0.25,BirdNET_GLOBAL_6K_V2.4_Model_FP32.tflite,243B1F02648873F9_20260412_031500_chunk_030.wav,18000,378,381
18384,18387,Erithacus rubecula,European Robin,0.3371,243B1F02648873F9_20260412_031500.WAV,14,0.0,1.0,0.25,BirdNET_GLOBAL_6K_V2.4_Model_FP32.tflite,243B1F02648873F9_20260412_031500_chunk_030.wav,18000,384,387
18396,18399,Columba palumbus,Common Wood-Pigeon,0.9820,243B1F02648873F9_20260412_031500.WAV,14,0.0,1.0,0.25,BirdNET_GLOBAL_6K_V2.4_Model_FP32.tflite,243B1F02648873F9_20260412_031500_chunk_030.wav,18000,396,399
18399,18402,Columba palumbus,Common Wood-Pigeon,0.7664,243B1F02648873F9_20260412_031500.WAV,14,0.0,1.0,0.25,BirdNET_GLOBAL_6K_V2.4_Model_FP32.tflite,243B1F02648873F9_20260412_031500_chunk_030.wav,18000,399,402
18402,18405,Columba palumbus,Common Wood-Pigeon,0.9029,243B1F02648873F9_20260412_031500.WAV,14,0.0,1.0,0.25,BirdNET_GLOBAL_6K_V2.4_Model_FP32.tflite,243B1F02648873F9_20260412_031500_chunk_030.wav,18000,402,405
18405,18408,Regulus regulus,Goldcrest,0.3312,243B1F02648873F9_20260412_031500.WAV,14,0.0,1.0,0.25,BirdNET_GLOBAL_6K_V2.4_Model_FP32.tflite,243B1F02648873F9_20260412_031500_chunk_030.wav,18000,405,408
18411,18414,Regulus regulus,Goldcrest,0.6775,243B1F02648873F9_20260412_031500.WAV,14,0.0,1.0,0.25,BirdNET_GLOBAL_6K_V2.4_Model_FP32.tflite,243B1F02648873F9_20260412_031500_chunk_030.wav,18000,411,414
18414,18417,Regulus regulus,Goldcrest,0.5279,243B1F02648873F9_20260412_031500.WAV,14,0.0,1.0,0.25,BirdNET_GLOBAL_6K_V2.4_Model_FP32.tflite,243B1F02648873F9_20260412_031500_chunk_030.wav,18000,414,417
18420,18423,Regulus regulus,Goldcrest,0.3192,243B1F02648873F9_20260412_031500.WAV,14,0.0,1.0,0.25,BirdNET_GLOBAL_6K_V2.4_Model_FP32.tflite,243B1F02648873F9_20260412_031500_chunk_030.wav,18000,420,423
18429,18432,Regulus regulus,Goldcrest,0.2967,243B1F02648873F9_20260412_031500.WAV,14,0.0,1.0,0.25,BirdNET_GLOBAL_6K_V2.4_Model_FP32.tflite,243B1F02648873F9_20260412_031500_chunk_030.wav,18000,429,432
18438,18441,Regulus regulus,Goldcrest,0.4500,243B1F02648873F9_20260412_031500.WAV,14,0.0,1.0,0.25,BirdNET_GLOBAL_6K_V2.4_Model_FP32.tflite,243B1F02648873F9_20260412_031500_chunk_030.wav,18000,438,441
18441,18444,Regulus regulus,Goldcrest,0.3926,243B1F02648873F9_20260412_031500.WAV,14,0.0,1.0,0.25,BirdNET_GLOBAL_6K_V2.4_Model_FP32.tflite,243B1F02648873F9_20260412_031500_chunk_030.wav,18000,441,444
18453,18456,Regulus regulus,Goldcrest,0.2610,243B1F02648873F9_20260412_031500.WAV,14,0.0,1.0,0.25,BirdNET_GLOBAL_6K_V2.4_Model_FP32.tflite,243B1F02648873F9_20260412_031500_chunk_030.wav,18000,453,456
18462,18465,Regulus regulus,Goldcrest,0.6021,243B1F02648873F9_20260412_031500.WAV,14,0.0,1.0,0.25,BirdNET_GLOBAL_6K_V2.4_Model_FP32.tflite,243B1F02648873F9_20260412_031500_chunk_030.wav,18000,462,465
18474,18477,Regulus regulus,Goldcrest,0.7129,243B1F02648873F9_20260412_031500.WAV,14,0.0,1.0,0.25,BirdNET_GLOBAL_6K_V2.4_Model_FP32.tflite,243B1F02648873F9_20260412_031500_chunk_030.wav,18000,474,477
18483,18486,Regulus regulus,Goldcrest,0.2783,243B1F02648873F9_20260412_031500.WAV,14,0.0,1.0,0.25,BirdNET_GLOBAL_6K_V2.4_Model_FP32.tflite,243B1F02648873F9_20260412_031500_chunk_030.wav,18000,483,486
18486,18489,Regulus regulus,Goldcrest,0.3324,243B1F02648873F9_20260412_031500.WAV,14,0.0,1.0,0.25,BirdNET_GLOBAL_6K_V2.4_Model_FP32.tflite,243B1F02648873F9_20260412_031500_chunk_030.wav,18000,486,489
18489,18492,Regulus regulus,Goldcrest,0.6777,243B1F02648873F9_20260412_031500.WAV,14,0.0,1.0,0.25,BirdNET_GLOBAL_6K_V2.4_Model_FP32.tflite,243B1F02648873F9_20260412_031500_chunk_030.wav,18000,489,492
18492,18495,Regulus regulus,Goldcrest,0.3422,243B1F02648873F9_20260412_031500.WAV,14,0.0,1.0,0.25,BirdNET_GLOBAL_6K_V2.4_Model_FP32.tflite,243B1F02648873F9_20260412_031500_chunk_030.wav,18000,492,495
18492,18495,Columba palumbus,Common Wood-Pigeon,0.2800,243B1F02648873F9_20260412_031500.WAV,14,0.0,1.0,0.25,BirdNET_GLOBAL_6K_V2.4_Model_FP32.tflite,243B1F02648873F9_20260412_031500_chunk_030.wav,18000,492,495
18495,18498,Columba palumbus,Common Wood-Pigeon,0.7634,243B1F02648873F9_20260412_031500.WAV,14,0.0,1.0,0.25,BirdNET_GLOBAL_6K_V2.4_Model_FP32.tflite,243B1F02648873F9_20260412_031500_chunk_030.wav,18000,495,498
18498,18501,Columba palumbus,Common Wood-Pigeon,0.9208,243B1F02648873F9_20260412_031500.WAV,14,0.0,1.0,0.25,BirdNET_GLOBAL_6K_V2.4_Model_FP32.tflite,243B1F02648873F9_20260412_031500_chunk_030.wav,18000,498,501
18501,18504,Columba palumbus,Common Wood-Pigeon,0.9354,243B1F02648873F9_20260412_031500.WAV,14,0.0,1.0,0.25,BirdNET_GLOBAL_6K_V2.4_Model_FP32.tflite,243B1F02648873F9_20260412_031500_chunk_030.wav,18000,501,504
18513,18516,Cyanistes caeruleus,Eurasian Blue Tit,0.5533,243B1F02648873F9_20260412_031500.WAV,14,0.0,1.0,0.25,BirdNET_GLOBAL_6K_V2.4_Model_FP32.tflite,243B1F02648873F9_20260412_031500_chunk_030.wav,18000,513,516
18519,18522,Cyanistes caeruleus,Eurasian Blue Tit,0.6555,243B1F02648873F9_20260412_031500.WAV,14,0.0,1.0,0.25,BirdNET_GLOBAL_6K_V2.4_Model_FP32.tflite,243B1F02648873F9_20260412_031500_chunk_030.wav,18000,519,522
18531,18534,Cyanistes caeruleus,Eurasian Blue Tit,0.3692,243B1F02648873F9_20260412_031500.WAV,14,0.0,1.0,0.25,BirdNET_GLOBAL_6K_V2.4_Model_FP32.tflite,243B1F02648873F9_20260412_031500_chunk_030.wav,18000,531,534
18534,18537,Cyanistes caeruleus,Eurasian Blue Tit,0.6326,243B1F02648873F9_20260412_031500.WAV,14,0.0,1.0,0.25,BirdNET_GLOBAL_6K_V2.4_Model_FP32.tflite,243B1F02648873F9_20260412_031500_chunk_030.wav,18000,534,537
18537,18540,Regulus regulus,Goldcrest,0.7577,243B1F02648873F9_20260412_031500.WAV,14,0.0,1.0,0.25,BirdNET_GLOBAL_6K_V2.4_Model_FP32.tflite,243B1F02648873F9_20260412_031500_chunk_030.wav,18000,537,540
18540,18543,Regulus regulus,Goldcrest,0.5370,243B1F02648873F9_20260412_031500.WAV,14,0.0,1.0,0.25,BirdNET_GLOBAL_6K_V2.4_Model_FP32.tflite,243B1F02648873F9_20260412_031500_chunk_030.wav,18000,540,543
18558,18561,Columba palumbus,Common Wood-Pigeon,0.2611,243B1F02648873F9_20260412_031500.WAV,14,0.0,1.0,0.25,BirdNET_GLOBAL_6K_V2.4_Model_FP32.tflite,243B1F02648873F9_20260412_031500_chunk_030.wav,18000,558,561
18561,18564,Columba palumbus,Common Wood-Pigeon,0.4682,243B1F02648873F9_20260412_031500.WAV,14,0.0,1.0,0.25,BirdNET_GLOBAL_6K_V2.4_Model_FP32.tflite,243B1F02648873F9_20260412_031500_chunk_030.wav,18000,561,564
18564,18567,Columba palumbus,Common Wood-Pigeon,0.3614,243B1F02648873F9_20260412_031500.WAV,14,0.0,1.0,0.25,BirdNET_GLOBAL_6K_V2.4_Model_FP32.tflite,243B1F02648873F9_20260412_031500_chunk_030.wav,18000,564,567
18570,18573,Columba palumbus,Common Wood-Pigeon,0.5273,243B1F02648873F9_20260412_031500.WAV,14,0.0,1.0,0.25,BirdNET_GLOBAL_6K_V2.4_Model_FP32.tflite,243B1F02648873F9_20260412_031500_chunk_030.wav,18000,570,573
18573,18576,Columba palumbus,Common Wood-Pigeon,0.9376,243B1F02648873F9_20260412_031500.WAV,14,0.0,1.0,0.25,BirdNET_GLOBAL_6K_V2.4_Model_FP32.tflite,243B1F02648873F9_20260412_031500_chunk_030.wav,18000,573,576
18576,18579,Columba palumbus,Common Wood-Pigeon,0.9830,243B1F02648873F9_20260412_031500.WAV,14,0.0,1.0,0.25,BirdNET_GLOBAL_6K_V2.4_Model_FP32.tflite,243B1F02648873F9_20260412_031500_chunk_030.wav,18000,576,579
18579,18582,Columba palumbus,Common Wood-Pigeon,0.9459,243B1F02648873F9_20260412_031500.WAV,14,0.0,1.0,0.25,BirdNET_GLOBAL_6K_V2.4_Model_FP32.tflite,243B1F02648873F9_20260412_031500_chunk_030.wav,18000,579,582
18603,18606,Cyanistes caeruleus,Eurasian Blue Tit,0.9676,243B1F02648873F9_20260412_031500.WAV,14,0.0,1.0,0.25,BirdNET_GLOBAL_6K_V2.4_Model_FP32.tflite,243B1F02648873F9_20260412_031500_chunk_031.wav,18600,3,6
18618,18621,Turdus philomelos,Song Thrush,0.3033,243B1F02648873F9_20260412_031500.WAV,14,0.0,1.0,0.25,BirdNET_GLOBAL_6K_V2.4_Model_FP32.tflite,243B1F02648873F9_20260412_031500_chunk_031.wav,18600,18,21
18624,18627,Cyanistes caeruleus,Eurasian Blue Tit,0.9737,243B1F02648873F9_20260412_031500.WAV,14,0.0,1.0,0.25,BirdNET_GLOBAL_6K_V2.4_Model_FP32.tflite,243B1F02648873F9_20260412_031500_chunk_031.wav,18600,24,27
18630,18633,Cyanistes caeruleus,Eurasian Blue Tit,0.9402,243B1F02648873F9_20260412_031500.WAV,14,0.0,1.0,0.25,BirdNET_GLOBAL_6K_V2.4_Model_FP32.tflite,243B1F02648873F9_20260412_031500_chunk_031.wav,18600,30,33
18633,18636,Regulus regulus,Goldcrest,0.3679,243B1F02648873F9_20260412_031500.WAV,14,0.0,1.0,0.25,BirdNET_GLOBAL_6K_V2.4_Model_FP32.tflite,243B1F02648873F9_20260412_031500_chunk_031.wav,18600,33,36
18636,18639,Cyanistes caeruleus,Eurasian Blue Tit,0.9928,243B1F02648873F9_20260412_031500.WAV,14,0.0,1.0,0.25,BirdNET_GLOBAL_6K_V2.4_Model_FP32.tflite,243B1F02648873F9_20260412_031500_chunk_031.wav,18600,36,39
18639,18642,Corvus corone,Carrion Crow,0.5853,243B1F02648873F9_20260412_031500.WAV,14,0.0,1.0,0.25,BirdNET_GLOBAL_6K_V2.4_Model_FP32.tflite,243B1F02648873F9_20260412_031500_chunk_031.wav,18600,39,42
18639,18642,Corvus cornix,Hooded Crow,0.4422,243B1F02648873F9_20260412_031500.WAV,14,0.0,1.0,0.25,BirdNET_GLOBAL_6K_V2.4_Model_FP32.tflite,243B1F02648873F9_20260412_031500_chunk_031.wav,18600,39,42
18642,18645,Cyanistes caeruleus,Eurasian Blue Tit,0.9649,243B1F02648873F9_20260412_031500.WAV,14,0.0,1.0,0.25,BirdNET_GLOBAL_6K_V2.4_Model_FP32.tflite,243B1F02648873F9_20260412_031500_chunk_031.wav,18600,42,45
18645,18648,Corvus corone,Carrion Crow,0.4773,243B1F02648873F9_20260412_031500.WAV,14,0.0,1.0,0.25,BirdNET_GLOBAL_6K_V2.4_Model_FP32.tflite,243B1F02648873F9_20260412_031500_chunk_031.wav,18600,45,48
18645,18648,Corvus cornix,Hooded Crow,0.4140,243B1F02648873F9_20260412_031500.WAV,14,0.0,1.0,0.25,BirdNET_GLOBAL_6K_V2.4_Model_FP32.tflite,243B1F02648873F9_20260412_031500_chunk_031.wav,18600,45,48
18648,18651,Corvus corone,Carrion Crow,0.4919,243B1F02648873F9_20260412_031500.WAV,14,0.0,1.0,0.25,BirdNET_GLOBAL_6K_V2.4_Model_FP32.tflite,243B1F02648873F9_20260412_031500_chunk_031.wav,18600,48,51
18648,18651,Corvus cornix,Hooded Crow,0.2898,243B1F02648873F9_20260412_031500.WAV,14,0.0,1.0,0.25,BirdNET_GLOBAL_6K_V2.4_Model_FP32.tflite,243B1F02648873F9_20260412_031500_chunk_031.wav,18600,48,51
18657,18660,Cyanistes caeruleus,Eurasian Blue Tit,0.2681,243B1F02648873F9_20260412_031500.WAV,14,0.0,1.0,0.25,BirdNET_GLOBAL_6K_V2.4_Model_FP32.tflite,243B1F02648873F9_20260412_031500_chunk_031.wav,18600,57,60
18660,18663,Carduelis carduelis,European Goldfinch,0.6608,243B1F02648873F9_20260412_031500.WAV,14,0.0,1.0,0.25,BirdNET_GLOBAL_6K_V2.4_Model_FP32.tflite,243B1F02648873F9_20260412_031500_chunk_031.wav,18600,60,63
18663,18666,Cyanistes caeruleus,Eurasian Blue Tit,0.9559,243B1F02648873F9_20260412_031500.WAV,14,0.0,1.0,0.25,BirdNET_GLOBAL_6K_V2.4_Model_FP32.tflite,243B1F02648873F9_20260412_031500_chunk_031.wav,18600,63,66
18669,18672,Cyanistes caeruleus,Eurasian Blue Tit,0.9933,243B1F02648873F9_20260412_031500.WAV,14,0.0,1.0,0.25,BirdNET_GLOBAL_6K_V2.4_Model_FP32.tflite,243B1F02648873F9_20260412_031500_chunk_031.wav,18600,69,72
18675,18678,Cyanistes caeruleus,Eurasian Blue Tit,0.9736,243B1F02648873F9_20260412_031500.WAV,14,0.0,1.0,0.25,BirdNET_GLOBAL_6K_V2.4_Model_FP32.tflite,243B1F02648873F9_20260412_031500_chunk_031.wav,18600,75,78
18678,18681,Cyanistes caeruleus,Eurasian Blue Tit,0.7626,243B1F02648873F9_20260412_031500.WAV,14,0.0,1.0,0.25,BirdNET_GLOBAL_6K_V2.4_Model_FP32.tflite,243B1F02648873F9_20260412_031500_chunk_031.wav,18600,78,81
18681,18684,Cyanistes caeruleus,Eurasian Blue Tit,0.9743,243B1F02648873F9_20260412_031500.WAV,14,0.0,1.0,0.25,BirdNET_GLOBAL_6K_V2.4_Model_FP32.tflite,243B1F02648873F9_20260412_031500_chunk_031.wav,18600,81,84
18693,18696,Cyanistes caeruleus,Eurasian Blue Tit,0.6798,243B1F02648873F9_20260412_031500.WAV,14,0.0,1.0,0.25,BirdNET_GLOBAL_6K_V2.4_Model_FP32.tflite,243B1F02648873F9_20260412_031500_chunk_031.wav,18600,93,96
18696,18699,Cyanistes caeruleus,Eurasian Blue Tit,0.7204,243B1F02648873F9_20260412_031500.WAV,14,0.0,1.0,0.25,BirdNET_GLOBAL_6K_V2.4_Model_FP32.tflite,243B1F02648873F9_20260412_031500_chunk_031.wav,18600,96,99
18702,18705,Cyanistes caeruleus,Eurasian Blue Tit,0.9453,243B1F02648873F9_20260412_031500.WAV,14,0.0,1.0,0.25,BirdNET_GLOBAL_6K_V2.4_Model_FP32.tflite,243B1F02648873F9_20260412_031500_chunk_031.wav,18600,102,105
18711,18714,Cyanistes caeruleus,Eurasian Blue Tit,0.9074,243B1F02648873F9_20260412_031500.WAV,14,0.0,1.0,0.25,BirdNET_GLOBAL_6K_V2.4_Model_FP32.tflite,243B1F02648873F9_20260412_031500_chunk_031.wav,18600,111,114
18723,18726,Columba palumbus,Common Wood-Pigeon,0.2906,243B1F02648873F9_20260412_031500.WAV,14,0.0,1.0,0.25,BirdNET_GLOBAL_6K_V2.4_Model_FP32.tflite,243B1F02648873F9_20260412_031500_chunk_031.wav,18600,123,126
18744,18747,Corvus corone,Carrion Crow,0.4837,243B1F02648873F9_20260412_031500.WAV,14,0.0,1.0,0.25,BirdNET_GLOBAL_6K_V2.4_Model_FP32.tflite,243B1F02648873F9_20260412_031500_chunk_031.wav,18600,144,147
18747,18750,Corvus corone,Carrion Crow,0.3295,243B1F02648873F9_20260412_031500.WAV,14,0.0,1.0,0.25,BirdNET_GLOBAL_6K_V2.4_Model_FP32.tflite,243B1F02648873F9_20260412_031500_chunk_031.wav,18600,147,150
18750,18753,Picus viridis,Eurasian Green Woodpecker,0.2602,243B1F02648873F9_20260412_031500.WAV,14,0.0,1.0,0.25,BirdNET_GLOBAL_6K_V2.4_Model_FP32.tflite,243B1F02648873F9_20260412_031500_chunk_031.wav,18600,150,153
18759,18762,Corvus corone,Carrion Crow,0.3715,243B1F02648873F9_20260412_031500.WAV,14,0.0,1.0,0.25,BirdNET_GLOBAL_6K_V2.4_Model_FP32.tflite,243B1F02648873F9_20260412_031500_chunk_031.wav,18600,159,162
18765,18768,Picus viridis,Eurasian Green Woodpecker,0.3300,243B1F02648873F9_20260412_031500.WAV,14,0.0,1.0,0.25,BirdNET_GLOBAL_6K_V2.4_Model_FP32.tflite,243B1F02648873F9_20260412_031500_chunk_031.wav,18600,165,168
18783,18786,Aegithalos caudatus,Long-tailed Tit,0.2616,243B1F02648873F9_20260412_031500.WAV,14,0.0,1.0,0.25,BirdNET_GLOBAL_6K_V2.4_Model_FP32.tflite,243B1F02648873F9_20260412_031500_chunk_031.wav,18600,183,186
18789,18792,Troglodytes troglodytes,Eurasian Wren,0.4769,243B1F02648873F9_20260412_031500.WAV,14,0.0,1.0,0.25,BirdNET_GLOBAL_6K_V2.4_Model_FP32.tflite,243B1F02648873F9_20260412_031500_chunk_031.wav,18600,189,192
18792,18795,Regulus regulus,Goldcrest,0.4142,243B1F02648873F9_20260412_031500.WAV,14,0.0,1.0,0.25,BirdNET_GLOBAL_6K_V2.4_Model_FP32.tflite,243B1F02648873F9_20260412_031500_chunk_031.wav,18600,192,195
18807,18810,Troglodytes troglodytes,Eurasian Wren,0.3475,243B1F02648873F9_20260412_031500.WAV,14,0.0,1.0,0.25,BirdNET_GLOBAL_6K_V2.4_Model_FP32.tflite,243B1F02648873F9_20260412_031500_chunk_031.wav,18600,207,210
18813,18816,Regulus regulus,Goldcrest,0.2620,243B1F02648873F9_20260412_031500.WAV,14,0.0,1.0,0.25,BirdNET_GLOBAL_6K_V2.4_Model_FP32.tflite,243B1F02648873F9_20260412_031500_chunk_031.wav,18600,213,216
18846,18849,Aegithalos caudatus,Long-tailed Tit,0.3226,243B1F02648873F9_20260412_031500.WAV,14,0.0,1.0,0.25,BirdNET_GLOBAL_6K_V2.4_Model_FP32.tflite,243B1F02648873F9_20260412_031500_chunk_031.wav,18600,246,249
18855,18858,Columba palumbus,Common Wood-Pigeon,0.3343,243B1F02648873F9_20260412_031500.WAV,14,0.0,1.0,0.25,BirdNET_GLOBAL_6K_V2.4_Model_FP32.tflite,243B1F02648873F9_20260412_031500_chunk_031.wav,18600,255,258
18855,18858,Regulus regulus,Goldcrest,0.2762,243B1F02648873F9_20260412_031500.WAV,14,0.0,1.0,0.25,BirdNET_GLOBAL_6K_V2.4_Model_FP32.tflite,243B1F02648873F9_20260412_031500_chunk_031.wav,18600,255,258
18867,18870,Columba palumbus,Common Wood-Pigeon,0.7014,243B1F02648873F9_20260412_031500.WAV,14,0.0,1.0,0.25,BirdNET_GLOBAL_6K_V2.4_Model_FP32.tflite,243B1F02648873F9_20260412_031500_chunk_031.wav,18600,267,270
18870,18873,Columba palumbus,Common Wood-Pigeon,0.9902,243B1F02648873F9_20260412_031500.WAV,14,0.0,1.0,0.25,BirdNET_GLOBAL_6K_V2.4_Model_FP32.tflite,243B1F02648873F9_20260412_031500_chunk_031.wav,18600,270,273
18873,18876,Columba palumbus,Common Wood-Pigeon,0.6394,243B1F02648873F9_20260412_031500.WAV,14,0.0,1.0,0.25,BirdNET_GLOBAL_6K_V2.4_Model_FP32.tflite,243B1F02648873F9_20260412_031500_chunk_031.wav,18600,273,276
18873,18876,Streptopelia decaocto,Eurasian Collared-Dove,0.4658,243B1F02648873F9_20260412_031500.WAV,14,0.0,1.0,0.25,BirdNET_GLOBAL_6K_V2.4_Model_FP32.tflite,243B1F02648873F9_20260412_031500_chunk_031.wav,18600,273,276
18876,18879,Columba palumbus,Common Wood-Pigeon,0.5988,243B1F02648873F9_20260412_031500.WAV,14,0.0,1.0,0.25,BirdNET_GLOBAL_6K_V2.4_Model_FP32.tflite,243B1F02648873F9_20260412_031500_chunk_031.wav,18600,276,279
18879,18882,Columba palumbus,Common Wood-Pigeon,0.5565,243B1F02648873F9_20260412_031500.WAV,14,0.0,1.0,0.25,BirdNET_GLOBAL_6K_V2.4_Model_FP32.tflite,243B1F02648873F9_20260412_031500_chunk_031.wav,18600,279,282
18882,18885,Columba palumbus,Common Wood-Pigeon,0.5415,243B1F02648873F9_20260412_031500.WAV,14,0.0,1.0,0.25,BirdNET_GLOBAL_6K_V2.4_Model_FP32.tflite,243B1F02648873F9_20260412_031500_chunk_031.wav,18600,282,285
18882,18885,Streptopelia decaocto,Eurasian Collared-Dove,0.4445,243B1F02648873F9_20260412_031500.WAV,14,0.0,1.0,0.25,BirdNET_GLOBAL_6K_V2.4_Model_FP32.tflite,243B1F02648873F9_20260412_031500_chunk_031.wav,18600,282,285
18885,18888,Columba palumbus,Common Wood-Pigeon,0.2942,243B1F02648873F9_20260412_031500.WAV,14,0.0,1.0,0.25,BirdNET_GLOBAL_6K_V2.4_Model_FP32.tflite,243B1F02648873F9_20260412_031500_chunk_031.wav,18600,285,288
18888,18891,Columba palumbus,Common Wood-Pigeon,0.5079,243B1F02648873F9_20260412_031500.WAV,14,0.0,1.0,0.25,BirdNET_GLOBAL_6K_V2.4_Model_FP32.tflite,243B1F02648873F9_20260412_031500_chunk_031.wav,18600,288,291
18891,18894,Columba palumbus,Common Wood-Pigeon,0.6989,243B1F02648873F9_20260412_031500.WAV,14,0.0,1.0,0.25,BirdNET_GLOBAL_6K_V2.4_Model_FP32.tflite,243B1F02648873F9_20260412_031500_chunk_031.wav,18600,291,294
18894,18897,Columba palumbus,Common Wood-Pigeon,0.6757,243B1F02648873F9_20260412_031500.WAV,14,0.0,1.0,0.25,BirdNET_GLOBAL_6K_V2.4_Model_FP32.tflite,243B1F02648873F9_20260412_031500_chunk_031.wav,18600,294,297
18897,18900,Columba palumbus,Common Wood-Pigeon,0.6054,243B1F02648873F9_20260412_031500.WAV,14,0.0,1.0,0.25,BirdNET_GLOBAL_6K_V2.4_Model_FP32.tflite,243B1F02648873F9_20260412_031500_chunk_031.wav,18600,297,300
18900,18903,Columba palumbus,Common Wood-Pigeon,0.4492,243B1F02648873F9_20260412_031500.WAV,14,0.0,1.0,0.25,BirdNET_GLOBAL_6K_V2.4_Model_FP32.tflite,243B1F02648873F9_20260412_031500_chunk_031.wav,18600,300,303
18900,18903,Streptopelia decaocto,Eurasian Collared-Dove,0.3100,243B1F02648873F9_20260412_031500.WAV,14,0.0,1.0,0.25,BirdNET_GLOBAL_6K_V2.4_Model_FP32.tflite,243B1F02648873F9_20260412_031500_chunk_031.wav,18600,300,303
18903,18906,Columba palumbus,Common Wood-Pigeon,0.8689,243B1F02648873F9_20260412_031500.WAV,14,0.0,1.0,0.25,BirdNET_GLOBAL_6K_V2.4_Model_FP32.tflite,243B1F02648873F9_20260412_031500_chunk_031.wav,18600,303,306
18906,18909,Columba palumbus,Common Wood-Pigeon,0.2741,243B1F02648873F9_20260412_031500.WAV,14,0.0,1.0,0.25,BirdNET_GLOBAL_6K_V2.4_Model_FP32.tflite,243B1F02648873F9_20260412_031500_chunk_031.wav,18600,306,309
18915,18918,Troglodytes troglodytes,Eurasian Wren,0.8330,243B1F02648873F9_20260412_031500.WAV,14,0.0,1.0,0.25,BirdNET_GLOBAL_6K_V2.4_Model_FP32.tflite,243B1F02648873F9_20260412_031500_chunk_031.wav,18600,315,318
18918,18921,Troglodytes troglodytes,Eurasian Wren,0.2644,243B1F02648873F9_20260412_031500.WAV,14,0.0,1.0,0.25,BirdNET_GLOBAL_6K_V2.4_Model_FP32.tflite,243B1F02648873F9_20260412_031500_chunk_031.wav,18600,318,321
18927,18930,Columba palumbus,Common Wood-Pigeon,0.8557,243B1F02648873F9_20260412_031500.WAV,14,0.0,1.0,0.25,BirdNET_GLOBAL_6K_V2.4_Model_FP32.tflite,243B1F02648873F9_20260412_031500_chunk_031.wav,18600,327,330
18930,18933,Troglodytes troglodytes,Eurasian Wren,0.4251,243B1F02648873F9_20260412_031500.WAV,14,0.0,1.0,0.25,BirdNET_GLOBAL_6K_V2.4_Model_FP32.tflite,243B1F02648873F9_20260412_031500_chunk_031.wav,18600,330,333
18933,18936,Troglodytes troglodytes,Eurasian Wren,0.4548,243B1F02648873F9_20260412_031500.WAV,14,0.0,1.0,0.25,BirdNET_GLOBAL_6K_V2.4_Model_FP32.tflite,243B1F02648873F9_20260412_031500_chunk_031.wav,18600,333,336
18942,18945,Troglodytes troglodytes,Eurasian Wren,0.6107,243B1F02648873F9_20260412_031500.WAV,14,0.0,1.0,0.25,BirdNET_GLOBAL_6K_V2.4_Model_FP32.tflite,243B1F02648873F9_20260412_031500_chunk_031.wav,18600,342,345
18945,18948,Troglodytes troglodytes,Eurasian Wren,0.6927,243B1F02648873F9_20260412_031500.WAV,14,0.0,1.0,0.25,BirdNET_GLOBAL_6K_V2.4_Model_FP32.tflite,243B1F02648873F9_20260412_031500_chunk_031.wav,18600,345,348
18948,18951,Troglodytes troglodytes,Eurasian Wren,0.2771,243B1F02648873F9_20260412_031500.WAV,14,0.0,1.0,0.25,BirdNET_GLOBAL_6K_V2.4_Model_FP32.tflite,243B1F02648873F9_20260412_031500_chunk_031.wav,18600,348,351
18954,18957,Troglodytes troglodytes,Eurasian Wren,0.2744,243B1F02648873F9_20260412_031500.WAV,14,0.0,1.0,0.25,BirdNET_GLOBAL_6K_V2.4_Model_FP32.tflite,243B1F02648873F9_20260412_031500_chunk_031.wav,18600,354,357
18963,18966,Troglodytes troglodytes,Eurasian Wren,0.5457,243B1F02648873F9_20260412_031500.WAV,14,0.0,1.0,0.25,BirdNET_GLOBAL_6K_V2.4_Model_FP32.tflite,243B1F02648873F9_20260412_031500_chunk_031.wav,18600,363,366
18966,18969,Troglodytes troglodytes,Eurasian Wren,0.4294,243B1F02648873F9_20260412_031500.WAV,14,0.0,1.0,0.25,BirdNET_GLOBAL_6K_V2.4_Model_FP32.tflite,243B1F02648873F9_20260412_031500_chunk_031.wav,18600,366,369
18978,18981,Columba palumbus,Common Wood-Pigeon,0.8885,243B1F02648873F9_20260412_031500.WAV,14,0.0,1.0,0.25,BirdNET_GLOBAL_6K_V2.4_Model_FP32.tflite,243B1F02648873F9_20260412_031500_chunk_031.wav,18600,378,381
18981,18984,Columba palumbus,Common Wood-Pigeon,0.4859,243B1F02648873F9_20260412_031500.WAV,14,0.0,1.0,0.25,BirdNET_GLOBAL_6K_V2.4_Model_FP32.tflite,243B1F02648873F9_20260412_031500_chunk_031.wav,18600,381,384
18984,18987,Columba palumbus,Common Wood-Pigeon,0.8200,243B1F02648873F9_20260412_031500.WAV,14,0.0,1.0,0.25,BirdNET_GLOBAL_6K_V2.4_Model_FP32.tflite,243B1F02648873F9_20260412_031500_chunk_031.wav,18600,384,387
18987,18990,Columba palumbus,Common Wood-Pigeon,0.7037,243B1F02648873F9_20260412_031500.WAV,14,0.0,1.0,0.25,BirdNET_GLOBAL_6K_V2.4_Model_FP32.tflite,243B1F02648873F9_20260412_031500_chunk_031.wav,18600,387,390
18999,19002,Aegithalos caudatus,Long-tailed Tit,0.2522,243B1F02648873F9_20260412_031500.WAV,14,0.0,1.0,0.25,BirdNET_GLOBAL_6K_V2.4_Model_FP32.tflite,243B1F02648873F9_20260412_031500_chunk_031.wav,18600,399,402
19002,19005,Columba palumbus,Common Wood-Pigeon,0.9851,243B1F02648873F9_20260412_031500.WAV,14,0.0,1.0,0.25,BirdNET_GLOBAL_6K_V2.4_Model_FP32.tflite,243B1F02648873F9_20260412_031500_chunk_031.wav,18600,402,405
19005,19008,Corvus corone,Carrion Crow,0.5044,243B1F02648873F9_20260412_031500.WAV,14,0.0,1.0,0.25,BirdNET_GLOBAL_6K_V2.4_Model_FP32.tflite,243B1F02648873F9_20260412_031500_chunk_031.wav,18600,405,408
19005,19008,Corvus cornix,Hooded Crow,0.5033,243B1F02648873F9_20260412_031500.WAV,14,0.0,1.0,0.25,BirdNET_GLOBAL_6K_V2.4_Model_FP32.tflite,243B1F02648873F9_20260412_031500_chunk_031.wav,18600,405,408
19008,19011,Corvus cornix,Hooded Crow,0.5080,243B1F02648873F9_20260412_031500.WAV,14,0.0,1.0,0.25,BirdNET_GLOBAL_6K_V2.4_Model_FP32.tflite,243B1F02648873F9_20260412_031500_chunk_031.wav,18600,408,411
19008,19011,Corvus corone,Carrion Crow,0.4231,243B1F02648873F9_20260412_031500.WAV,14,0.0,1.0,0.25,BirdNET_GLOBAL_6K_V2.4_Model_FP32.tflite,243B1F02648873F9_20260412_031500_chunk_031.wav,18600,408,411
19011,19014,Columba palumbus,Common Wood-Pigeon,0.6204,243B1F02648873F9_20260412_031500.WAV,14,0.0,1.0,0.25,BirdNET_GLOBAL_6K_V2.4_Model_FP32.tflite,243B1F02648873F9_20260412_031500_chunk_031.wav,18600,411,414
19023,19026,Certhia familiaris,Eurasian Treecreeper,0.3215,243B1F02648873F9_20260412_031500.WAV,14,0.0,1.0,0.25,BirdNET_GLOBAL_6K_V2.4_Model_FP32.tflite,243B1F02648873F9_20260412_031500_chunk_031.wav,18600,423,426
19041,19044,Columba palumbus,Common Wood-Pigeon,0.8404,243B1F02648873F9_20260412_031500.WAV,14,0.0,1.0,0.25,BirdNET_GLOBAL_6K_V2.4_Model_FP32.tflite,243B1F02648873F9_20260412_031500_chunk_031.wav,18600,441,444
19044,19047,Columba palumbus,Common Wood-Pigeon,0.9603,243B1F02648873F9_20260412_031500.WAV,14,0.0,1.0,0.25,BirdNET_GLOBAL_6K_V2.4_Model_FP32.tflite,243B1F02648873F9_20260412_031500_chunk_031.wav,18600,444,447
19050,19053,Carduelis carduelis,European Goldfinch,0.5782,243B1F02648873F9_20260412_031500.WAV,14,0.0,1.0,0.25,BirdNET_GLOBAL_6K_V2.4_Model_FP32.tflite,243B1F02648873F9_20260412_031500_chunk_031.wav,18600,450,453
19053,19056,Columba palumbus,Common Wood-Pigeon,0.8681,243B1F02648873F9_20260412_031500.WAV,14,0.0,1.0,0.25,BirdNET_GLOBAL_6K_V2.4_Model_FP32.tflite,243B1F02648873F9_20260412_031500_chunk_031.wav,18600,453,456
19056,19059,Columba palumbus,Common Wood-Pigeon,0.5945,243B1F02648873F9_20260412_031500.WAV,14,0.0,1.0,0.25,BirdNET_GLOBAL_6K_V2.4_Model_FP32.tflite,243B1F02648873F9_20260412_031500_chunk_031.wav,18600,456,459
19059,19062,Columba palumbus,Common Wood-Pigeon,0.5079,243B1F02648873F9_20260412_031500.WAV,14,0.0,1.0,0.25,BirdNET_GLOBAL_6K_V2.4_Model_FP32.tflite,243B1F02648873F9_20260412_031500_chunk_031.wav,18600,459,462
19071,19074,Regulus regulus,Goldcrest,0.6095,243B1F02648873F9_20260412_031500.WAV,14,0.0,1.0,0.25,BirdNET_GLOBAL_6K_V2.4_Model_FP32.tflite,243B1F02648873F9_20260412_031500_chunk_031.wav,18600,471,474
19074,19077,Regulus regulus,Goldcrest,0.2772,243B1F02648873F9_20260412_031500.WAV,14,0.0,1.0,0.25,BirdNET_GLOBAL_6K_V2.4_Model_FP32.tflite,243B1F02648873F9_20260412_031500_chunk_031.wav,18600,474,477
19077,19080,Columba palumbus,Common Wood-Pigeon,0.8336,243B1F02648873F9_20260412_031500.WAV,14,0.0,1.0,0.25,BirdNET_GLOBAL_6K_V2.4_Model_FP32.tflite,243B1F02648873F9_20260412_031500_chunk_031.wav,18600,477,480
19080,19083,Columba palumbus,Common Wood-Pigeon,0.3026,243B1F02648873F9_20260412_031500.WAV,14,0.0,1.0,0.25,BirdNET_GLOBAL_6K_V2.4_Model_FP32.tflite,243B1F02648873F9_20260412_031500_chunk_031.wav,18600,480,483
19083,19086,Columba palumbus,Common Wood-Pigeon,0.6836,243B1F02648873F9_20260412_031500.WAV,14,0.0,1.0,0.25,BirdNET_GLOBAL_6K_V2.4_Model_FP32.tflite,243B1F02648873F9_20260412_031500_chunk_031.wav,18600,483,486
19089,19092,Regulus regulus,Goldcrest,0.5139,243B1F02648873F9_20260412_031500.WAV,14,0.0,1.0,0.25,BirdNET_GLOBAL_6K_V2.4_Model_FP32.tflite,243B1F02648873F9_20260412_031500_chunk_031.wav,18600,489,492
19092,19095,Regulus regulus,Goldcrest,0.8449,243B1F02648873F9_20260412_031500.WAV,14,0.0,1.0,0.25,BirdNET_GLOBAL_6K_V2.4_Model_FP32.tflite,243B1F02648873F9_20260412_031500_chunk_031.wav,18600,492,495
19098,19101,Columba palumbus,Common Wood-Pigeon,0.5186,243B1F02648873F9_20260412_031500.WAV,14,0.0,1.0,0.25,BirdNET_GLOBAL_6K_V2.4_Model_FP32.tflite,243B1F02648873F9_20260412_031500_chunk_031.wav,18600,498,501
19101,19104,Columba palumbus,Common Wood-Pigeon,0.5437,243B1F02648873F9_20260412_031500.WAV,14,0.0,1.0,0.25,BirdNET_GLOBAL_6K_V2.4_Model_FP32.tflite,243B1F02648873F9_20260412_031500_chunk_031.wav,18600,501,504
19104,19107,Columba palumbus,Common Wood-Pigeon,0.9160,243B1F02648873F9_20260412_031500.WAV,14,0.0,1.0,0.25,BirdNET_GLOBAL_6K_V2.4_Model_FP32.tflite,243B1F02648873F9_20260412_031500_chunk_031.wav,18600,504,507
19107,19110,Columba palumbus,Common Wood-Pigeon,0.2763,243B1F02648873F9_20260412_031500.WAV,14,0.0,1.0,0.25,BirdNET_GLOBAL_6K_V2.4_Model_FP32.tflite,243B1F02648873F9_20260412_031500_chunk_031.wav,18600,507,510
19110,19113,Columba palumbus,Common Wood-Pigeon,0.9298,243B1F02648873F9_20260412_031500.WAV,14,0.0,1.0,0.25,BirdNET_GLOBAL_6K_V2.4_Model_FP32.tflite,243B1F02648873F9_20260412_031500_chunk_031.wav,18600,510,513
19134,19137,Columba palumbus,Common Wood-Pigeon,0.5033,243B1F02648873F9_20260412_031500.WAV,14,0.0,1.0,0.25,BirdNET_GLOBAL_6K_V2.4_Model_FP32.tflite,243B1F02648873F9_20260412_031500_chunk_031.wav,18600,534,537
19137,19140,Columba palumbus,Common Wood-Pigeon,0.8307,243B1F02648873F9_20260412_031500.WAV,14,0.0,1.0,0.25,BirdNET_GLOBAL_6K_V2.4_Model_FP32.tflite,243B1F02648873F9_20260412_031500_chunk_031.wav,18600,537,540
19140,19143,Columba palumbus,Common Wood-Pigeon,0.9116,243B1F02648873F9_20260412_031500.WAV,14,0.0,1.0,0.25,BirdNET_GLOBAL_6K_V2.4_Model_FP32.tflite,243B1F02648873F9_20260412_031500_chunk_031.wav,18600,540,543
19143,19146,Columba palumbus,Common Wood-Pigeon,0.4167,243B1F02648873F9_20260412_031500.WAV,14,0.0,1.0,0.25,BirdNET_GLOBAL_6K_V2.4_Model_FP32.tflite,243B1F02648873F9_20260412_031500_chunk_031.wav,18600,543,546
19146,19149,Cyanistes caeruleus,Eurasian Blue Tit,0.3016,243B1F02648873F9_20260412_031500.WAV,14,0.0,1.0,0.25,BirdNET_GLOBAL_6K_V2.4_Model_FP32.tflite,243B1F02648873F9_20260412_031500_chunk_031.wav,18600,546,549
19161,19164,Cyanistes caeruleus,Eurasian Blue Tit,0.4073,243B1F02648873F9_20260412_031500.WAV,14,0.0,1.0,0.25,BirdNET_GLOBAL_6K_V2.4_Model_FP32.tflite,243B1F02648873F9_20260412_031500_chunk_031.wav,18600,561,564
19170,19173,Columba palumbus,Common Wood-Pigeon,0.2577,243B1F02648873F9_20260412_031500.WAV,14,0.0,1.0,0.25,BirdNET_GLOBAL_6K_V2.4_Model_FP32.tflite,243B1F02648873F9_20260412_031500_chunk_031.wav,18600,570,573
19191,19194,Regulus regulus,Goldcrest,0.3739,243B1F02648873F9_20260412_031500.WAV,14,0.0,1.0,0.25,BirdNET_GLOBAL_6K_V2.4_Model_FP32.tflite,243B1F02648873F9_20260412_031500_chunk_031.wav,18600,591,594
19194,19197,Regulus regulus,Goldcrest,0.3334,243B1F02648873F9_20260412_031500.WAV,14,0.0,1.0,0.25,BirdNET_GLOBAL_6K_V2.4_Model_FP32.tflite,243B1F02648873F9_20260412_031500_chunk_031.wav,18600,594,597
19215,19218,Columba palumbus,Common Wood-Pigeon,0.6525,243B1F02648873F9_20260412_031500.WAV,14,0.0,1.0,0.25,BirdNET_GLOBAL_6K_V2.4_Model_FP32.tflite,243B1F02648873F9_20260412_031500_chunk_032.wav,19200,15,18
19218,19221,Streptopelia decaocto,Eurasian Collared-Dove,0.3775,243B1F02648873F9_20260412_031500.WAV,14,0.0,1.0,0.25,BirdNET_GLOBAL_6K_V2.4_Model_FP32.tflite,243B1F02648873F9_20260412_031500_chunk_032.wav,19200,18,21
19218,19221,Columba palumbus,Common Wood-Pigeon,0.3164,243B1F02648873F9_20260412_031500.WAV,14,0.0,1.0,0.25,BirdNET_GLOBAL_6K_V2.4_Model_FP32.tflite,243B1F02648873F9_20260412_031500_chunk_032.wav,19200,18,21
19221,19224,Columba palumbus,Common Wood-Pigeon,0.7430,243B1F02648873F9_20260412_031500.WAV,14,0.0,1.0,0.25,BirdNET_GLOBAL_6K_V2.4_Model_FP32.tflite,243B1F02648873F9_20260412_031500_chunk_032.wav,19200,21,24
19224,19227,Columba palumbus,Common Wood-Pigeon,0.6546,243B1F02648873F9_20260412_031500.WAV,14,0.0,1.0,0.25,BirdNET_GLOBAL_6K_V2.4_Model_FP32.tflite,243B1F02648873F9_20260412_031500_chunk_032.wav,19200,24,27
19230,19233,Columba palumbus,Common Wood-Pigeon,0.4913,243B1F02648873F9_20260412_031500.WAV,14,0.0,1.0,0.25,BirdNET_GLOBAL_6K_V2.4_Model_FP32.tflite,243B1F02648873F9_20260412_031500_chunk_032.wav,19200,30,33
19233,19236,Certhia familiaris,Eurasian Treecreeper,0.4382,243B1F02648873F9_20260412_031500.WAV,14,0.0,1.0,0.25,BirdNET_GLOBAL_6K_V2.4_Model_FP32.tflite,243B1F02648873F9_20260412_031500_chunk_032.wav,19200,33,36
19233,19236,Columba palumbus,Common Wood-Pigeon,0.3386,243B1F02648873F9_20260412_031500.WAV,14,0.0,1.0,0.25,BirdNET_GLOBAL_6K_V2.4_Model_FP32.tflite,243B1F02648873F9_20260412_031500_chunk_032.wav,19200,33,36
19236,19239,Columba palumbus,Common Wood-Pigeon,0.7725,243B1F02648873F9_20260412_031500.WAV,14,0.0,1.0,0.25,BirdNET_GLOBAL_6K_V2.4_Model_FP32.tflite,243B1F02648873F9_20260412_031500_chunk_032.wav,19200,36,39
19245,19248,Parus major,Great Tit,0.3207,243B1F02648873F9_20260412_031500.WAV,14,0.0,1.0,0.25,BirdNET_GLOBAL_6K_V2.4_Model_FP32.tflite,243B1F02648873F9_20260412_031500_chunk_032.wav,19200,45,48
19248,19251,Troglodytes troglodytes,Eurasian Wren,0.6198,243B1F02648873F9_20260412_031500.WAV,14,0.0,1.0,0.25,BirdNET_GLOBAL_6K_V2.4_Model_FP32.tflite,243B1F02648873F9_20260412_031500_chunk_032.wav,19200,48,51
19251,19254,Certhia familiaris,Eurasian Treecreeper,0.6440,243B1F02648873F9_20260412_031500.WAV,14,0.0,1.0,0.25,BirdNET_GLOBAL_6K_V2.4_Model_FP32.tflite,243B1F02648873F9_20260412_031500_chunk_032.wav,19200,51,54
19254,19257,Troglodytes troglodytes,Eurasian Wren,0.4898,243B1F02648873F9_20260412_031500.WAV,14,0.0,1.0,0.25,BirdNET_GLOBAL_6K_V2.4_Model_FP32.tflite,243B1F02648873F9_20260412_031500_chunk_032.wav,19200,54,57
19257,19260,Troglodytes troglodytes,Eurasian Wren,0.5346,243B1F02648873F9_20260412_031500.WAV,14,0.0,1.0,0.25,BirdNET_GLOBAL_6K_V2.4_Model_FP32.tflite,243B1F02648873F9_20260412_031500_chunk_032.wav,19200,57,60
19260,19263,Troglodytes troglodytes,Eurasian Wren,0.7275,243B1F02648873F9_20260412_031500.WAV,14,0.0,1.0,0.25,BirdNET_GLOBAL_6K_V2.4_Model_FP32.tflite,243B1F02648873F9_20260412_031500_chunk_032.wav,19200,60,63
19266,19269,Columba palumbus,Common Wood-Pigeon,0.3238,243B1F02648873F9_20260412_031500.WAV,14,0.0,1.0,0.25,BirdNET_GLOBAL_6K_V2.4_Model_FP32.tflite,243B1F02648873F9_20260412_031500_chunk_032.wav,19200,66,69
19275,19278,Troglodytes troglodytes,Eurasian Wren,0.3305,243B1F02648873F9_20260412_031500.WAV,14,0.0,1.0,0.25,BirdNET_GLOBAL_6K_V2.4_Model_FP32.tflite,243B1F02648873F9_20260412_031500_chunk_032.wav,19200,75,78
19284,19287,Troglodytes troglodytes,Eurasian Wren,0.7185,243B1F02648873F9_20260412_031500.WAV,14,0.0,1.0,0.25,BirdNET_GLOBAL_6K_V2.4_Model_FP32.tflite,243B1F02648873F9_20260412_031500_chunk_032.wav,19200,84,87
19296,19299,Troglodytes troglodytes,Eurasian Wren,0.3929,243B1F02648873F9_20260412_031500.WAV,14,0.0,1.0,0.25,BirdNET_GLOBAL_6K_V2.4_Model_FP32.tflite,243B1F02648873F9_20260412_031500_chunk_032.wav,19200,96,99
19299,19302,Parus major,Great Tit,0.7866,243B1F02648873F9_20260412_031500.WAV,14,0.0,1.0,0.25,BirdNET_GLOBAL_6K_V2.4_Model_FP32.tflite,243B1F02648873F9_20260412_031500_chunk_032.wav,19200,99,102
19299,19302,Periparus ater,Coal Tit,0.2530,243B1F02648873F9_20260412_031500.WAV,14,0.0,1.0,0.25,BirdNET_GLOBAL_6K_V2.4_Model_FP32.tflite,243B1F02648873F9_20260412_031500_chunk_032.wav,19200,99,102
19302,19305,Parus major,Great Tit,0.4606,243B1F02648873F9_20260412_031500.WAV,14,0.0,1.0,0.25,BirdNET_GLOBAL_6K_V2.4_Model_FP32.tflite,243B1F02648873F9_20260412_031500_chunk_032.wav,19200,102,105
19308,19311,Troglodytes troglodytes,Eurasian Wren,0.8104,243B1F02648873F9_20260412_031500.WAV,14,0.0,1.0,0.25,BirdNET_GLOBAL_6K_V2.4_Model_FP32.tflite,243B1F02648873F9_20260412_031500_chunk_032.wav,19200,108,111
19311,19314,Parus major,Great Tit,0.2578,243B1F02648873F9_20260412_031500.WAV,14,0.0,1.0,0.25,BirdNET_GLOBAL_6K_V2.4_Model_FP32.tflite,243B1F02648873F9_20260412_031500_chunk_032.wav,19200,111,114
19317,19320,Parus major,Great Tit,0.2636,243B1F02648873F9_20260412_031500.WAV,14,0.0,1.0,0.25,BirdNET_GLOBAL_6K_V2.4_Model_FP32.tflite,243B1F02648873F9_20260412_031500_chunk_032.wav,19200,117,120
19323,19326,Periparus ater,Coal Tit,0.4091,243B1F02648873F9_20260412_031500.WAV,14,0.0,1.0,0.25,BirdNET_GLOBAL_6K_V2.4_Model_FP32.tflite,243B1F02648873F9_20260412_031500_chunk_032.wav,19200,123,126
19332,19335,Parus major,Great Tit,0.6181,243B1F02648873F9_20260412_031500.WAV,14,0.0,1.0,0.25,BirdNET_GLOBAL_6K_V2.4_Model_FP32.tflite,243B1F02648873F9_20260412_031500_chunk_032.wav,19200,132,135
19335,19338,Parus major,Great Tit,0.3205,243B1F02648873F9_20260412_031500.WAV,14,0.0,1.0,0.25,BirdNET_GLOBAL_6K_V2.4_Model_FP32.tflite,243B1F02648873F9_20260412_031500_chunk_032.wav,19200,135,138
19335,19338,Periparus ater,Coal Tit,0.3036,243B1F02648873F9_20260412_031500.WAV,14,0.0,1.0,0.25,BirdNET_GLOBAL_6K_V2.4_Model_FP32.tflite,243B1F02648873F9_20260412_031500_chunk_032.wav,19200,135,138
19344,19347,Columba palumbus,Common Wood-Pigeon,0.7583,243B1F02648873F9_20260412_031500.WAV,14,0.0,1.0,0.25,BirdNET_GLOBAL_6K_V2.4_Model_FP32.tflite,243B1F02648873F9_20260412_031500_chunk_032.wav,19200,144,147
19347,19350,Columba palumbus,Common Wood-Pigeon,0.5581,243B1F02648873F9_20260412_031500.WAV,14,0.0,1.0,0.25,BirdNET_GLOBAL_6K_V2.4_Model_FP32.tflite,243B1F02648873F9_20260412_031500_chunk_032.wav,19200,147,150
19350,19353,Columba palumbus,Common Wood-Pigeon,0.6586,243B1F02648873F9_20260412_031500.WAV,14,0.0,1.0,0.25,BirdNET_GLOBAL_6K_V2.4_Model_FP32.tflite,243B1F02648873F9_20260412_031500_chunk_032.wav,19200,150,153
19353,19356,Turdus iliacus,Redwing,0.4661,243B1F02648873F9_20260412_031500.WAV,14,0.0,1.0,0.25,BirdNET_GLOBAL_6K_V2.4_Model_FP32.tflite,243B1F02648873F9_20260412_031500_chunk_032.wav,19200,153,156
19359,19362,Troglodytes troglodytes,Eurasian Wren,0.5420,243B1F02648873F9_20260412_031500.WAV,14,0.0,1.0,0.25,BirdNET_GLOBAL_6K_V2.4_Model_FP32.tflite,243B1F02648873F9_20260412_031500_chunk_032.wav,19200,159,162
19365,19368,Troglodytes troglodytes,Eurasian Wren,0.3937,243B1F02648873F9_20260412_031500.WAV,14,0.0,1.0,0.25,BirdNET_GLOBAL_6K_V2.4_Model_FP32.tflite,243B1F02648873F9_20260412_031500_chunk_032.wav,19200,165,168
19374,19377,Columba palumbus,Common Wood-Pigeon,0.2507,243B1F02648873F9_20260412_031500.WAV,14,0.0,1.0,0.25,BirdNET_GLOBAL_6K_V2.4_Model_FP32.tflite,243B1F02648873F9_20260412_031500_chunk_032.wav,19200,174,177
19377,19380,Columba palumbus,Common Wood-Pigeon,0.8170,243B1F02648873F9_20260412_031500.WAV,14,0.0,1.0,0.25,BirdNET_GLOBAL_6K_V2.4_Model_FP32.tflite,243B1F02648873F9_20260412_031500_chunk_032.wav,19200,177,180
19383,19386,Parus major,Great Tit,0.7353,243B1F02648873F9_20260412_031500.WAV,14,0.0,1.0,0.25,BirdNET_GLOBAL_6K_V2.4_Model_FP32.tflite,243B1F02648873F9_20260412_031500_chunk_032.wav,19200,183,186
19389,19392,Parus major,Great Tit,0.6643,243B1F02648873F9_20260412_031500.WAV,14,0.0,1.0,0.25,BirdNET_GLOBAL_6K_V2.4_Model_FP32.tflite,243B1F02648873F9_20260412_031500_chunk_032.wav,19200,189,192
19392,19395,Parus major,Great Tit,0.5944,243B1F02648873F9_20260412_031500.WAV,14,0.0,1.0,0.25,BirdNET_GLOBAL_6K_V2.4_Model_FP32.tflite,243B1F02648873F9_20260412_031500_chunk_032.wav,19200,192,195
19398,19401,Parus major,Great Tit,0.8890,243B1F02648873F9_20260412_031500.WAV,14,0.0,1.0,0.25,BirdNET_GLOBAL_6K_V2.4_Model_FP32.tflite,243B1F02648873F9_20260412_031500_chunk_032.wav,19200,198,201
19404,19407,Columba palumbus,Common Wood-Pigeon,0.8966,243B1F02648873F9_20260412_031500.WAV,14,0.0,1.0,0.25,BirdNET_GLOBAL_6K_V2.4_Model_FP32.tflite,243B1F02648873F9_20260412_031500_chunk_032.wav,19200,204,207
19407,19410,Columba palumbus,Common Wood-Pigeon,0.9366,243B1F02648873F9_20260412_031500.WAV,14,0.0,1.0,0.25,BirdNET_GLOBAL_6K_V2.4_Model_FP32.tflite,243B1F02648873F9_20260412_031500_chunk_032.wav,19200,207,210
19410,19413,Columba palumbus,Common Wood-Pigeon,0.9609,243B1F02648873F9_20260412_031500.WAV,14,0.0,1.0,0.25,BirdNET_GLOBAL_6K_V2.4_Model_FP32.tflite,243B1F02648873F9_20260412_031500_chunk_032.wav,19200,210,213
19413,19416,Columba palumbus,Common Wood-Pigeon,0.9645,243B1F02648873F9_20260412_031500.WAV,14,0.0,1.0,0.25,BirdNET_GLOBAL_6K_V2.4_Model_FP32.tflite,243B1F02648873F9_20260412_031500_chunk_032.wav,19200,213,216
19416,19419,Columba palumbus,Common Wood-Pigeon,0.9429,243B1F02648873F9_20260412_031500.WAV,14,0.0,1.0,0.25,BirdNET_GLOBAL_6K_V2.4_Model_FP32.tflite,243B1F02648873F9_20260412_031500_chunk_032.wav,19200,216,219
19416,19419,Parus major,Great Tit,0.3332,243B1F02648873F9_20260412_031500.WAV,14,0.0,1.0,0.25,BirdNET_GLOBAL_6K_V2.4_Model_FP32.tflite,243B1F02648873F9_20260412_031500_chunk_032.wav,19200,216,219
19419,19422,Columba palumbus,Common Wood-Pigeon,0.8772,243B1F02648873F9_20260412_031500.WAV,14,0.0,1.0,0.25,BirdNET_GLOBAL_6K_V2.4_Model_FP32.tflite,243B1F02648873F9_20260412_031500_chunk_032.wav,19200,219,222
19419,19422,Parus major,Great Tit,0.2925,243B1F02648873F9_20260412_031500.WAV,14,0.0,1.0,0.25,BirdNET_GLOBAL_6K_V2.4_Model_FP32.tflite,243B1F02648873F9_20260412_031500_chunk_032.wav,19200,219,222
19422,19425,Columba palumbus,Common Wood-Pigeon,0.7039,243B1F02648873F9_20260412_031500.WAV,14,0.0,1.0,0.25,BirdNET_GLOBAL_6K_V2.4_Model_FP32.tflite,243B1F02648873F9_20260412_031500_chunk_032.wav,19200,222,225
19422,19425,Parus major,Great Tit,0.3280,243B1F02648873F9_20260412_031500.WAV,14,0.0,1.0,0.25,BirdNET_GLOBAL_6K_V2.4_Model_FP32.tflite,243B1F02648873F9_20260412_031500_chunk_032.wav,19200,222,225
19425,19428,Columba oenas,Stock Dove,0.5749,243B1F02648873F9_20260412_031500.WAV,14,0.0,1.0,0.25,BirdNET_GLOBAL_6K_V2.4_Model_FP32.tflite,243B1F02648873F9_20260412_031500_chunk_032.wav,19200,225,228
19425,19428,Parus major,Great Tit,0.3742,243B1F02648873F9_20260412_031500.WAV,14,0.0,1.0,0.25,BirdNET_GLOBAL_6K_V2.4_Model_FP32.tflite,243B1F02648873F9_20260412_031500_chunk_032.wav,19200,225,228
19428,19431,Parus major,Great Tit,0.6347,243B1F02648873F9_20260412_031500.WAV,14,0.0,1.0,0.25,BirdNET_GLOBAL_6K_V2.4_Model_FP32.tflite,243B1F02648873F9_20260412_031500_chunk_032.wav,19200,228,231
19428,19431,Columba oenas,Stock Dove,0.3579,243B1F02648873F9_20260412_031500.WAV,14,0.0,1.0,0.25,BirdNET_GLOBAL_6K_V2.4_Model_FP32.tflite,243B1F02648873F9_20260412_031500_chunk_032.wav,19200,228,231
19431,19434,Parus major,Great Tit,0.8056,243B1F02648873F9_20260412_031500.WAV,14,0.0,1.0,0.25,BirdNET_GLOBAL_6K_V2.4_Model_FP32.tflite,243B1F02648873F9_20260412_031500_chunk_032.wav,19200,231,234
19434,19437,Parus major,Great Tit,0.7716,243B1F02648873F9_20260412_031500.WAV,14,0.0,1.0,0.25,BirdNET_GLOBAL_6K_V2.4_Model_FP32.tflite,243B1F02648873F9_20260412_031500_chunk_032.wav,19200,234,237
19437,19440,Regulus regulus,Goldcrest,0.4239,243B1F02648873F9_20260412_031500.WAV,14,0.0,1.0,0.25,BirdNET_GLOBAL_6K_V2.4_Model_FP32.tflite,243B1F02648873F9_20260412_031500_chunk_032.wav,19200,237,240
19440,19443,Parus major,Great Tit,0.7299,243B1F02648873F9_20260412_031500.WAV,14,0.0,1.0,0.25,BirdNET_GLOBAL_6K_V2.4_Model_FP32.tflite,243B1F02648873F9_20260412_031500_chunk_032.wav,19200,240,243
19443,19446,Parus major,Great Tit,0.3950,243B1F02648873F9_20260412_031500.WAV,14,0.0,1.0,0.25,BirdNET_GLOBAL_6K_V2.4_Model_FP32.tflite,243B1F02648873F9_20260412_031500_chunk_032.wav,19200,243,246
19446,19449,Parus major,Great Tit,0.6187,243B1F02648873F9_20260412_031500.WAV,14,0.0,1.0,0.25,BirdNET_GLOBAL_6K_V2.4_Model_FP32.tflite,243B1F02648873F9_20260412_031500_chunk_032.wav,19200,246,249
19452,19455,Parus major,Great Tit,0.6837,243B1F02648873F9_20260412_031500.WAV,14,0.0,1.0,0.25,BirdNET_GLOBAL_6K_V2.4_Model_FP32.tflite,243B1F02648873F9_20260412_031500_chunk_032.wav,19200,252,255
19461,19464,Parus major,Great Tit,0.7661,243B1F02648873F9_20260412_031500.WAV,14,0.0,1.0,0.25,BirdNET_GLOBAL_6K_V2.4_Model_FP32.tflite,243B1F02648873F9_20260412_031500_chunk_032.wav,19200,261,264
19464,19467,Parus major,Great Tit,0.5477,243B1F02648873F9_20260412_031500.WAV,14,0.0,1.0,0.25,BirdNET_GLOBAL_6K_V2.4_Model_FP32.tflite,243B1F02648873F9_20260412_031500_chunk_032.wav,19200,264,267
19470,19473,Parus major,Great Tit,0.7816,243B1F02648873F9_20260412_031500.WAV,14,0.0,1.0,0.25,BirdNET_GLOBAL_6K_V2.4_Model_FP32.tflite,243B1F02648873F9_20260412_031500_chunk_032.wav,19200,270,273
19473,19476,Parus major,Great Tit,0.3804,243B1F02648873F9_20260412_031500.WAV,14,0.0,1.0,0.25,BirdNET_GLOBAL_6K_V2.4_Model_FP32.tflite,243B1F02648873F9_20260412_031500_chunk_032.wav,19200,273,276
19476,19479,Parus major,Great Tit,0.3852,243B1F02648873F9_20260412_031500.WAV,14,0.0,1.0,0.25,BirdNET_GLOBAL_6K_V2.4_Model_FP32.tflite,243B1F02648873F9_20260412_031500_chunk_032.wav,19200,276,279
19479,19482,Parus major,Great Tit,0.5623,243B1F02648873F9_20260412_031500.WAV,14,0.0,1.0,0.25,BirdNET_GLOBAL_6K_V2.4_Model_FP32.tflite,243B1F02648873F9_20260412_031500_chunk_032.wav,19200,279,282
19485,19488,Parus major,Great Tit,0.7526,243B1F02648873F9_20260412_031500.WAV,14,0.0,1.0,0.25,BirdNET_GLOBAL_6K_V2.4_Model_FP32.tflite,243B1F02648873F9_20260412_031500_chunk_032.wav,19200,285,288
19488,19491,Parus major,Great Tit,0.8599,243B1F02648873F9_20260412_031500.WAV,14,0.0,1.0,0.25,BirdNET_GLOBAL_6K_V2.4_Model_FP32.tflite,243B1F02648873F9_20260412_031500_chunk_032.wav,19200,288,291
19491,19494,Ardea cinerea,Gray Heron,0.3488,243B1F02648873F9_20260412_031500.WAV,14,0.0,1.0,0.25,BirdNET_GLOBAL_6K_V2.4_Model_FP32.tflite,243B1F02648873F9_20260412_031500_chunk_032.wav,19200,291,294
19494,19497,Parus major,Great Tit,0.5637,243B1F02648873F9_20260412_031500.WAV,14,0.0,1.0,0.25,BirdNET_GLOBAL_6K_V2.4_Model_FP32.tflite,243B1F02648873F9_20260412_031500_chunk_032.wav,19200,294,297
19500,19503,Parus major,Great Tit,0.5175,243B1F02648873F9_20260412_031500.WAV,14,0.0,1.0,0.25,BirdNET_GLOBAL_6K_V2.4_Model_FP32.tflite,243B1F02648873F9_20260412_031500_chunk_032.wav,19200,300,303
19503,19506,Parus major,Great Tit,0.8744,243B1F02648873F9_20260412_031500.WAV,14,0.0,1.0,0.25,BirdNET_GLOBAL_6K_V2.4_Model_FP32.tflite,243B1F02648873F9_20260412_031500_chunk_032.wav,19200,303,306
19509,19512,Parus major,Great Tit,0.5067,243B1F02648873F9_20260412_031500.WAV,14,0.0,1.0,0.25,BirdNET_GLOBAL_6K_V2.4_Model_FP32.tflite,243B1F02648873F9_20260412_031500_chunk_032.wav,19200,309,312
19512,19515,Parus major,Great Tit,0.8879,243B1F02648873F9_20260412_031500.WAV,14,0.0,1.0,0.25,BirdNET_GLOBAL_6K_V2.4_Model_FP32.tflite,243B1F02648873F9_20260412_031500_chunk_032.wav,19200,312,315
19515,19518,Columba palumbus,Common Wood-Pigeon,0.3528,243B1F02648873F9_20260412_031500.WAV,14,0.0,1.0,0.25,BirdNET_GLOBAL_6K_V2.4_Model_FP32.tflite,243B1F02648873F9_20260412_031500_chunk_032.wav,19200,315,318
19518,19521,Columba palumbus,Common Wood-Pigeon,0.4842,243B1F02648873F9_20260412_031500.WAV,14,0.0,1.0,0.25,BirdNET_GLOBAL_6K_V2.4_Model_FP32.tflite,243B1F02648873F9_20260412_031500_chunk_032.wav,19200,318,321
19518,19521,Parus major,Great Tit,0.4480,243B1F02648873F9_20260412_031500.WAV,14,0.0,1.0,0.25,BirdNET_GLOBAL_6K_V2.4_Model_FP32.tflite,243B1F02648873F9_20260412_031500_chunk_032.wav,19200,318,321
19518,19521,Columba oenas,Stock Dove,0.2564,243B1F02648873F9_20260412_031500.WAV,14,0.0,1.0,0.25,BirdNET_GLOBAL_6K_V2.4_Model_FP32.tflite,243B1F02648873F9_20260412_031500_chunk_032.wav,19200,318,321
19521,19524,Columba palumbus,Common Wood-Pigeon,0.5301,243B1F02648873F9_20260412_031500.WAV,14,0.0,1.0,0.25,BirdNET_GLOBAL_6K_V2.4_Model_FP32.tflite,243B1F02648873F9_20260412_031500_chunk_032.wav,19200,321,324
19521,19524,Parus major,Great Tit,0.3551,243B1F02648873F9_20260412_031500.WAV,14,0.0,1.0,0.25,BirdNET_GLOBAL_6K_V2.4_Model_FP32.tflite,243B1F02648873F9_20260412_031500_chunk_032.wav,19200,321,324
19524,19527,Columba palumbus,Common Wood-Pigeon,0.5613,243B1F02648873F9_20260412_031500.WAV,14,0.0,1.0,0.25,BirdNET_GLOBAL_6K_V2.4_Model_FP32.tflite,243B1F02648873F9_20260412_031500_chunk_032.wav,19200,324,327
19527,19530,Columba palumbus,Common Wood-Pigeon,0.3516,243B1F02648873F9_20260412_031500.WAV,14,0.0,1.0,0.25,BirdNET_GLOBAL_6K_V2.4_Model_FP32.tflite,243B1F02648873F9_20260412_031500_chunk_032.wav,19200,327,330
19533,19536,Parus major,Great Tit,0.7480,243B1F02648873F9_20260412_031500.WAV,14,0.0,1.0,0.25,BirdNET_GLOBAL_6K_V2.4_Model_FP32.tflite,243B1F02648873F9_20260412_031500_chunk_032.wav,19200,333,336
19539,19542,Parus major,Great Tit,0.3109,243B1F02648873F9_20260412_031500.WAV,14,0.0,1.0,0.25,BirdNET_GLOBAL_6K_V2.4_Model_FP32.tflite,243B1F02648873F9_20260412_031500_chunk_032.wav,19200,339,342
19569,19572,Parus major,Great Tit,0.4087,243B1F02648873F9_20260412_031500.WAV,14,0.0,1.0,0.25,BirdNET_GLOBAL_6K_V2.4_Model_FP32.tflite,243B1F02648873F9_20260412_031500_chunk_032.wav,19200,369,372
19578,19581,Cyanistes caeruleus,Eurasian Blue Tit,0.7585,243B1F02648873F9_20260412_031500.WAV,14,0.0,1.0,0.25,BirdNET_GLOBAL_6K_V2.4_Model_FP32.tflite,243B1F02648873F9_20260412_031500_chunk_032.wav,19200,378,381
19602,19605,Parus major,Great Tit,0.2991,243B1F02648873F9_20260412_031500.WAV,14,0.0,1.0,0.25,BirdNET_GLOBAL_6K_V2.4_Model_FP32.tflite,243B1F02648873F9_20260412_031500_chunk_032.wav,19200,402,405
19605,19608,Parus major,Great Tit,0.3053,243B1F02648873F9_20260412_031500.WAV,14,0.0,1.0,0.25,BirdNET_GLOBAL_6K_V2.4_Model_FP32.tflite,243B1F02648873F9_20260412_031500_chunk_032.wav,19200,405,408
19608,19611,Larus argentatus,Herring Gull,0.5401,243B1F02648873F9_20260412_031500.WAV,14,0.0,1.0,0.25,BirdNET_GLOBAL_6K_V2.4_Model_FP32.tflite,243B1F02648873F9_20260412_031500_chunk_032.wav,19200,408,411
19686,19689,Picus viridis,Eurasian Green Woodpecker,0.3414,243B1F02648873F9_20260412_031500.WAV,14,0.0,1.0,0.25,BirdNET_GLOBAL_6K_V2.4_Model_FP32.tflite,243B1F02648873F9_20260412_031500_chunk_032.wav,19200,486,489
19785,19788,Columba palumbus,Common Wood-Pigeon,0.6640,243B1F02648873F9_20260412_031500.WAV,14,0.0,1.0,0.25,BirdNET_GLOBAL_6K_V2.4_Model_FP32.tflite,243B1F02648873F9_20260412_031500_chunk_032.wav,19200,585,588
19788,19791,Columba palumbus,Common Wood-Pigeon,0.3397,243B1F02648873F9_20260412_031500.WAV,14,0.0,1.0,0.25,BirdNET_GLOBAL_6K_V2.4_Model_FP32.tflite,243B1F02648873F9_20260412_031500_chunk_032.wav,19200,588,591
19791,19794,Columba palumbus,Common Wood-Pigeon,0.2889,243B1F02648873F9_20260412_031500.WAV,14,0.0,1.0,0.25,BirdNET_GLOBAL_6K_V2.4_Model_FP32.tflite,243B1F02648873F9_20260412_031500_chunk_032.wav,19200,591,594
19830,19833,Columba palumbus,Common Wood-Pigeon,0.3627,243B1F02648873F9_20260412_031500.WAV,14,0.0,1.0,0.25,BirdNET_GLOBAL_6K_V2.4_Model_FP32.tflite,243B1F02648873F9_20260412_031500_chunk_033.wav,19800,30,33
19845,19848,Certhia familiaris,Eurasian Treecreeper,0.7311,243B1F02648873F9_20260412_031500.WAV,14,0.0,1.0,0.25,BirdNET_GLOBAL_6K_V2.4_Model_FP32.tflite,243B1F02648873F9_20260412_031500_chunk_033.wav,19800,45,48
19851,19854,Certhia familiaris,Eurasian Treecreeper,0.2871,243B1F02648873F9_20260412_031500.WAV,14,0.0,1.0,0.25,BirdNET_GLOBAL_6K_V2.4_Model_FP32.tflite,243B1F02648873F9_20260412_031500_chunk_033.wav,19800,51,54
19881,19884,Columba palumbus,Common Wood-Pigeon,0.8206,243B1F02648873F9_20260412_031500.WAV,14,0.0,1.0,0.25,BirdNET_GLOBAL_6K_V2.4_Model_FP32.tflite,243B1F02648873F9_20260412_031500_chunk_033.wav,19800,81,84
19884,19887,Certhia familiaris,Eurasian Treecreeper,0.5097,243B1F02648873F9_20260412_031500.WAV,14,0.0,1.0,0.25,BirdNET_GLOBAL_6K_V2.4_Model_FP32.tflite,243B1F02648873F9_20260412_031500_chunk_033.wav,19800,84,87
19884,19887,Columba palumbus,Common Wood-Pigeon,0.4253,243B1F02648873F9_20260412_031500.WAV,14,0.0,1.0,0.25,BirdNET_GLOBAL_6K_V2.4_Model_FP32.tflite,243B1F02648873F9_20260412_031500_chunk_033.wav,19800,84,87
19887,19890,Columba palumbus,Common Wood-Pigeon,0.9634,243B1F02648873F9_20260412_031500.WAV,14,0.0,1.0,0.25,BirdNET_GLOBAL_6K_V2.4_Model_FP32.tflite,243B1F02648873F9_20260412_031500_chunk_033.wav,19800,87,90
19890,19893,Columba palumbus,Common Wood-Pigeon,0.9284,243B1F02648873F9_20260412_031500.WAV,14,0.0,1.0,0.25,BirdNET_GLOBAL_6K_V2.4_Model_FP32.tflite,243B1F02648873F9_20260412_031500_chunk_033.wav,19800,90,93
19893,19896,Parus major,Great Tit,0.3838,243B1F02648873F9_20260412_031500.WAV,14,0.0,1.0,0.25,BirdNET_GLOBAL_6K_V2.4_Model_FP32.tflite,243B1F02648873F9_20260412_031500_chunk_033.wav,19800,93,96
19896,19899,Certhia familiaris,Eurasian Treecreeper,0.7718,243B1F02648873F9_20260412_031500.WAV,14,0.0,1.0,0.25,BirdNET_GLOBAL_6K_V2.4_Model_FP32.tflite,243B1F02648873F9_20260412_031500_chunk_033.wav,19800,96,99
19902,19905,Columba palumbus,Common Wood-Pigeon,0.3533,243B1F02648873F9_20260412_031500.WAV,14,0.0,1.0,0.25,BirdNET_GLOBAL_6K_V2.4_Model_FP32.tflite,243B1F02648873F9_20260412_031500_chunk_033.wav,19800,102,105
19905,19908,Certhia familiaris,Eurasian Treecreeper,0.3165,243B1F02648873F9_20260412_031500.WAV,14,0.0,1.0,0.25,BirdNET_GLOBAL_6K_V2.4_Model_FP32.tflite,243B1F02648873F9_20260412_031500_chunk_033.wav,19800,105,108
19908,19911,Columba palumbus,Common Wood-Pigeon,0.8208,243B1F02648873F9_20260412_031500.WAV,14,0.0,1.0,0.25,BirdNET_GLOBAL_6K_V2.4_Model_FP32.tflite,243B1F02648873F9_20260412_031500_chunk_033.wav,19800,108,111
19911,19914,Columba palumbus,Common Wood-Pigeon,0.8993,243B1F02648873F9_20260412_031500.WAV,14,0.0,1.0,0.25,BirdNET_GLOBAL_6K_V2.4_Model_FP32.tflite,243B1F02648873F9_20260412_031500_chunk_033.wav,19800,111,114
19911,19914,Parus major,Great Tit,0.4150,243B1F02648873F9_20260412_031500.WAV,14,0.0,1.0,0.25,BirdNET_GLOBAL_6K_V2.4_Model_FP32.tflite,243B1F02648873F9_20260412_031500_chunk_033.wav,19800,111,114
19914,19917,Columba palumbus,Common Wood-Pigeon,0.9864,243B1F02648873F9_20260412_031500.WAV,14,0.0,1.0,0.25,BirdNET_GLOBAL_6K_V2.4_Model_FP32.tflite,243B1F02648873F9_20260412_031500_chunk_033.wav,19800,114,117
19917,19920,Columba palumbus,Common Wood-Pigeon,0.8143,243B1F02648873F9_20260412_031500.WAV,14,0.0,1.0,0.25,BirdNET_GLOBAL_6K_V2.4_Model_FP32.tflite,243B1F02648873F9_20260412_031500_chunk_033.wav,19800,117,120
19920,19923,Troglodytes troglodytes,Eurasian Wren,0.9035,243B1F02648873F9_20260412_031500.WAV,14,0.0,1.0,0.25,BirdNET_GLOBAL_6K_V2.4_Model_FP32.tflite,243B1F02648873F9_20260412_031500_chunk_033.wav,19800,120,123
19923,19926,Troglodytes troglodytes,Eurasian Wren,0.9826,243B1F02648873F9_20260412_031500.WAV,14,0.0,1.0,0.25,BirdNET_GLOBAL_6K_V2.4_Model_FP32.tflite,243B1F02648873F9_20260412_031500_chunk_033.wav,19800,123,126
19926,19929,Troglodytes troglodytes,Eurasian Wren,0.9581,243B1F02648873F9_20260412_031500.WAV,14,0.0,1.0,0.25,BirdNET_GLOBAL_6K_V2.4_Model_FP32.tflite,243B1F02648873F9_20260412_031500_chunk_033.wav,19800,126,129
19932,19935,Troglodytes troglodytes,Eurasian Wren,0.9048,243B1F02648873F9_20260412_031500.WAV,14,0.0,1.0,0.25,BirdNET_GLOBAL_6K_V2.4_Model_FP32.tflite,243B1F02648873F9_20260412_031500_chunk_033.wav,19800,132,135
19935,19938,Troglodytes troglodytes,Eurasian Wren,0.9697,243B1F02648873F9_20260412_031500.WAV,14,0.0,1.0,0.25,BirdNET_GLOBAL_6K_V2.4_Model_FP32.tflite,243B1F02648873F9_20260412_031500_chunk_033.wav,19800,135,138
19944,19947,Troglodytes troglodytes,Eurasian Wren,0.9473,243B1F02648873F9_20260412_031500.WAV,14,0.0,1.0,0.25,BirdNET_GLOBAL_6K_V2.4_Model_FP32.tflite,243B1F02648873F9_20260412_031500_chunk_033.wav,19800,144,147
19956,19959,Troglodytes troglodytes,Eurasian Wren,0.8143,243B1F02648873F9_20260412_031500.WAV,14,0.0,1.0,0.25,BirdNET_GLOBAL_6K_V2.4_Model_FP32.tflite,243B1F02648873F9_20260412_031500_chunk_033.wav,19800,156,159
19965,19968,Troglodytes troglodytes,Eurasian Wren,0.2709,243B1F02648873F9_20260412_031500.WAV,14,0.0,1.0,0.25,BirdNET_GLOBAL_6K_V2.4_Model_FP32.tflite,243B1F02648873F9_20260412_031500_chunk_033.wav,19800,165,168
19968,19971,Troglodytes troglodytes,Eurasian Wren,0.3856,243B1F02648873F9_20260412_031500.WAV,14,0.0,1.0,0.25,BirdNET_GLOBAL_6K_V2.4_Model_FP32.tflite,243B1F02648873F9_20260412_031500_chunk_033.wav,19800,168,171
19980,19983,Troglodytes troglodytes,Eurasian Wren,0.9045,243B1F02648873F9_20260412_031500.WAV,14,0.0,1.0,0.25,BirdNET_GLOBAL_6K_V2.4_Model_FP32.tflite,243B1F02648873F9_20260412_031500_chunk_033.wav,19800,180,183
19983,19986,Troglodytes troglodytes,Eurasian Wren,0.8209,243B1F02648873F9_20260412_031500.WAV,14,0.0,1.0,0.25,BirdNET_GLOBAL_6K_V2.4_Model_FP32.tflite,243B1F02648873F9_20260412_031500_chunk_033.wav,19800,183,186
19986,19989,Troglodytes troglodytes,Eurasian Wren,0.5504,243B1F02648873F9_20260412_031500.WAV,14,0.0,1.0,0.25,BirdNET_GLOBAL_6K_V2.4_Model_FP32.tflite,243B1F02648873F9_20260412_031500_chunk_033.wav,19800,186,189
19989,19992,Turdus iliacus,Redwing,0.5564,243B1F02648873F9_20260412_031500.WAV,14,0.0,1.0,0.25,BirdNET_GLOBAL_6K_V2.4_Model_FP32.tflite,243B1F02648873F9_20260412_031500_chunk_033.wav,19800,189,192
19995,19998,Troglodytes troglodytes,Eurasian Wren,0.7689,243B1F02648873F9_20260412_031500.WAV,14,0.0,1.0,0.25,BirdNET_GLOBAL_6K_V2.4_Model_FP32.tflite,243B1F02648873F9_20260412_031500_chunk_033.wav,19800,195,198
19998,20001,Troglodytes troglodytes,Eurasian Wren,0.5953,243B1F02648873F9_20260412_031500.WAV,14,0.0,1.0,0.25,BirdNET_GLOBAL_6K_V2.4_Model_FP32.tflite,243B1F02648873F9_20260412_031500_chunk_033.wav,19800,198,201
19998,20001,Certhia familiaris,Eurasian Treecreeper,0.2771,243B1F02648873F9_20260412_031500.WAV,14,0.0,1.0,0.25,BirdNET_GLOBAL_6K_V2.4_Model_FP32.tflite,243B1F02648873F9_20260412_031500_chunk_033.wav,19800,198,201
20001,20004,Troglodytes troglodytes,Eurasian Wren,0.5803,243B1F02648873F9_20260412_031500.WAV,14,0.0,1.0,0.25,BirdNET_GLOBAL_6K_V2.4_Model_FP32.tflite,243B1F02648873F9_20260412_031500_chunk_033.wav,19800,201,204
20004,20007,Cyanistes caeruleus,Eurasian Blue Tit,0.4947,243B1F02648873F9_20260412_031500.WAV,14,0.0,1.0,0.25,BirdNET_GLOBAL_6K_V2.4_Model_FP32.tflite,243B1F02648873F9_20260412_031500_chunk_033.wav,19800,204,207
20013,20016,Troglodytes troglodytes,Eurasian Wren,0.6109,243B1F02648873F9_20260412_031500.WAV,14,0.0,1.0,0.25,BirdNET_GLOBAL_6K_V2.4_Model_FP32.tflite,243B1F02648873F9_20260412_031500_chunk_033.wav,19800,213,216
20025,20028,Troglodytes troglodytes,Eurasian Wren,0.6128,243B1F02648873F9_20260412_031500.WAV,14,0.0,1.0,0.25,BirdNET_GLOBAL_6K_V2.4_Model_FP32.tflite,243B1F02648873F9_20260412_031500_chunk_033.wav,19800,225,228
20028,20031,Troglodytes troglodytes,Eurasian Wren,0.9063,243B1F02648873F9_20260412_031500.WAV,14,0.0,1.0,0.25,BirdNET_GLOBAL_6K_V2.4_Model_FP32.tflite,243B1F02648873F9_20260412_031500_chunk_033.wav,19800,228,231
20034,20037,Periparus ater,Coal Tit,0.6059,243B1F02648873F9_20260412_031500.WAV,14,0.0,1.0,0.25,BirdNET_GLOBAL_6K_V2.4_Model_FP32.tflite,243B1F02648873F9_20260412_031500_chunk_033.wav,19800,234,237
20037,20040,Columba palumbus,Common Wood-Pigeon,0.4964,243B1F02648873F9_20260412_031500.WAV,14,0.0,1.0,0.25,BirdNET_GLOBAL_6K_V2.4_Model_FP32.tflite,243B1F02648873F9_20260412_031500_chunk_033.wav,19800,237,240
20040,20043,Columba palumbus,Common Wood-Pigeon,0.6737,243B1F02648873F9_20260412_031500.WAV,14,0.0,1.0,0.25,BirdNET_GLOBAL_6K_V2.4_Model_FP32.tflite,243B1F02648873F9_20260412_031500_chunk_033.wav,19800,240,243
20043,20046,Columba palumbus,Common Wood-Pigeon,0.6849,243B1F02648873F9_20260412_031500.WAV,14,0.0,1.0,0.25,BirdNET_GLOBAL_6K_V2.4_Model_FP32.tflite,243B1F02648873F9_20260412_031500_chunk_033.wav,19800,243,246
20046,20049,Columba palumbus,Common Wood-Pigeon,0.3690,243B1F02648873F9_20260412_031500.WAV,14,0.0,1.0,0.25,BirdNET_GLOBAL_6K_V2.4_Model_FP32.tflite,243B1F02648873F9_20260412_031500_chunk_033.wav,19800,246,249
20064,20067,Certhia familiaris,Eurasian Treecreeper,0.8566,243B1F02648873F9_20260412_031500.WAV,14,0.0,1.0,0.25,BirdNET_GLOBAL_6K_V2.4_Model_FP32.tflite,243B1F02648873F9_20260412_031500_chunk_033.wav,19800,264,267
20067,20070,Certhia familiaris,Eurasian Treecreeper,0.7228,243B1F02648873F9_20260412_031500.WAV,14,0.0,1.0,0.25,BirdNET_GLOBAL_6K_V2.4_Model_FP32.tflite,243B1F02648873F9_20260412_031500_chunk_033.wav,19800,267,270
20079,20082,Certhia familiaris,Eurasian Treecreeper,0.3268,243B1F02648873F9_20260412_031500.WAV,14,0.0,1.0,0.25,BirdNET_GLOBAL_6K_V2.4_Model_FP32.tflite,243B1F02648873F9_20260412_031500_chunk_033.wav,19800,279,282
20085,20088,Certhia familiaris,Eurasian Treecreeper,0.8502,243B1F02648873F9_20260412_031500.WAV,14,0.0,1.0,0.25,BirdNET_GLOBAL_6K_V2.4_Model_FP32.tflite,243B1F02648873F9_20260412_031500_chunk_033.wav,19800,285,288
20091,20094,Certhia familiaris,Eurasian Treecreeper,0.3670,243B1F02648873F9_20260412_031500.WAV,14,0.0,1.0,0.25,BirdNET_GLOBAL_6K_V2.4_Model_FP32.tflite,243B1F02648873F9_20260412_031500_chunk_033.wav,19800,291,294
20091,20094,Turdus iliacus,Redwing,0.2963,243B1F02648873F9_20260412_031500.WAV,14,0.0,1.0,0.25,BirdNET_GLOBAL_6K_V2.4_Model_FP32.tflite,243B1F02648873F9_20260412_031500_chunk_033.wav,19800,291,294
20130,20133,Columba palumbus,Common Wood-Pigeon,0.3931,243B1F02648873F9_20260412_031500.WAV,14,0.0,1.0,0.25,BirdNET_GLOBAL_6K_V2.4_Model_FP32.tflite,243B1F02648873F9_20260412_031500_chunk_033.wav,19800,330,333
20133,20136,Columba palumbus,Common Wood-Pigeon,0.4547,243B1F02648873F9_20260412_031500.WAV,14,0.0,1.0,0.25,BirdNET_GLOBAL_6K_V2.4_Model_FP32.tflite,243B1F02648873F9_20260412_031500_chunk_033.wav,19800,333,336
20133,20136,Streptopelia decaocto,Eurasian Collared-Dove,0.2501,243B1F02648873F9_20260412_031500.WAV,14,0.0,1.0,0.25,BirdNET_GLOBAL_6K_V2.4_Model_FP32.tflite,243B1F02648873F9_20260412_031500_chunk_033.wav,19800,333,336
20136,20139,Columba palumbus,Common Wood-Pigeon,0.7521,243B1F02648873F9_20260412_031500.WAV,14,0.0,1.0,0.25,BirdNET_GLOBAL_6K_V2.4_Model_FP32.tflite,243B1F02648873F9_20260412_031500_chunk_033.wav,19800,336,339
20139,20142,Columba palumbus,Common Wood-Pigeon,0.2512,243B1F02648873F9_20260412_031500.WAV,14,0.0,1.0,0.25,BirdNET_GLOBAL_6K_V2.4_Model_FP32.tflite,243B1F02648873F9_20260412_031500_chunk_033.wav,19800,339,342
20157,20160,Columba palumbus,Common Wood-Pigeon,0.4705,243B1F02648873F9_20260412_031500.WAV,14,0.0,1.0,0.25,BirdNET_GLOBAL_6K_V2.4_Model_FP32.tflite,243B1F02648873F9_20260412_031500_chunk_033.wav,19800,357,360
20196,20199,Aegithalos caudatus,Long-tailed Tit,0.3187,243B1F02648873F9_20260412_031500.WAV,14,0.0,1.0,0.25,BirdNET_GLOBAL_6K_V2.4_Model_FP32.tflite,243B1F02648873F9_20260412_031500_chunk_033.wav,19800,396,399
20205,20208,Aegithalos caudatus,Long-tailed Tit,0.2617,243B1F02648873F9_20260412_031500.WAV,14,0.0,1.0,0.25,BirdNET_GLOBAL_6K_V2.4_Model_FP32.tflite,243B1F02648873F9_20260412_031500_chunk_033.wav,19800,405,408
20220,20223,Columba palumbus,Common Wood-Pigeon,0.7524,243B1F02648873F9_20260412_031500.WAV,14,0.0,1.0,0.25,BirdNET_GLOBAL_6K_V2.4_Model_FP32.tflite,243B1F02648873F9_20260412_031500_chunk_033.wav,19800,420,423
20226,20229,Columba palumbus,Common Wood-Pigeon,0.7069,243B1F02648873F9_20260412_031500.WAV,14,0.0,1.0,0.25,BirdNET_GLOBAL_6K_V2.4_Model_FP32.tflite,243B1F02648873F9_20260412_031500_chunk_033.wav,19800,426,429
20247,20250,Troglodytes troglodytes,Eurasian Wren,0.5880,243B1F02648873F9_20260412_031500.WAV,14,0.0,1.0,0.25,BirdNET_GLOBAL_6K_V2.4_Model_FP32.tflite,243B1F02648873F9_20260412_031500_chunk_033.wav,19800,447,450
20268,20271,Periparus ater,Coal Tit,0.6633,243B1F02648873F9_20260412_031500.WAV,14,0.0,1.0,0.25,BirdNET_GLOBAL_6K_V2.4_Model_FP32.tflite,243B1F02648873F9_20260412_031500_chunk_033.wav,19800,468,471
20301,20304,Periparus ater,Coal Tit,0.8929,243B1F02648873F9_20260412_031500.WAV,14,0.0,1.0,0.25,BirdNET_GLOBAL_6K_V2.4_Model_FP32.tflite,243B1F02648873F9_20260412_031500_chunk_033.wav,19800,501,504
20340,20343,Regulus regulus,Goldcrest,0.4763,243B1F02648873F9_20260412_031500.WAV,14,0.0,1.0,0.25,BirdNET_GLOBAL_6K_V2.4_Model_FP32.tflite,243B1F02648873F9_20260412_031500_chunk_033.wav,19800,540,543
20355,20358,Regulus regulus,Goldcrest,0.4191,243B1F02648873F9_20260412_031500.WAV,14,0.0,1.0,0.25,BirdNET_GLOBAL_6K_V2.4_Model_FP32.tflite,243B1F02648873F9_20260412_031500_chunk_033.wav,19800,555,558
20409,20412,Corvus corone,Carrion Crow,0.3216,243B1F02648873F9_20260412_031500.WAV,14,0.0,1.0,0.25,BirdNET_GLOBAL_6K_V2.4_Model_FP32.tflite,243B1F02648873F9_20260412_031500_chunk_034.wav,20400,9,12
20421,20424,Corvus cornix,Hooded Crow,0.5510,243B1F02648873F9_20260412_031500.WAV,14,0.0,1.0,0.25,BirdNET_GLOBAL_6K_V2.4_Model_FP32.tflite,243B1F02648873F9_20260412_031500_chunk_034.wav,20400,21,24
20421,20424,Corvus corone,Carrion Crow,0.3177,243B1F02648873F9_20260412_031500.WAV,14,0.0,1.0,0.25,BirdNET_GLOBAL_6K_V2.4_Model_FP32.tflite,243B1F02648873F9_20260412_031500_chunk_034.wav,20400,21,24
20424,20427,Corvus cornix,Hooded Crow,0.4243,243B1F02648873F9_20260412_031500.WAV,14,0.0,1.0,0.25,BirdNET_GLOBAL_6K_V2.4_Model_FP32.tflite,243B1F02648873F9_20260412_031500_chunk_034.wav,20400,24,27
20424,20427,Corvus corone,Carrion Crow,0.2595,243B1F02648873F9_20260412_031500.WAV,14,0.0,1.0,0.25,BirdNET_GLOBAL_6K_V2.4_Model_FP32.tflite,243B1F02648873F9_20260412_031500_chunk_034.wav,20400,24,27
20436,20439,Corvus corone,Carrion Crow,0.4677,243B1F02648873F9_20260412_031500.WAV,14,0.0,1.0,0.25,BirdNET_GLOBAL_6K_V2.4_Model_FP32.tflite,243B1F02648873F9_20260412_031500_chunk_034.wav,20400,36,39
20436,20439,Corvus cornix,Hooded Crow,0.4587,243B1F02648873F9_20260412_031500.WAV,14,0.0,1.0,0.25,BirdNET_GLOBAL_6K_V2.4_Model_FP32.tflite,243B1F02648873F9_20260412_031500_chunk_034.wav,20400,36,39
20442,20445,Corvus corone,Carrion Crow,0.2815,243B1F02648873F9_20260412_031500.WAV,14,0.0,1.0,0.25,BirdNET_GLOBAL_6K_V2.4_Model_FP32.tflite,243B1F02648873F9_20260412_031500_chunk_034.wav,20400,42,45
20445,20448,Corvus corone,Carrion Crow,0.4476,243B1F02648873F9_20260412_031500.WAV,14,0.0,1.0,0.25,BirdNET_GLOBAL_6K_V2.4_Model_FP32.tflite,243B1F02648873F9_20260412_031500_chunk_034.wav,20400,45,48
20445,20448,Corvus cornix,Hooded Crow,0.3846,243B1F02648873F9_20260412_031500.WAV,14,0.0,1.0,0.25,BirdNET_GLOBAL_6K_V2.4_Model_FP32.tflite,243B1F02648873F9_20260412_031500_chunk_034.wav,20400,45,48
20490,20493,Turdus iliacus,Redwing,0.3160,243B1F02648873F9_20260412_031500.WAV,14,0.0,1.0,0.25,BirdNET_GLOBAL_6K_V2.4_Model_FP32.tflite,243B1F02648873F9_20260412_031500_chunk_034.wav,20400,90,93
20499,20502,Corvus corone,Carrion Crow,0.2987,243B1F02648873F9_20260412_031500.WAV,14,0.0,1.0,0.25,BirdNET_GLOBAL_6K_V2.4_Model_FP32.tflite,243B1F02648873F9_20260412_031500_chunk_034.wav,20400,99,102
20532,20535,Corvus cornix,Hooded Crow,0.4151,243B1F02648873F9_20260412_031500.WAV,14,0.0,1.0,0.25,BirdNET_GLOBAL_6K_V2.4_Model_FP32.tflite,243B1F02648873F9_20260412_031500_chunk_034.wav,20400,132,135
20568,20571,Columba palumbus,Common Wood-Pigeon,0.7061,243B1F02648873F9_20260412_031500.WAV,14,0.0,1.0,0.25,BirdNET_GLOBAL_6K_V2.4_Model_FP32.tflite,243B1F02648873F9_20260412_031500_chunk_034.wav,20400,168,171
20571,20574,Columba palumbus,Common Wood-Pigeon,0.6509,243B1F02648873F9_20260412_031500.WAV,14,0.0,1.0,0.25,BirdNET_GLOBAL_6K_V2.4_Model_FP32.tflite,243B1F02648873F9_20260412_031500_chunk_034.wav,20400,171,174
20574,20577,Columba palumbus,Common Wood-Pigeon,0.2804,243B1F02648873F9_20260412_031500.WAV,14,0.0,1.0,0.25,BirdNET_GLOBAL_6K_V2.4_Model_FP32.tflite,243B1F02648873F9_20260412_031500_chunk_034.wav,20400,174,177
20595,20598,Columba palumbus,Common Wood-Pigeon,0.6337,243B1F02648873F9_20260412_031500.WAV,14,0.0,1.0,0.25,BirdNET_GLOBAL_6K_V2.4_Model_FP32.tflite,243B1F02648873F9_20260412_031500_chunk_034.wav,20400,195,198
20598,20601,Columba palumbus,Common Wood-Pigeon,0.8664,243B1F02648873F9_20260412_031500.WAV,14,0.0,1.0,0.25,BirdNET_GLOBAL_6K_V2.4_Model_FP32.tflite,243B1F02648873F9_20260412_031500_chunk_034.wav,20400,198,201
20601,20604,Columba palumbus,Common Wood-Pigeon,0.9705,243B1F02648873F9_20260412_031500.WAV,14,0.0,1.0,0.25,BirdNET_GLOBAL_6K_V2.4_Model_FP32.tflite,243B1F02648873F9_20260412_031500_chunk_034.wav,20400,201,204
20604,20607,Columba palumbus,Common Wood-Pigeon,0.9622,243B1F02648873F9_20260412_031500.WAV,14,0.0,1.0,0.25,BirdNET_GLOBAL_6K_V2.4_Model_FP32.tflite,243B1F02648873F9_20260412_031500_chunk_034.wav,20400,204,207
20613,20616,Columba palumbus,Common Wood-Pigeon,0.3372,243B1F02648873F9_20260412_031500.WAV,14,0.0,1.0,0.25,BirdNET_GLOBAL_6K_V2.4_Model_FP32.tflite,243B1F02648873F9_20260412_031500_chunk_034.wav,20400,213,216
20616,20619,Columba palumbus,Common Wood-Pigeon,0.2663,243B1F02648873F9_20260412_031500.WAV,14,0.0,1.0,0.25,BirdNET_GLOBAL_6K_V2.4_Model_FP32.tflite,243B1F02648873F9_20260412_031500_chunk_034.wav,20400,216,219
20619,20622,Columba palumbus,Common Wood-Pigeon,0.5343,243B1F02648873F9_20260412_031500.WAV,14,0.0,1.0,0.25,BirdNET_GLOBAL_6K_V2.4_Model_FP32.tflite,243B1F02648873F9_20260412_031500_chunk_034.wav,20400,219,222
20625,20628,Columba palumbus,Common Wood-Pigeon,0.8954,243B1F02648873F9_20260412_031500.WAV,14,0.0,1.0,0.25,BirdNET_GLOBAL_6K_V2.4_Model_FP32.tflite,243B1F02648873F9_20260412_031500_chunk_034.wav,20400,225,228
20628,20631,Columba palumbus,Common Wood-Pigeon,0.9750,243B1F02648873F9_20260412_031500.WAV,14,0.0,1.0,0.25,BirdNET_GLOBAL_6K_V2.4_Model_FP32.tflite,243B1F02648873F9_20260412_031500_chunk_034.wav,20400,228,231
20631,20634,Columba palumbus,Common Wood-Pigeon,0.8721,243B1F02648873F9_20260412_031500.WAV,14,0.0,1.0,0.25,BirdNET_GLOBAL_6K_V2.4_Model_FP32.tflite,243B1F02648873F9_20260412_031500_chunk_034.wav,20400,231,234
20634,20637,Columba palumbus,Common Wood-Pigeon,0.4842,243B1F02648873F9_20260412_031500.WAV,14,0.0,1.0,0.25,BirdNET_GLOBAL_6K_V2.4_Model_FP32.tflite,243B1F02648873F9_20260412_031500_chunk_034.wav,20400,234,237
20664,20667,Regulus regulus,Goldcrest,0.4477,243B1F02648873F9_20260412_031500.WAV,14,0.0,1.0,0.25,BirdNET_GLOBAL_6K_V2.4_Model_FP32.tflite,243B1F02648873F9_20260412_031500_chunk_034.wav,20400,264,267
20670,20673,Regulus regulus,Goldcrest,0.2699,243B1F02648873F9_20260412_031500.WAV,14,0.0,1.0,0.25,BirdNET_GLOBAL_6K_V2.4_Model_FP32.tflite,243B1F02648873F9_20260412_031500_chunk_034.wav,20400,270,273
20700,20703,Regulus regulus,Goldcrest,0.2874,243B1F02648873F9_20260412_031500.WAV,14,0.0,1.0,0.25,BirdNET_GLOBAL_6K_V2.4_Model_FP32.tflite,243B1F02648873F9_20260412_031500_chunk_034.wav,20400,300,303
20706,20709,Columba palumbus,Common Wood-Pigeon,0.6695,243B1F02648873F9_20260412_031500.WAV,14,0.0,1.0,0.25,BirdNET_GLOBAL_6K_V2.4_Model_FP32.tflite,243B1F02648873F9_20260412_031500_chunk_034.wav,20400,306,309
20709,20712,Columba palumbus,Common Wood-Pigeon,0.7349,243B1F02648873F9_20260412_031500.WAV,14,0.0,1.0,0.25,BirdNET_GLOBAL_6K_V2.4_Model_FP32.tflite,243B1F02648873F9_20260412_031500_chunk_034.wav,20400,309,312
20712,20715,Columba palumbus,Common Wood-Pigeon,0.7900,243B1F02648873F9_20260412_031500.WAV,14,0.0,1.0,0.25,BirdNET_GLOBAL_6K_V2.4_Model_FP32.tflite,243B1F02648873F9_20260412_031500_chunk_034.wav,20400,312,315
20715,20718,Columba palumbus,Common Wood-Pigeon,0.8287,243B1F02648873F9_20260412_031500.WAV,14,0.0,1.0,0.25,BirdNET_GLOBAL_6K_V2.4_Model_FP32.tflite,243B1F02648873F9_20260412_031500_chunk_034.wav,20400,315,318
20781,20784,Columba palumbus,Common Wood-Pigeon,0.6206,243B1F02648873F9_20260412_031500.WAV,14,0.0,1.0,0.25,BirdNET_GLOBAL_6K_V2.4_Model_FP32.tflite,243B1F02648873F9_20260412_031500_chunk_034.wav,20400,381,384
20781,20784,Streptopelia decaocto,Eurasian Collared-Dove,0.5599,243B1F02648873F9_20260412_031500.WAV,14,0.0,1.0,0.25,BirdNET_GLOBAL_6K_V2.4_Model_FP32.tflite,243B1F02648873F9_20260412_031500_chunk_034.wav,20400,381,384
20784,20787,Columba palumbus,Common Wood-Pigeon,0.4892,243B1F02648873F9_20260412_031500.WAV,14,0.0,1.0,0.25,BirdNET_GLOBAL_6K_V2.4_Model_FP32.tflite,243B1F02648873F9_20260412_031500_chunk_034.wav,20400,384,387
20790,20793,Streptopelia decaocto,Eurasian Collared-Dove,0.3284,243B1F02648873F9_20260412_031500.WAV,14,0.0,1.0,0.25,BirdNET_GLOBAL_6K_V2.4_Model_FP32.tflite,243B1F02648873F9_20260412_031500_chunk_034.wav,20400,390,393
20790,20793,Columba palumbus,Common Wood-Pigeon,0.3260,243B1F02648873F9_20260412_031500.WAV,14,0.0,1.0,0.25,BirdNET_GLOBAL_6K_V2.4_Model_FP32.tflite,243B1F02648873F9_20260412_031500_chunk_034.wav,20400,390,393
20802,20805,Phylloscopus collybita,Common Chiffchaff,0.2952,243B1F02648873F9_20260412_031500.WAV,14,0.0,1.0,0.25,BirdNET_GLOBAL_6K_V2.4_Model_FP32.tflite,243B1F02648873F9_20260412_031500_chunk_034.wav,20400,402,405
20808,20811,Columba palumbus,Common Wood-Pigeon,0.9303,243B1F02648873F9_20260412_031500.WAV,14,0.0,1.0,0.25,BirdNET_GLOBAL_6K_V2.4_Model_FP32.tflite,243B1F02648873F9_20260412_031500_chunk_034.wav,20400,408,411
20811,20814,Columba palumbus,Common Wood-Pigeon,0.6913,243B1F02648873F9_20260412_031500.WAV,14,0.0,1.0,0.25,BirdNET_GLOBAL_6K_V2.4_Model_FP32.tflite,243B1F02648873F9_20260412_031500_chunk_034.wav,20400,411,414
20820,20823,Erithacus rubecula,European Robin,0.7006,243B1F02648873F9_20260412_031500.WAV,14,0.0,1.0,0.25,BirdNET_GLOBAL_6K_V2.4_Model_FP32.tflite,243B1F02648873F9_20260412_031500_chunk_034.wav,20400,420,423
20820,20823,Turdus merula,Eurasian Blackbird,0.2910,243B1F02648873F9_20260412_031500.WAV,14,0.0,1.0,0.25,BirdNET_GLOBAL_6K_V2.4_Model_FP32.tflite,243B1F02648873F9_20260412_031500_chunk_034.wav,20400,420,423
20823,20826,Erithacus rubecula,European Robin,0.5882,243B1F02648873F9_20260412_031500.WAV,14,0.0,1.0,0.25,BirdNET_GLOBAL_6K_V2.4_Model_FP32.tflite,243B1F02648873F9_20260412_031500_chunk_034.wav,20400,423,426
20838,20841,Turdus iliacus,Redwing,0.2522,243B1F02648873F9_20260412_031500.WAV,14,0.0,1.0,0.25,BirdNET_GLOBAL_6K_V2.4_Model_FP32.tflite,243B1F02648873F9_20260412_031500_chunk_034.wav,20400,438,441
20847,20850,Columba palumbus,Common Wood-Pigeon,0.3801,243B1F02648873F9_20260412_031500.WAV,14,0.0,1.0,0.25,BirdNET_GLOBAL_6K_V2.4_Model_FP32.tflite,243B1F02648873F9_20260412_031500_chunk_034.wav,20400,447,450
20850,20853,Columba palumbus,Common Wood-Pigeon,0.6329,243B1F02648873F9_20260412_031500.WAV,14,0.0,1.0,0.25,BirdNET_GLOBAL_6K_V2.4_Model_FP32.tflite,243B1F02648873F9_20260412_031500_chunk_034.wav,20400,450,453
20868,20871,Columba palumbus,Common Wood-Pigeon,0.4405,243B1F02648873F9_20260412_031500.WAV,14,0.0,1.0,0.25,BirdNET_GLOBAL_6K_V2.4_Model_FP32.tflite,243B1F02648873F9_20260412_031500_chunk_034.wav,20400,468,471
20871,20874,Columba palumbus,Common Wood-Pigeon,0.3334,243B1F02648873F9_20260412_031500.WAV,14,0.0,1.0,0.25,BirdNET_GLOBAL_6K_V2.4_Model_FP32.tflite,243B1F02648873F9_20260412_031500_chunk_034.wav,20400,471,474
20889,20892,Regulus regulus,Goldcrest,0.8210,243B1F02648873F9_20260412_031500.WAV,14,0.0,1.0,0.25,BirdNET_GLOBAL_6K_V2.4_Model_FP32.tflite,243B1F02648873F9_20260412_031500_chunk_034.wav,20400,489,492
20892,20895,Erithacus rubecula,European Robin,0.2940,243B1F02648873F9_20260412_031500.WAV,14,0.0,1.0,0.25,BirdNET_GLOBAL_6K_V2.4_Model_FP32.tflite,243B1F02648873F9_20260412_031500_chunk_034.wav,20400,492,495
20895,20898,Columba palumbus,Common Wood-Pigeon,0.3035,243B1F02648873F9_20260412_031500.WAV,14,0.0,1.0,0.25,BirdNET_GLOBAL_6K_V2.4_Model_FP32.tflite,243B1F02648873F9_20260412_031500_chunk_034.wav,20400,495,498
20898,20901,Columba palumbus,Common Wood-Pigeon,0.3053,243B1F02648873F9_20260412_031500.WAV,14,0.0,1.0,0.25,BirdNET_GLOBAL_6K_V2.4_Model_FP32.tflite,243B1F02648873F9_20260412_031500_chunk_034.wav,20400,498,501
20901,20904,Columba palumbus,Common Wood-Pigeon,0.7494,243B1F02648873F9_20260412_031500.WAV,14,0.0,1.0,0.25,BirdNET_GLOBAL_6K_V2.4_Model_FP32.tflite,243B1F02648873F9_20260412_031500_chunk_034.wav,20400,501,504
20916,20919,Regulus regulus,Goldcrest,0.2826,243B1F02648873F9_20260412_031500.WAV,14,0.0,1.0,0.25,BirdNET_GLOBAL_6K_V2.4_Model_FP32.tflite,243B1F02648873F9_20260412_031500_chunk_034.wav,20400,516,519
20922,20925,Troglodytes troglodytes,Eurasian Wren,0.9590,243B1F02648873F9_20260412_031500.WAV,14,0.0,1.0,0.25,BirdNET_GLOBAL_6K_V2.4_Model_FP32.tflite,243B1F02648873F9_20260412_031500_chunk_034.wav,20400,522,525
20925,20928,Troglodytes troglodytes,Eurasian Wren,0.6912,243B1F02648873F9_20260412_031500.WAV,14,0.0,1.0,0.25,BirdNET_GLOBAL_6K_V2.4_Model_FP32.tflite,243B1F02648873F9_20260412_031500_chunk_034.wav,20400,525,528
20925,20928,Columba palumbus,Common Wood-Pigeon,0.6776,243B1F02648873F9_20260412_031500.WAV,14,0.0,1.0,0.25,BirdNET_GLOBAL_6K_V2.4_Model_FP32.tflite,243B1F02648873F9_20260412_031500_chunk_034.wav,20400,525,528
20928,20931,Columba palumbus,Common Wood-Pigeon,0.5231,243B1F02648873F9_20260412_031500.WAV,14,0.0,1.0,0.25,BirdNET_GLOBAL_6K_V2.4_Model_FP32.tflite,243B1F02648873F9_20260412_031500_chunk_034.wav,20400,528,531
20931,20934,Columba palumbus,Common Wood-Pigeon,0.6684,243B1F02648873F9_20260412_031500.WAV,14,0.0,1.0,0.25,BirdNET_GLOBAL_6K_V2.4_Model_FP32.tflite,243B1F02648873F9_20260412_031500_chunk_034.wav,20400,531,534
20934,20937,Columba palumbus,Common Wood-Pigeon,0.8436,243B1F02648873F9_20260412_031500.WAV,14,0.0,1.0,0.25,BirdNET_GLOBAL_6K_V2.4_Model_FP32.tflite,243B1F02648873F9_20260412_031500_chunk_034.wav,20400,534,537
20937,20940,Columba palumbus,Common Wood-Pigeon,0.5481,243B1F02648873F9_20260412_031500.WAV,14,0.0,1.0,0.25,BirdNET_GLOBAL_6K_V2.4_Model_FP32.tflite,243B1F02648873F9_20260412_031500_chunk_034.wav,20400,537,540
20949,20952,Regulus regulus,Goldcrest,0.5910,243B1F02648873F9_20260412_031500.WAV,14,0.0,1.0,0.25,BirdNET_GLOBAL_6K_V2.4_Model_FP32.tflite,243B1F02648873F9_20260412_031500_chunk_034.wav,20400,549,552
20952,20955,Regulus regulus,Goldcrest,0.3658,243B1F02648873F9_20260412_031500.WAV,14,0.0,1.0,0.25,BirdNET_GLOBAL_6K_V2.4_Model_FP32.tflite,243B1F02648873F9_20260412_031500_chunk_034.wav,20400,552,555
20970,20973,Certhia familiaris,Eurasian Treecreeper,0.6585,243B1F02648873F9_20260412_031500.WAV,14,0.0,1.0,0.25,BirdNET_GLOBAL_6K_V2.4_Model_FP32.tflite,243B1F02648873F9_20260412_031500_chunk_034.wav,20400,570,573
20982,20985,Troglodytes troglodytes,Eurasian Wren,0.9335,243B1F02648873F9_20260412_031500.WAV,14,0.0,1.0,0.25,BirdNET_GLOBAL_6K_V2.4_Model_FP32.tflite,243B1F02648873F9_20260412_031500_chunk_034.wav,20400,582,585
20985,20988,Troglodytes troglodytes,Eurasian Wren,0.7026,243B1F02648873F9_20260412_031500.WAV,14,0.0,1.0,0.25,BirdNET_GLOBAL_6K_V2.4_Model_FP32.tflite,243B1F02648873F9_20260412_031500_chunk_034.wav,20400,585,588
20994,20997,Troglodytes troglodytes,Eurasian Wren,0.8792,243B1F02648873F9_20260412_031500.WAV,14,0.0,1.0,0.25,BirdNET_GLOBAL_6K_V2.4_Model_FP32.tflite,243B1F02648873F9_20260412_031500_chunk_034.wav,20400,594,597
20997,20999.98,Troglodytes troglodytes,Eurasian Wren,0.8378,243B1F02648873F9_20260412_031500.WAV,14,0.0,1.0,0.25,BirdNET_GLOBAL_6K_V2.4_Model_FP32.tflite,243B1F02648873F9_20260412_031500_chunk_034.wav,20400,597,599.98
21003,21006,Certhia familiaris,Eurasian Treecreeper,0.6852,243B1F02648873F9_20260412_031500.WAV,14,0.0,1.0,0.25,BirdNET_GLOBAL_6K_V2.4_Model_FP32.tflite,243B1F02648873F9_20260412_031500_chunk_035.wav,21000,3,6
21009,21012,Troglodytes troglodytes,Eurasian Wren,0.8692,243B1F02648873F9_20260412_031500.WAV,14,0.0,1.0,0.25,BirdNET_GLOBAL_6K_V2.4_Model_FP32.tflite,243B1F02648873F9_20260412_031500_chunk_035.wav,21000,9,12
21012,21015,Certhia familiaris,Eurasian Treecreeper,0.5603,243B1F02648873F9_20260412_031500.WAV,14,0.0,1.0,0.25,BirdNET_GLOBAL_6K_V2.4_Model_FP32.tflite,243B1F02648873F9_20260412_031500_chunk_035.wav,21000,12,15
21021,21024,Columba palumbus,Common Wood-Pigeon,0.6318,243B1F02648873F9_20260412_031500.WAV,14,0.0,1.0,0.25,BirdNET_GLOBAL_6K_V2.4_Model_FP32.tflite,243B1F02648873F9_20260412_031500_chunk_035.wav,21000,21,24
21024,21027,Columba palumbus,Common Wood-Pigeon,0.8307,243B1F02648873F9_20260412_031500.WAV,14,0.0,1.0,0.25,BirdNET_GLOBAL_6K_V2.4_Model_FP32.tflite,243B1F02648873F9_20260412_031500_chunk_035.wav,21000,24,27
21027,21030,Columba palumbus,Common Wood-Pigeon,0.6697,243B1F02648873F9_20260412_031500.WAV,14,0.0,1.0,0.25,BirdNET_GLOBAL_6K_V2.4_Model_FP32.tflite,243B1F02648873F9_20260412_031500_chunk_035.wav,21000,27,30
21030,21033,Certhia familiaris,Eurasian Treecreeper,0.4255,243B1F02648873F9_20260412_031500.WAV,14,0.0,1.0,0.25,BirdNET_GLOBAL_6K_V2.4_Model_FP32.tflite,243B1F02648873F9_20260412_031500_chunk_035.wav,21000,30,33
21036,21039,Certhia familiaris,Eurasian Treecreeper,0.7796,243B1F02648873F9_20260412_031500.WAV,14,0.0,1.0,0.25,BirdNET_GLOBAL_6K_V2.4_Model_FP32.tflite,243B1F02648873F9_20260412_031500_chunk_035.wav,21000,36,39
21039,21042,Certhia familiaris,Eurasian Treecreeper,0.8617,243B1F02648873F9_20260412_031500.WAV,14,0.0,1.0,0.25,BirdNET_GLOBAL_6K_V2.4_Model_FP32.tflite,243B1F02648873F9_20260412_031500_chunk_035.wav,21000,39,42
21042,21045,Certhia familiaris,Eurasian Treecreeper,0.5095,243B1F02648873F9_20260412_031500.WAV,14,0.0,1.0,0.25,BirdNET_GLOBAL_6K_V2.4_Model_FP32.tflite,243B1F02648873F9_20260412_031500_chunk_035.wav,21000,42,45
21045,21048,Columba palumbus,Common Wood-Pigeon,0.2745,243B1F02648873F9_20260412_031500.WAV,14,0.0,1.0,0.25,BirdNET_GLOBAL_6K_V2.4_Model_FP32.tflite,243B1F02648873F9_20260412_031500_chunk_035.wav,21000,45,48
21048,21051,Columba palumbus,Common Wood-Pigeon,0.6284,243B1F02648873F9_20260412_031500.WAV,14,0.0,1.0,0.25,BirdNET_GLOBAL_6K_V2.4_Model_FP32.tflite,243B1F02648873F9_20260412_031500_chunk_035.wav,21000,48,51
21048,21051,Certhia familiaris,Eurasian Treecreeper,0.2585,243B1F02648873F9_20260412_031500.WAV,14,0.0,1.0,0.25,BirdNET_GLOBAL_6K_V2.4_Model_FP32.tflite,243B1F02648873F9_20260412_031500_chunk_035.wav,21000,48,51
21051,21054,Columba palumbus,Common Wood-Pigeon,0.7524,243B1F02648873F9_20260412_031500.WAV,14,0.0,1.0,0.25,BirdNET_GLOBAL_6K_V2.4_Model_FP32.tflite,243B1F02648873F9_20260412_031500_chunk_035.wav,21000,51,54
21054,21057,Columba palumbus,Common Wood-Pigeon,0.4509,243B1F02648873F9_20260412_031500.WAV,14,0.0,1.0,0.25,BirdNET_GLOBAL_6K_V2.4_Model_FP32.tflite,243B1F02648873F9_20260412_031500_chunk_035.wav,21000,54,57
21072,21075,Certhia familiaris,Eurasian Treecreeper,0.2666,243B1F02648873F9_20260412_031500.WAV,14,0.0,1.0,0.25,BirdNET_GLOBAL_6K_V2.4_Model_FP32.tflite,243B1F02648873F9_20260412_031500_chunk_035.wav,21000,72,75
21075,21078,Columba palumbus,Common Wood-Pigeon,0.4634,243B1F02648873F9_20260412_031500.WAV,14,0.0,1.0,0.25,BirdNET_GLOBAL_6K_V2.4_Model_FP32.tflite,243B1F02648873F9_20260412_031500_chunk_035.wav,21000,75,78
21078,21081,Columba palumbus,Common Wood-Pigeon,0.6232,243B1F02648873F9_20260412_031500.WAV,14,0.0,1.0,0.25,BirdNET_GLOBAL_6K_V2.4_Model_FP32.tflite,243B1F02648873F9_20260412_031500_chunk_035.wav,21000,78,81
21081,21084,Columba palumbus,Common Wood-Pigeon,0.4706,243B1F02648873F9_20260412_031500.WAV,14,0.0,1.0,0.25,BirdNET_GLOBAL_6K_V2.4_Model_FP32.tflite,243B1F02648873F9_20260412_031500_chunk_035.wav,21000,81,84
21084,21087,Columba palumbus,Common Wood-Pigeon,0.6651,243B1F02648873F9_20260412_031500.WAV,14,0.0,1.0,0.25,BirdNET_GLOBAL_6K_V2.4_Model_FP32.tflite,243B1F02648873F9_20260412_031500_chunk_035.wav,21000,84,87
21087,21090,Columba palumbus,Common Wood-Pigeon,0.5770,243B1F02648873F9_20260412_031500.WAV,14,0.0,1.0,0.25,BirdNET_GLOBAL_6K_V2.4_Model_FP32.tflite,243B1F02648873F9_20260412_031500_chunk_035.wav,21000,87,90
21090,21093,Columba palumbus,Common Wood-Pigeon,0.9075,243B1F02648873F9_20260412_031500.WAV,14,0.0,1.0,0.25,BirdNET_GLOBAL_6K_V2.4_Model_FP32.tflite,243B1F02648873F9_20260412_031500_chunk_035.wav,21000,90,93
21093,21096,Columba palumbus,Common Wood-Pigeon,0.8253,243B1F02648873F9_20260412_031500.WAV,14,0.0,1.0,0.25,BirdNET_GLOBAL_6K_V2.4_Model_FP32.tflite,243B1F02648873F9_20260412_031500_chunk_035.wav,21000,93,96
21102,21105,Regulus regulus,Goldcrest,0.4596,243B1F02648873F9_20260412_031500.WAV,14,0.0,1.0,0.25,BirdNET_GLOBAL_6K_V2.4_Model_FP32.tflite,243B1F02648873F9_20260412_031500_chunk_035.wav,21000,102,105
21114,21117,Aegithalos caudatus,Long-tailed Tit,0.2632,243B1F02648873F9_20260412_031500.WAV,14,0.0,1.0,0.25,BirdNET_GLOBAL_6K_V2.4_Model_FP32.tflite,243B1F02648873F9_20260412_031500_chunk_035.wav,21000,114,117
21147,21150,Troglodytes troglodytes,Eurasian Wren,0.3925,243B1F02648873F9_20260412_031500.WAV,14,0.0,1.0,0.25,BirdNET_GLOBAL_6K_V2.4_Model_FP32.tflite,243B1F02648873F9_20260412_031500_chunk_035.wav,21000,147,150
21159,21162,Phylloscopus collybita,Common Chiffchaff,0.2519,243B1F02648873F9_20260412_031500.WAV,14,0.0,1.0,0.25,BirdNET_GLOBAL_6K_V2.4_Model_FP32.tflite,243B1F02648873F9_20260412_031500_chunk_035.wav,21000,159,162
21180,21183,Troglodytes troglodytes,Eurasian Wren,0.4273,243B1F02648873F9_20260412_031500.WAV,14,0.0,1.0,0.25,BirdNET_GLOBAL_6K_V2.4_Model_FP32.tflite,243B1F02648873F9_20260412_031500_chunk_035.wav,21000,180,183
21186,21189,Columba palumbus,Common Wood-Pigeon,0.7955,243B1F02648873F9_20260412_031500.WAV,14,0.0,1.0,0.25,BirdNET_GLOBAL_6K_V2.4_Model_FP32.tflite,243B1F02648873F9_20260412_031500_chunk_035.wav,21000,186,189
21189,21192,Columba palumbus,Common Wood-Pigeon,0.7430,243B1F02648873F9_20260412_031500.WAV,14,0.0,1.0,0.25,BirdNET_GLOBAL_6K_V2.4_Model_FP32.tflite,243B1F02648873F9_20260412_031500_chunk_035.wav,21000,189,192
21192,21195,Columba palumbus,Common Wood-Pigeon,0.6668,243B1F02648873F9_20260412_031500.WAV,14,0.0,1.0,0.25,BirdNET_GLOBAL_6K_V2.4_Model_FP32.tflite,243B1F02648873F9_20260412_031500_chunk_035.wav,21000,192,195
21207,21210,Certhia familiaris,Eurasian Treecreeper,0.4076,243B1F02648873F9_20260412_031500.WAV,14,0.0,1.0,0.25,BirdNET_GLOBAL_6K_V2.4_Model_FP32.tflite,243B1F02648873F9_20260412_031500_chunk_035.wav,21000,207,210
21213,21216,Phylloscopus collybita,Common Chiffchaff,0.3231,243B1F02648873F9_20260412_031500.WAV,14,0.0,1.0,0.25,BirdNET_GLOBAL_6K_V2.4_Model_FP32.tflite,243B1F02648873F9_20260412_031500_chunk_035.wav,21000,213,216
21231,21234,Troglodytes troglodytes,Eurasian Wren,0.2882,243B1F02648873F9_20260412_031500.WAV,14,0.0,1.0,0.25,BirdNET_GLOBAL_6K_V2.4_Model_FP32.tflite,243B1F02648873F9_20260412_031500_chunk_035.wav,21000,231,234
21234,21237,Phylloscopus collybita,Common Chiffchaff,0.5202,243B1F02648873F9_20260412_031500.WAV,14,0.0,1.0,0.25,BirdNET_GLOBAL_6K_V2.4_Model_FP32.tflite,243B1F02648873F9_20260412_031500_chunk_035.wav,21000,234,237
21258,21261,Phylloscopus collybita,Common Chiffchaff,0.6602,243B1F02648873F9_20260412_031500.WAV,14,0.0,1.0,0.25,BirdNET_GLOBAL_6K_V2.4_Model_FP32.tflite,243B1F02648873F9_20260412_031500_chunk_035.wav,21000,258,261
21267,21270,Regulus regulus,Goldcrest,0.3363,243B1F02648873F9_20260412_031500.WAV,14,0.0,1.0,0.25,BirdNET_GLOBAL_6K_V2.4_Model_FP32.tflite,243B1F02648873F9_20260412_031500_chunk_035.wav,21000,267,270
21276,21279,Streptopelia decaocto,Eurasian Collared-Dove,0.3621,243B1F02648873F9_20260412_031500.WAV,14,0.0,1.0,0.25,BirdNET_GLOBAL_6K_V2.4_Model_FP32.tflite,243B1F02648873F9_20260412_031500_chunk_035.wav,21000,276,279
21279,21282,Columba palumbus,Common Wood-Pigeon,0.4296,243B1F02648873F9_20260412_031500.WAV,14,0.0,1.0,0.25,BirdNET_GLOBAL_6K_V2.4_Model_FP32.tflite,243B1F02648873F9_20260412_031500_chunk_035.wav,21000,279,282
21279,21282,Streptopelia decaocto,Eurasian Collared-Dove,0.3003,243B1F02648873F9_20260412_031500.WAV,14,0.0,1.0,0.25,BirdNET_GLOBAL_6K_V2.4_Model_FP32.tflite,243B1F02648873F9_20260412_031500_chunk_035.wav,21000,279,282
21282,21285,Columba palumbus,Common Wood-Pigeon,0.6159,243B1F02648873F9_20260412_031500.WAV,14,0.0,1.0,0.25,BirdNET_GLOBAL_6K_V2.4_Model_FP32.tflite,243B1F02648873F9_20260412_031500_chunk_035.wav,21000,282,285
21288,21291,Certhia familiaris,Eurasian Treecreeper,0.3354,243B1F02648873F9_20260412_031500.WAV,14,0.0,1.0,0.25,BirdNET_GLOBAL_6K_V2.4_Model_FP32.tflite,243B1F02648873F9_20260412_031500_chunk_035.wav,21000,288,291
21297,21300,Turdus merula,Eurasian Blackbird,0.6812,243B1F02648873F9_20260412_031500.WAV,14,0.0,1.0,0.25,BirdNET_GLOBAL_6K_V2.4_Model_FP32.tflite,243B1F02648873F9_20260412_031500_chunk_035.wav,21000,297,300
21300,21303,Phylloscopus collybita,Common Chiffchaff,0.4407,243B1F02648873F9_20260412_031500.WAV,14,0.0,1.0,0.25,BirdNET_GLOBAL_6K_V2.4_Model_FP32.tflite,243B1F02648873F9_20260412_031500_chunk_035.wav,21000,300,303
21312,21315,Phylloscopus collybita,Common Chiffchaff,0.9116,243B1F02648873F9_20260412_031500.WAV,14,0.0,1.0,0.25,BirdNET_GLOBAL_6K_V2.4_Model_FP32.tflite,243B1F02648873F9_20260412_031500_chunk_035.wav,21000,312,315
21363,21366,Phylloscopus collybita,Common Chiffchaff,0.7723,243B1F02648873F9_20260412_031500.WAV,14,0.0,1.0,0.25,BirdNET_GLOBAL_6K_V2.4_Model_FP32.tflite,243B1F02648873F9_20260412_031500_chunk_035.wav,21000,363,366
21372,21375,Phylloscopus collybita,Common Chiffchaff,0.6991,243B1F02648873F9_20260412_031500.WAV,14,0.0,1.0,0.25,BirdNET_GLOBAL_6K_V2.4_Model_FP32.tflite,243B1F02648873F9_20260412_031500_chunk_035.wav,21000,372,375
21393,21396,Troglodytes troglodytes,Eurasian Wren,0.3593,243B1F02648873F9_20260412_031500.WAV,14,0.0,1.0,0.25,BirdNET_GLOBAL_6K_V2.4_Model_FP32.tflite,243B1F02648873F9_20260412_031500_chunk_035.wav,21000,393,396
21402,21405,Troglodytes troglodytes,Eurasian Wren,0.2988,243B1F02648873F9_20260412_031500.WAV,14,0.0,1.0,0.25,BirdNET_GLOBAL_6K_V2.4_Model_FP32.tflite,243B1F02648873F9_20260412_031500_chunk_035.wav,21000,402,405
21420,21423,Aegithalos caudatus,Long-tailed Tit,0.2725,243B1F02648873F9_20260412_031500.WAV,14,0.0,1.0,0.25,BirdNET_GLOBAL_6K_V2.4_Model_FP32.tflite,243B1F02648873F9_20260412_031500_chunk_035.wav,21000,420,423
21456,21459,Phylloscopus collybita,Common Chiffchaff,0.4765,243B1F02648873F9_20260412_031500.WAV,14,0.0,1.0,0.25,BirdNET_GLOBAL_6K_V2.4_Model_FP32.tflite,243B1F02648873F9_20260412_031500_chunk_035.wav,21000,456,459
21462,21465,Troglodytes troglodytes,Eurasian Wren,0.4606,243B1F02648873F9_20260412_031500.WAV,14,0.0,1.0,0.25,BirdNET_GLOBAL_6K_V2.4_Model_FP32.tflite,243B1F02648873F9_20260412_031500_chunk_035.wav,21000,462,465
21465,21468,Troglodytes troglodytes,Eurasian Wren,0.3621,243B1F02648873F9_20260412_031500.WAV,14,0.0,1.0,0.25,BirdNET_GLOBAL_6K_V2.4_Model_FP32.tflite,243B1F02648873F9_20260412_031500_chunk_035.wav,21000,465,468
21465,21468,Columba palumbus,Common Wood-Pigeon,0.3144,243B1F02648873F9_20260412_031500.WAV,14,0.0,1.0,0.25,BirdNET_GLOBAL_6K_V2.4_Model_FP32.tflite,243B1F02648873F9_20260412_031500_chunk_035.wav,21000,465,468
21468,21471,Streptopelia decaocto,Eurasian Collared-Dove,0.3578,243B1F02648873F9_20260412_031500.WAV,14,0.0,1.0,0.25,BirdNET_GLOBAL_6K_V2.4_Model_FP32.tflite,243B1F02648873F9_20260412_031500_chunk_035.wav,21000,468,471
21474,21477,Columba palumbus,Common Wood-Pigeon,0.6127,243B1F02648873F9_20260412_031500.WAV,14,0.0,1.0,0.25,BirdNET_GLOBAL_6K_V2.4_Model_FP32.tflite,243B1F02648873F9_20260412_031500_chunk_035.wav,21000,474,477
21477,21480,Troglodytes troglodytes,Eurasian Wren,0.8413,243B1F02648873F9_20260412_031500.WAV,14,0.0,1.0,0.25,BirdNET_GLOBAL_6K_V2.4_Model_FP32.tflite,243B1F02648873F9_20260412_031500_chunk_035.wav,21000,477,480
21498,21501,Troglodytes troglodytes,Eurasian Wren,0.9955,243B1F02648873F9_20260412_031500.WAV,14,0.0,1.0,0.25,BirdNET_GLOBAL_6K_V2.4_Model_FP32.tflite,243B1F02648873F9_20260412_031500_chunk_035.wav,21000,498,501
21501,21504,Troglodytes troglodytes,Eurasian Wren,0.9563,243B1F02648873F9_20260412_031500.WAV,14,0.0,1.0,0.25,BirdNET_GLOBAL_6K_V2.4_Model_FP32.tflite,243B1F02648873F9_20260412_031500_chunk_035.wav,21000,501,504
21510,21513,Corvus corone,Carrion Crow,0.5934,243B1F02648873F9_20260412_031500.WAV,14,0.0,1.0,0.25,BirdNET_GLOBAL_6K_V2.4_Model_FP32.tflite,243B1F02648873F9_20260412_031500_chunk_035.wav,21000,510,513
21510,21513,Troglodytes troglodytes,Eurasian Wren,0.4783,243B1F02648873F9_20260412_031500.WAV,14,0.0,1.0,0.25,BirdNET_GLOBAL_6K_V2.4_Model_FP32.tflite,243B1F02648873F9_20260412_031500_chunk_035.wav,21000,510,513
21513,21516,Corvus cornix,Hooded Crow,0.6684,243B1F02648873F9_20260412_031500.WAV,14,0.0,1.0,0.25,BirdNET_GLOBAL_6K_V2.4_Model_FP32.tflite,243B1F02648873F9_20260412_031500_chunk_035.wav,21000,513,516
21513,21516,Corvus corone,Carrion Crow,0.5031,243B1F02648873F9_20260412_031500.WAV,14,0.0,1.0,0.25,BirdNET_GLOBAL_6K_V2.4_Model_FP32.tflite,243B1F02648873F9_20260412_031500_chunk_035.wav,21000,513,516
21513,21516,Troglodytes troglodytes,Eurasian Wren,0.2920,243B1F02648873F9_20260412_031500.WAV,14,0.0,1.0,0.25,BirdNET_GLOBAL_6K_V2.4_Model_FP32.tflite,243B1F02648873F9_20260412_031500_chunk_035.wav,21000,513,516
21519,21522,Troglodytes troglodytes,Eurasian Wren,0.7561,243B1F02648873F9_20260412_031500.WAV,14,0.0,1.0,0.25,BirdNET_GLOBAL_6K_V2.4_Model_FP32.tflite,243B1F02648873F9_20260412_031500_chunk_035.wav,21000,519,522
21522,21525,Troglodytes troglodytes,Eurasian Wren,0.8334,243B1F02648873F9_20260412_031500.WAV,14,0.0,1.0,0.25,BirdNET_GLOBAL_6K_V2.4_Model_FP32.tflite,243B1F02648873F9_20260412_031500_chunk_035.wav,21000,522,525
21525,21528,Parus major,Great Tit,0.7057,243B1F02648873F9_20260412_031500.WAV,14,0.0,1.0,0.25,BirdNET_GLOBAL_6K_V2.4_Model_FP32.tflite,243B1F02648873F9_20260412_031500_chunk_035.wav,21000,525,528
21528,21531,Troglodytes troglodytes,Eurasian Wren,0.9106,243B1F02648873F9_20260412_031500.WAV,14,0.0,1.0,0.25,BirdNET_GLOBAL_6K_V2.4_Model_FP32.tflite,243B1F02648873F9_20260412_031500_chunk_035.wav,21000,528,531
21531,21534,Troglodytes troglodytes,Eurasian Wren,0.3890,243B1F02648873F9_20260412_031500.WAV,14,0.0,1.0,0.25,BirdNET_GLOBAL_6K_V2.4_Model_FP32.tflite,243B1F02648873F9_20260412_031500_chunk_035.wav,21000,531,534
21534,21537,Carduelis carduelis,European Goldfinch,0.6393,243B1F02648873F9_20260412_031500.WAV,14,0.0,1.0,0.25,BirdNET_GLOBAL_6K_V2.4_Model_FP32.tflite,243B1F02648873F9_20260412_031500_chunk_035.wav,21000,534,537
21543,21546,Troglodytes troglodytes,Eurasian Wren,0.2959,243B1F02648873F9_20260412_031500.WAV,14,0.0,1.0,0.25,BirdNET_GLOBAL_6K_V2.4_Model_FP32.tflite,243B1F02648873F9_20260412_031500_chunk_035.wav,21000,543,546
21552,21555,Columba palumbus,Common Wood-Pigeon,0.4462,243B1F02648873F9_20260412_031500.WAV,14,0.0,1.0,0.25,BirdNET_GLOBAL_6K_V2.4_Model_FP32.tflite,243B1F02648873F9_20260412_031500_chunk_035.wav,21000,552,555
21555,21558,Columba palumbus,Common Wood-Pigeon,0.7279,243B1F02648873F9_20260412_031500.WAV,14,0.0,1.0,0.25,BirdNET_GLOBAL_6K_V2.4_Model_FP32.tflite,243B1F02648873F9_20260412_031500_chunk_035.wav,21000,555,558
21555,21558,Streptopelia decaocto,Eurasian Collared-Dove,0.4302,243B1F02648873F9_20260412_031500.WAV,14,0.0,1.0,0.25,BirdNET_GLOBAL_6K_V2.4_Model_FP32.tflite,243B1F02648873F9_20260412_031500_chunk_035.wav,21000,555,558
21558,21561,Columba palumbus,Common Wood-Pigeon,0.5007,243B1F02648873F9_20260412_031500.WAV,14,0.0,1.0,0.25,BirdNET_GLOBAL_6K_V2.4_Model_FP32.tflite,243B1F02648873F9_20260412_031500_chunk_035.wav,21000,558,561
21576,21579,Regulus regulus,Goldcrest,0.4615,243B1F02648873F9_20260412_031500.WAV,14,0.0,1.0,0.25,BirdNET_GLOBAL_6K_V2.4_Model_FP32.tflite,243B1F02648873F9_20260412_031500_chunk_035.wav,21000,576,579
21579,21582,Regulus regulus,Goldcrest,0.5128,243B1F02648873F9_20260412_031500.WAV,14,0.0,1.0,0.25,BirdNET_GLOBAL_6K_V2.4_Model_FP32.tflite,243B1F02648873F9_20260412_031500_chunk_035.wav,21000,579,582
21582,21585,Corvus corone,Carrion Crow,0.5618,243B1F02648873F9_20260412_031500.WAV,14,0.0,1.0,0.25,BirdNET_GLOBAL_6K_V2.4_Model_FP32.tflite,243B1F02648873F9_20260412_031500_chunk_035.wav,21000,582,585
21582,21585,Corvus cornix,Hooded Crow,0.5615,243B1F02648873F9_20260412_031500.WAV,14,0.0,1.0,0.25,BirdNET_GLOBAL_6K_V2.4_Model_FP32.tflite,243B1F02648873F9_20260412_031500_chunk_035.wav,21000,582,585
21585,21588,Corvus corone,Carrion Crow,0.7847,243B1F02648873F9_20260412_031500.WAV,14,0.0,1.0,0.25,BirdNET_GLOBAL_6K_V2.4_Model_FP32.tflite,243B1F02648873F9_20260412_031500_chunk_035.wav,21000,585,588
21585,21588,Corvus cornix,Hooded Crow,0.2873,243B1F02648873F9_20260412_031500.WAV,14,0.0,1.0,0.25,BirdNET_GLOBAL_6K_V2.4_Model_FP32.tflite,243B1F02648873F9_20260412_031500_chunk_035.wav,21000,585,588
21588,21591,Regulus regulus,Goldcrest,0.4272,243B1F02648873F9_20260412_031500.WAV,14,0.0,1.0,0.25,BirdNET_GLOBAL_6K_V2.4_Model_FP32.tflite,243B1F02648873F9_20260412_031500_chunk_035.wav,21000,588,591
21588,21591,Corvus corone,Carrion Crow,0.3132,243B1F02648873F9_20260412_031500.WAV,14,0.0,1.0,0.25,BirdNET_GLOBAL_6K_V2.4_Model_FP32.tflite,243B1F02648873F9_20260412_031500_chunk_035.wav,21000,588,591
21588,21591,Corvus cornix,Hooded Crow,0.2956,243B1F02648873F9_20260412_031500.WAV,14,0.0,1.0,0.25,BirdNET_GLOBAL_6K_V2.4_Model_FP32.tflite,243B1F02648873F9_20260412_031500_chunk_035.wav,21000,588,591
21591,21594,Regulus regulus,Goldcrest,0.3897,243B1F02648873F9_20260412_031500.WAV,14,0.0,1.0,0.25,BirdNET_GLOBAL_6K_V2.4_Model_FP32.tflite,243B1F02648873F9_20260412_031500_chunk_035.wav,21000,591,594
21615,21618,Regulus regulus,Goldcrest,0.5546,243B1F02648873F9_20260412_031500.WAV,14,0.0,1.0,0.25,BirdNET_GLOBAL_6K_V2.4_Model_FP32.tflite,243B1F02648873F9_20260412_031500_chunk_036.wav,21600,15,18
21618,21621,Regulus regulus,Goldcrest,0.2590,243B1F02648873F9_20260412_031500.WAV,14,0.0,1.0,0.25,BirdNET_GLOBAL_6K_V2.4_Model_FP32.tflite,243B1F02648873F9_20260412_031500_chunk_036.wav,21600,18,21
21624,21627,Corvus corone,Carrion Crow,0.8432,243B1F02648873F9_20260412_031500.WAV,14,0.0,1.0,0.25,BirdNET_GLOBAL_6K_V2.4_Model_FP32.tflite,243B1F02648873F9_20260412_031500_chunk_036.wav,21600,24,27
21624,21627,Corvus cornix,Hooded Crow,0.3091,243B1F02648873F9_20260412_031500.WAV,14,0.0,1.0,0.25,BirdNET_GLOBAL_6K_V2.4_Model_FP32.tflite,243B1F02648873F9_20260412_031500_chunk_036.wav,21600,24,27
21627,21630,Corvus corone,Carrion Crow,0.7173,243B1F02648873F9_20260412_031500.WAV,14,0.0,1.0,0.25,BirdNET_GLOBAL_6K_V2.4_Model_FP32.tflite,243B1F02648873F9_20260412_031500_chunk_036.wav,21600,27,30
21627,21630,Corvus cornix,Hooded Crow,0.4057,243B1F02648873F9_20260412_031500.WAV,14,0.0,1.0,0.25,BirdNET_GLOBAL_6K_V2.4_Model_FP32.tflite,243B1F02648873F9_20260412_031500_chunk_036.wav,21600,27,30
21651,21654,Corvus cornix,Hooded Crow,0.4764,243B1F02648873F9_20260412_031500.WAV,14,0.0,1.0,0.25,BirdNET_GLOBAL_6K_V2.4_Model_FP32.tflite,243B1F02648873F9_20260412_031500_chunk_036.wav,21600,51,54
21651,21654,Corvus corone,Carrion Crow,0.2884,243B1F02648873F9_20260412_031500.WAV,14,0.0,1.0,0.25,BirdNET_GLOBAL_6K_V2.4_Model_FP32.tflite,243B1F02648873F9_20260412_031500_chunk_036.wav,21600,51,54
21657,21660,Corvus corone,Carrion Crow,0.6432,243B1F02648873F9_20260412_031500.WAV,14,0.0,1.0,0.25,BirdNET_GLOBAL_6K_V2.4_Model_FP32.tflite,243B1F02648873F9_20260412_031500_chunk_036.wav,21600,57,60
21657,21660,Corvus cornix,Hooded Crow,0.5262,243B1F02648873F9_20260412_031500.WAV,14,0.0,1.0,0.25,BirdNET_GLOBAL_6K_V2.4_Model_FP32.tflite,243B1F02648873F9_20260412_031500_chunk_036.wav,21600,57,60
21660,21663,Corvus cornix,Hooded Crow,0.7439,243B1F02648873F9_20260412_031500.WAV,14,0.0,1.0,0.25,BirdNET_GLOBAL_6K_V2.4_Model_FP32.tflite,243B1F02648873F9_20260412_031500_chunk_036.wav,21600,60,63
21660,21663,Corvus corone,Carrion Crow,0.4854,243B1F02648873F9_20260412_031500.WAV,14,0.0,1.0,0.25,BirdNET_GLOBAL_6K_V2.4_Model_FP32.tflite,243B1F02648873F9_20260412_031500_chunk_036.wav,21600,60,63
21669,21672,Regulus regulus,Goldcrest,0.3591,243B1F02648873F9_20260412_031500.WAV,14,0.0,1.0,0.25,BirdNET_GLOBAL_6K_V2.4_Model_FP32.tflite,243B1F02648873F9_20260412_031500_chunk_036.wav,21600,69,72
21678,21681,Turdus philomelos,Song Thrush,0.2744,243B1F02648873F9_20260412_031500.WAV,14,0.0,1.0,0.25,BirdNET_GLOBAL_6K_V2.4_Model_FP32.tflite,243B1F02648873F9_20260412_031500_chunk_036.wav,21600,78,81
21681,21684,Corvus corone,Carrion Crow,0.7281,243B1F02648873F9_20260412_031500.WAV,14,0.0,1.0,0.25,BirdNET_GLOBAL_6K_V2.4_Model_FP32.tflite,243B1F02648873F9_20260412_031500_chunk_036.wav,21600,81,84
21681,21684,Corvus cornix,Hooded Crow,0.6961,243B1F02648873F9_20260412_031500.WAV,14,0.0,1.0,0.25,BirdNET_GLOBAL_6K_V2.4_Model_FP32.tflite,243B1F02648873F9_20260412_031500_chunk_036.wav,21600,81,84
21684,21687,Parus major,Great Tit,0.7917,243B1F02648873F9_20260412_031500.WAV,14,0.0,1.0,0.25,BirdNET_GLOBAL_6K_V2.4_Model_FP32.tflite,243B1F02648873F9_20260412_031500_chunk_036.wav,21600,84,87
21687,21690,Parus major,Great Tit,0.9286,243B1F02648873F9_20260412_031500.WAV,14,0.0,1.0,0.25,BirdNET_GLOBAL_6K_V2.4_Model_FP32.tflite,243B1F02648873F9_20260412_031500_chunk_036.wav,21600,87,90
21693,21696,Corvus corone,Carrion Crow,0.2613,243B1F02648873F9_20260412_031500.WAV,14,0.0,1.0,0.25,BirdNET_GLOBAL_6K_V2.4_Model_FP32.tflite,243B1F02648873F9_20260412_031500_chunk_036.wav,21600,93,96
21696,21699,Corvus corone,Carrion Crow,0.7945,243B1F02648873F9_20260412_031500.WAV,14,0.0,1.0,0.25,BirdNET_GLOBAL_6K_V2.4_Model_FP32.tflite,243B1F02648873F9_20260412_031500_chunk_036.wav,21600,96,99
21696,21699,Corvus cornix,Hooded Crow,0.6503,243B1F02648873F9_20260412_031500.WAV,14,0.0,1.0,0.25,BirdNET_GLOBAL_6K_V2.4_Model_FP32.tflite,243B1F02648873F9_20260412_031500_chunk_036.wav,21600,96,99
21705,21708,Corvus corone,Carrion Crow,0.3902,243B1F02648873F9_20260412_031500.WAV,14,0.0,1.0,0.25,BirdNET_GLOBAL_6K_V2.4_Model_FP32.tflite,243B1F02648873F9_20260412_031500_chunk_036.wav,21600,105,108
21714,21717,Troglodytes troglodytes,Eurasian Wren,0.6477,243B1F02648873F9_20260412_031500.WAV,14,0.0,1.0,0.25,BirdNET_GLOBAL_6K_V2.4_Model_FP32.tflite,243B1F02648873F9_20260412_031500_chunk_036.wav,21600,114,117
21720,21723,Corvus corone,Carrion Crow,0.3152,243B1F02648873F9_20260412_031500.WAV,14,0.0,1.0,0.25,BirdNET_GLOBAL_6K_V2.4_Model_FP32.tflite,243B1F02648873F9_20260412_031500_chunk_036.wav,21600,120,123
21756,21759,Columba palumbus,Common Wood-Pigeon,0.5225,243B1F02648873F9_20260412_031500.WAV,14,0.0,1.0,0.25,BirdNET_GLOBAL_6K_V2.4_Model_FP32.tflite,243B1F02648873F9_20260412_031500_chunk_036.wav,21600,156,159
21789,21792,Columba palumbus,Common Wood-Pigeon,0.2779,243B1F02648873F9_20260412_031500.WAV,14,0.0,1.0,0.25,BirdNET_GLOBAL_6K_V2.4_Model_FP32.tflite,243B1F02648873F9_20260412_031500_chunk_036.wav,21600,189,192
21792,21795,Columba palumbus,Common Wood-Pigeon,0.5750,243B1F02648873F9_20260412_031500.WAV,14,0.0,1.0,0.25,BirdNET_GLOBAL_6K_V2.4_Model_FP32.tflite,243B1F02648873F9_20260412_031500_chunk_036.wav,21600,192,195
21867,21870,Periparus ater,Coal Tit,0.7164,243B1F02648873F9_20260412_031500.WAV,14,0.0,1.0,0.25,BirdNET_GLOBAL_6K_V2.4_Model_FP32.tflite,243B1F02648873F9_20260412_031500_chunk_036.wav,21600,267,270
21936,21939,Turdus iliacus,Redwing,0.5100,243B1F02648873F9_20260412_031500.WAV,14,0.0,1.0,0.25,BirdNET_GLOBAL_6K_V2.4_Model_FP32.tflite,243B1F02648873F9_20260412_031500_chunk_036.wav,21600,336,339
21945,21948,Regulus regulus,Goldcrest,0.3124,243B1F02648873F9_20260412_031500.WAV,14,0.0,1.0,0.25,BirdNET_GLOBAL_6K_V2.4_Model_FP32.tflite,243B1F02648873F9_20260412_031500_chunk_036.wav,21600,345,348
21957,21960,Regulus regulus,Goldcrest,0.2951,243B1F02648873F9_20260412_031500.WAV,14,0.0,1.0,0.25,BirdNET_GLOBAL_6K_V2.4_Model_FP32.tflite,243B1F02648873F9_20260412_031500_chunk_036.wav,21600,357,360
21960,21963,Corvus cornix,Hooded Crow,0.2579,243B1F02648873F9_20260412_031500.WAV,14,0.0,1.0,0.25,BirdNET_GLOBAL_6K_V2.4_Model_FP32.tflite,243B1F02648873F9_20260412_031500_chunk_036.wav,21600,360,363
21978,21981,Columba palumbus,Common Wood-Pigeon,0.2756,243B1F02648873F9_20260412_031500.WAV,14,0.0,1.0,0.25,BirdNET_GLOBAL_6K_V2.4_Model_FP32.tflite,243B1F02648873F9_20260412_031500_chunk_036.wav,21600,378,381
21984,21987,Regulus regulus,Goldcrest,0.3484,243B1F02648873F9_20260412_031500.WAV,14,0.0,1.0,0.25,BirdNET_GLOBAL_6K_V2.4_Model_FP32.tflite,243B1F02648873F9_20260412_031500_chunk_036.wav,21600,384,387
21996,21999,Turdus iliacus,Redwing,0.3424,243B1F02648873F9_20260412_031500.WAV,14,0.0,1.0,0.25,BirdNET_GLOBAL_6K_V2.4_Model_FP32.tflite,243B1F02648873F9_20260412_031500_chunk_036.wav,21600,396,399
22041,22044,Columba palumbus,Common Wood-Pigeon,0.4832,243B1F02648873F9_20260412_031500.WAV,14,0.0,1.0,0.25,BirdNET_GLOBAL_6K_V2.4_Model_FP32.tflite,243B1F02648873F9_20260412_031500_chunk_036.wav,21600,441,444
22044,22047,Columba palumbus,Common Wood-Pigeon,0.3400,243B1F02648873F9_20260412_031500.WAV,14,0.0,1.0,0.25,BirdNET_GLOBAL_6K_V2.4_Model_FP32.tflite,243B1F02648873F9_20260412_031500_chunk_036.wav,21600,444,447
22065,22068,Corvus cornix,Hooded Crow,0.9167,243B1F02648873F9_20260412_031500.WAV,14,0.0,1.0,0.25,BirdNET_GLOBAL_6K_V2.4_Model_FP32.tflite,243B1F02648873F9_20260412_031500_chunk_036.wav,21600,465,468
22065,22068,Corvus corone,Carrion Crow,0.4726,243B1F02648873F9_20260412_031500.WAV,14,0.0,1.0,0.25,BirdNET_GLOBAL_6K_V2.4_Model_FP32.tflite,243B1F02648873F9_20260412_031500_chunk_036.wav,21600,465,468
22068,22071,Corvus cornix,Hooded Crow,0.8654,243B1F02648873F9_20260412_031500.WAV,14,0.0,1.0,0.25,BirdNET_GLOBAL_6K_V2.4_Model_FP32.tflite,243B1F02648873F9_20260412_031500_chunk_036.wav,21600,468,471
22068,22071,Corvus corone,Carrion Crow,0.5674,243B1F02648873F9_20260412_031500.WAV,14,0.0,1.0,0.25,BirdNET_GLOBAL_6K_V2.4_Model_FP32.tflite,243B1F02648873F9_20260412_031500_chunk_036.wav,21600,468,471
22110,22113,Corvus corone,Carrion Crow,0.6964,243B1F02648873F9_20260412_031500.WAV,14,0.0,1.0,0.25,BirdNET_GLOBAL_6K_V2.4_Model_FP32.tflite,243B1F02648873F9_20260412_031500_chunk_036.wav,21600,510,513
22110,22113,Corvus cornix,Hooded Crow,0.5924,243B1F02648873F9_20260412_031500.WAV,14,0.0,1.0,0.25,BirdNET_GLOBAL_6K_V2.4_Model_FP32.tflite,243B1F02648873F9_20260412_031500_chunk_036.wav,21600,510,513
22116,22119,Larus argentatus,Herring Gull,0.4899,243B1F02648873F9_20260412_031500.WAV,14,0.0,1.0,0.25,BirdNET_GLOBAL_6K_V2.4_Model_FP32.tflite,243B1F02648873F9_20260412_031500_chunk_036.wav,21600,516,519
22125,22128,Corvus corone,Carrion Crow,0.7684,243B1F02648873F9_20260412_031500.WAV,14,0.0,1.0,0.25,BirdNET_GLOBAL_6K_V2.4_Model_FP32.tflite,243B1F02648873F9_20260412_031500_chunk_036.wav,21600,525,528
22131,22134,Corvus corone,Carrion Crow,0.7567,243B1F02648873F9_20260412_031500.WAV,14,0.0,1.0,0.25,BirdNET_GLOBAL_6K_V2.4_Model_FP32.tflite,243B1F02648873F9_20260412_031500_chunk_036.wav,21600,531,534
22131,22134,Corvus cornix,Hooded Crow,0.6216,243B1F02648873F9_20260412_031500.WAV,14,0.0,1.0,0.25,BirdNET_GLOBAL_6K_V2.4_Model_FP32.tflite,243B1F02648873F9_20260412_031500_chunk_036.wav,21600,531,534
22164,22167,Troglodytes troglodytes,Eurasian Wren,0.8039,243B1F02648873F9_20260412_031500.WAV,14,0.0,1.0,0.25,BirdNET_GLOBAL_6K_V2.4_Model_FP32.tflite,243B1F02648873F9_20260412_031500_chunk_036.wav,21600,564,567
22167,22170,Troglodytes troglodytes,Eurasian Wren,0.5261,243B1F02648873F9_20260412_031500.WAV,14,0.0,1.0,0.25,BirdNET_GLOBAL_6K_V2.4_Model_FP32.tflite,243B1F02648873F9_20260412_031500_chunk_036.wav,21600,567,570
22281,22284,Turdus iliacus,Redwing,0.8291,243B1F02648873F9_20260412_031500.WAV,14,0.0,1.0,0.25,BirdNET_GLOBAL_6K_V2.4_Model_FP32.tflite,243B1F02648873F9_20260412_031500_chunk_037.wav,22200,81,84
22281,22284,Erithacus rubecula,European Robin,0.4183,243B1F02648873F9_20260412_031500.WAV,14,0.0,1.0,0.25,BirdNET_GLOBAL_6K_V2.4_Model_FP32.tflite,243B1F02648873F9_20260412_031500_chunk_037.wav,22200,81,84
22323,22326,Columba palumbus,Common Wood-Pigeon,0.7756,243B1F02648873F9_20260412_031500.WAV,14,0.0,1.0,0.25,BirdNET_GLOBAL_6K_V2.4_Model_FP32.tflite,243B1F02648873F9_20260412_031500_chunk_037.wav,22200,123,126
22326,22329,Columba palumbus,Common Wood-Pigeon,0.7727,243B1F02648873F9_20260412_031500.WAV,14,0.0,1.0,0.25,BirdNET_GLOBAL_6K_V2.4_Model_FP32.tflite,243B1F02648873F9_20260412_031500_chunk_037.wav,22200,126,129
22329,22332,Columba palumbus,Common Wood-Pigeon,0.9240,243B1F02648873F9_20260412_031500.WAV,14,0.0,1.0,0.25,BirdNET_GLOBAL_6K_V2.4_Model_FP32.tflite,243B1F02648873F9_20260412_031500_chunk_037.wav,22200,129,132
22407,22410,Columba palumbus,Common Wood-Pigeon,0.5868,243B1F02648873F9_20260412_031500.WAV,14,0.0,1.0,0.25,BirdNET_GLOBAL_6K_V2.4_Model_FP32.tflite,243B1F02648873F9_20260412_031500_chunk_037.wav,22200,207,210
22479,22482,Columba palumbus,Common Wood-Pigeon,0.2786,243B1F02648873F9_20260412_031500.WAV,14,0.0,1.0,0.25,BirdNET_GLOBAL_6K_V2.4_Model_FP32.tflite,243B1F02648873F9_20260412_031500_chunk_037.wav,22200,279,282
22524,22527,Streptopelia decaocto,Eurasian Collared-Dove,0.3003,243B1F02648873F9_20260412_031500.WAV,14,0.0,1.0,0.25,BirdNET_GLOBAL_6K_V2.4_Model_FP32.tflite,243B1F02648873F9_20260412_031500_chunk_037.wav,22200,324,327
22524,22527,Columba palumbus,Common Wood-Pigeon,0.2793,243B1F02648873F9_20260412_031500.WAV,14,0.0,1.0,0.25,BirdNET_GLOBAL_6K_V2.4_Model_FP32.tflite,243B1F02648873F9_20260412_031500_chunk_037.wav,22200,324,327
22536,22539,Columba palumbus,Common Wood-Pigeon,0.2771,243B1F02648873F9_20260412_031500.WAV,14,0.0,1.0,0.25,BirdNET_GLOBAL_6K_V2.4_Model_FP32.tflite,243B1F02648873F9_20260412_031500_chunk_037.wav,22200,336,339
22539,22542,Columba palumbus,Common Wood-Pigeon,0.4766,243B1F02648873F9_20260412_031500.WAV,14,0.0,1.0,0.25,BirdNET_GLOBAL_6K_V2.4_Model_FP32.tflite,243B1F02648873F9_20260412_031500_chunk_037.wav,22200,339,342
22590,22593,Columba oenas,Stock Dove,0.6634,243B1F02648873F9_20260412_031500.WAV,14,0.0,1.0,0.25,BirdNET_GLOBAL_6K_V2.4_Model_FP32.tflite,243B1F02648873F9_20260412_031500_chunk_037.wav,22200,390,393
22590,22593,Columba palumbus,Common Wood-Pigeon,0.3508,243B1F02648873F9_20260412_031500.WAV,14,0.0,1.0,0.25,BirdNET_GLOBAL_6K_V2.4_Model_FP32.tflite,243B1F02648873F9_20260412_031500_chunk_037.wav,22200,390,393
22599,22602,Troglodytes troglodytes,Eurasian Wren,0.3723,243B1F02648873F9_20260412_031500.WAV,14,0.0,1.0,0.25,BirdNET_GLOBAL_6K_V2.4_Model_FP32.tflite,243B1F02648873F9_20260412_031500_chunk_037.wav,22200,399,402
22602,22605,Troglodytes troglodytes,Eurasian Wren,0.6345,243B1F02648873F9_20260412_031500.WAV,14,0.0,1.0,0.25,BirdNET_GLOBAL_6K_V2.4_Model_FP32.tflite,243B1F02648873F9_20260412_031500_chunk_037.wav,22200,402,405
22629,22632,Columba palumbus,Common Wood-Pigeon,0.3376,243B1F02648873F9_20260412_031500.WAV,14,0.0,1.0,0.25,BirdNET_GLOBAL_6K_V2.4_Model_FP32.tflite,243B1F02648873F9_20260412_031500_chunk_037.wav,22200,429,432
22632,22635,Columba palumbus,Common Wood-Pigeon,0.5425,243B1F02648873F9_20260412_031500.WAV,14,0.0,1.0,0.25,BirdNET_GLOBAL_6K_V2.4_Model_FP32.tflite,243B1F02648873F9_20260412_031500_chunk_037.wav,22200,432,435
22635,22638,Phylloscopus collybita,Common Chiffchaff,0.3402,243B1F02648873F9_20260412_031500.WAV,14,0.0,1.0,0.25,BirdNET_GLOBAL_6K_V2.4_Model_FP32.tflite,243B1F02648873F9_20260412_031500_chunk_037.wav,22200,435,438
22641,22644,Regulus regulus,Goldcrest,0.6590,243B1F02648873F9_20260412_031500.WAV,14,0.0,1.0,0.25,BirdNET_GLOBAL_6K_V2.4_Model_FP32.tflite,243B1F02648873F9_20260412_031500_chunk_037.wav,22200,441,444
22656,22659,Columba palumbus,Common Wood-Pigeon,0.5692,243B1F02648873F9_20260412_031500.WAV,14,0.0,1.0,0.25,BirdNET_GLOBAL_6K_V2.4_Model_FP32.tflite,243B1F02648873F9_20260412_031500_chunk_037.wav,22200,456,459
22659,22662,Columba palumbus,Common Wood-Pigeon,0.8267,243B1F02648873F9_20260412_031500.WAV,14,0.0,1.0,0.25,BirdNET_GLOBAL_6K_V2.4_Model_FP32.tflite,243B1F02648873F9_20260412_031500_chunk_037.wav,22200,459,462
22665,22668,Phylloscopus collybita,Common Chiffchaff,0.4081,243B1F02648873F9_20260412_031500.WAV,14,0.0,1.0,0.25,BirdNET_GLOBAL_6K_V2.4_Model_FP32.tflite,243B1F02648873F9_20260412_031500_chunk_037.wav,22200,465,468
22689,22692,Columba palumbus,Common Wood-Pigeon,0.6000,243B1F02648873F9_20260412_031500.WAV,14,0.0,1.0,0.25,BirdNET_GLOBAL_6K_V2.4_Model_FP32.tflite,243B1F02648873F9_20260412_031500_chunk_037.wav,22200,489,492
22692,22695,Columba palumbus,Common Wood-Pigeon,0.7532,243B1F02648873F9_20260412_031500.WAV,14,0.0,1.0,0.25,BirdNET_GLOBAL_6K_V2.4_Model_FP32.tflite,243B1F02648873F9_20260412_031500_chunk_037.wav,22200,492,495
22695,22698,Columba palumbus,Common Wood-Pigeon,0.9118,243B1F02648873F9_20260412_031500.WAV,14,0.0,1.0,0.25,BirdNET_GLOBAL_6K_V2.4_Model_FP32.tflite,243B1F02648873F9_20260412_031500_chunk_037.wav,22200,495,498
22698,22701,Troglodytes troglodytes,Eurasian Wren,0.3238,243B1F02648873F9_20260412_031500.WAV,14,0.0,1.0,0.25,BirdNET_GLOBAL_6K_V2.4_Model_FP32.tflite,243B1F02648873F9_20260412_031500_chunk_037.wav,22200,498,501
22707,22710,Columba palumbus,Common Wood-Pigeon,0.7185,243B1F02648873F9_20260412_031500.WAV,14,0.0,1.0,0.25,BirdNET_GLOBAL_6K_V2.4_Model_FP32.tflite,243B1F02648873F9_20260412_031500_chunk_037.wav,22200,507,510
22710,22713,Columba palumbus,Common Wood-Pigeon,0.5116,243B1F02648873F9_20260412_031500.WAV,14,0.0,1.0,0.25,BirdNET_GLOBAL_6K_V2.4_Model_FP32.tflite,243B1F02648873F9_20260412_031500_chunk_037.wav,22200,510,513
22713,22716,Troglodytes troglodytes,Eurasian Wren,0.9791,243B1F02648873F9_20260412_031500.WAV,14,0.0,1.0,0.25,BirdNET_GLOBAL_6K_V2.4_Model_FP32.tflite,243B1F02648873F9_20260412_031500_chunk_037.wav,22200,513,516
22716,22719,Troglodytes troglodytes,Eurasian Wren,0.9642,243B1F02648873F9_20260412_031500.WAV,14,0.0,1.0,0.25,BirdNET_GLOBAL_6K_V2.4_Model_FP32.tflite,243B1F02648873F9_20260412_031500_chunk_037.wav,22200,516,519
22719,22722,Troglodytes troglodytes,Eurasian Wren,0.9919,243B1F02648873F9_20260412_031500.WAV,14,0.0,1.0,0.25,BirdNET_GLOBAL_6K_V2.4_Model_FP32.tflite,243B1F02648873F9_20260412_031500_chunk_037.wav,22200,519,522
22728,22731,Troglodytes troglodytes,Eurasian Wren,0.8101,243B1F02648873F9_20260412_031500.WAV,14,0.0,1.0,0.25,BirdNET_GLOBAL_6K_V2.4_Model_FP32.tflite,243B1F02648873F9_20260412_031500_chunk_037.wav,22200,528,531
22731,22734,Troglodytes troglodytes,Eurasian Wren,0.9739,243B1F02648873F9_20260412_031500.WAV,14,0.0,1.0,0.25,BirdNET_GLOBAL_6K_V2.4_Model_FP32.tflite,243B1F02648873F9_20260412_031500_chunk_037.wav,22200,531,534
22734,22737,Troglodytes troglodytes,Eurasian Wren,0.6513,243B1F02648873F9_20260412_031500.WAV,14,0.0,1.0,0.25,BirdNET_GLOBAL_6K_V2.4_Model_FP32.tflite,243B1F02648873F9_20260412_031500_chunk_037.wav,22200,534,537
22737,22740,Troglodytes troglodytes,Eurasian Wren,0.8977,243B1F02648873F9_20260412_031500.WAV,14,0.0,1.0,0.25,BirdNET_GLOBAL_6K_V2.4_Model_FP32.tflite,243B1F02648873F9_20260412_031500_chunk_037.wav,22200,537,540
22740,22743,Troglodytes troglodytes,Eurasian Wren,0.9356,243B1F02648873F9_20260412_031500.WAV,14,0.0,1.0,0.25,BirdNET_GLOBAL_6K_V2.4_Model_FP32.tflite,243B1F02648873F9_20260412_031500_chunk_037.wav,22200,540,543
22746,22749,Parus major,Great Tit,0.3596,243B1F02648873F9_20260412_031500.WAV,14,0.0,1.0,0.25,BirdNET_GLOBAL_6K_V2.4_Model_FP32.tflite,243B1F02648873F9_20260412_031500_chunk_037.wav,22200,546,549
22749,22752,Troglodytes troglodytes,Eurasian Wren,0.9694,243B1F02648873F9_20260412_031500.WAV,14,0.0,1.0,0.25,BirdNET_GLOBAL_6K_V2.4_Model_FP32.tflite,243B1F02648873F9_20260412_031500_chunk_037.wav,22200,549,552
22752,22755,Troglodytes troglodytes,Eurasian Wren,0.7133,243B1F02648873F9_20260412_031500.WAV,14,0.0,1.0,0.25,BirdNET_GLOBAL_6K_V2.4_Model_FP32.tflite,243B1F02648873F9_20260412_031500_chunk_037.wav,22200,552,555
22758,22761,Cyanistes caeruleus,Eurasian Blue Tit,0.4380,243B1F02648873F9_20260412_031500.WAV,14,0.0,1.0,0.25,BirdNET_GLOBAL_6K_V2.4_Model_FP32.tflite,243B1F02648873F9_20260412_031500_chunk_037.wav,22200,558,561
22761,22764,Troglodytes troglodytes,Eurasian Wren,0.9905,243B1F02648873F9_20260412_031500.WAV,14,0.0,1.0,0.25,BirdNET_GLOBAL_6K_V2.4_Model_FP32.tflite,243B1F02648873F9_20260412_031500_chunk_037.wav,22200,561,564
22764,22767,Troglodytes troglodytes,Eurasian Wren,0.6945,243B1F02648873F9_20260412_031500.WAV,14,0.0,1.0,0.25,BirdNET_GLOBAL_6K_V2.4_Model_FP32.tflite,243B1F02648873F9_20260412_031500_chunk_037.wav,22200,564,567
22767,22770,Columba palumbus,Common Wood-Pigeon,0.9842,243B1F02648873F9_20260412_031500.WAV,14,0.0,1.0,0.25,BirdNET_GLOBAL_6K_V2.4_Model_FP32.tflite,243B1F02648873F9_20260412_031500_chunk_037.wav,22200,567,570
22770,22773,Columba palumbus,Common Wood-Pigeon,0.3362,243B1F02648873F9_20260412_031500.WAV,14,0.0,1.0,0.25,BirdNET_GLOBAL_6K_V2.4_Model_FP32.tflite,243B1F02648873F9_20260412_031500_chunk_037.wav,22200,570,573
22776,22779,Columba palumbus,Common Wood-Pigeon,0.7533,243B1F02648873F9_20260412_031500.WAV,14,0.0,1.0,0.25,BirdNET_GLOBAL_6K_V2.4_Model_FP32.tflite,243B1F02648873F9_20260412_031500_chunk_037.wav,22200,576,579
22779,22782,Picus viridis,Eurasian Green Woodpecker,0.2951,243B1F02648873F9_20260412_031500.WAV,14,0.0,1.0,0.25,BirdNET_GLOBAL_6K_V2.4_Model_FP32.tflite,243B1F02648873F9_20260412_031500_chunk_037.wav,22200,579,582
22812,22815,Columba palumbus,Common Wood-Pigeon,0.5791,243B1F02648873F9_20260412_031500.WAV,14,0.0,1.0,0.25,BirdNET_GLOBAL_6K_V2.4_Model_FP32.tflite,243B1F02648873F9_20260412_031500_chunk_038.wav,22800,12,15
22815,22818,Columba palumbus,Common Wood-Pigeon,0.3577,243B1F02648873F9_20260412_031500.WAV,14,0.0,1.0,0.25,BirdNET_GLOBAL_6K_V2.4_Model_FP32.tflite,243B1F02648873F9_20260412_031500_chunk_038.wav,22800,15,18
22887,22890,Turdus merula,Eurasian Blackbird,0.5214,243B1F02648873F9_20260412_031500.WAV,14,0.0,1.0,0.25,BirdNET_GLOBAL_6K_V2.4_Model_FP32.tflite,243B1F02648873F9_20260412_031500_chunk_038.wav,22800,87,90
22893,22896,Troglodytes troglodytes,Eurasian Wren,0.4265,243B1F02648873F9_20260412_031500.WAV,14,0.0,1.0,0.25,BirdNET_GLOBAL_6K_V2.4_Model_FP32.tflite,243B1F02648873F9_20260412_031500_chunk_038.wav,22800,93,96
22905,22908,Columba livia,Rock Pigeon,0.2598,243B1F02648873F9_20260412_031500.WAV,14,0.0,1.0,0.25,BirdNET_GLOBAL_6K_V2.4_Model_FP32.tflite,243B1F02648873F9_20260412_031500_chunk_038.wav,22800,105,108
22911,22914,Columba palumbus,Common Wood-Pigeon,0.7157,243B1F02648873F9_20260412_031500.WAV,14,0.0,1.0,0.25,BirdNET_GLOBAL_6K_V2.4_Model_FP32.tflite,243B1F02648873F9_20260412_031500_chunk_038.wav,22800,111,114
22914,22917,Columba palumbus,Common Wood-Pigeon,0.3285,243B1F02648873F9_20260412_031500.WAV,14,0.0,1.0,0.25,BirdNET_GLOBAL_6K_V2.4_Model_FP32.tflite,243B1F02648873F9_20260412_031500_chunk_038.wav,22800,114,117
22923,22926,Columba palumbus,Common Wood-Pigeon,0.7784,243B1F02648873F9_20260412_031500.WAV,14,0.0,1.0,0.25,BirdNET_GLOBAL_6K_V2.4_Model_FP32.tflite,243B1F02648873F9_20260412_031500_chunk_038.wav,22800,123,126
22932,22935,Pica pica,Eurasian Magpie,0.6274,243B1F02648873F9_20260412_031500.WAV,14,0.0,1.0,0.25,BirdNET_GLOBAL_6K_V2.4_Model_FP32.tflite,243B1F02648873F9_20260412_031500_chunk_038.wav,22800,132,135
22935,22938,Pica pica,Eurasian Magpie,0.9114,243B1F02648873F9_20260412_031500.WAV,14,0.0,1.0,0.25,BirdNET_GLOBAL_6K_V2.4_Model_FP32.tflite,243B1F02648873F9_20260412_031500_chunk_038.wav,22800,135,138
22971,22974,Pica pica,Eurasian Magpie,0.8974,243B1F02648873F9_20260412_031500.WAV,14,0.0,1.0,0.25,BirdNET_GLOBAL_6K_V2.4_Model_FP32.tflite,243B1F02648873F9_20260412_031500_chunk_038.wav,22800,171,174
22974,22977,Parus major,Great Tit,0.8992,243B1F02648873F9_20260412_031500.WAV,14,0.0,1.0,0.25,BirdNET_GLOBAL_6K_V2.4_Model_FP32.tflite,243B1F02648873F9_20260412_031500_chunk_038.wav,22800,174,177
22977,22980,Parus major,Great Tit,0.9594,243B1F02648873F9_20260412_031500.WAV,14,0.0,1.0,0.25,BirdNET_GLOBAL_6K_V2.4_Model_FP32.tflite,243B1F02648873F9_20260412_031500_chunk_038.wav,22800,177,180
22980,22983,Parus major,Great Tit,0.3452,243B1F02648873F9_20260412_031500.WAV,14,0.0,1.0,0.25,BirdNET_GLOBAL_6K_V2.4_Model_FP32.tflite,243B1F02648873F9_20260412_031500_chunk_038.wav,22800,180,183
22983,22986,Parus major,Great Tit,0.8387,243B1F02648873F9_20260412_031500.WAV,14,0.0,1.0,0.25,BirdNET_GLOBAL_6K_V2.4_Model_FP32.tflite,243B1F02648873F9_20260412_031500_chunk_038.wav,22800,183,186
22986,22989,Parus major,Great Tit,0.5009,243B1F02648873F9_20260412_031500.WAV,14,0.0,1.0,0.25,BirdNET_GLOBAL_6K_V2.4_Model_FP32.tflite,243B1F02648873F9_20260412_031500_chunk_038.wav,22800,186,189
22989,22992,Parus major,Great Tit,0.7418,243B1F02648873F9_20260412_031500.WAV,14,0.0,1.0,0.25,BirdNET_GLOBAL_6K_V2.4_Model_FP32.tflite,243B1F02648873F9_20260412_031500_chunk_038.wav,22800,189,192
22998,23001,Parus major,Great Tit,0.3221,243B1F02648873F9_20260412_031500.WAV,14,0.0,1.0,0.25,BirdNET_GLOBAL_6K_V2.4_Model_FP32.tflite,243B1F02648873F9_20260412_031500_chunk_038.wav,22800,198,201
23001,23004,Parus major,Great Tit,0.5002,243B1F02648873F9_20260412_031500.WAV,14,0.0,1.0,0.25,BirdNET_GLOBAL_6K_V2.4_Model_FP32.tflite,243B1F02648873F9_20260412_031500_chunk_038.wav,22800,201,204
23004,23007,Parus major,Great Tit,0.5408,243B1F02648873F9_20260412_031500.WAV,14,0.0,1.0,0.25,BirdNET_GLOBAL_6K_V2.4_Model_FP32.tflite,243B1F02648873F9_20260412_031500_chunk_038.wav,22800,204,207
23004,23007,Regulus regulus,Goldcrest,0.5131,243B1F02648873F9_20260412_031500.WAV,14,0.0,1.0,0.25,BirdNET_GLOBAL_6K_V2.4_Model_FP32.tflite,243B1F02648873F9_20260412_031500_chunk_038.wav,22800,204,207
23007,23010,Parus major,Great Tit,0.6274,243B1F02648873F9_20260412_031500.WAV,14,0.0,1.0,0.25,BirdNET_GLOBAL_6K_V2.4_Model_FP32.tflite,243B1F02648873F9_20260412_031500_chunk_038.wav,22800,207,210
23010,23013,Parus major,Great Tit,0.8470,243B1F02648873F9_20260412_031500.WAV,14,0.0,1.0,0.25,BirdNET_GLOBAL_6K_V2.4_Model_FP32.tflite,243B1F02648873F9_20260412_031500_chunk_038.wav,22800,210,213
23013,23016,Parus major,Great Tit,0.7008,243B1F02648873F9_20260412_031500.WAV,14,0.0,1.0,0.25,BirdNET_GLOBAL_6K_V2.4_Model_FP32.tflite,243B1F02648873F9_20260412_031500_chunk_038.wav,22800,213,216
23016,23019,Parus major,Great Tit,0.5429,243B1F02648873F9_20260412_031500.WAV,14,0.0,1.0,0.25,BirdNET_GLOBAL_6K_V2.4_Model_FP32.tflite,243B1F02648873F9_20260412_031500_chunk_038.wav,22800,216,219
23019,23022,Parus major,Great Tit,0.6874,243B1F02648873F9_20260412_031500.WAV,14,0.0,1.0,0.25,BirdNET_GLOBAL_6K_V2.4_Model_FP32.tflite,243B1F02648873F9_20260412_031500_chunk_038.wav,22800,219,222
23022,23025,Parus major,Great Tit,0.6343,243B1F02648873F9_20260412_031500.WAV,14,0.0,1.0,0.25,BirdNET_GLOBAL_6K_V2.4_Model_FP32.tflite,243B1F02648873F9_20260412_031500_chunk_038.wav,22800,222,225
23025,23028,Parus major,Great Tit,0.4087,243B1F02648873F9_20260412_031500.WAV,14,0.0,1.0,0.25,BirdNET_GLOBAL_6K_V2.4_Model_FP32.tflite,243B1F02648873F9_20260412_031500_chunk_038.wav,22800,225,228
23028,23031,Parus major,Great Tit,0.3551,243B1F02648873F9_20260412_031500.WAV,14,0.0,1.0,0.25,BirdNET_GLOBAL_6K_V2.4_Model_FP32.tflite,243B1F02648873F9_20260412_031500_chunk_038.wav,22800,228,231
23034,23037,Parus major,Great Tit,0.6383,243B1F02648873F9_20260412_031500.WAV,14,0.0,1.0,0.25,BirdNET_GLOBAL_6K_V2.4_Model_FP32.tflite,243B1F02648873F9_20260412_031500_chunk_038.wav,22800,234,237
23037,23040,Parus major,Great Tit,0.2651,243B1F02648873F9_20260412_031500.WAV,14,0.0,1.0,0.25,BirdNET_GLOBAL_6K_V2.4_Model_FP32.tflite,243B1F02648873F9_20260412_031500_chunk_038.wav,22800,237,240
23040,23043,Parus major,Great Tit,0.9028,243B1F02648873F9_20260412_031500.WAV,14,0.0,1.0,0.25,BirdNET_GLOBAL_6K_V2.4_Model_FP32.tflite,243B1F02648873F9_20260412_031500_chunk_038.wav,22800,240,243
23043,23046,Parus major,Great Tit,0.7180,243B1F02648873F9_20260412_031500.WAV,14,0.0,1.0,0.25,BirdNET_GLOBAL_6K_V2.4_Model_FP32.tflite,243B1F02648873F9_20260412_031500_chunk_038.wav,22800,243,246
23046,23049,Parus major,Great Tit,0.7647,243B1F02648873F9_20260412_031500.WAV,14,0.0,1.0,0.25,BirdNET_GLOBAL_6K_V2.4_Model_FP32.tflite,243B1F02648873F9_20260412_031500_chunk_038.wav,22800,246,249
23049,23052,Parus major,Great Tit,0.4958,243B1F02648873F9_20260412_031500.WAV,14,0.0,1.0,0.25,BirdNET_GLOBAL_6K_V2.4_Model_FP32.tflite,243B1F02648873F9_20260412_031500_chunk_038.wav,22800,249,252
23052,23055,Columba palumbus,Common Wood-Pigeon,0.6515,243B1F02648873F9_20260412_031500.WAV,14,0.0,1.0,0.25,BirdNET_GLOBAL_6K_V2.4_Model_FP32.tflite,243B1F02648873F9_20260412_031500_chunk_038.wav,22800,252,255
23055,23058,Parus major,Great Tit,0.3329,243B1F02648873F9_20260412_031500.WAV,14,0.0,1.0,0.25,BirdNET_GLOBAL_6K_V2.4_Model_FP32.tflite,243B1F02648873F9_20260412_031500_chunk_038.wav,22800,255,258
23061,23064,Parus major,Great Tit,0.7251,243B1F02648873F9_20260412_031500.WAV,14,0.0,1.0,0.25,BirdNET_GLOBAL_6K_V2.4_Model_FP32.tflite,243B1F02648873F9_20260412_031500_chunk_038.wav,22800,261,264
23064,23067,Parus major,Great Tit,0.6976,243B1F02648873F9_20260412_031500.WAV,14,0.0,1.0,0.25,BirdNET_GLOBAL_6K_V2.4_Model_FP32.tflite,243B1F02648873F9_20260412_031500_chunk_038.wav,22800,264,267
23073,23076,Parus major,Great Tit,0.6900,243B1F02648873F9_20260412_031500.WAV,14,0.0,1.0,0.25,BirdNET_GLOBAL_6K_V2.4_Model_FP32.tflite,243B1F02648873F9_20260412_031500_chunk_038.wav,22800,273,276
23082,23085,Parus major,Great Tit,0.6553,243B1F02648873F9_20260412_031500.WAV,14,0.0,1.0,0.25,BirdNET_GLOBAL_6K_V2.4_Model_FP32.tflite,243B1F02648873F9_20260412_031500_chunk_038.wav,22800,282,285
23085,23088,Parus major,Great Tit,0.6976,243B1F02648873F9_20260412_031500.WAV,14,0.0,1.0,0.25,BirdNET_GLOBAL_6K_V2.4_Model_FP32.tflite,243B1F02648873F9_20260412_031500_chunk_038.wav,22800,285,288
23094,23097,Parus major,Great Tit,0.9389,243B1F02648873F9_20260412_031500.WAV,14,0.0,1.0,0.25,BirdNET_GLOBAL_6K_V2.4_Model_FP32.tflite,243B1F02648873F9_20260412_031500_chunk_038.wav,22800,294,297
23097,23100,Parus major,Great Tit,0.2795,243B1F02648873F9_20260412_031500.WAV,14,0.0,1.0,0.25,BirdNET_GLOBAL_6K_V2.4_Model_FP32.tflite,243B1F02648873F9_20260412_031500_chunk_038.wav,22800,297,300
23097,23100,Troglodytes troglodytes,Eurasian Wren,0.2542,243B1F02648873F9_20260412_031500.WAV,14,0.0,1.0,0.25,BirdNET_GLOBAL_6K_V2.4_Model_FP32.tflite,243B1F02648873F9_20260412_031500_chunk_038.wav,22800,297,300
23100,23103,Parus major,Great Tit,0.9247,243B1F02648873F9_20260412_031500.WAV,14,0.0,1.0,0.25,BirdNET_GLOBAL_6K_V2.4_Model_FP32.tflite,243B1F02648873F9_20260412_031500_chunk_038.wav,22800,300,303
23103,23106,Parus major,Great Tit,0.7906,243B1F02648873F9_20260412_031500.WAV,14,0.0,1.0,0.25,BirdNET_GLOBAL_6K_V2.4_Model_FP32.tflite,243B1F02648873F9_20260412_031500_chunk_038.wav,22800,303,306
23106,23109,Parus major,Great Tit,0.9154,243B1F02648873F9_20260412_031500.WAV,14,0.0,1.0,0.25,BirdNET_GLOBAL_6K_V2.4_Model_FP32.tflite,243B1F02648873F9_20260412_031500_chunk_038.wav,22800,306,309
23109,23112,Parus major,Great Tit,0.8355,243B1F02648873F9_20260412_031500.WAV,14,0.0,1.0,0.25,BirdNET_GLOBAL_6K_V2.4_Model_FP32.tflite,243B1F02648873F9_20260412_031500_chunk_038.wav,22800,309,312
23115,23118,Parus major,Great Tit,0.9868,243B1F02648873F9_20260412_031500.WAV,14,0.0,1.0,0.25,BirdNET_GLOBAL_6K_V2.4_Model_FP32.tflite,243B1F02648873F9_20260412_031500_chunk_038.wav,22800,315,318
23118,23121,Parus major,Great Tit,0.5701,243B1F02648873F9_20260412_031500.WAV,14,0.0,1.0,0.25,BirdNET_GLOBAL_6K_V2.4_Model_FP32.tflite,243B1F02648873F9_20260412_031500_chunk_038.wav,22800,318,321
23121,23124,Parus major,Great Tit,0.9226,243B1F02648873F9_20260412_031500.WAV,14,0.0,1.0,0.25,BirdNET_GLOBAL_6K_V2.4_Model_FP32.tflite,243B1F02648873F9_20260412_031500_chunk_038.wav,22800,321,324
23124,23127,Parus major,Great Tit,0.5115,243B1F02648873F9_20260412_031500.WAV,14,0.0,1.0,0.25,BirdNET_GLOBAL_6K_V2.4_Model_FP32.tflite,243B1F02648873F9_20260412_031500_chunk_038.wav,22800,324,327
23127,23130,Parus major,Great Tit,0.7778,243B1F02648873F9_20260412_031500.WAV,14,0.0,1.0,0.25,BirdNET_GLOBAL_6K_V2.4_Model_FP32.tflite,243B1F02648873F9_20260412_031500_chunk_038.wav,22800,327,330
23130,23133,Parus major,Great Tit,0.6527,243B1F02648873F9_20260412_031500.WAV,14,0.0,1.0,0.25,BirdNET_GLOBAL_6K_V2.4_Model_FP32.tflite,243B1F02648873F9_20260412_031500_chunk_038.wav,22800,330,333
23133,23136,Parus major,Great Tit,0.9185,243B1F02648873F9_20260412_031500.WAV,14,0.0,1.0,0.25,BirdNET_GLOBAL_6K_V2.4_Model_FP32.tflite,243B1F02648873F9_20260412_031500_chunk_038.wav,22800,333,336
23136,23139,Parus major,Great Tit,0.7772,243B1F02648873F9_20260412_031500.WAV,14,0.0,1.0,0.25,BirdNET_GLOBAL_6K_V2.4_Model_FP32.tflite,243B1F02648873F9_20260412_031500_chunk_038.wav,22800,336,339
23139,23142,Parus major,Great Tit,0.4967,243B1F02648873F9_20260412_031500.WAV,14,0.0,1.0,0.25,BirdNET_GLOBAL_6K_V2.4_Model_FP32.tflite,243B1F02648873F9_20260412_031500_chunk_038.wav,22800,339,342
23142,23145,Parus major,Great Tit,0.9257,243B1F02648873F9_20260412_031500.WAV,14,0.0,1.0,0.25,BirdNET_GLOBAL_6K_V2.4_Model_FP32.tflite,243B1F02648873F9_20260412_031500_chunk_038.wav,22800,342,345
23145,23148,Columba palumbus,Common Wood-Pigeon,0.5973,243B1F02648873F9_20260412_031500.WAV,14,0.0,1.0,0.25,BirdNET_GLOBAL_6K_V2.4_Model_FP32.tflite,243B1F02648873F9_20260412_031500_chunk_038.wav,22800,345,348
23148,23151,Columba palumbus,Common Wood-Pigeon,0.8540,243B1F02648873F9_20260412_031500.WAV,14,0.0,1.0,0.25,BirdNET_GLOBAL_6K_V2.4_Model_FP32.tflite,243B1F02648873F9_20260412_031500_chunk_038.wav,22800,348,351
23151,23154,Parus major,Great Tit,0.9249,243B1F02648873F9_20260412_031500.WAV,14,0.0,1.0,0.25,BirdNET_GLOBAL_6K_V2.4_Model_FP32.tflite,243B1F02648873F9_20260412_031500_chunk_038.wav,22800,351,354
23154,23157,Parus major,Great Tit,0.7214,243B1F02648873F9_20260412_031500.WAV,14,0.0,1.0,0.25,BirdNET_GLOBAL_6K_V2.4_Model_FP32.tflite,243B1F02648873F9_20260412_031500_chunk_038.wav,22800,354,357
23157,23160,Parus major,Great Tit,0.5695,243B1F02648873F9_20260412_031500.WAV,14,0.0,1.0,0.25,BirdNET_GLOBAL_6K_V2.4_Model_FP32.tflite,243B1F02648873F9_20260412_031500_chunk_038.wav,22800,357,360
23160,23163,Parus major,Great Tit,0.9798,243B1F02648873F9_20260412_031500.WAV,14,0.0,1.0,0.25,BirdNET_GLOBAL_6K_V2.4_Model_FP32.tflite,243B1F02648873F9_20260412_031500_chunk_038.wav,22800,360,363
23163,23166,Parus major,Great Tit,0.7168,243B1F02648873F9_20260412_031500.WAV,14,0.0,1.0,0.25,BirdNET_GLOBAL_6K_V2.4_Model_FP32.tflite,243B1F02648873F9_20260412_031500_chunk_038.wav,22800,363,366
23166,23169,Turdus iliacus,Redwing,0.5035,243B1F02648873F9_20260412_031500.WAV,14,0.0,1.0,0.25,BirdNET_GLOBAL_6K_V2.4_Model_FP32.tflite,243B1F02648873F9_20260412_031500_chunk_038.wav,22800,366,369
23166,23169,Aegithalos caudatus,Long-tailed Tit,0.2508,243B1F02648873F9_20260412_031500.WAV,14,0.0,1.0,0.25,BirdNET_GLOBAL_6K_V2.4_Model_FP32.tflite,243B1F02648873F9_20260412_031500_chunk_038.wav,22800,366,369
23169,23172,Parus major,Great Tit,0.8654,243B1F02648873F9_20260412_031500.WAV,14,0.0,1.0,0.25,BirdNET_GLOBAL_6K_V2.4_Model_FP32.tflite,243B1F02648873F9_20260412_031500_chunk_038.wav,22800,369,372
23175,23178,Parus major,Great Tit,0.7115,243B1F02648873F9_20260412_031500.WAV,14,0.0,1.0,0.25,BirdNET_GLOBAL_6K_V2.4_Model_FP32.tflite,243B1F02648873F9_20260412_031500_chunk_038.wav,22800,375,378
23178,23181,Parus major,Great Tit,0.7605,243B1F02648873F9_20260412_031500.WAV,14,0.0,1.0,0.25,BirdNET_GLOBAL_6K_V2.4_Model_FP32.tflite,243B1F02648873F9_20260412_031500_chunk_038.wav,22800,378,381
23184,23187,Parus major,Great Tit,0.4932,243B1F02648873F9_20260412_031500.WAV,14,0.0,1.0,0.25,BirdNET_GLOBAL_6K_V2.4_Model_FP32.tflite,243B1F02648873F9_20260412_031500_chunk_038.wav,22800,384,387
23190,23193,Troglodytes troglodytes,Eurasian Wren,0.7564,243B1F02648873F9_20260412_031500.WAV,14,0.0,1.0,0.25,BirdNET_GLOBAL_6K_V2.4_Model_FP32.tflite,243B1F02648873F9_20260412_031500_chunk_038.wav,22800,390,393
23193,23196,Troglodytes troglodytes,Eurasian Wren,0.8555,243B1F02648873F9_20260412_031500.WAV,14,0.0,1.0,0.25,BirdNET_GLOBAL_6K_V2.4_Model_FP32.tflite,243B1F02648873F9_20260412_031500_chunk_038.wav,22800,393,396
23196,23199,Parus major,Great Tit,0.7625,243B1F02648873F9_20260412_031500.WAV,14,0.0,1.0,0.25,BirdNET_GLOBAL_6K_V2.4_Model_FP32.tflite,243B1F02648873F9_20260412_031500_chunk_038.wav,22800,396,399
23199,23202,Parus major,Great Tit,0.4648,243B1F02648873F9_20260412_031500.WAV,14,0.0,1.0,0.25,BirdNET_GLOBAL_6K_V2.4_Model_FP32.tflite,243B1F02648873F9_20260412_031500_chunk_038.wav,22800,399,402
23211,23214,Parus major,Great Tit,0.8467,243B1F02648873F9_20260412_031500.WAV,14,0.0,1.0,0.25,BirdNET_GLOBAL_6K_V2.4_Model_FP32.tflite,243B1F02648873F9_20260412_031500_chunk_038.wav,22800,411,414
23241,23244,Parus major,Great Tit,0.3793,243B1F02648873F9_20260412_031500.WAV,14,0.0,1.0,0.25,BirdNET_GLOBAL_6K_V2.4_Model_FP32.tflite,243B1F02648873F9_20260412_031500_chunk_038.wav,22800,441,444
23247,23250,Turdus iliacus,Redwing,0.3237,243B1F02648873F9_20260412_031500.WAV,14,0.0,1.0,0.25,BirdNET_GLOBAL_6K_V2.4_Model_FP32.tflite,243B1F02648873F9_20260412_031500_chunk_038.wav,22800,447,450
23250,23253,Troglodytes troglodytes,Eurasian Wren,0.3811,243B1F02648873F9_20260412_031500.WAV,14,0.0,1.0,0.25,BirdNET_GLOBAL_6K_V2.4_Model_FP32.tflite,243B1F02648873F9_20260412_031500_chunk_038.wav,22800,450,453
23262,23265,Troglodytes troglodytes,Eurasian Wren,0.4692,243B1F02648873F9_20260412_031500.WAV,14,0.0,1.0,0.25,BirdNET_GLOBAL_6K_V2.4_Model_FP32.tflite,243B1F02648873F9_20260412_031500_chunk_038.wav,22800,462,465
23271,23274,Regulus regulus,Goldcrest,0.6341,243B1F02648873F9_20260412_031500.WAV,14,0.0,1.0,0.25,BirdNET_GLOBAL_6K_V2.4_Model_FP32.tflite,243B1F02648873F9_20260412_031500_chunk_038.wav,22800,471,474
23274,23277,Turdus philomelos,Song Thrush,0.3025,243B1F02648873F9_20260412_031500.WAV,14,0.0,1.0,0.25,BirdNET_GLOBAL_6K_V2.4_Model_FP32.tflite,243B1F02648873F9_20260412_031500_chunk_038.wav,22800,474,477
23274,23277,Turdus merula,Eurasian Blackbird,0.3012,243B1F02648873F9_20260412_031500.WAV,14,0.0,1.0,0.25,BirdNET_GLOBAL_6K_V2.4_Model_FP32.tflite,243B1F02648873F9_20260412_031500_chunk_038.wav,22800,474,477
23346,23349,Columba palumbus,Common Wood-Pigeon,0.7781,243B1F02648873F9_20260412_031500.WAV,14,0.0,1.0,0.25,BirdNET_GLOBAL_6K_V2.4_Model_FP32.tflite,243B1F02648873F9_20260412_031500_chunk_038.wav,22800,546,549
23373,23376,Troglodytes troglodytes,Eurasian Wren,0.2980,243B1F02648873F9_20260412_031500.WAV,14,0.0,1.0,0.25,BirdNET_GLOBAL_6K_V2.4_Model_FP32.tflite,243B1F02648873F9_20260412_031500_chunk_038.wav,22800,573,576
23388,23391,Troglodytes troglodytes,Eurasian Wren,0.8422,243B1F02648873F9_20260412_031500.WAV,14,0.0,1.0,0.25,BirdNET_GLOBAL_6K_V2.4_Model_FP32.tflite,243B1F02648873F9_20260412_031500_chunk_038.wav,22800,588,591
23394,23397,Troglodytes troglodytes,Eurasian Wren,0.8811,243B1F02648873F9_20260412_031500.WAV,14,0.0,1.0,0.25,BirdNET_GLOBAL_6K_V2.4_Model_FP32.tflite,243B1F02648873F9_20260412_031500_chunk_038.wav,22800,594,597
23397,23399.98,Troglodytes troglodytes,Eurasian Wren,0.3670,243B1F02648873F9_20260412_031500.WAV,14,0.0,1.0,0.25,BirdNET_GLOBAL_6K_V2.4_Model_FP32.tflite,243B1F02648873F9_20260412_031500_chunk_038.wav,22800,597,599.98
23406,23409,Troglodytes troglodytes,Eurasian Wren,0.7031,243B1F02648873F9_20260412_031500.WAV,14,0.0,1.0,0.25,BirdNET_GLOBAL_6K_V2.4_Model_FP32.tflite,243B1F02648873F9_20260412_031500_chunk_039.wav,23400,6,9
23415,23418,Troglodytes troglodytes,Eurasian Wren,0.6948,243B1F02648873F9_20260412_031500.WAV,14,0.0,1.0,0.25,BirdNET_GLOBAL_6K_V2.4_Model_FP32.tflite,243B1F02648873F9_20260412_031500_chunk_039.wav,23400,15,18
23418,23421,Troglodytes troglodytes,Eurasian Wren,0.7650,243B1F02648873F9_20260412_031500.WAV,14,0.0,1.0,0.25,BirdNET_GLOBAL_6K_V2.4_Model_FP32.tflite,243B1F02648873F9_20260412_031500_chunk_039.wav,23400,18,21
23436,23439,Columba palumbus,Common Wood-Pigeon,0.7436,243B1F02648873F9_20260412_031500.WAV,14,0.0,1.0,0.25,BirdNET_GLOBAL_6K_V2.4_Model_FP32.tflite,243B1F02648873F9_20260412_031500_chunk_039.wav,23400,36,39
23436,23439,Streptopelia decaocto,Eurasian Collared-Dove,0.3921,243B1F02648873F9_20260412_031500.WAV,14,0.0,1.0,0.25,BirdNET_GLOBAL_6K_V2.4_Model_FP32.tflite,243B1F02648873F9_20260412_031500_chunk_039.wav,23400,36,39
23439,23442,Columba palumbus,Common Wood-Pigeon,0.6493,243B1F02648873F9_20260412_031500.WAV,14,0.0,1.0,0.25,BirdNET_GLOBAL_6K_V2.4_Model_FP32.tflite,243B1F02648873F9_20260412_031500_chunk_039.wav,23400,39,42
23442,23445,Columba palumbus,Common Wood-Pigeon,0.7935,243B1F02648873F9_20260412_031500.WAV,14,0.0,1.0,0.25,BirdNET_GLOBAL_6K_V2.4_Model_FP32.tflite,243B1F02648873F9_20260412_031500_chunk_039.wav,23400,42,45
23451,23454,Troglodytes troglodytes,Eurasian Wren,0.5379,243B1F02648873F9_20260412_031500.WAV,14,0.0,1.0,0.25,BirdNET_GLOBAL_6K_V2.4_Model_FP32.tflite,243B1F02648873F9_20260412_031500_chunk_039.wav,23400,51,54
23499,23502,Columba palumbus,Common Wood-Pigeon,0.5075,243B1F02648873F9_20260412_031500.WAV,14,0.0,1.0,0.25,BirdNET_GLOBAL_6K_V2.4_Model_FP32.tflite,243B1F02648873F9_20260412_031500_chunk_039.wav,23400,99,102
23586,23589,Regulus regulus,Goldcrest,0.3004,243B1F02648873F9_20260412_031500.WAV,14,0.0,1.0,0.25,BirdNET_GLOBAL_6K_V2.4_Model_FP32.tflite,243B1F02648873F9_20260412_031500_chunk_039.wav,23400,186,189
23613,23616,Troglodytes troglodytes,Eurasian Wren,0.4290,243B1F02648873F9_20260412_031500.WAV,14,0.0,1.0,0.25,BirdNET_GLOBAL_6K_V2.4_Model_FP32.tflite,243B1F02648873F9_20260412_031500_chunk_039.wav,23400,213,216
23652,23655,Larus fuscus,Lesser Black-backed Gull,0.5369,243B1F02648873F9_20260412_031500.WAV,14,0.0,1.0,0.25,BirdNET_GLOBAL_6K_V2.4_Model_FP32.tflite,243B1F02648873F9_20260412_031500_chunk_039.wav,23400,252,255
23652,23655,Larus argentatus,Herring Gull,0.3493,243B1F02648873F9_20260412_031500.WAV,14,0.0,1.0,0.25,BirdNET_GLOBAL_6K_V2.4_Model_FP32.tflite,243B1F02648873F9_20260412_031500_chunk_039.wav,23400,252,255
23676,23679,Corvus cornix,Hooded Crow,0.5620,243B1F02648873F9_20260412_031500.WAV,14,0.0,1.0,0.25,BirdNET_GLOBAL_6K_V2.4_Model_FP32.tflite,243B1F02648873F9_20260412_031500_chunk_039.wav,23400,276,279
23676,23679,Corvus corone,Carrion Crow,0.3817,243B1F02648873F9_20260412_031500.WAV,14,0.0,1.0,0.25,BirdNET_GLOBAL_6K_V2.4_Model_FP32.tflite,243B1F02648873F9_20260412_031500_chunk_039.wav,23400,276,279
23682,23685,Branta leucopsis,Barnacle Goose,0.8186,243B1F02648873F9_20260412_031500.WAV,14,0.0,1.0,0.25,BirdNET_GLOBAL_6K_V2.4_Model_FP32.tflite,243B1F02648873F9_20260412_031500_chunk_039.wav,23400,282,285
23721,23724,Troglodytes troglodytes,Eurasian Wren,0.4571,243B1F02648873F9_20260412_031500.WAV,14,0.0,1.0,0.25,BirdNET_GLOBAL_6K_V2.4_Model_FP32.tflite,243B1F02648873F9_20260412_031500_chunk_039.wav,23400,321,324
23787,23790,Corvus cornix,Hooded Crow,0.2836,243B1F02648873F9_20260412_031500.WAV,14,0.0,1.0,0.25,BirdNET_GLOBAL_6K_V2.4_Model_FP32.tflite,243B1F02648873F9_20260412_031500_chunk_039.wav,23400,387,390
23862,23865,Columba livia,Rock Pigeon,0.2827,243B1F02648873F9_20260412_031500.WAV,14,0.0,1.0,0.25,BirdNET_GLOBAL_6K_V2.4_Model_FP32.tflite,243B1F02648873F9_20260412_031500_chunk_039.wav,23400,462,465
23877,23880,Columba palumbus,Common Wood-Pigeon,0.3644,243B1F02648873F9_20260412_031500.WAV,14,0.0,1.0,0.25,BirdNET_GLOBAL_6K_V2.4_Model_FP32.tflite,243B1F02648873F9_20260412_031500_chunk_039.wav,23400,477,480
23880,23883,Corvus cornix,Hooded Crow,0.3711,243B1F02648873F9_20260412_031500.WAV,14,0.0,1.0,0.25,BirdNET_GLOBAL_6K_V2.4_Model_FP32.tflite,243B1F02648873F9_20260412_031500_chunk_039.wav,23400,480,483
23883,23886,Corvus corone,Carrion Crow,0.8155,243B1F02648873F9_20260412_031500.WAV,14,0.0,1.0,0.25,BirdNET_GLOBAL_6K_V2.4_Model_FP32.tflite,243B1F02648873F9_20260412_031500_chunk_039.wav,23400,483,486
23883,23886,Corvus cornix,Hooded Crow,0.6922,243B1F02648873F9_20260412_031500.WAV,14,0.0,1.0,0.25,BirdNET_GLOBAL_6K_V2.4_Model_FP32.tflite,243B1F02648873F9_20260412_031500_chunk_039.wav,23400,483,486
23904,23907,Columba palumbus,Common Wood-Pigeon,0.9616,243B1F02648873F9_20260412_031500.WAV,14,0.0,1.0,0.25,BirdNET_GLOBAL_6K_V2.4_Model_FP32.tflite,243B1F02648873F9_20260412_031500_chunk_039.wav,23400,504,507
23907,23910,Columba palumbus,Common Wood-Pigeon,0.6284,243B1F02648873F9_20260412_031500.WAV,14,0.0,1.0,0.25,BirdNET_GLOBAL_6K_V2.4_Model_FP32.tflite,243B1F02648873F9_20260412_031500_chunk_039.wav,23400,507,510
23913,23916,Troglodytes troglodytes,Eurasian Wren,0.5103,243B1F02648873F9_20260412_031500.WAV,14,0.0,1.0,0.25,BirdNET_GLOBAL_6K_V2.4_Model_FP32.tflite,243B1F02648873F9_20260412_031500_chunk_039.wav,23400,513,516
23922,23925,Corvus cornix,Hooded Crow,0.6195,243B1F02648873F9_20260412_031500.WAV,14,0.0,1.0,0.25,BirdNET_GLOBAL_6K_V2.4_Model_FP32.tflite,243B1F02648873F9_20260412_031500_chunk_039.wav,23400,522,525
23922,23925,Corvus corone,Carrion Crow,0.2954,243B1F02648873F9_20260412_031500.WAV,14,0.0,1.0,0.25,BirdNET_GLOBAL_6K_V2.4_Model_FP32.tflite,243B1F02648873F9_20260412_031500_chunk_039.wav,23400,522,525
23925,23928,Corvus cornix,Hooded Crow,0.9395,243B1F02648873F9_20260412_031500.WAV,14,0.0,1.0,0.25,BirdNET_GLOBAL_6K_V2.4_Model_FP32.tflite,243B1F02648873F9_20260412_031500_chunk_039.wav,23400,525,528
23925,23928,Corvus corone,Carrion Crow,0.2915,243B1F02648873F9_20260412_031500.WAV,14,0.0,1.0,0.25,BirdNET_GLOBAL_6K_V2.4_Model_FP32.tflite,243B1F02648873F9_20260412_031500_chunk_039.wav,23400,525,528
23928,23931,Troglodytes troglodytes,Eurasian Wren,0.2845,243B1F02648873F9_20260412_031500.WAV,14,0.0,1.0,0.25,BirdNET_GLOBAL_6K_V2.4_Model_FP32.tflite,243B1F02648873F9_20260412_031500_chunk_039.wav,23400,528,531
23931,23934,Columba palumbus,Common Wood-Pigeon,0.3952,243B1F02648873F9_20260412_031500.WAV,14,0.0,1.0,0.25,BirdNET_GLOBAL_6K_V2.4_Model_FP32.tflite,243B1F02648873F9_20260412_031500_chunk_039.wav,23400,531,534
23934,23937,Columba palumbus,Common Wood-Pigeon,0.6264,243B1F02648873F9_20260412_031500.WAV,14,0.0,1.0,0.25,BirdNET_GLOBAL_6K_V2.4_Model_FP32.tflite,243B1F02648873F9_20260412_031500_chunk_039.wav,23400,534,537
23937,23940,Columba palumbus,Common Wood-Pigeon,0.6679,243B1F02648873F9_20260412_031500.WAV,14,0.0,1.0,0.25,BirdNET_GLOBAL_6K_V2.4_Model_FP32.tflite,243B1F02648873F9_20260412_031500_chunk_039.wav,23400,537,540
23967,23970,Corvus corone,Carrion Crow,0.5780,243B1F02648873F9_20260412_031500.WAV,14,0.0,1.0,0.25,BirdNET_GLOBAL_6K_V2.4_Model_FP32.tflite,243B1F02648873F9_20260412_031500_chunk_039.wav,23400,567,570
23967,23970,Corvus cornix,Hooded Crow,0.5430,243B1F02648873F9_20260412_031500.WAV,14,0.0,1.0,0.25,BirdNET_GLOBAL_6K_V2.4_Model_FP32.tflite,243B1F02648873F9_20260412_031500_chunk_039.wav,23400,567,570
23970,23973,Corvus cornix,Hooded Crow,0.5856,243B1F02648873F9_20260412_031500.WAV,14,0.0,1.0,0.25,BirdNET_GLOBAL_6K_V2.4_Model_FP32.tflite,243B1F02648873F9_20260412_031500_chunk_039.wav,23400,570,573
23979,23982,Corvus cornix,Hooded Crow,0.3987,243B1F02648873F9_20260412_031500.WAV,14,0.0,1.0,0.25,BirdNET_GLOBAL_6K_V2.4_Model_FP32.tflite,243B1F02648873F9_20260412_031500_chunk_039.wav,23400,579,582
23982,23985,Columba palumbus,Common Wood-Pigeon,0.7182,243B1F02648873F9_20260412_031500.WAV,14,0.0,1.0,0.25,BirdNET_GLOBAL_6K_V2.4_Model_FP32.tflite,243B1F02648873F9_20260412_031500_chunk_039.wav,23400,582,585
23991,23994,Corvus cornix,Hooded Crow,0.3257,243B1F02648873F9_20260412_031500.WAV,14,0.0,1.0,0.25,BirdNET_GLOBAL_6K_V2.4_Model_FP32.tflite,243B1F02648873F9_20260412_031500_chunk_039.wav,23400,591,594
24000,24003,Corvus cornix,Hooded Crow,0.5221,243B1F02648873F9_20260412_031500.WAV,14,0.0,1.0,0.25,BirdNET_GLOBAL_6K_V2.4_Model_FP32.tflite,243B1F02648873F9_20260412_031500_chunk_040.wav,24000,0,3
24000,24003,Corvus corone,Carrion Crow,0.3833,243B1F02648873F9_20260412_031500.WAV,14,0.0,1.0,0.25,BirdNET_GLOBAL_6K_V2.4_Model_FP32.tflite,243B1F02648873F9_20260412_031500_chunk_040.wav,24000,0,3
24033,24036,Turdus philomelos,Song Thrush,0.3644,243B1F02648873F9_20260412_031500.WAV,14,0.0,1.0,0.25,BirdNET_GLOBAL_6K_V2.4_Model_FP32.tflite,243B1F02648873F9_20260412_031500_chunk_040.wav,24000,33,36
24114,24117,Corvus corone,Carrion Crow,0.3675,243B1F02648873F9_20260412_031500.WAV,14,0.0,1.0,0.25,BirdNET_GLOBAL_6K_V2.4_Model_FP32.tflite,243B1F02648873F9_20260412_031500_chunk_040.wav,24000,114,117
24153,24156,Corvus corone,Carrion Crow,0.2555,243B1F02648873F9_20260412_031500.WAV,14,0.0,1.0,0.25,BirdNET_GLOBAL_6K_V2.4_Model_FP32.tflite,243B1F02648873F9_20260412_031500_chunk_040.wav,24000,153,156
24153,24156,Corvus cornix,Hooded Crow,0.2543,243B1F02648873F9_20260412_031500.WAV,14,0.0,1.0,0.25,BirdNET_GLOBAL_6K_V2.4_Model_FP32.tflite,243B1F02648873F9_20260412_031500_chunk_040.wav,24000,153,156
24168,24171,Corvus corone,Carrion Crow,0.6682,243B1F02648873F9_20260412_031500.WAV,14,0.0,1.0,0.25,BirdNET_GLOBAL_6K_V2.4_Model_FP32.tflite,243B1F02648873F9_20260412_031500_chunk_040.wav,24000,168,171
24222,24225,Corvus cornix,Hooded Crow,0.2599,243B1F02648873F9_20260412_031500.WAV,14,0.0,1.0,0.25,BirdNET_GLOBAL_6K_V2.4_Model_FP32.tflite,243B1F02648873F9_20260412_031500_chunk_040.wav,24000,222,225
24267,24270,Columba palumbus,Common Wood-Pigeon,0.6620,243B1F02648873F9_20260412_031500.WAV,14,0.0,1.0,0.25,BirdNET_GLOBAL_6K_V2.4_Model_FP32.tflite,243B1F02648873F9_20260412_031500_chunk_040.wav,24000,267,270
24270,24273,Columba palumbus,Common Wood-Pigeon,0.7880,243B1F02648873F9_20260412_031500.WAV,14,0.0,1.0,0.25,BirdNET_GLOBAL_6K_V2.4_Model_FP32.tflite,243B1F02648873F9_20260412_031500_chunk_040.wav,24000,270,273
24273,24276,Columba palumbus,Common Wood-Pigeon,0.5443,243B1F02648873F9_20260412_031500.WAV,14,0.0,1.0,0.25,BirdNET_GLOBAL_6K_V2.4_Model_FP32.tflite,243B1F02648873F9_20260412_031500_chunk_040.wav,24000,273,276
24276,24279,Columba palumbus,Common Wood-Pigeon,0.4296,243B1F02648873F9_20260412_031500.WAV,14,0.0,1.0,0.25,BirdNET_GLOBAL_6K_V2.4_Model_FP32.tflite,243B1F02648873F9_20260412_031500_chunk_040.wav,24000,276,279
24288,24291,Columba palumbus,Common Wood-Pigeon,0.3804,243B1F02648873F9_20260412_031500.WAV,14,0.0,1.0,0.25,BirdNET_GLOBAL_6K_V2.4_Model_FP32.tflite,243B1F02648873F9_20260412_031500_chunk_040.wav,24000,288,291
24291,24294,Columba palumbus,Common Wood-Pigeon,0.9136,243B1F02648873F9_20260412_031500.WAV,14,0.0,1.0,0.25,BirdNET_GLOBAL_6K_V2.4_Model_FP32.tflite,243B1F02648873F9_20260412_031500_chunk_040.wav,24000,291,294
24300,24303,Troglodytes troglodytes,Eurasian Wren,0.9577,243B1F02648873F9_20260412_031500.WAV,14,0.0,1.0,0.25,BirdNET_GLOBAL_6K_V2.4_Model_FP32.tflite,243B1F02648873F9_20260412_031500_chunk_040.wav,24000,300,303
24303,24306,Troglodytes troglodytes,Eurasian Wren,0.8183,243B1F02648873F9_20260412_031500.WAV,14,0.0,1.0,0.25,BirdNET_GLOBAL_6K_V2.4_Model_FP32.tflite,243B1F02648873F9_20260412_031500_chunk_040.wav,24000,303,306
24336,24339,Columba palumbus,Common Wood-Pigeon,0.8884,243B1F02648873F9_20260412_031500.WAV,14,0.0,1.0,0.25,BirdNET_GLOBAL_6K_V2.4_Model_FP32.tflite,243B1F02648873F9_20260412_031500_chunk_040.wav,24000,336,339
24339,24342,Columba palumbus,Common Wood-Pigeon,0.9908,243B1F02648873F9_20260412_031500.WAV,14,0.0,1.0,0.25,BirdNET_GLOBAL_6K_V2.4_Model_FP32.tflite,243B1F02648873F9_20260412_031500_chunk_040.wav,24000,339,342
24342,24345,Columba palumbus,Common Wood-Pigeon,0.9453,243B1F02648873F9_20260412_031500.WAV,14,0.0,1.0,0.25,BirdNET_GLOBAL_6K_V2.4_Model_FP32.tflite,243B1F02648873F9_20260412_031500_chunk_040.wav,24000,342,345
24363,24366,Streptopelia decaocto,Eurasian Collared-Dove,0.7917,243B1F02648873F9_20260412_031500.WAV,14,0.0,1.0,0.25,BirdNET_GLOBAL_6K_V2.4_Model_FP32.tflite,243B1F02648873F9_20260412_031500_chunk_040.wav,24000,363,366
24366,24369,Columba palumbus,Common Wood-Pigeon,0.7050,243B1F02648873F9_20260412_031500.WAV,14,0.0,1.0,0.25,BirdNET_GLOBAL_6K_V2.4_Model_FP32.tflite,243B1F02648873F9_20260412_031500_chunk_040.wav,24000,366,369
24438,24441,Troglodytes troglodytes,Eurasian Wren,0.9016,243B1F02648873F9_20260412_031500.WAV,14,0.0,1.0,0.25,BirdNET_GLOBAL_6K_V2.4_Model_FP32.tflite,243B1F02648873F9_20260412_031500_chunk_040.wav,24000,438,441
24441,24444,Troglodytes troglodytes,Eurasian Wren,0.6366,243B1F02648873F9_20260412_031500.WAV,14,0.0,1.0,0.25,BirdNET_GLOBAL_6K_V2.4_Model_FP32.tflite,243B1F02648873F9_20260412_031500_chunk_040.wav,24000,441,444
24450,24453,Troglodytes troglodytes,Eurasian Wren,0.7049,243B1F02648873F9_20260412_031500.WAV,14,0.0,1.0,0.25,BirdNET_GLOBAL_6K_V2.4_Model_FP32.tflite,243B1F02648873F9_20260412_031500_chunk_040.wav,24000,450,453
24453,24456,Troglodytes troglodytes,Eurasian Wren,0.9726,243B1F02648873F9_20260412_031500.WAV,14,0.0,1.0,0.25,BirdNET_GLOBAL_6K_V2.4_Model_FP32.tflite,243B1F02648873F9_20260412_031500_chunk_040.wav,24000,453,456
24456,24459,Troglodytes troglodytes,Eurasian Wren,0.4791,243B1F02648873F9_20260412_031500.WAV,14,0.0,1.0,0.25,BirdNET_GLOBAL_6K_V2.4_Model_FP32.tflite,243B1F02648873F9_20260412_031500_chunk_040.wav,24000,456,459
24465,24468,Troglodytes troglodytes,Eurasian Wren,0.9284,243B1F02648873F9_20260412_031500.WAV,14,0.0,1.0,0.25,BirdNET_GLOBAL_6K_V2.4_Model_FP32.tflite,243B1F02648873F9_20260412_031500_chunk_040.wav,24000,465,468
24468,24471,Troglodytes troglodytes,Eurasian Wren,0.9467,243B1F02648873F9_20260412_031500.WAV,14,0.0,1.0,0.25,BirdNET_GLOBAL_6K_V2.4_Model_FP32.tflite,243B1F02648873F9_20260412_031500_chunk_040.wav,24000,468,471
24477,24480,Troglodytes troglodytes,Eurasian Wren,0.7652,243B1F02648873F9_20260412_031500.WAV,14,0.0,1.0,0.25,BirdNET_GLOBAL_6K_V2.4_Model_FP32.tflite,243B1F02648873F9_20260412_031500_chunk_040.wav,24000,477,480
24480,24483,Troglodytes troglodytes,Eurasian Wren,0.5394,243B1F02648873F9_20260412_031500.WAV,14,0.0,1.0,0.25,BirdNET_GLOBAL_6K_V2.4_Model_FP32.tflite,243B1F02648873F9_20260412_031500_chunk_040.wav,24000,480,483
24507,24510,Troglodytes troglodytes,Eurasian Wren,0.3936,243B1F02648873F9_20260412_031500.WAV,14,0.0,1.0,0.25,BirdNET_GLOBAL_6K_V2.4_Model_FP32.tflite,243B1F02648873F9_20260412_031500_chunk_040.wav,24000,507,510
24510,24513,Cyanistes caeruleus,Eurasian Blue Tit,0.5636,243B1F02648873F9_20260412_031500.WAV,14,0.0,1.0,0.25,BirdNET_GLOBAL_6K_V2.4_Model_FP32.tflite,243B1F02648873F9_20260412_031500_chunk_040.wav,24000,510,513
24546,24549,Turdus iliacus,Redwing,0.7868,243B1F02648873F9_20260412_031500.WAV,14,0.0,1.0,0.25,BirdNET_GLOBAL_6K_V2.4_Model_FP32.tflite,243B1F02648873F9_20260412_031500_chunk_040.wav,24000,546,549
24558,24561,Turdus iliacus,Redwing,0.8130,243B1F02648873F9_20260412_031500.WAV,14,0.0,1.0,0.25,BirdNET_GLOBAL_6K_V2.4_Model_FP32.tflite,243B1F02648873F9_20260412_031500_chunk_040.wav,24000,558,561
24588,24591,Certhia familiaris,Eurasian Treecreeper,0.3233,243B1F02648873F9_20260412_031500.WAV,14,0.0,1.0,0.25,BirdNET_GLOBAL_6K_V2.4_Model_FP32.tflite,243B1F02648873F9_20260412_031500_chunk_040.wav,24000,588,591
24597,24600,Parus major,Great Tit,0.4733,243B1F02648873F9_20260412_031500.WAV,14,0.0,1.0,0.25,BirdNET_GLOBAL_6K_V2.4_Model_FP32.tflite,243B1F02648873F9_20260412_031500_chunk_040.wav,24000,597,600
24600,24603,Parus major,Great Tit,0.5261,243B1F02648873F9_20260412_031500.WAV,14,0.0,1.0,0.25,BirdNET_GLOBAL_6K_V2.4_Model_FP32.tflite,243B1F02648873F9_20260412_031500_chunk_041.wav,24600,0,3
24606,24609,Parus major,Great Tit,0.6176,243B1F02648873F9_20260412_031500.WAV,14,0.0,1.0,0.25,BirdNET_GLOBAL_6K_V2.4_Model_FP32.tflite,243B1F02648873F9_20260412_031500_chunk_041.wav,24600,6,9
24609,24612,Parus major,Great Tit,0.4786,243B1F02648873F9_20260412_031500.WAV,14,0.0,1.0,0.25,BirdNET_GLOBAL_6K_V2.4_Model_FP32.tflite,243B1F02648873F9_20260412_031500_chunk_041.wav,24600,9,12
24615,24618,Parus major,Great Tit,0.8766,243B1F02648873F9_20260412_031500.WAV,14,0.0,1.0,0.25,BirdNET_GLOBAL_6K_V2.4_Model_FP32.tflite,243B1F02648873F9_20260412_031500_chunk_041.wav,24600,15,18
24615,24618,Certhia familiaris,Eurasian Treecreeper,0.3176,243B1F02648873F9_20260412_031500.WAV,14,0.0,1.0,0.25,BirdNET_GLOBAL_6K_V2.4_Model_FP32.tflite,243B1F02648873F9_20260412_031500_chunk_041.wav,24600,15,18
24618,24621,Columba palumbus,Common Wood-Pigeon,0.8616,243B1F02648873F9_20260412_031500.WAV,14,0.0,1.0,0.25,BirdNET_GLOBAL_6K_V2.4_Model_FP32.tflite,243B1F02648873F9_20260412_031500_chunk_041.wav,24600,18,21
24621,24624,Columba palumbus,Common Wood-Pigeon,0.7858,243B1F02648873F9_20260412_031500.WAV,14,0.0,1.0,0.25,BirdNET_GLOBAL_6K_V2.4_Model_FP32.tflite,243B1F02648873F9_20260412_031500_chunk_041.wav,24600,21,24
24621,24624,Certhia familiaris,Eurasian Treecreeper,0.5066,243B1F02648873F9_20260412_031500.WAV,14,0.0,1.0,0.25,BirdNET_GLOBAL_6K_V2.4_Model_FP32.tflite,243B1F02648873F9_20260412_031500_chunk_041.wav,24600,21,24
24624,24627,Certhia familiaris,Eurasian Treecreeper,0.5358,243B1F02648873F9_20260412_031500.WAV,14,0.0,1.0,0.25,BirdNET_GLOBAL_6K_V2.4_Model_FP32.tflite,243B1F02648873F9_20260412_031500_chunk_041.wav,24600,24,27
24630,24633,Troglodytes troglodytes,Eurasian Wren,0.2645,243B1F02648873F9_20260412_031500.WAV,14,0.0,1.0,0.25,BirdNET_GLOBAL_6K_V2.4_Model_FP32.tflite,243B1F02648873F9_20260412_031500_chunk_041.wav,24600,30,33
24633,24636,Troglodytes troglodytes,Eurasian Wren,0.3472,243B1F02648873F9_20260412_031500.WAV,14,0.0,1.0,0.25,BirdNET_GLOBAL_6K_V2.4_Model_FP32.tflite,243B1F02648873F9_20260412_031500_chunk_041.wav,24600,33,36
24648,24651,Troglodytes troglodytes,Eurasian Wren,0.2607,243B1F02648873F9_20260412_031500.WAV,14,0.0,1.0,0.25,BirdNET_GLOBAL_6K_V2.4_Model_FP32.tflite,243B1F02648873F9_20260412_031500_chunk_041.wav,24600,48,51
24660,24663,Certhia familiaris,Eurasian Treecreeper,0.4154,243B1F02648873F9_20260412_031500.WAV,14,0.0,1.0,0.25,BirdNET_GLOBAL_6K_V2.4_Model_FP32.tflite,243B1F02648873F9_20260412_031500_chunk_041.wav,24600,60,63
24762,24765,Parus major,Great Tit,0.9683,243B1F02648873F9_20260412_031500.WAV,14,0.0,1.0,0.25,BirdNET_GLOBAL_6K_V2.4_Model_FP32.tflite,243B1F02648873F9_20260412_031500_chunk_041.wav,24600,162,165
24768,24771,Turdus iliacus,Redwing,0.3814,243B1F02648873F9_20260412_031500.WAV,14,0.0,1.0,0.25,BirdNET_GLOBAL_6K_V2.4_Model_FP32.tflite,243B1F02648873F9_20260412_031500_chunk_041.wav,24600,168,171
24771,24774,Parus major,Great Tit,0.9806,243B1F02648873F9_20260412_031500.WAV,14,0.0,1.0,0.25,BirdNET_GLOBAL_6K_V2.4_Model_FP32.tflite,243B1F02648873F9_20260412_031500_chunk_041.wav,24600,171,174
24792,24795,Periparus ater,Coal Tit,0.3820,243B1F02648873F9_20260412_031500.WAV,14,0.0,1.0,0.25,BirdNET_GLOBAL_6K_V2.4_Model_FP32.tflite,243B1F02648873F9_20260412_031500_chunk_041.wav,24600,192,195
24804,24807,Parus major,Great Tit,0.3365,243B1F02648873F9_20260412_031500.WAV,14,0.0,1.0,0.25,BirdNET_GLOBAL_6K_V2.4_Model_FP32.tflite,243B1F02648873F9_20260412_031500_chunk_041.wav,24600,204,207
24846,24849,Parus major,Great Tit,0.4181,243B1F02648873F9_20260412_031500.WAV,14,0.0,1.0,0.25,BirdNET_GLOBAL_6K_V2.4_Model_FP32.tflite,243B1F02648873F9_20260412_031500_chunk_041.wav,24600,246,249
24849,24852,Periparus ater,Coal Tit,0.3863,243B1F02648873F9_20260412_031500.WAV,14,0.0,1.0,0.25,BirdNET_GLOBAL_6K_V2.4_Model_FP32.tflite,243B1F02648873F9_20260412_031500_chunk_041.wav,24600,249,252
24852,24855,Periparus ater,Coal Tit,0.2736,243B1F02648873F9_20260412_031500.WAV,14,0.0,1.0,0.25,BirdNET_GLOBAL_6K_V2.4_Model_FP32.tflite,243B1F02648873F9_20260412_031500_chunk_041.wav,24600,252,255
24855,24858,Parus major,Great Tit,0.3230,243B1F02648873F9_20260412_031500.WAV,14,0.0,1.0,0.25,BirdNET_GLOBAL_6K_V2.4_Model_FP32.tflite,243B1F02648873F9_20260412_031500_chunk_041.wav,24600,255,258
24876,24879,Periparus ater,Coal Tit,0.5160,243B1F02648873F9_20260412_031500.WAV,14,0.0,1.0,0.25,BirdNET_GLOBAL_6K_V2.4_Model_FP32.tflite,243B1F02648873F9_20260412_031500_chunk_041.wav,24600,276,279
24897,24900,Periparus ater,Coal Tit,0.3614,243B1F02648873F9_20260412_031500.WAV,14,0.0,1.0,0.25,BirdNET_GLOBAL_6K_V2.4_Model_FP32.tflite,243B1F02648873F9_20260412_031500_chunk_041.wav,24600,297,300
24897,24900,Parus major,Great Tit,0.2751,243B1F02648873F9_20260412_031500.WAV,14,0.0,1.0,0.25,BirdNET_GLOBAL_6K_V2.4_Model_FP32.tflite,243B1F02648873F9_20260412_031500_chunk_041.wav,24600,297,300
24900,24903,Periparus ater,Coal Tit,0.3350,243B1F02648873F9_20260412_031500.WAV,14,0.0,1.0,0.25,BirdNET_GLOBAL_6K_V2.4_Model_FP32.tflite,243B1F02648873F9_20260412_031500_chunk_041.wav,24600,300,303
24903,24906,Troglodytes troglodytes,Eurasian Wren,0.3396,243B1F02648873F9_20260412_031500.WAV,14,0.0,1.0,0.25,BirdNET_GLOBAL_6K_V2.4_Model_FP32.tflite,243B1F02648873F9_20260412_031500_chunk_041.wav,24600,303,306
24921,24924,Columba palumbus,Common Wood-Pigeon,0.3457,243B1F02648873F9_20260412_031500.WAV,14,0.0,1.0,0.25,BirdNET_GLOBAL_6K_V2.4_Model_FP32.tflite,243B1F02648873F9_20260412_031500_chunk_041.wav,24600,321,324
24924,24927,Columba palumbus,Common Wood-Pigeon,0.6965,243B1F02648873F9_20260412_031500.WAV,14,0.0,1.0,0.25,BirdNET_GLOBAL_6K_V2.4_Model_FP32.tflite,243B1F02648873F9_20260412_031500_chunk_041.wav,24600,324,327
24930,24933,Periparus ater,Coal Tit,0.5211,243B1F02648873F9_20260412_031500.WAV,14,0.0,1.0,0.25,BirdNET_GLOBAL_6K_V2.4_Model_FP32.tflite,243B1F02648873F9_20260412_031500_chunk_041.wav,24600,330,333
24933,24936,Periparus ater,Coal Tit,0.4388,243B1F02648873F9_20260412_031500.WAV,14,0.0,1.0,0.25,BirdNET_GLOBAL_6K_V2.4_Model_FP32.tflite,243B1F02648873F9_20260412_031500_chunk_041.wav,24600,333,336
24942,24945,Columba palumbus,Common Wood-Pigeon,0.7730,243B1F02648873F9_20260412_031500.WAV,14,0.0,1.0,0.25,BirdNET_GLOBAL_6K_V2.4_Model_FP32.tflite,243B1F02648873F9_20260412_031500_chunk_041.wav,24600,342,345
24945,24948,Columba palumbus,Common Wood-Pigeon,0.6161,243B1F02648873F9_20260412_031500.WAV,14,0.0,1.0,0.25,BirdNET_GLOBAL_6K_V2.4_Model_FP32.tflite,243B1F02648873F9_20260412_031500_chunk_041.wav,24600,345,348
24948,24951,Columba palumbus,Common Wood-Pigeon,0.7426,243B1F02648873F9_20260412_031500.WAV,14,0.0,1.0,0.25,BirdNET_GLOBAL_6K_V2.4_Model_FP32.tflite,243B1F02648873F9_20260412_031500_chunk_041.wav,24600,348,351
24951,24954,Columba palumbus,Common Wood-Pigeon,0.4004,243B1F02648873F9_20260412_031500.WAV,14,0.0,1.0,0.25,BirdNET_GLOBAL_6K_V2.4_Model_FP32.tflite,243B1F02648873F9_20260412_031500_chunk_041.wav,24600,351,354
24954,24957,Carduelis carduelis,European Goldfinch,0.5597,243B1F02648873F9_20260412_031500.WAV,14,0.0,1.0,0.25,BirdNET_GLOBAL_6K_V2.4_Model_FP32.tflite,243B1F02648873F9_20260412_031500_chunk_041.wav,24600,354,357
24957,24960,Carduelis carduelis,European Goldfinch,0.2842,243B1F02648873F9_20260412_031500.WAV,14,0.0,1.0,0.25,BirdNET_GLOBAL_6K_V2.4_Model_FP32.tflite,243B1F02648873F9_20260412_031500_chunk_041.wav,24600,357,360
24960,24963,Troglodytes troglodytes,Eurasian Wren,0.3045,243B1F02648873F9_20260412_031500.WAV,14,0.0,1.0,0.25,BirdNET_GLOBAL_6K_V2.4_Model_FP32.tflite,243B1F02648873F9_20260412_031500_chunk_041.wav,24600,360,363
24966,24969,Parus major,Great Tit,0.6131,243B1F02648873F9_20260412_031500.WAV,14,0.0,1.0,0.25,BirdNET_GLOBAL_6K_V2.4_Model_FP32.tflite,243B1F02648873F9_20260412_031500_chunk_041.wav,24600,366,369
24969,24972,Parus major,Great Tit,0.5159,243B1F02648873F9_20260412_031500.WAV,14,0.0,1.0,0.25,BirdNET_GLOBAL_6K_V2.4_Model_FP32.tflite,243B1F02648873F9_20260412_031500_chunk_041.wav,24600,369,372
24975,24978,Parus major,Great Tit,0.6789,243B1F02648873F9_20260412_031500.WAV,14,0.0,1.0,0.25,BirdNET_GLOBAL_6K_V2.4_Model_FP32.tflite,243B1F02648873F9_20260412_031500_chunk_041.wav,24600,375,378
24975,24978,Periparus ater,Coal Tit,0.4809,243B1F02648873F9_20260412_031500.WAV,14,0.0,1.0,0.25,BirdNET_GLOBAL_6K_V2.4_Model_FP32.tflite,243B1F02648873F9_20260412_031500_chunk_041.wav,24600,375,378
24978,24981,Periparus ater,Coal Tit,0.5654,243B1F02648873F9_20260412_031500.WAV,14,0.0,1.0,0.25,BirdNET_GLOBAL_6K_V2.4_Model_FP32.tflite,243B1F02648873F9_20260412_031500_chunk_041.wav,24600,378,381
24978,24981,Parus major,Great Tit,0.4934,243B1F02648873F9_20260412_031500.WAV,14,0.0,1.0,0.25,BirdNET_GLOBAL_6K_V2.4_Model_FP32.tflite,243B1F02648873F9_20260412_031500_chunk_041.wav,24600,378,381
24981,24984,Cyanistes caeruleus,Eurasian Blue Tit,0.5698,243B1F02648873F9_20260412_031500.WAV,14,0.0,1.0,0.25,BirdNET_GLOBAL_6K_V2.4_Model_FP32.tflite,243B1F02648873F9_20260412_031500_chunk_041.wav,24600,381,384
24981,24984,Parus major,Great Tit,0.2721,243B1F02648873F9_20260412_031500.WAV,14,0.0,1.0,0.25,BirdNET_GLOBAL_6K_V2.4_Model_FP32.tflite,243B1F02648873F9_20260412_031500_chunk_041.wav,24600,381,384
24984,24987,Parus major,Great Tit,0.5309,243B1F02648873F9_20260412_031500.WAV,14,0.0,1.0,0.25,BirdNET_GLOBAL_6K_V2.4_Model_FP32.tflite,243B1F02648873F9_20260412_031500_chunk_041.wav,24600,384,387
24996,24999,Parus major,Great Tit,0.4584,243B1F02648873F9_20260412_031500.WAV,14,0.0,1.0,0.25,BirdNET_GLOBAL_6K_V2.4_Model_FP32.tflite,243B1F02648873F9_20260412_031500_chunk_041.wav,24600,396,399
25008,25011,Periparus ater,Coal Tit,0.3476,243B1F02648873F9_20260412_031500.WAV,14,0.0,1.0,0.25,BirdNET_GLOBAL_6K_V2.4_Model_FP32.tflite,243B1F02648873F9_20260412_031500_chunk_041.wav,24600,408,411
25011,25014,Periparus ater,Coal Tit,0.4509,243B1F02648873F9_20260412_031500.WAV,14,0.0,1.0,0.25,BirdNET_GLOBAL_6K_V2.4_Model_FP32.tflite,243B1F02648873F9_20260412_031500_chunk_041.wav,24600,411,414
25017,25020,Cyanistes caeruleus,Eurasian Blue Tit,0.3639,243B1F02648873F9_20260412_031500.WAV,14,0.0,1.0,0.25,BirdNET_GLOBAL_6K_V2.4_Model_FP32.tflite,243B1F02648873F9_20260412_031500_chunk_041.wav,24600,417,420
25017,25020,Periparus ater,Coal Tit,0.3432,243B1F02648873F9_20260412_031500.WAV,14,0.0,1.0,0.25,BirdNET_GLOBAL_6K_V2.4_Model_FP32.tflite,243B1F02648873F9_20260412_031500_chunk_041.wav,24600,417,420
25026,25029,Periparus ater,Coal Tit,0.4288,243B1F02648873F9_20260412_031500.WAV,14,0.0,1.0,0.25,BirdNET_GLOBAL_6K_V2.4_Model_FP32.tflite,243B1F02648873F9_20260412_031500_chunk_041.wav,24600,426,429
25029,25032,Troglodytes troglodytes,Eurasian Wren,0.8606,243B1F02648873F9_20260412_031500.WAV,14,0.0,1.0,0.25,BirdNET_GLOBAL_6K_V2.4_Model_FP32.tflite,243B1F02648873F9_20260412_031500_chunk_041.wav,24600,429,432
25032,25035,Troglodytes troglodytes,Eurasian Wren,0.8307,243B1F02648873F9_20260412_031500.WAV,14,0.0,1.0,0.25,BirdNET_GLOBAL_6K_V2.4_Model_FP32.tflite,243B1F02648873F9_20260412_031500_chunk_041.wav,24600,432,435
25035,25038,Periparus ater,Coal Tit,0.2797,243B1F02648873F9_20260412_031500.WAV,14,0.0,1.0,0.25,BirdNET_GLOBAL_6K_V2.4_Model_FP32.tflite,243B1F02648873F9_20260412_031500_chunk_041.wav,24600,435,438
25050,25053,Parus major,Great Tit,0.6753,243B1F02648873F9_20260412_031500.WAV,14,0.0,1.0,0.25,BirdNET_GLOBAL_6K_V2.4_Model_FP32.tflite,243B1F02648873F9_20260412_031500_chunk_041.wav,24600,450,453
25053,25056,Troglodytes troglodytes,Eurasian Wren,0.9945,243B1F02648873F9_20260412_031500.WAV,14,0.0,1.0,0.25,BirdNET_GLOBAL_6K_V2.4_Model_FP32.tflite,243B1F02648873F9_20260412_031500_chunk_041.wav,24600,453,456
25056,25059,Troglodytes troglodytes,Eurasian Wren,0.9925,243B1F02648873F9_20260412_031500.WAV,14,0.0,1.0,0.25,BirdNET_GLOBAL_6K_V2.4_Model_FP32.tflite,243B1F02648873F9_20260412_031500_chunk_041.wav,24600,456,459
25059,25062,Troglodytes troglodytes,Eurasian Wren,0.9077,243B1F02648873F9_20260412_031500.WAV,14,0.0,1.0,0.25,BirdNET_GLOBAL_6K_V2.4_Model_FP32.tflite,243B1F02648873F9_20260412_031500_chunk_041.wav,24600,459,462
25071,25074,Periparus ater,Coal Tit,0.2533,243B1F02648873F9_20260412_031500.WAV,14,0.0,1.0,0.25,BirdNET_GLOBAL_6K_V2.4_Model_FP32.tflite,243B1F02648873F9_20260412_031500_chunk_041.wav,24600,471,474
25077,25080,Parus major,Great Tit,0.3163,243B1F02648873F9_20260412_031500.WAV,14,0.0,1.0,0.25,BirdNET_GLOBAL_6K_V2.4_Model_FP32.tflite,243B1F02648873F9_20260412_031500_chunk_041.wav,24600,477,480
25089,25092,Periparus ater,Coal Tit,0.5586,243B1F02648873F9_20260412_031500.WAV,14,0.0,1.0,0.25,BirdNET_GLOBAL_6K_V2.4_Model_FP32.tflite,243B1F02648873F9_20260412_031500_chunk_041.wav,24600,489,492
25104,25107,Troglodytes troglodytes,Eurasian Wren,0.9566,243B1F02648873F9_20260412_031500.WAV,14,0.0,1.0,0.25,BirdNET_GLOBAL_6K_V2.4_Model_FP32.tflite,243B1F02648873F9_20260412_031500_chunk_041.wav,24600,504,507
25107,25110,Troglodytes troglodytes,Eurasian Wren,0.9909,243B1F02648873F9_20260412_031500.WAV,14,0.0,1.0,0.25,BirdNET_GLOBAL_6K_V2.4_Model_FP32.tflite,243B1F02648873F9_20260412_031500_chunk_041.wav,24600,507,510
25110,25113,Cyanistes caeruleus,Eurasian Blue Tit,0.5971,243B1F02648873F9_20260412_031500.WAV,14,0.0,1.0,0.25,BirdNET_GLOBAL_6K_V2.4_Model_FP32.tflite,243B1F02648873F9_20260412_031500_chunk_041.wav,24600,510,513
25110,25113,Troglodytes troglodytes,Eurasian Wren,0.4558,243B1F02648873F9_20260412_031500.WAV,14,0.0,1.0,0.25,BirdNET_GLOBAL_6K_V2.4_Model_FP32.tflite,243B1F02648873F9_20260412_031500_chunk_041.wav,24600,510,513
25113,25116,Columba palumbus,Common Wood-Pigeon,0.7587,243B1F02648873F9_20260412_031500.WAV,14,0.0,1.0,0.25,BirdNET_GLOBAL_6K_V2.4_Model_FP32.tflite,243B1F02648873F9_20260412_031500_chunk_041.wav,24600,513,516
25116,25119,Columba palumbus,Common Wood-Pigeon,0.8714,243B1F02648873F9_20260412_031500.WAV,14,0.0,1.0,0.25,BirdNET_GLOBAL_6K_V2.4_Model_FP32.tflite,243B1F02648873F9_20260412_031500_chunk_041.wav,24600,516,519
25119,25122,Columba palumbus,Common Wood-Pigeon,0.5414,243B1F02648873F9_20260412_031500.WAV,14,0.0,1.0,0.25,BirdNET_GLOBAL_6K_V2.4_Model_FP32.tflite,243B1F02648873F9_20260412_031500_chunk_041.wav,24600,519,522
25125,25128,Troglodytes troglodytes,Eurasian Wren,0.4992,243B1F02648873F9_20260412_031500.WAV,14,0.0,1.0,0.25,BirdNET_GLOBAL_6K_V2.4_Model_FP32.tflite,243B1F02648873F9_20260412_031500_chunk_041.wav,24600,525,528
25128,25131,Troglodytes troglodytes,Eurasian Wren,0.6431,243B1F02648873F9_20260412_031500.WAV,14,0.0,1.0,0.25,BirdNET_GLOBAL_6K_V2.4_Model_FP32.tflite,243B1F02648873F9_20260412_031500_chunk_041.wav,24600,528,531
25131,25134,Troglodytes troglodytes,Eurasian Wren,0.9652,243B1F02648873F9_20260412_031500.WAV,14,0.0,1.0,0.25,BirdNET_GLOBAL_6K_V2.4_Model_FP32.tflite,243B1F02648873F9_20260412_031500_chunk_041.wav,24600,531,534
25134,25137,Troglodytes troglodytes,Eurasian Wren,0.7181,243B1F02648873F9_20260412_031500.WAV,14,0.0,1.0,0.25,BirdNET_GLOBAL_6K_V2.4_Model_FP32.tflite,243B1F02648873F9_20260412_031500_chunk_041.wav,24600,534,537
25137,25140,Parus major,Great Tit,0.3724,243B1F02648873F9_20260412_031500.WAV,14,0.0,1.0,0.25,BirdNET_GLOBAL_6K_V2.4_Model_FP32.tflite,243B1F02648873F9_20260412_031500_chunk_041.wav,24600,537,540
25137,25140,Periparus ater,Coal Tit,0.3361,243B1F02648873F9_20260412_031500.WAV,14,0.0,1.0,0.25,BirdNET_GLOBAL_6K_V2.4_Model_FP32.tflite,243B1F02648873F9_20260412_031500_chunk_041.wav,24600,537,540
25140,25143,Troglodytes troglodytes,Eurasian Wren,0.9524,243B1F02648873F9_20260412_031500.WAV,14,0.0,1.0,0.25,BirdNET_GLOBAL_6K_V2.4_Model_FP32.tflite,243B1F02648873F9_20260412_031500_chunk_041.wav,24600,540,543
25143,25146,Troglodytes troglodytes,Eurasian Wren,0.9150,243B1F02648873F9_20260412_031500.WAV,14,0.0,1.0,0.25,BirdNET_GLOBAL_6K_V2.4_Model_FP32.tflite,243B1F02648873F9_20260412_031500_chunk_041.wav,24600,543,546
25146,25149,Troglodytes troglodytes,Eurasian Wren,0.9106,243B1F02648873F9_20260412_031500.WAV,14,0.0,1.0,0.25,BirdNET_GLOBAL_6K_V2.4_Model_FP32.tflite,243B1F02648873F9_20260412_031500_chunk_041.wav,24600,546,549
25155,25158,Troglodytes troglodytes,Eurasian Wren,0.4216,243B1F02648873F9_20260412_031500.WAV,14,0.0,1.0,0.25,BirdNET_GLOBAL_6K_V2.4_Model_FP32.tflite,243B1F02648873F9_20260412_031500_chunk_041.wav,24600,555,558
25164,25167,Troglodytes troglodytes,Eurasian Wren,0.7517,243B1F02648873F9_20260412_031500.WAV,14,0.0,1.0,0.25,BirdNET_GLOBAL_6K_V2.4_Model_FP32.tflite,243B1F02648873F9_20260412_031500_chunk_041.wav,24600,564,567
25167,25170,Parus major,Great Tit,0.5486,243B1F02648873F9_20260412_031500.WAV,14,0.0,1.0,0.25,BirdNET_GLOBAL_6K_V2.4_Model_FP32.tflite,243B1F02648873F9_20260412_031500_chunk_041.wav,24600,567,570
25173,25176,Troglodytes troglodytes,Eurasian Wren,0.9762,243B1F02648873F9_20260412_031500.WAV,14,0.0,1.0,0.25,BirdNET_GLOBAL_6K_V2.4_Model_FP32.tflite,243B1F02648873F9_20260412_031500_chunk_041.wav,24600,573,576
25176,25179,Troglodytes troglodytes,Eurasian Wren,0.9717,243B1F02648873F9_20260412_031500.WAV,14,0.0,1.0,0.25,BirdNET_GLOBAL_6K_V2.4_Model_FP32.tflite,243B1F02648873F9_20260412_031500_chunk_041.wav,24600,576,579
